item_id,seed_id,source_dataset,source_corpus,original_requirement,capability_text,source_modality,source_statement,candidate_requirement,mandatory_keyword,task1_gold_decision,task1_gold_yes,task2_gold_modality,ordinal_strength,numeric_strength
S0001_mandatory,S0001,NICE,,'The system shall refresh the display every 60 seconds.',refresh the display every 60 seconds,mandatory,The system SHALL refresh the display every 60 seconds.,The system SHALL refresh the display every 60 seconds.,SHALL,yes,1,mandatory,3,1.0
S0001_recommended,S0001,NICE,,'The system shall refresh the display every 60 seconds.',refresh the display every 60 seconds,recommended,The system SHOULD refresh the display every 60 seconds.,The system SHALL refresh the display every 60 seconds.,SHALL,no,0,recommended,2,0.67
S0001_optional,S0001,NICE,,'The system shall refresh the display every 60 seconds.',refresh the display every 60 seconds,optional,The system MAY refresh the display every 60 seconds.,The system SHALL refresh the display every 60 seconds.,SHALL,no,0,optional,1,0.33
S0001_nice_to_have,S0001,NICE,,'The system shall refresh the display every 60 seconds.',refresh the display every 60 seconds,nice_to_have,It would be useful if the system could refresh the display every 60 seconds.,The system SHALL refresh the display every 60 seconds.,SHALL,no,0,nice_to_have,0,0.0
S0002_mandatory,S0002,NICE,,'The application shall match the color of the schema set forth by Department of Homeland Security',match the color of the schema set forth by Department of Homeland Security,mandatory,The system SHALL match the color of the schema set forth by Department of Homeland Security.,The system SHALL match the color of the schema set forth by Department of Homeland Security.,SHALL,yes,1,mandatory,3,1.0
S0002_recommended,S0002,NICE,,'The application shall match the color of the schema set forth by Department of Homeland Security',match the color of the schema set forth by Department of Homeland Security,recommended,The system SHOULD match the color of the schema set forth by Department of Homeland Security.,The system SHALL match the color of the schema set forth by Department of Homeland Security.,SHALL,no,0,recommended,2,0.67
S0002_optional,S0002,NICE,,'The application shall match the color of the schema set forth by Department of Homeland Security',match the color of the schema set forth by Department of Homeland Security,optional,The system MAY match the color of the schema set forth by Department of Homeland Security.,The system SHALL match the color of the schema set forth by Department of Homeland Security.,SHALL,no,0,optional,1,0.33
S0002_nice_to_have,S0002,NICE,,'The application shall match the color of the schema set forth by Department of Homeland Security',match the color of the schema set forth by Department of Homeland Security,nice_to_have,It would be useful if the system could match the color of the schema set forth by Department of Homeland Security.,The system SHALL match the color of the schema set forth by Department of Homeland Security.,SHALL,no,0,nice_to_have,0,0.0
S0008_mandatory,S0008,NICE,,'The product shall respond fast to keep up-to-date data in the display.',respond fast to keep up-to-date data in the display,mandatory,The system SHALL respond fast to keep up-to-date data in the display.,The system SHALL respond fast to keep up-to-date data in the display.,SHALL,yes,1,mandatory,3,1.0
S0008_recommended,S0008,NICE,,'The product shall respond fast to keep up-to-date data in the display.',respond fast to keep up-to-date data in the display,recommended,The system SHOULD respond fast to keep up-to-date data in the display.,The system SHALL respond fast to keep up-to-date data in the display.,SHALL,no,0,recommended,2,0.67
S0008_optional,S0008,NICE,,'The product shall respond fast to keep up-to-date data in the display.',respond fast to keep up-to-date data in the display,optional,The system MAY respond fast to keep up-to-date data in the display.,The system SHALL respond fast to keep up-to-date data in the display.,SHALL,no,0,optional,1,0.33
S0008_nice_to_have,S0008,NICE,,'The product shall respond fast to keep up-to-date data in the display.',respond fast to keep up-to-date data in the display,nice_to_have,It would be useful if the system could respond fast to keep up-to-date data in the display.,The system SHALL respond fast to keep up-to-date data in the display.,SHALL,no,0,nice_to_have,0,0.0
S0009_mandatory,S0009,NICE,,'The system shall have a MDI form that allows for the viewing of the graph and the data table.',have a MDI form that allows for the viewing of the graph and the data table,mandatory,The system SHALL have a MDI form that allows for the viewing of the graph and the data table.,The system SHALL have a MDI form that allows for the viewing of the graph and the data table.,SHALL,yes,1,mandatory,3,1.0
S0009_recommended,S0009,NICE,,'The system shall have a MDI form that allows for the viewing of the graph and the data table.',have a MDI form that allows for the viewing of the graph and the data table,recommended,The system SHOULD have a MDI form that allows for the viewing of the graph and the data table.,The system SHALL have a MDI form that allows for the viewing of the graph and the data table.,SHALL,no,0,recommended,2,0.67
S0009_optional,S0009,NICE,,'The system shall have a MDI form that allows for the viewing of the graph and the data table.',have a MDI form that allows for the viewing of the graph and the data table,optional,The system MAY have a MDI form that allows for the viewing of the graph and the data table.,The system SHALL have a MDI form that allows for the viewing of the graph and the data table.,SHALL,no,0,optional,1,0.33
S0009_nice_to_have,S0009,NICE,,'The system shall have a MDI form that allows for the viewing of the graph and the data table.',have a MDI form that allows for the viewing of the graph and the data table,nice_to_have,It would be useful if the system could have a MDI form that allows for the viewing of the graph and the data table.,The system SHALL have a MDI form that allows for the viewing of the graph and the data table.,SHALL,no,0,nice_to_have,0,0.0
S0010_mandatory,S0010,NICE,,'The system shall display Events in a vertical table by time.',display Events in a vertical table by time,mandatory,The system SHALL display Events in a vertical table by time.,The system SHALL display Events in a vertical table by time.,SHALL,yes,1,mandatory,3,1.0
S0010_recommended,S0010,NICE,,'The system shall display Events in a vertical table by time.',display Events in a vertical table by time,recommended,The system SHOULD display Events in a vertical table by time.,The system SHALL display Events in a vertical table by time.,SHALL,no,0,recommended,2,0.67
S0010_optional,S0010,NICE,,'The system shall display Events in a vertical table by time.',display Events in a vertical table by time,optional,The system MAY display Events in a vertical table by time.,The system SHALL display Events in a vertical table by time.,SHALL,no,0,optional,1,0.33
S0010_nice_to_have,S0010,NICE,,'The system shall display Events in a vertical table by time.',display Events in a vertical table by time,nice_to_have,It would be useful if the system could display Events in a vertical table by time.,The system SHALL display Events in a vertical table by time.,SHALL,no,0,nice_to_have,0,0.0
S0011_mandatory,S0011,NICE,,'The system shall display the Events in a graph by time.',display the Events in a graph by time,mandatory,The system SHALL display the Events in a graph by time.,The system SHALL display the Events in a graph by time.,SHALL,yes,1,mandatory,3,1.0
S0011_recommended,S0011,NICE,,'The system shall display the Events in a graph by time.',display the Events in a graph by time,recommended,The system SHOULD display the Events in a graph by time.,The system SHALL display the Events in a graph by time.,SHALL,no,0,recommended,2,0.67
S0011_optional,S0011,NICE,,'The system shall display the Events in a graph by time.',display the Events in a graph by time,optional,The system MAY display the Events in a graph by time.,The system SHALL display the Events in a graph by time.,SHALL,no,0,optional,1,0.33
S0011_nice_to_have,S0011,NICE,,'The system shall display the Events in a graph by time.',display the Events in a graph by time,nice_to_have,It would be useful if the system could display the Events in a graph by time.,The system SHALL display the Events in a graph by time.,SHALL,no,0,nice_to_have,0,0.0
S0012_mandatory,S0012,NICE,,'The system shall display Events or Activities.',display Events or Activities,mandatory,The system SHALL display Events or Activities.,The system SHALL display Events or Activities.,SHALL,yes,1,mandatory,3,1.0
S0012_recommended,S0012,NICE,,'The system shall display Events or Activities.',display Events or Activities,recommended,The system SHOULD display Events or Activities.,The system SHALL display Events or Activities.,SHALL,no,0,recommended,2,0.67
S0012_optional,S0012,NICE,,'The system shall display Events or Activities.',display Events or Activities,optional,The system MAY display Events or Activities.,The system SHALL display Events or Activities.,SHALL,no,0,optional,1,0.33
S0012_nice_to_have,S0012,NICE,,'The system shall display Events or Activities.',display Events or Activities,nice_to_have,It would be useful if the system could display Events or Activities.,The system SHALL display Events or Activities.,SHALL,no,0,nice_to_have,0,0.0
S0014_mandatory,S0014,NICE,,'The data displayed in both the nodes within the graph and the rows in the table are MSEL Summary data',display MSEL Summary data in both graph nodes and table rows,mandatory,The system SHALL display MSEL Summary data in both graph nodes and table rows.,The system SHALL display MSEL Summary data in both graph nodes and table rows.,SHALL,yes,1,mandatory,3,1.0
S0014_recommended,S0014,NICE,,'The data displayed in both the nodes within the graph and the rows in the table are MSEL Summary data',display MSEL Summary data in both graph nodes and table rows,recommended,The system SHOULD display MSEL Summary data in both graph nodes and table rows.,The system SHALL display MSEL Summary data in both graph nodes and table rows.,SHALL,no,0,recommended,2,0.67
S0014_optional,S0014,NICE,,'The data displayed in both the nodes within the graph and the rows in the table are MSEL Summary data',display MSEL Summary data in both graph nodes and table rows,optional,The system MAY display MSEL Summary data in both graph nodes and table rows.,The system SHALL display MSEL Summary data in both graph nodes and table rows.,SHALL,no,0,optional,1,0.33
S0014_nice_to_have,S0014,NICE,,'The data displayed in both the nodes within the graph and the rows in the table are MSEL Summary data',display MSEL Summary data in both graph nodes and table rows,nice_to_have,It would be useful if the system could display MSEL Summary data in both graph nodes and table rows.,The system SHALL display MSEL Summary data in both graph nodes and table rows.,SHALL,no,0,nice_to_have,0,0.0
S0015_mandatory,S0015,NICE,,'The table side of the display shall be split into 2 regions: sequential and temporal.',split the table side of the display into sequential and temporal regions,mandatory,The system SHALL split the table side of the display into sequential and temporal regions.,The system SHALL split the table side of the display into sequential and temporal regions.,SHALL,yes,1,mandatory,3,1.0
S0015_recommended,S0015,NICE,,'The table side of the display shall be split into 2 regions: sequential and temporal.',split the table side of the display into sequential and temporal regions,recommended,The system SHOULD split the table side of the display into sequential and temporal regions.,The system SHALL split the table side of the display into sequential and temporal regions.,SHALL,no,0,recommended,2,0.67
S0015_optional,S0015,NICE,,'The table side of the display shall be split into 2 regions: sequential and temporal.',split the table side of the display into sequential and temporal regions,optional,The system MAY split the table side of the display into sequential and temporal regions.,The system SHALL split the table side of the display into sequential and temporal regions.,SHALL,no,0,optional,1,0.33
S0015_nice_to_have,S0015,NICE,,'The table side of the display shall be split into 2 regions: sequential and temporal.',split the table side of the display into sequential and temporal regions,nice_to_have,It would be useful if the system could split the table side of the display into sequential and temporal regions.,The system SHALL split the table side of the display into sequential and temporal regions.,SHALL,no,0,nice_to_have,0,0.0
S0018_mandatory,S0018,NICE,,'The system shall color code events according to their variance from current time.',color code events according to their variance from current time,mandatory,The system SHALL color code events according to their variance from current time.,The system SHALL color code events according to their variance from current time.,SHALL,yes,1,mandatory,3,1.0
S0018_recommended,S0018,NICE,,'The system shall color code events according to their variance from current time.',color code events according to their variance from current time,recommended,The system SHOULD color code events according to their variance from current time.,The system SHALL color code events according to their variance from current time.,SHALL,no,0,recommended,2,0.67
S0018_optional,S0018,NICE,,'The system shall color code events according to their variance from current time.',color code events according to their variance from current time,optional,The system MAY color code events according to their variance from current time.,The system SHALL color code events according to their variance from current time.,SHALL,no,0,optional,1,0.33
S0018_nice_to_have,S0018,NICE,,'The system shall color code events according to their variance from current time.',color code events according to their variance from current time,nice_to_have,It would be useful if the system could color code events according to their variance from current time.,The system SHALL color code events according to their variance from current time.,SHALL,no,0,nice_to_have,0,0.0
S0021_mandatory,S0021,NICE,,'The system shall allow modification of the display.',allow modification of the display,mandatory,The system SHALL allow modification of the display.,The system SHALL allow modification of the display.,SHALL,yes,1,mandatory,3,1.0
S0021_recommended,S0021,NICE,,'The system shall allow modification of the display.',allow modification of the display,recommended,The system SHOULD allow modification of the display.,The system SHALL allow modification of the display.,SHALL,no,0,recommended,2,0.67
S0021_optional,S0021,NICE,,'The system shall allow modification of the display.',allow modification of the display,optional,The system MAY allow modification of the display.,The system SHALL allow modification of the display.,SHALL,no,0,optional,1,0.33
S0021_nice_to_have,S0021,NICE,,'The system shall allow modification of the display.',allow modification of the display,nice_to_have,It would be useful if the system could allow modification of the display.,The system SHALL allow modification of the display.,SHALL,no,0,nice_to_have,0,0.0
S0022_mandatory,S0022,NICE,,'The system shall offer a display of all the Events in the exercise.',offer a display of all the Events in the exercise,mandatory,The system SHALL offer a display of all the Events in the exercise.,The system SHALL offer a display of all the Events in the exercise.,SHALL,yes,1,mandatory,3,1.0
S0022_recommended,S0022,NICE,,'The system shall offer a display of all the Events in the exercise.',offer a display of all the Events in the exercise,recommended,The system SHOULD offer a display of all the Events in the exercise.,The system SHALL offer a display of all the Events in the exercise.,SHALL,no,0,recommended,2,0.67
S0022_optional,S0022,NICE,,'The system shall offer a display of all the Events in the exercise.',offer a display of all the Events in the exercise,optional,The system MAY offer a display of all the Events in the exercise.,The system SHALL offer a display of all the Events in the exercise.,SHALL,no,0,optional,1,0.33
S0022_nice_to_have,S0022,NICE,,'The system shall offer a display of all the Events in the exercise.',offer a display of all the Events in the exercise,nice_to_have,It would be useful if the system could offer a display of all the Events in the exercise.,The system SHALL offer a display of all the Events in the exercise.,SHALL,no,0,nice_to_have,0,0.0
S0023_mandatory,S0023,NICE,,'The system shall filter data by: Venues and Key Events.',filter data by: Venues and Key Events,mandatory,The system SHALL filter data by: Venues and Key Events.,The system SHALL filter data by: Venues and Key Events.,SHALL,yes,1,mandatory,3,1.0
S0023_recommended,S0023,NICE,,'The system shall filter data by: Venues and Key Events.',filter data by: Venues and Key Events,recommended,The system SHOULD filter data by: Venues and Key Events.,The system SHALL filter data by: Venues and Key Events.,SHALL,no,0,recommended,2,0.67
S0023_optional,S0023,NICE,,'The system shall filter data by: Venues and Key Events.',filter data by: Venues and Key Events,optional,The system MAY filter data by: Venues and Key Events.,The system SHALL filter data by: Venues and Key Events.,SHALL,no,0,optional,1,0.33
S0023_nice_to_have,S0023,NICE,,'The system shall filter data by: Venues and Key Events.',filter data by: Venues and Key Events,nice_to_have,It would be useful if the system could filter data by: Venues and Key Events.,The system SHALL filter data by: Venues and Key Events.,SHALL,no,0,nice_to_have,0,0.0
S0024_mandatory,S0024,NICE,,'The system shall allow a user to define the time segments',allow a user to define the time segments,mandatory,The system SHALL allow a user to define the time segments.,The system SHALL allow a user to define the time segments.,SHALL,yes,1,mandatory,3,1.0
S0024_recommended,S0024,NICE,,'The system shall allow a user to define the time segments',allow a user to define the time segments,recommended,The system SHOULD allow a user to define the time segments.,The system SHALL allow a user to define the time segments.,SHALL,no,0,recommended,2,0.67
S0024_optional,S0024,NICE,,'The system shall allow a user to define the time segments',allow a user to define the time segments,optional,The system MAY allow a user to define the time segments.,The system SHALL allow a user to define the time segments.,SHALL,no,0,optional,1,0.33
S0024_nice_to_have,S0024,NICE,,'The system shall allow a user to define the time segments',allow a user to define the time segments,nice_to_have,It would be useful if the system could allow a user to define the time segments.,The system SHALL allow a user to define the time segments.,SHALL,no,0,nice_to_have,0,0.0
S0025_mandatory,S0025,NICE,,'The system shall display the local and exercise time in separate clocks',display the local and exercise time in separate clocks,mandatory,The system SHALL display the local and exercise time in separate clocks.,The system SHALL display the local and exercise time in separate clocks.,SHALL,yes,1,mandatory,3,1.0
S0025_recommended,S0025,NICE,,'The system shall display the local and exercise time in separate clocks',display the local and exercise time in separate clocks,recommended,The system SHOULD display the local and exercise time in separate clocks.,The system SHALL display the local and exercise time in separate clocks.,SHALL,no,0,recommended,2,0.67
S0025_optional,S0025,NICE,,'The system shall display the local and exercise time in separate clocks',display the local and exercise time in separate clocks,optional,The system MAY display the local and exercise time in separate clocks.,The system SHALL display the local and exercise time in separate clocks.,SHALL,no,0,optional,1,0.33
S0025_nice_to_have,S0025,NICE,,'The system shall display the local and exercise time in separate clocks',display the local and exercise time in separate clocks,nice_to_have,It would be useful if the system could display the local and exercise time in separate clocks.,The system SHALL display the local and exercise time in separate clocks.,SHALL,no,0,nice_to_have,0,0.0
S0026_mandatory,S0026,NICE,,'The system shall offer the ability to pause and resume the refresh of data.',offer the ability to pause and resume the refresh of data,mandatory,The system SHALL offer the ability to pause and resume the refresh of data.,The system SHALL offer the ability to pause and resume the refresh of data.,SHALL,yes,1,mandatory,3,1.0
S0026_recommended,S0026,NICE,,'The system shall offer the ability to pause and resume the refresh of data.',offer the ability to pause and resume the refresh of data,recommended,The system SHOULD offer the ability to pause and resume the refresh of data.,The system SHALL offer the ability to pause and resume the refresh of data.,SHALL,no,0,recommended,2,0.67
S0026_optional,S0026,NICE,,'The system shall offer the ability to pause and resume the refresh of data.',offer the ability to pause and resume the refresh of data,optional,The system MAY offer the ability to pause and resume the refresh of data.,The system SHALL offer the ability to pause and resume the refresh of data.,SHALL,no,0,optional,1,0.33
S0026_nice_to_have,S0026,NICE,,'The system shall offer the ability to pause and resume the refresh of data.',offer the ability to pause and resume the refresh of data,nice_to_have,It would be useful if the system could offer the ability to pause and resume the refresh of data.,The system SHALL offer the ability to pause and resume the refresh of data.,SHALL,no,0,nice_to_have,0,0.0
S0027_mandatory,S0027,NICE,,'The system shall provide charts for the Activity or Event actual versus assumed time.',provide charts for the Activity or Event actual versus assumed time,mandatory,The system SHALL provide charts for the Activity or Event actual versus assumed time.,The system SHALL provide charts for the Activity or Event actual versus assumed time.,SHALL,yes,1,mandatory,3,1.0
S0027_recommended,S0027,NICE,,'The system shall provide charts for the Activity or Event actual versus assumed time.',provide charts for the Activity or Event actual versus assumed time,recommended,The system SHOULD provide charts for the Activity or Event actual versus assumed time.,The system SHALL provide charts for the Activity or Event actual versus assumed time.,SHALL,no,0,recommended,2,0.67
S0027_optional,S0027,NICE,,'The system shall provide charts for the Activity or Event actual versus assumed time.',provide charts for the Activity or Event actual versus assumed time,optional,The system MAY provide charts for the Activity or Event actual versus assumed time.,The system SHALL provide charts for the Activity or Event actual versus assumed time.,SHALL,no,0,optional,1,0.33
S0027_nice_to_have,S0027,NICE,,'The system shall provide charts for the Activity or Event actual versus assumed time.',provide charts for the Activity or Event actual versus assumed time,nice_to_have,It would be useful if the system could provide charts for the Activity or Event actual versus assumed time.,The system SHALL provide charts for the Activity or Event actual versus assumed time.,SHALL,no,0,nice_to_have,0,0.0
S0028_mandatory,S0028,NICE,,'The system shall provide a history report of changes made to the Activity or Event data',provide a history report of changes made to the Activity or Event data,mandatory,The system SHALL provide a history report of changes made to the Activity or Event data.,The system SHALL provide a history report of changes made to the Activity or Event data.,SHALL,yes,1,mandatory,3,1.0
S0028_recommended,S0028,NICE,,'The system shall provide a history report of changes made to the Activity or Event data',provide a history report of changes made to the Activity or Event data,recommended,The system SHOULD provide a history report of changes made to the Activity or Event data.,The system SHALL provide a history report of changes made to the Activity or Event data.,SHALL,no,0,recommended,2,0.67
S0028_optional,S0028,NICE,,'The system shall provide a history report of changes made to the Activity or Event data',provide a history report of changes made to the Activity or Event data,optional,The system MAY provide a history report of changes made to the Activity or Event data.,The system SHALL provide a history report of changes made to the Activity or Event data.,SHALL,no,0,optional,1,0.33
S0028_nice_to_have,S0028,NICE,,'The system shall provide a history report of changes made to the Activity or Event data',provide a history report of changes made to the Activity or Event data,nice_to_have,It would be useful if the system could provide a history report of changes made to the Activity or Event data.,The system SHALL provide a history report of changes made to the Activity or Event data.,SHALL,no,0,nice_to_have,0,0.0
S0029_mandatory,S0029,NICE,,'The look and feel of the system shall conform to the user interface standards of the smart device.',conform to the smart device user interface standards in look and feel,mandatory,The system SHALL conform to the smart device user interface standards in look and feel.,The system SHALL conform to the smart device user interface standards in look and feel.,SHALL,yes,1,mandatory,3,1.0
S0029_recommended,S0029,NICE,,'The look and feel of the system shall conform to the user interface standards of the smart device.',conform to the smart device user interface standards in look and feel,recommended,The system SHOULD conform to the smart device user interface standards in look and feel.,The system SHALL conform to the smart device user interface standards in look and feel.,SHALL,no,0,recommended,2,0.67
S0029_optional,S0029,NICE,,'The look and feel of the system shall conform to the user interface standards of the smart device.',conform to the smart device user interface standards in look and feel,optional,The system MAY conform to the smart device user interface standards in look and feel.,The system SHALL conform to the smart device user interface standards in look and feel.,SHALL,no,0,optional,1,0.33
S0029_nice_to_have,S0029,NICE,,'The look and feel of the system shall conform to the user interface standards of the smart device.',conform to the smart device user interface standards in look and feel,nice_to_have,It would be useful if the system could conform to the smart device user interface standards in look and feel.,The system SHALL conform to the smart device user interface standards in look and feel.,SHALL,no,0,nice_to_have,0,0.0
S0030_mandatory,S0030,NICE,,'The user interface shall have standard menus buttons for navigation',provide standard menu buttons for navigation,mandatory,The system SHALL provide standard menu buttons for navigation.,The system SHALL provide standard menu buttons for navigation.,SHALL,yes,1,mandatory,3,1.0
S0030_recommended,S0030,NICE,,'The user interface shall have standard menus buttons for navigation',provide standard menu buttons for navigation,recommended,The system SHOULD provide standard menu buttons for navigation.,The system SHALL provide standard menu buttons for navigation.,SHALL,no,0,recommended,2,0.67
S0030_optional,S0030,NICE,,'The user interface shall have standard menus buttons for navigation',provide standard menu buttons for navigation,optional,The system MAY provide standard menu buttons for navigation.,The system SHALL provide standard menu buttons for navigation.,SHALL,no,0,optional,1,0.33
S0030_nice_to_have,S0030,NICE,,'The user interface shall have standard menus buttons for navigation',provide standard menu buttons for navigation,nice_to_have,It would be useful if the system could provide standard menu buttons for navigation.,The system SHALL provide standard menu buttons for navigation.,SHALL,no,0,nice_to_have,0,0.0
S0031_mandatory,S0031,NICE,,'The system shall have a professional appearance',have a professional appearance,mandatory,The system SHALL have a professional appearance.,The system SHALL have a professional appearance.,SHALL,yes,1,mandatory,3,1.0
S0031_recommended,S0031,NICE,,'The system shall have a professional appearance',have a professional appearance,recommended,The system SHOULD have a professional appearance.,The system SHALL have a professional appearance.,SHALL,no,0,recommended,2,0.67
S0031_optional,S0031,NICE,,'The system shall have a professional appearance',have a professional appearance,optional,The system MAY have a professional appearance.,The system SHALL have a professional appearance.,SHALL,no,0,optional,1,0.33
S0031_nice_to_have,S0031,NICE,,'The system shall have a professional appearance',have a professional appearance,nice_to_have,It would be useful if the system could have a professional appearance.,The system SHALL have a professional appearance.,SHALL,no,0,nice_to_have,0,0.0
S0032_mandatory,S0032,NICE,,'The product shall have a consistent color scheme and fonts.',have a consistent color scheme and fonts,mandatory,The system SHALL have a consistent color scheme and fonts.,The system SHALL have a consistent color scheme and fonts.,SHALL,yes,1,mandatory,3,1.0
S0032_recommended,S0032,NICE,,'The product shall have a consistent color scheme and fonts.',have a consistent color scheme and fonts,recommended,The system SHOULD have a consistent color scheme and fonts.,The system SHALL have a consistent color scheme and fonts.,SHALL,no,0,recommended,2,0.67
S0032_optional,S0032,NICE,,'The product shall have a consistent color scheme and fonts.',have a consistent color scheme and fonts,optional,The system MAY have a consistent color scheme and fonts.,The system SHALL have a consistent color scheme and fonts.,SHALL,no,0,optional,1,0.33
S0032_nice_to_have,S0032,NICE,,'The product shall have a consistent color scheme and fonts.',have a consistent color scheme and fonts,nice_to_have,It would be useful if the system could have a consistent color scheme and fonts.,The system SHALL have a consistent color scheme and fonts.,SHALL,no,0,nice_to_have,0,0.0
S0034_mandatory,S0034,NICE,,'The system shall be intuitive and self explanatory.',be intuitive and self explanatory,mandatory,The system SHALL be intuitive and self explanatory.,The system SHALL be intuitive and self explanatory.,SHALL,yes,1,mandatory,3,1.0
S0034_recommended,S0034,NICE,,'The system shall be intuitive and self explanatory.',be intuitive and self explanatory,recommended,The system SHOULD be intuitive and self explanatory.,The system SHALL be intuitive and self explanatory.,SHALL,no,0,recommended,2,0.67
S0034_optional,S0034,NICE,,'The system shall be intuitive and self explanatory.',be intuitive and self explanatory,optional,The system MAY be intuitive and self explanatory.,The system SHALL be intuitive and self explanatory.,SHALL,no,0,optional,1,0.33
S0034_nice_to_have,S0034,NICE,,'The system shall be intuitive and self explanatory.',be intuitive and self explanatory,nice_to_have,It would be useful if the system could be intuitive and self explanatory.,The system SHALL be intuitive and self explanatory.,SHALL,no,0,nice_to_have,0,0.0
S0035_mandatory,S0035,NICE,,'The product shall be easy for a realtor to learn.',be easy for a realtor to learn,mandatory,The system SHALL be easy for a realtor to learn.,The system SHALL be easy for a realtor to learn.,SHALL,yes,1,mandatory,3,1.0
S0035_recommended,S0035,NICE,,'The product shall be easy for a realtor to learn.',be easy for a realtor to learn,recommended,The system SHOULD be easy for a realtor to learn.,The system SHALL be easy for a realtor to learn.,SHALL,no,0,recommended,2,0.67
S0035_optional,S0035,NICE,,'The product shall be easy for a realtor to learn.',be easy for a realtor to learn,optional,The system MAY be easy for a realtor to learn.,The system SHALL be easy for a realtor to learn.,SHALL,no,0,optional,1,0.33
S0035_nice_to_have,S0035,NICE,,'The product shall be easy for a realtor to learn.',be easy for a realtor to learn,nice_to_have,It would be useful if the system could be easy for a realtor to learn.,The system SHALL be easy for a realtor to learn.,SHALL,no,0,nice_to_have,0,0.0
S0036_mandatory,S0036,NICE,,'The product shall use symbols and words that are naturally understandable by the realtor community.',use symbols and words that are naturally understandable by the realtor community,mandatory,The system SHALL use symbols and words that are naturally understandable by the realtor community.,The system SHALL use symbols and words that are naturally understandable by the realtor community.,SHALL,yes,1,mandatory,3,1.0
S0036_recommended,S0036,NICE,,'The product shall use symbols and words that are naturally understandable by the realtor community.',use symbols and words that are naturally understandable by the realtor community,recommended,The system SHOULD use symbols and words that are naturally understandable by the realtor community.,The system SHALL use symbols and words that are naturally understandable by the realtor community.,SHALL,no,0,recommended,2,0.67
S0036_optional,S0036,NICE,,'The product shall use symbols and words that are naturally understandable by the realtor community.',use symbols and words that are naturally understandable by the realtor community,optional,The system MAY use symbols and words that are naturally understandable by the realtor community.,The system SHALL use symbols and words that are naturally understandable by the realtor community.,SHALL,no,0,optional,1,0.33
S0036_nice_to_have,S0036,NICE,,'The product shall use symbols and words that are naturally understandable by the realtor community.',use symbols and words that are naturally understandable by the realtor community,nice_to_have,It would be useful if the system could use symbols and words that are naturally understandable by the realtor community.,The system SHALL use symbols and words that are naturally understandable by the realtor community.,SHALL,no,0,nice_to_have,0,0.0
S0037_mandatory,S0037,NICE,,'The product shall produce search results in an acceptable time',produce search results in an acceptable time,mandatory,The system SHALL produce search results in an acceptable time.,The system SHALL produce search results in an acceptable time.,SHALL,yes,1,mandatory,3,1.0
S0037_recommended,S0037,NICE,,'The product shall produce search results in an acceptable time',produce search results in an acceptable time,recommended,The system SHOULD produce search results in an acceptable time.,The system SHALL produce search results in an acceptable time.,SHALL,no,0,recommended,2,0.67
S0037_optional,S0037,NICE,,'The product shall produce search results in an acceptable time',produce search results in an acceptable time,optional,The system MAY produce search results in an acceptable time.,The system SHALL produce search results in an acceptable time.,SHALL,no,0,optional,1,0.33
S0037_nice_to_have,S0037,NICE,,'The product shall produce search results in an acceptable time',produce search results in an acceptable time,nice_to_have,It would be useful if the system could produce search results in an acceptable time.,The system SHALL produce search results in an acceptable time.,SHALL,no,0,nice_to_have,0,0.0
S0039_mandatory,S0039,NICE,,'The product shall generate a CMA report in an acceptable time.',generate a CMA report in an acceptable time,mandatory,The system SHALL generate a CMA report in an acceptable time.,The system SHALL generate a CMA report in an acceptable time.,SHALL,yes,1,mandatory,3,1.0
S0039_recommended,S0039,NICE,,'The product shall generate a CMA report in an acceptable time.',generate a CMA report in an acceptable time,recommended,The system SHOULD generate a CMA report in an acceptable time.,The system SHALL generate a CMA report in an acceptable time.,SHALL,no,0,recommended,2,0.67
S0039_optional,S0039,NICE,,'The product shall generate a CMA report in an acceptable time.',generate a CMA report in an acceptable time,optional,The system MAY generate a CMA report in an acceptable time.,The system SHALL generate a CMA report in an acceptable time.,SHALL,no,0,optional,1,0.33
S0039_nice_to_have,S0039,NICE,,'The product shall generate a CMA report in an acceptable time.',generate a CMA report in an acceptable time,nice_to_have,It would be useful if the system could generate a CMA report in an acceptable time.,The system SHALL generate a CMA report in an acceptable time.,SHALL,no,0,nice_to_have,0,0.0
S0041_mandatory,S0041,NICE,,'The product shall synchronize contacts and appointments in an acceptable time.',synchronize contacts and appointments in an acceptable time,mandatory,The system SHALL synchronize contacts and appointments in an acceptable time.,The system SHALL synchronize contacts and appointments in an acceptable time.,SHALL,yes,1,mandatory,3,1.0
S0041_recommended,S0041,NICE,,'The product shall synchronize contacts and appointments in an acceptable time.',synchronize contacts and appointments in an acceptable time,recommended,The system SHOULD synchronize contacts and appointments in an acceptable time.,The system SHALL synchronize contacts and appointments in an acceptable time.,SHALL,no,0,recommended,2,0.67
S0041_optional,S0041,NICE,,'The product shall synchronize contacts and appointments in an acceptable time.',synchronize contacts and appointments in an acceptable time,optional,The system MAY synchronize contacts and appointments in an acceptable time.,The system SHALL synchronize contacts and appointments in an acceptable time.,SHALL,no,0,optional,1,0.33
S0041_nice_to_have,S0041,NICE,,'The product shall synchronize contacts and appointments in an acceptable time.',synchronize contacts and appointments in an acceptable time,nice_to_have,It would be useful if the system could synchronize contacts and appointments in an acceptable time.,The system SHALL synchronize contacts and appointments in an acceptable time.,SHALL,no,0,nice_to_have,0,0.0
S0042_mandatory,S0042,NICE,,'The product shall synchronize with the office system every hour.',synchronize with the office system every hour,mandatory,The system SHALL synchronize with the office system every hour.,The system SHALL synchronize with the office system every hour.,SHALL,yes,1,mandatory,3,1.0
S0042_recommended,S0042,NICE,,'The product shall synchronize with the office system every hour.',synchronize with the office system every hour,recommended,The system SHOULD synchronize with the office system every hour.,The system SHALL synchronize with the office system every hour.,SHALL,no,0,recommended,2,0.67
S0042_optional,S0042,NICE,,'The product shall synchronize with the office system every hour.',synchronize with the office system every hour,optional,The system MAY synchronize with the office system every hour.,The system SHALL synchronize with the office system every hour.,SHALL,no,0,optional,1,0.33
S0042_nice_to_have,S0042,NICE,,'The product shall synchronize with the office system every hour.',synchronize with the office system every hour,nice_to_have,It would be useful if the system could synchronize with the office system every hour.,The system SHALL synchronize with the office system every hour.,SHALL,no,0,nice_to_have,0,0.0
S0043_mandatory,S0043,NICE,,'The product shall be available for use 24 hours per day 365 days per year',be available for use 24 hours per day 365 days per year,mandatory,The system SHALL be available for use 24 hours per day 365 days per year.,The system SHALL be available for use 24 hours per day 365 days per year.,SHALL,yes,1,mandatory,3,1.0
S0043_recommended,S0043,NICE,,'The product shall be available for use 24 hours per day 365 days per year',be available for use 24 hours per day 365 days per year,recommended,The system SHOULD be available for use 24 hours per day 365 days per year.,The system SHALL be available for use 24 hours per day 365 days per year.,SHALL,no,0,recommended,2,0.67
S0043_optional,S0043,NICE,,'The product shall be available for use 24 hours per day 365 days per year',be available for use 24 hours per day 365 days per year,optional,The system MAY be available for use 24 hours per day 365 days per year.,The system SHALL be available for use 24 hours per day 365 days per year.,SHALL,no,0,optional,1,0.33
S0043_nice_to_have,S0043,NICE,,'The product shall be available for use 24 hours per day 365 days per year',be available for use 24 hours per day 365 days per year,nice_to_have,It would be useful if the system could be available for use 24 hours per day 365 days per year.,The system SHALL be available for use 24 hours per day 365 days per year.,SHALL,no,0,nice_to_have,0,0.0
S0044_mandatory,S0044,NICE,,'Out of 1000 accesses to the system the system is available 999 times.',be available for 999 out of 1000 access attempts,mandatory,The system SHALL be available for 999 out of 1000 access attempts.,The system SHALL be available for 999 out of 1000 access attempts.,SHALL,yes,1,mandatory,3,1.0
S0044_recommended,S0044,NICE,,'Out of 1000 accesses to the system the system is available 999 times.',be available for 999 out of 1000 access attempts,recommended,The system SHOULD be available for 999 out of 1000 access attempts.,The system SHALL be available for 999 out of 1000 access attempts.,SHALL,no,0,recommended,2,0.67
S0044_optional,S0044,NICE,,'Out of 1000 accesses to the system the system is available 999 times.',be available for 999 out of 1000 access attempts,optional,The system MAY be available for 999 out of 1000 access attempts.,The system SHALL be available for 999 out of 1000 access attempts.,SHALL,no,0,optional,1,0.33
S0044_nice_to_have,S0044,NICE,,'Out of 1000 accesses to the system the system is available 999 times.',be available for 999 out of 1000 access attempts,nice_to_have,It would be useful if the system could be available for 999 out of 1000 access attempts.,The system SHALL be available for 999 out of 1000 access attempts.,SHALL,no,0,nice_to_have,0,0.0
S0045_mandatory,S0045,NICE,,'The product shall operate in offline mode whenever internet connection is unavailable.',operate in offline mode whenever internet connection is unavailable,mandatory,The system SHALL operate in offline mode whenever internet connection is unavailable.,The system SHALL operate in offline mode whenever internet connection is unavailable.,SHALL,yes,1,mandatory,3,1.0
S0045_recommended,S0045,NICE,,'The product shall operate in offline mode whenever internet connection is unavailable.',operate in offline mode whenever internet connection is unavailable,recommended,The system SHOULD operate in offline mode whenever internet connection is unavailable.,The system SHALL operate in offline mode whenever internet connection is unavailable.,SHALL,no,0,recommended,2,0.67
S0045_optional,S0045,NICE,,'The product shall operate in offline mode whenever internet connection is unavailable.',operate in offline mode whenever internet connection is unavailable,optional,The system MAY operate in offline mode whenever internet connection is unavailable.,The system SHALL operate in offline mode whenever internet connection is unavailable.,SHALL,no,0,optional,1,0.33
S0045_nice_to_have,S0045,NICE,,'The product shall operate in offline mode whenever internet connection is unavailable.',operate in offline mode whenever internet connection is unavailable,nice_to_have,It would be useful if the system could operate in offline mode whenever internet connection is unavailable.,The system SHALL operate in offline mode whenever internet connection is unavailable.,SHALL,no,0,nice_to_have,0,0.0
S0046_mandatory,S0046,NICE,,'The product shall allow the user to view previously downloaded search results CMA reports and appointments.',"allow the user to view previously downloaded search results, CMA reports, and appointments",mandatory,"The system SHALL allow the user to view previously downloaded search results, CMA reports, and appointments.","The system SHALL allow the user to view previously downloaded search results, CMA reports, and appointments.",SHALL,yes,1,mandatory,3,1.0
S0046_recommended,S0046,NICE,,'The product shall allow the user to view previously downloaded search results CMA reports and appointments.',"allow the user to view previously downloaded search results, CMA reports, and appointments",recommended,"The system SHOULD allow the user to view previously downloaded search results, CMA reports, and appointments.","The system SHALL allow the user to view previously downloaded search results, CMA reports, and appointments.",SHALL,no,0,recommended,2,0.67
S0046_optional,S0046,NICE,,'The product shall allow the user to view previously downloaded search results CMA reports and appointments.',"allow the user to view previously downloaded search results, CMA reports, and appointments",optional,"The system MAY allow the user to view previously downloaded search results, CMA reports, and appointments.","The system SHALL allow the user to view previously downloaded search results, CMA reports, and appointments.",SHALL,no,0,optional,1,0.33
S0046_nice_to_have,S0046,NICE,,'The product shall allow the user to view previously downloaded search results CMA reports and appointments.',"allow the user to view previously downloaded search results, CMA reports, and appointments",nice_to_have,"It would be useful if the system could allow the user to view previously downloaded search results, CMA reports, and appointments.","The system SHALL allow the user to view previously downloaded search results, CMA reports, and appointments.",SHALL,no,0,nice_to_have,0,0.0
S0047_mandatory,S0047,NICE,,'The product shall retain user preferences in the event of a failure.',retain user preferences in the event of a failure,mandatory,The system SHALL retain user preferences in the event of a failure.,The system SHALL retain user preferences in the event of a failure.,SHALL,yes,1,mandatory,3,1.0
S0047_recommended,S0047,NICE,,'The product shall retain user preferences in the event of a failure.',retain user preferences in the event of a failure,recommended,The system SHOULD retain user preferences in the event of a failure.,The system SHALL retain user preferences in the event of a failure.,SHALL,no,0,recommended,2,0.67
S0047_optional,S0047,NICE,,'The product shall retain user preferences in the event of a failure.',retain user preferences in the event of a failure,optional,The system MAY retain user preferences in the event of a failure.,The system SHALL retain user preferences in the event of a failure.,SHALL,no,0,optional,1,0.33
S0047_nice_to_have,S0047,NICE,,'The product shall retain user preferences in the event of a failure.',retain user preferences in the event of a failure,nice_to_have,It would be useful if the system could retain user preferences in the event of a failure.,The system SHALL retain user preferences in the event of a failure.,SHALL,no,0,nice_to_have,0,0.0
S0049_mandatory,S0049,NICE,,'The product shall be able to support multiple remote users',support multiple remote users,mandatory,The system SHALL support multiple remote users.,The system SHALL support multiple remote users.,SHALL,yes,1,mandatory,3,1.0
S0049_recommended,S0049,NICE,,'The product shall be able to support multiple remote users',support multiple remote users,recommended,The system SHOULD support multiple remote users.,The system SHALL support multiple remote users.,SHALL,no,0,recommended,2,0.67
S0049_optional,S0049,NICE,,'The product shall be able to support multiple remote users',support multiple remote users,optional,The system MAY support multiple remote users.,The system SHALL support multiple remote users.,SHALL,no,0,optional,1,0.33
S0049_nice_to_have,S0049,NICE,,'The product shall be able to support multiple remote users',support multiple remote users,nice_to_have,It would be useful if the system could support multiple remote users.,The system SHALL support multiple remote users.,SHALL,no,0,nice_to_have,0,0.0
S0050_mandatory,S0050,NICE,,'The product shall be able support 1000 simultaneous users.',support 1000 simultaneous users,mandatory,The system SHALL support 1000 simultaneous users.,The system SHALL support 1000 simultaneous users.,SHALL,yes,1,mandatory,3,1.0
S0050_recommended,S0050,NICE,,'The product shall be able support 1000 simultaneous users.',support 1000 simultaneous users,recommended,The system SHOULD support 1000 simultaneous users.,The system SHALL support 1000 simultaneous users.,SHALL,no,0,recommended,2,0.67
S0050_optional,S0050,NICE,,'The product shall be able support 1000 simultaneous users.',support 1000 simultaneous users,optional,The system MAY support 1000 simultaneous users.,The system SHALL support 1000 simultaneous users.,SHALL,no,0,optional,1,0.33
S0050_nice_to_have,S0050,NICE,,'The product shall be able support 1000 simultaneous users.',support 1000 simultaneous users,nice_to_have,It would be useful if the system could support 1000 simultaneous users.,The system SHALL support 1000 simultaneous users.,SHALL,no,0,nice_to_have,0,0.0
S0054_mandatory,S0054,NICE,,'The product is expected to run on Windows CE and Palm operating systems.',run on Windows CE and Palm operating systems,mandatory,The system SHALL run on Windows CE and Palm operating systems.,The system SHALL run on Windows CE and Palm operating systems.,SHALL,yes,1,mandatory,3,1.0
S0054_recommended,S0054,NICE,,'The product is expected to run on Windows CE and Palm operating systems.',run on Windows CE and Palm operating systems,recommended,The system SHOULD run on Windows CE and Palm operating systems.,The system SHALL run on Windows CE and Palm operating systems.,SHALL,no,0,recommended,2,0.67
S0054_optional,S0054,NICE,,'The product is expected to run on Windows CE and Palm operating systems.',run on Windows CE and Palm operating systems,optional,The system MAY run on Windows CE and Palm operating systems.,The system SHALL run on Windows CE and Palm operating systems.,SHALL,no,0,optional,1,0.33
S0054_nice_to_have,S0054,NICE,,'The product is expected to run on Windows CE and Palm operating systems.',run on Windows CE and Palm operating systems,nice_to_have,It would be useful if the system could run on Windows CE and Palm operating systems.,The system SHALL run on Windows CE and Palm operating systems.,SHALL,no,0,nice_to_have,0,0.0
S0055_mandatory,S0055,NICE,,'Only registered realtors shall be able to access the system.',allow only registered realtors to access the system,mandatory,The system SHALL allow only registered realtors to access the system.,The system SHALL allow only registered realtors to access the system.,SHALL,yes,1,mandatory,3,1.0
S0055_recommended,S0055,NICE,,'Only registered realtors shall be able to access the system.',allow only registered realtors to access the system,recommended,The system SHOULD allow only registered realtors to access the system.,The system SHALL allow only registered realtors to access the system.,SHALL,no,0,recommended,2,0.67
S0055_optional,S0055,NICE,,'Only registered realtors shall be able to access the system.',allow only registered realtors to access the system,optional,The system MAY allow only registered realtors to access the system.,The system SHALL allow only registered realtors to access the system.,SHALL,no,0,optional,1,0.33
S0055_nice_to_have,S0055,NICE,,'Only registered realtors shall be able to access the system.',allow only registered realtors to access the system,nice_to_have,It would be useful if the system could allow only registered realtors to access the system.,The system SHALL allow only registered realtors to access the system.,SHALL,no,0,nice_to_have,0,0.0
S0056_mandatory,S0056,NICE,,'Every user of the system shall be authenticated and authorized.',authenticate and authorize every system user,mandatory,The system SHALL authenticate and authorize every system user.,The system SHALL authenticate and authorize every system user.,SHALL,yes,1,mandatory,3,1.0
S0056_recommended,S0056,NICE,,'Every user of the system shall be authenticated and authorized.',authenticate and authorize every system user,recommended,The system SHOULD authenticate and authorize every system user.,The system SHALL authenticate and authorize every system user.,SHALL,no,0,recommended,2,0.67
S0056_optional,S0056,NICE,,'Every user of the system shall be authenticated and authorized.',authenticate and authorize every system user,optional,The system MAY authenticate and authorize every system user.,The system SHALL authenticate and authorize every system user.,SHALL,no,0,optional,1,0.33
S0056_nice_to_have,S0056,NICE,,'Every user of the system shall be authenticated and authorized.',authenticate and authorize every system user,nice_to_have,It would be useful if the system could authenticate and authorize every system user.,The system SHALL authenticate and authorize every system user.,SHALL,no,0,nice_to_have,0,0.0
S0057_mandatory,S0057,NICE,,'The product shall prevent its data from incorrect data being introduced.',prevent incorrect data from being introduced into product data,mandatory,The system SHALL prevent incorrect data from being introduced into product data.,The system SHALL prevent incorrect data from being introduced into product data.,SHALL,yes,1,mandatory,3,1.0
S0057_recommended,S0057,NICE,,'The product shall prevent its data from incorrect data being introduced.',prevent incorrect data from being introduced into product data,recommended,The system SHOULD prevent incorrect data from being introduced into product data.,The system SHALL prevent incorrect data from being introduced into product data.,SHALL,no,0,recommended,2,0.67
S0057_optional,S0057,NICE,,'The product shall prevent its data from incorrect data being introduced.',prevent incorrect data from being introduced into product data,optional,The system MAY prevent incorrect data from being introduced into product data.,The system SHALL prevent incorrect data from being introduced into product data.,SHALL,no,0,optional,1,0.33
S0057_nice_to_have,S0057,NICE,,'The product shall prevent its data from incorrect data being introduced.',prevent incorrect data from being introduced into product data,nice_to_have,It would be useful if the system could prevent incorrect data from being introduced into product data.,The system SHALL prevent incorrect data from being introduced into product data.,SHALL,no,0,nice_to_have,0,0.0
S0058_mandatory,S0058,NICE,,'The system shall allow a real estate agent to query MLS information',allow a real estate agent to query MLS information,mandatory,The system SHALL allow a real estate agent to query MLS information.,The system SHALL allow a real estate agent to query MLS information.,SHALL,yes,1,mandatory,3,1.0
S0058_recommended,S0058,NICE,,'The system shall allow a real estate agent to query MLS information',allow a real estate agent to query MLS information,recommended,The system SHOULD allow a real estate agent to query MLS information.,The system SHALL allow a real estate agent to query MLS information.,SHALL,no,0,recommended,2,0.67
S0058_optional,S0058,NICE,,'The system shall allow a real estate agent to query MLS information',allow a real estate agent to query MLS information,optional,The system MAY allow a real estate agent to query MLS information.,The system SHALL allow a real estate agent to query MLS information.,SHALL,no,0,optional,1,0.33
S0058_nice_to_have,S0058,NICE,,'The system shall allow a real estate agent to query MLS information',allow a real estate agent to query MLS information,nice_to_have,It would be useful if the system could allow a real estate agent to query MLS information.,The system SHALL allow a real estate agent to query MLS information.,SHALL,no,0,nice_to_have,0,0.0
S0059_mandatory,S0059,NICE,,'The user shall be able to get driving directions to a selected property',provide users with driving directions to a selected property,mandatory,The system SHALL provide users with driving directions to a selected property.,The system SHALL provide users with driving directions to a selected property.,SHALL,yes,1,mandatory,3,1.0
S0059_recommended,S0059,NICE,,'The user shall be able to get driving directions to a selected property',provide users with driving directions to a selected property,recommended,The system SHOULD provide users with driving directions to a selected property.,The system SHALL provide users with driving directions to a selected property.,SHALL,no,0,recommended,2,0.67
S0059_optional,S0059,NICE,,'The user shall be able to get driving directions to a selected property',provide users with driving directions to a selected property,optional,The system MAY provide users with driving directions to a selected property.,The system SHALL provide users with driving directions to a selected property.,SHALL,no,0,optional,1,0.33
S0059_nice_to_have,S0059,NICE,,'The user shall be able to get driving directions to a selected property',provide users with driving directions to a selected property,nice_to_have,It would be useful if the system could provide users with driving directions to a selected property.,The system SHALL provide users with driving directions to a selected property.,SHALL,no,0,nice_to_have,0,0.0
S0060_mandatory,S0060,NICE,,'The user shall be able to download appointments and contact information for clients',allow users to download appointments and client contact information,mandatory,The system SHALL allow users to download appointments and client contact information.,The system SHALL allow users to download appointments and client contact information.,SHALL,yes,1,mandatory,3,1.0
S0060_recommended,S0060,NICE,,'The user shall be able to download appointments and contact information for clients',allow users to download appointments and client contact information,recommended,The system SHOULD allow users to download appointments and client contact information.,The system SHALL allow users to download appointments and client contact information.,SHALL,no,0,recommended,2,0.67
S0060_optional,S0060,NICE,,'The user shall be able to download appointments and contact information for clients',allow users to download appointments and client contact information,optional,The system MAY allow users to download appointments and client contact information.,The system SHALL allow users to download appointments and client contact information.,SHALL,no,0,optional,1,0.33
S0060_nice_to_have,S0060,NICE,,'The user shall be able to download appointments and contact information for clients',allow users to download appointments and client contact information,nice_to_have,It would be useful if the system could allow users to download appointments and client contact information.,The system SHALL allow users to download appointments and client contact information.,SHALL,no,0,nice_to_have,0,0.0
S0061_mandatory,S0061,NICE,,'The system shall display clear property images in the search results',display clear property images in the search results,mandatory,The system SHALL display clear property images in the search results.,The system SHALL display clear property images in the search results.,SHALL,yes,1,mandatory,3,1.0
S0061_recommended,S0061,NICE,,'The system shall display clear property images in the search results',display clear property images in the search results,recommended,The system SHOULD display clear property images in the search results.,The system SHALL display clear property images in the search results.,SHALL,no,0,recommended,2,0.67
S0061_optional,S0061,NICE,,'The system shall display clear property images in the search results',display clear property images in the search results,optional,The system MAY display clear property images in the search results.,The system SHALL display clear property images in the search results.,SHALL,no,0,optional,1,0.33
S0061_nice_to_have,S0061,NICE,,'The system shall display clear property images in the search results',display clear property images in the search results,nice_to_have,It would be useful if the system could display clear property images in the search results.,The system SHALL display clear property images in the search results.,SHALL,no,0,nice_to_have,0,0.0
S0062_mandatory,S0062,NICE,,'The system shall update or create new property listings in the MLS',update or create new property listings in the MLS,mandatory,The system SHALL update or create new property listings in the MLS.,The system SHALL update or create new property listings in the MLS.,SHALL,yes,1,mandatory,3,1.0
S0062_recommended,S0062,NICE,,'The system shall update or create new property listings in the MLS',update or create new property listings in the MLS,recommended,The system SHOULD update or create new property listings in the MLS.,The system SHALL update or create new property listings in the MLS.,SHALL,no,0,recommended,2,0.67
S0062_optional,S0062,NICE,,'The system shall update or create new property listings in the MLS',update or create new property listings in the MLS,optional,The system MAY update or create new property listings in the MLS.,The system SHALL update or create new property listings in the MLS.,SHALL,no,0,optional,1,0.33
S0062_nice_to_have,S0062,NICE,,'The system shall update or create new property listings in the MLS',update or create new property listings in the MLS,nice_to_have,It would be useful if the system could update or create new property listings in the MLS.,The system SHALL update or create new property listings in the MLS.,SHALL,no,0,nice_to_have,0,0.0
S0063_mandatory,S0063,NICE,,'Realtor shall be able to generate a CMA report based on property criteria',allow realtors to generate CMA reports based on property criteria,mandatory,The system SHALL allow realtors to generate CMA reports based on property criteria.,The system SHALL allow realtors to generate CMA reports based on property criteria.,SHALL,yes,1,mandatory,3,1.0
S0063_recommended,S0063,NICE,,'Realtor shall be able to generate a CMA report based on property criteria',allow realtors to generate CMA reports based on property criteria,recommended,The system SHOULD allow realtors to generate CMA reports based on property criteria.,The system SHALL allow realtors to generate CMA reports based on property criteria.,SHALL,no,0,recommended,2,0.67
S0063_optional,S0063,NICE,,'Realtor shall be able to generate a CMA report based on property criteria',allow realtors to generate CMA reports based on property criteria,optional,The system MAY allow realtors to generate CMA reports based on property criteria.,The system SHALL allow realtors to generate CMA reports based on property criteria.,SHALL,no,0,optional,1,0.33
S0063_nice_to_have,S0063,NICE,,'Realtor shall be able to generate a CMA report based on property criteria',allow realtors to generate CMA reports based on property criteria,nice_to_have,It would be useful if the system could allow realtors to generate CMA reports based on property criteria.,The system SHALL allow realtors to generate CMA reports based on property criteria.,SHALL,no,0,nice_to_have,0,0.0
S0064_mandatory,S0064,NICE,,'The system shall be able to call the seller or buyer to schedule an appointment',call the seller or buyer to schedule an appointment,mandatory,The system SHALL call the seller or buyer to schedule an appointment.,The system SHALL call the seller or buyer to schedule an appointment.,SHALL,yes,1,mandatory,3,1.0
S0064_recommended,S0064,NICE,,'The system shall be able to call the seller or buyer to schedule an appointment',call the seller or buyer to schedule an appointment,recommended,The system SHOULD call the seller or buyer to schedule an appointment.,The system SHALL call the seller or buyer to schedule an appointment.,SHALL,no,0,recommended,2,0.67
S0064_optional,S0064,NICE,,'The system shall be able to call the seller or buyer to schedule an appointment',call the seller or buyer to schedule an appointment,optional,The system MAY call the seller or buyer to schedule an appointment.,The system SHALL call the seller or buyer to schedule an appointment.,SHALL,no,0,optional,1,0.33
S0064_nice_to_have,S0064,NICE,,'The system shall be able to call the seller or buyer to schedule an appointment',call the seller or buyer to schedule an appointment,nice_to_have,It would be useful if the system could call the seller or buyer to schedule an appointment.,The system SHALL call the seller or buyer to schedule an appointment.,SHALL,no,0,nice_to_have,0,0.0
S0065_mandatory,S0065,NICE,,'The realtor shall be notified of new client appointments after automatic synchronization with office system',notify realtors of new client appointments after automatic synchronization with the office system,mandatory,The system SHALL notify realtors of new client appointments after automatic synchronization with the office system.,The system SHALL notify realtors of new client appointments after automatic synchronization with the office system.,SHALL,yes,1,mandatory,3,1.0
S0065_recommended,S0065,NICE,,'The realtor shall be notified of new client appointments after automatic synchronization with office system',notify realtors of new client appointments after automatic synchronization with the office system,recommended,The system SHOULD notify realtors of new client appointments after automatic synchronization with the office system.,The system SHALL notify realtors of new client appointments after automatic synchronization with the office system.,SHALL,no,0,recommended,2,0.67
S0065_optional,S0065,NICE,,'The realtor shall be notified of new client appointments after automatic synchronization with office system',notify realtors of new client appointments after automatic synchronization with the office system,optional,The system MAY notify realtors of new client appointments after automatic synchronization with the office system.,The system SHALL notify realtors of new client appointments after automatic synchronization with the office system.,SHALL,no,0,optional,1,0.33
S0065_nice_to_have,S0065,NICE,,'The realtor shall be notified of new client appointments after automatic synchronization with office system',notify realtors of new client appointments after automatic synchronization with the office system,nice_to_have,It would be useful if the system could notify realtors of new client appointments after automatic synchronization with the office system.,The system SHALL notify realtors of new client appointments after automatic synchronization with the office system.,SHALL,no,0,nice_to_have,0,0.0
S0066_mandatory,S0066,NICE,,'The realtor shall be able to retrieve a map showing property locations for a specified area',allow realtors to retrieve maps showing property locations for a specified area,mandatory,The system SHALL allow realtors to retrieve maps showing property locations for a specified area.,The system SHALL allow realtors to retrieve maps showing property locations for a specified area.,SHALL,yes,1,mandatory,3,1.0
S0066_recommended,S0066,NICE,,'The realtor shall be able to retrieve a map showing property locations for a specified area',allow realtors to retrieve maps showing property locations for a specified area,recommended,The system SHOULD allow realtors to retrieve maps showing property locations for a specified area.,The system SHALL allow realtors to retrieve maps showing property locations for a specified area.,SHALL,no,0,recommended,2,0.67
S0066_optional,S0066,NICE,,'The realtor shall be able to retrieve a map showing property locations for a specified area',allow realtors to retrieve maps showing property locations for a specified area,optional,The system MAY allow realtors to retrieve maps showing property locations for a specified area.,The system SHALL allow realtors to retrieve maps showing property locations for a specified area.,SHALL,no,0,optional,1,0.33
S0066_nice_to_have,S0066,NICE,,'The realtor shall be able to retrieve a map showing property locations for a specified area',allow realtors to retrieve maps showing property locations for a specified area,nice_to_have,It would be useful if the system could allow realtors to retrieve maps showing property locations for a specified area.,The system SHALL allow realtors to retrieve maps showing property locations for a specified area.,SHALL,no,0,nice_to_have,0,0.0
S0067_mandatory,S0067,NICE,,'The system shall notify the realtor when a seller or buyer responds to an appointment request',notify the realtor when a seller or buyer responds to an appointment request,mandatory,The system SHALL notify the realtor when a seller or buyer responds to an appointment request.,The system SHALL notify the realtor when a seller or buyer responds to an appointment request.,SHALL,yes,1,mandatory,3,1.0
S0067_recommended,S0067,NICE,,'The system shall notify the realtor when a seller or buyer responds to an appointment request',notify the realtor when a seller or buyer responds to an appointment request,recommended,The system SHOULD notify the realtor when a seller or buyer responds to an appointment request.,The system SHALL notify the realtor when a seller or buyer responds to an appointment request.,SHALL,no,0,recommended,2,0.67
S0067_optional,S0067,NICE,,'The system shall notify the realtor when a seller or buyer responds to an appointment request',notify the realtor when a seller or buyer responds to an appointment request,optional,The system MAY notify the realtor when a seller or buyer responds to an appointment request.,The system SHALL notify the realtor when a seller or buyer responds to an appointment request.,SHALL,no,0,optional,1,0.33
S0067_nice_to_have,S0067,NICE,,'The system shall notify the realtor when a seller or buyer responds to an appointment request',notify the realtor when a seller or buyer responds to an appointment request,nice_to_have,It would be useful if the system could notify the realtor when a seller or buyer responds to an appointment request.,The system SHALL notify the realtor when a seller or buyer responds to an appointment request.,SHALL,no,0,nice_to_have,0,0.0
S0068_mandatory,S0068,NICE,,'The product shall allow the user to save the property search results.',allow the user to save the property search results,mandatory,The system SHALL allow the user to save the property search results.,The system SHALL allow the user to save the property search results.,SHALL,yes,1,mandatory,3,1.0
S0068_recommended,S0068,NICE,,'The product shall allow the user to save the property search results.',allow the user to save the property search results,recommended,The system SHOULD allow the user to save the property search results.,The system SHALL allow the user to save the property search results.,SHALL,no,0,recommended,2,0.67
S0068_optional,S0068,NICE,,'The product shall allow the user to save the property search results.',allow the user to save the property search results,optional,The system MAY allow the user to save the property search results.,The system SHALL allow the user to save the property search results.,SHALL,no,0,optional,1,0.33
S0068_nice_to_have,S0068,NICE,,'The product shall allow the user to save the property search results.',allow the user to save the property search results,nice_to_have,It would be useful if the system could allow the user to save the property search results.,The system SHALL allow the user to save the property search results.,SHALL,no,0,nice_to_have,0,0.0
S0069_mandatory,S0069,NICE,,'The system shall be easy to use by the Program Administrators/Nursing Staff Members.',be easy to use by the Program Administrators/Nursing Staff Members,mandatory,The system SHALL be easy to use by the Program Administrators/Nursing Staff Members.,The system SHALL be easy to use by the Program Administrators/Nursing Staff Members.,SHALL,yes,1,mandatory,3,1.0
S0069_recommended,S0069,NICE,,'The system shall be easy to use by the Program Administrators/Nursing Staff Members.',be easy to use by the Program Administrators/Nursing Staff Members,recommended,The system SHOULD be easy to use by the Program Administrators/Nursing Staff Members.,The system SHALL be easy to use by the Program Administrators/Nursing Staff Members.,SHALL,no,0,recommended,2,0.67
S0069_optional,S0069,NICE,,'The system shall be easy to use by the Program Administrators/Nursing Staff Members.',be easy to use by the Program Administrators/Nursing Staff Members,optional,The system MAY be easy to use by the Program Administrators/Nursing Staff Members.,The system SHALL be easy to use by the Program Administrators/Nursing Staff Members.,SHALL,no,0,optional,1,0.33
S0069_nice_to_have,S0069,NICE,,'The system shall be easy to use by the Program Administrators/Nursing Staff Members.',be easy to use by the Program Administrators/Nursing Staff Members,nice_to_have,It would be useful if the system could be easy to use by the Program Administrators/Nursing Staff Members.,The system SHALL be easy to use by the Program Administrators/Nursing Staff Members.,SHALL,no,0,nice_to_have,0,0.0
S0070_mandatory,S0070,NICE,,'All of the users shall be able to use the system after one day of training.',be usable by all users after one day of training,mandatory,The system SHALL be usable by all users after one day of training.,The system SHALL be usable by all users after one day of training.,SHALL,yes,1,mandatory,3,1.0
S0070_recommended,S0070,NICE,,'All of the users shall be able to use the system after one day of training.',be usable by all users after one day of training,recommended,The system SHOULD be usable by all users after one day of training.,The system SHALL be usable by all users after one day of training.,SHALL,no,0,recommended,2,0.67
S0070_optional,S0070,NICE,,'All of the users shall be able to use the system after one day of training.',be usable by all users after one day of training,optional,The system MAY be usable by all users after one day of training.,The system SHALL be usable by all users after one day of training.,SHALL,no,0,optional,1,0.33
S0070_nice_to_have,S0070,NICE,,'All of the users shall be able to use the system after one day of training.',be usable by all users after one day of training,nice_to_have,It would be useful if the system could be usable by all users after one day of training.,The system SHALL be usable by all users after one day of training.,SHALL,no,0,nice_to_have,0,0.0
S0071_mandatory,S0071,NICE,,'The system shall help the user avoid making mistakes while scheduling classes and clinicals for the nursing students.',help the user avoid making mistakes while scheduling classes and clinicals for the nursing students,mandatory,The system SHALL help the user avoid making mistakes while scheduling classes and clinicals for the nursing students.,The system SHALL help the user avoid making mistakes while scheduling classes and clinicals for the nursing students.,SHALL,yes,1,mandatory,3,1.0
S0071_recommended,S0071,NICE,,'The system shall help the user avoid making mistakes while scheduling classes and clinicals for the nursing students.',help the user avoid making mistakes while scheduling classes and clinicals for the nursing students,recommended,The system SHOULD help the user avoid making mistakes while scheduling classes and clinicals for the nursing students.,The system SHALL help the user avoid making mistakes while scheduling classes and clinicals for the nursing students.,SHALL,no,0,recommended,2,0.67
S0071_optional,S0071,NICE,,'The system shall help the user avoid making mistakes while scheduling classes and clinicals for the nursing students.',help the user avoid making mistakes while scheduling classes and clinicals for the nursing students,optional,The system MAY help the user avoid making mistakes while scheduling classes and clinicals for the nursing students.,The system SHALL help the user avoid making mistakes while scheduling classes and clinicals for the nursing students.,SHALL,no,0,optional,1,0.33
S0071_nice_to_have,S0071,NICE,,'The system shall help the user avoid making mistakes while scheduling classes and clinicals for the nursing students.',help the user avoid making mistakes while scheduling classes and clinicals for the nursing students,nice_to_have,It would be useful if the system could help the user avoid making mistakes while scheduling classes and clinicals for the nursing students.,The system SHALL help the user avoid making mistakes while scheduling classes and clinicals for the nursing students.,SHALL,no,0,nice_to_have,0,0.0
S0073_mandatory,S0073,NICE,,'The system shall be intuitive to the Program Administrators/Nursing Staff Members.',be intuitive to the Program Administrators/Nursing Staff Members,mandatory,The system SHALL be intuitive to the Program Administrators/Nursing Staff Members.,The system SHALL be intuitive to the Program Administrators/Nursing Staff Members.,SHALL,yes,1,mandatory,3,1.0
S0073_recommended,S0073,NICE,,'The system shall be intuitive to the Program Administrators/Nursing Staff Members.',be intuitive to the Program Administrators/Nursing Staff Members,recommended,The system SHOULD be intuitive to the Program Administrators/Nursing Staff Members.,The system SHALL be intuitive to the Program Administrators/Nursing Staff Members.,SHALL,no,0,recommended,2,0.67
S0073_optional,S0073,NICE,,'The system shall be intuitive to the Program Administrators/Nursing Staff Members.',be intuitive to the Program Administrators/Nursing Staff Members,optional,The system MAY be intuitive to the Program Administrators/Nursing Staff Members.,The system SHALL be intuitive to the Program Administrators/Nursing Staff Members.,SHALL,no,0,optional,1,0.33
S0073_nice_to_have,S0073,NICE,,'The system shall be intuitive to the Program Administrators/Nursing Staff Members.',be intuitive to the Program Administrators/Nursing Staff Members,nice_to_have,It would be useful if the system could be intuitive to the Program Administrators/Nursing Staff Members.,The system SHALL be intuitive to the Program Administrators/Nursing Staff Members.,SHALL,no,0,nice_to_have,0,0.0
S0074_mandatory,S0074,NICE,,'2 out of 3 Program Administrators/Nursing Staff Members shall successfully be able to use the system to manage the scheduling of classes and clinicals.',enable 2 out of 3 Program Administrators/Nursing Staff Members to successfully manage scheduling of classes and clinicals,mandatory,The system SHALL enable 2 out of 3 Program Administrators/Nursing Staff Members to successfully manage scheduling of classes and clinicals.,The system SHALL enable 2 out of 3 Program Administrators/Nursing Staff Members to successfully manage scheduling of classes and clinicals.,SHALL,yes,1,mandatory,3,1.0
S0074_recommended,S0074,NICE,,'2 out of 3 Program Administrators/Nursing Staff Members shall successfully be able to use the system to manage the scheduling of classes and clinicals.',enable 2 out of 3 Program Administrators/Nursing Staff Members to successfully manage scheduling of classes and clinicals,recommended,The system SHOULD enable 2 out of 3 Program Administrators/Nursing Staff Members to successfully manage scheduling of classes and clinicals.,The system SHALL enable 2 out of 3 Program Administrators/Nursing Staff Members to successfully manage scheduling of classes and clinicals.,SHALL,no,0,recommended,2,0.67
S0074_optional,S0074,NICE,,'2 out of 3 Program Administrators/Nursing Staff Members shall successfully be able to use the system to manage the scheduling of classes and clinicals.',enable 2 out of 3 Program Administrators/Nursing Staff Members to successfully manage scheduling of classes and clinicals,optional,The system MAY enable 2 out of 3 Program Administrators/Nursing Staff Members to successfully manage scheduling of classes and clinicals.,The system SHALL enable 2 out of 3 Program Administrators/Nursing Staff Members to successfully manage scheduling of classes and clinicals.,SHALL,no,0,optional,1,0.33
S0074_nice_to_have,S0074,NICE,,'2 out of 3 Program Administrators/Nursing Staff Members shall successfully be able to use the system to manage the scheduling of classes and clinicals.',enable 2 out of 3 Program Administrators/Nursing Staff Members to successfully manage scheduling of classes and clinicals,nice_to_have,It would be useful if the system could enable 2 out of 3 Program Administrators/Nursing Staff Members to successfully manage scheduling of classes and clinicals.,The system SHALL enable 2 out of 3 Program Administrators/Nursing Staff Members to successfully manage scheduling of classes and clinicals.,SHALL,no,0,nice_to_have,0,0.0
S0075_mandatory,S0075,NICE,,'The system shall use symbols and words that are naturally understandable by the user community.',use symbols and words that are naturally understandable by the user community,mandatory,The system SHALL use symbols and words that are naturally understandable by the user community.,The system SHALL use symbols and words that are naturally understandable by the user community.,SHALL,yes,1,mandatory,3,1.0
S0075_recommended,S0075,NICE,,'The system shall use symbols and words that are naturally understandable by the user community.',use symbols and words that are naturally understandable by the user community,recommended,The system SHOULD use symbols and words that are naturally understandable by the user community.,The system SHALL use symbols and words that are naturally understandable by the user community.,SHALL,no,0,recommended,2,0.67
S0075_optional,S0075,NICE,,'The system shall use symbols and words that are naturally understandable by the user community.',use symbols and words that are naturally understandable by the user community,optional,The system MAY use symbols and words that are naturally understandable by the user community.,The system SHALL use symbols and words that are naturally understandable by the user community.,SHALL,no,0,optional,1,0.33
S0075_nice_to_have,S0075,NICE,,'The system shall use symbols and words that are naturally understandable by the user community.',use symbols and words that are naturally understandable by the user community,nice_to_have,It would be useful if the system could use symbols and words that are naturally understandable by the user community.,The system SHALL use symbols and words that are naturally understandable by the user community.,SHALL,no,0,nice_to_have,0,0.0
S0076_mandatory,S0076,NICE,,'The verbiage used within the system shall be consistent with Standard English and the terminology of the national Nursing Community.',use Standard English and national Nursing Community terminology consistently,mandatory,The system SHALL use Standard English and national Nursing Community terminology consistently.,The system SHALL use Standard English and national Nursing Community terminology consistently.,SHALL,yes,1,mandatory,3,1.0
S0076_recommended,S0076,NICE,,'The verbiage used within the system shall be consistent with Standard English and the terminology of the national Nursing Community.',use Standard English and national Nursing Community terminology consistently,recommended,The system SHOULD use Standard English and national Nursing Community terminology consistently.,The system SHALL use Standard English and national Nursing Community terminology consistently.,SHALL,no,0,recommended,2,0.67
S0076_optional,S0076,NICE,,'The verbiage used within the system shall be consistent with Standard English and the terminology of the national Nursing Community.',use Standard English and national Nursing Community terminology consistently,optional,The system MAY use Standard English and national Nursing Community terminology consistently.,The system SHALL use Standard English and national Nursing Community terminology consistently.,SHALL,no,0,optional,1,0.33
S0076_nice_to_have,S0076,NICE,,'The verbiage used within the system shall be consistent with Standard English and the terminology of the national Nursing Community.',use Standard English and national Nursing Community terminology consistently,nice_to_have,It would be useful if the system could use Standard English and national Nursing Community terminology consistently.,The system SHALL use Standard English and national Nursing Community terminology consistently.,SHALL,no,0,nice_to_have,0,0.0
S0077_mandatory,S0077,NICE,,'Staff members shall be able to complete a set of tasks in a timely manner.',enable staff members to complete a set of tasks in a timely manner,mandatory,The system SHALL enable staff members to complete a set of tasks in a timely manner.,The system SHALL enable staff members to complete a set of tasks in a timely manner.,SHALL,yes,1,mandatory,3,1.0
S0077_recommended,S0077,NICE,,'Staff members shall be able to complete a set of tasks in a timely manner.',enable staff members to complete a set of tasks in a timely manner,recommended,The system SHOULD enable staff members to complete a set of tasks in a timely manner.,The system SHALL enable staff members to complete a set of tasks in a timely manner.,SHALL,no,0,recommended,2,0.67
S0077_optional,S0077,NICE,,'Staff members shall be able to complete a set of tasks in a timely manner.',enable staff members to complete a set of tasks in a timely manner,optional,The system MAY enable staff members to complete a set of tasks in a timely manner.,The system SHALL enable staff members to complete a set of tasks in a timely manner.,SHALL,no,0,optional,1,0.33
S0077_nice_to_have,S0077,NICE,,'Staff members shall be able to complete a set of tasks in a timely manner.',enable staff members to complete a set of tasks in a timely manner,nice_to_have,It would be useful if the system could enable staff members to complete a set of tasks in a timely manner.,The system SHALL enable staff members to complete a set of tasks in a timely manner.,SHALL,no,0,nice_to_have,0,0.0
S0079_mandatory,S0079,NICE,,'The system shall be available for use between the hours of 8am and 6pm.',be available for use between the hours of 8am and 6pm,mandatory,The system SHALL be available for use between the hours of 8am and 6pm.,The system SHALL be available for use between the hours of 8am and 6pm.,SHALL,yes,1,mandatory,3,1.0
S0079_recommended,S0079,NICE,,'The system shall be available for use between the hours of 8am and 6pm.',be available for use between the hours of 8am and 6pm,recommended,The system SHOULD be available for use between the hours of 8am and 6pm.,The system SHALL be available for use between the hours of 8am and 6pm.,SHALL,no,0,recommended,2,0.67
S0079_optional,S0079,NICE,,'The system shall be available for use between the hours of 8am and 6pm.',be available for use between the hours of 8am and 6pm,optional,The system MAY be available for use between the hours of 8am and 6pm.,The system SHALL be available for use between the hours of 8am and 6pm.,SHALL,no,0,optional,1,0.33
S0079_nice_to_have,S0079,NICE,,'The system shall be available for use between the hours of 8am and 6pm.',be available for use between the hours of 8am and 6pm,nice_to_have,It would be useful if the system could be available for use between the hours of 8am and 6pm.,The system SHALL be available for use between the hours of 8am and 6pm.,SHALL,no,0,nice_to_have,0,0.0
S0081_mandatory,S0081,NICE,,'system shall be able to handle all of the user requests/usage during business hours.',handle all of the user requests/usage during business hours,mandatory,The system SHALL handle all of the user requests/usage during business hours.,The system SHALL handle all of the user requests/usage during business hours.,SHALL,yes,1,mandatory,3,1.0
S0081_recommended,S0081,NICE,,'system shall be able to handle all of the user requests/usage during business hours.',handle all of the user requests/usage during business hours,recommended,The system SHOULD handle all of the user requests/usage during business hours.,The system SHALL handle all of the user requests/usage during business hours.,SHALL,no,0,recommended,2,0.67
S0081_optional,S0081,NICE,,'system shall be able to handle all of the user requests/usage during business hours.',handle all of the user requests/usage during business hours,optional,The system MAY handle all of the user requests/usage during business hours.,The system SHALL handle all of the user requests/usage during business hours.,SHALL,no,0,optional,1,0.33
S0081_nice_to_have,S0081,NICE,,'system shall be able to handle all of the user requests/usage during business hours.',handle all of the user requests/usage during business hours,nice_to_have,It would be useful if the system could handle all of the user requests/usage during business hours.,The system SHALL handle all of the user requests/usage during business hours.,SHALL,no,0,nice_to_have,0,0.0
S0082_mandatory,S0082,NICE,,'The system shall cater to 10 simultaneous users from 9am to 5pm.',cater to 10 simultaneous users from 9am to 5pm,mandatory,The system SHALL cater to 10 simultaneous users from 9am to 5pm.,The system SHALL cater to 10 simultaneous users from 9am to 5pm.,SHALL,yes,1,mandatory,3,1.0
S0082_recommended,S0082,NICE,,'The system shall cater to 10 simultaneous users from 9am to 5pm.',cater to 10 simultaneous users from 9am to 5pm,recommended,The system SHOULD cater to 10 simultaneous users from 9am to 5pm.,The system SHALL cater to 10 simultaneous users from 9am to 5pm.,SHALL,no,0,recommended,2,0.67
S0082_optional,S0082,NICE,,'The system shall cater to 10 simultaneous users from 9am to 5pm.',cater to 10 simultaneous users from 9am to 5pm,optional,The system MAY cater to 10 simultaneous users from 9am to 5pm.,The system SHALL cater to 10 simultaneous users from 9am to 5pm.,SHALL,no,0,optional,1,0.33
S0082_nice_to_have,S0082,NICE,,'The system shall cater to 10 simultaneous users from 9am to 5pm.',cater to 10 simultaneous users from 9am to 5pm,nice_to_have,It would be useful if the system could cater to 10 simultaneous users from 9am to 5pm.,The system SHALL cater to 10 simultaneous users from 9am to 5pm.,SHALL,no,0,nice_to_have,0,0.0
S0084_mandatory,S0084,NICE,,'The system shall be expected to manage the nursing program curriculum and class/clinical scheduling for a minimum of 5 years.',manage the nursing program curriculum and class/clinical scheduling for a minimum of 5 years,mandatory,The system SHALL manage the nursing program curriculum and class/clinical scheduling for a minimum of 5 years.,The system SHALL manage the nursing program curriculum and class/clinical scheduling for a minimum of 5 years.,SHALL,yes,1,mandatory,3,1.0
S0084_recommended,S0084,NICE,,'The system shall be expected to manage the nursing program curriculum and class/clinical scheduling for a minimum of 5 years.',manage the nursing program curriculum and class/clinical scheduling for a minimum of 5 years,recommended,The system SHOULD manage the nursing program curriculum and class/clinical scheduling for a minimum of 5 years.,The system SHALL manage the nursing program curriculum and class/clinical scheduling for a minimum of 5 years.,SHALL,no,0,recommended,2,0.67
S0084_optional,S0084,NICE,,'The system shall be expected to manage the nursing program curriculum and class/clinical scheduling for a minimum of 5 years.',manage the nursing program curriculum and class/clinical scheduling for a minimum of 5 years,optional,The system MAY manage the nursing program curriculum and class/clinical scheduling for a minimum of 5 years.,The system SHALL manage the nursing program curriculum and class/clinical scheduling for a minimum of 5 years.,SHALL,no,0,optional,1,0.33
S0084_nice_to_have,S0084,NICE,,'The system shall be expected to manage the nursing program curriculum and class/clinical scheduling for a minimum of 5 years.',manage the nursing program curriculum and class/clinical scheduling for a minimum of 5 years,nice_to_have,It would be useful if the system could manage the nursing program curriculum and class/clinical scheduling for a minimum of 5 years.,The system SHALL manage the nursing program curriculum and class/clinical scheduling for a minimum of 5 years.,SHALL,no,0,nice_to_have,0,0.0
S0085_mandatory,S0085,NICE,,'The system shall able to operate within a business office environment typical of the Nursing Department at DePaul University.',operate within a business office environment typical of the Nursing Department at DePaul University,mandatory,The system SHALL operate within a business office environment typical of the Nursing Department at DePaul University.,The system SHALL operate within a business office environment typical of the Nursing Department at DePaul University.,SHALL,yes,1,mandatory,3,1.0
S0085_recommended,S0085,NICE,,'The system shall able to operate within a business office environment typical of the Nursing Department at DePaul University.',operate within a business office environment typical of the Nursing Department at DePaul University,recommended,The system SHOULD operate within a business office environment typical of the Nursing Department at DePaul University.,The system SHALL operate within a business office environment typical of the Nursing Department at DePaul University.,SHALL,no,0,recommended,2,0.67
S0085_optional,S0085,NICE,,'The system shall able to operate within a business office environment typical of the Nursing Department at DePaul University.',operate within a business office environment typical of the Nursing Department at DePaul University,optional,The system MAY operate within a business office environment typical of the Nursing Department at DePaul University.,The system SHALL operate within a business office environment typical of the Nursing Department at DePaul University.,SHALL,no,0,optional,1,0.33
S0085_nice_to_have,S0085,NICE,,'The system shall able to operate within a business office environment typical of the Nursing Department at DePaul University.',operate within a business office environment typical of the Nursing Department at DePaul University,nice_to_have,It would be useful if the system could operate within a business office environment typical of the Nursing Department at DePaul University.,The system SHALL operate within a business office environment typical of the Nursing Department at DePaul University.,SHALL,no,0,nice_to_have,0,0.0
S0086_mandatory,S0086,NICE,,'The system shall be used within the specifications defined by the computers used by the Program Administrators/Nursing Staff Members.',be used within the specifications defined by the computers used by the Program Administrators/Nursing Staff Members,mandatory,The system SHALL be used within the specifications defined by the computers used by the Program Administrators/Nursing Staff Members.,The system SHALL be used within the specifications defined by the computers used by the Program Administrators/Nursing Staff Members.,SHALL,yes,1,mandatory,3,1.0
S0086_recommended,S0086,NICE,,'The system shall be used within the specifications defined by the computers used by the Program Administrators/Nursing Staff Members.',be used within the specifications defined by the computers used by the Program Administrators/Nursing Staff Members,recommended,The system SHOULD be used within the specifications defined by the computers used by the Program Administrators/Nursing Staff Members.,The system SHALL be used within the specifications defined by the computers used by the Program Administrators/Nursing Staff Members.,SHALL,no,0,recommended,2,0.67
S0086_optional,S0086,NICE,,'The system shall be used within the specifications defined by the computers used by the Program Administrators/Nursing Staff Members.',be used within the specifications defined by the computers used by the Program Administrators/Nursing Staff Members,optional,The system MAY be used within the specifications defined by the computers used by the Program Administrators/Nursing Staff Members.,The system SHALL be used within the specifications defined by the computers used by the Program Administrators/Nursing Staff Members.,SHALL,no,0,optional,1,0.33
S0086_nice_to_have,S0086,NICE,,'The system shall be used within the specifications defined by the computers used by the Program Administrators/Nursing Staff Members.',be used within the specifications defined by the computers used by the Program Administrators/Nursing Staff Members,nice_to_have,It would be useful if the system could be used within the specifications defined by the computers used by the Program Administrators/Nursing Staff Members.,The system SHALL be used within the specifications defined by the computers used by the Program Administrators/Nursing Staff Members.,SHALL,no,0,nice_to_have,0,0.0
S0087_mandatory,S0087,NICE,,'The system shall operate within the Windows XP Professional operating system.',operate within the Windows XP Professional operating system,mandatory,The system SHALL operate within the Windows XP Professional operating system.,The system SHALL operate within the Windows XP Professional operating system.,SHALL,yes,1,mandatory,3,1.0
S0087_recommended,S0087,NICE,,'The system shall operate within the Windows XP Professional operating system.',operate within the Windows XP Professional operating system,recommended,The system SHOULD operate within the Windows XP Professional operating system.,The system SHALL operate within the Windows XP Professional operating system.,SHALL,no,0,recommended,2,0.67
S0087_optional,S0087,NICE,,'The system shall operate within the Windows XP Professional operating system.',operate within the Windows XP Professional operating system,optional,The system MAY operate within the Windows XP Professional operating system.,The system SHALL operate within the Windows XP Professional operating system.,SHALL,no,0,optional,1,0.33
S0087_nice_to_have,S0087,NICE,,'The system shall operate within the Windows XP Professional operating system.',operate within the Windows XP Professional operating system,nice_to_have,It would be useful if the system could operate within the Windows XP Professional operating system.,The system SHALL operate within the Windows XP Professional operating system.,SHALL,no,0,nice_to_have,0,0.0
S0088_mandatory,S0088,NICE,,The system shall interface with CampusConnect's central server',interface with CampusConnect's central server,mandatory,The system SHALL interface with CampusConnect's central server.,The system SHALL interface with CampusConnect's central server.,SHALL,yes,1,mandatory,3,1.0
S0088_recommended,S0088,NICE,,The system shall interface with CampusConnect's central server',interface with CampusConnect's central server,recommended,The system SHOULD interface with CampusConnect's central server.,The system SHALL interface with CampusConnect's central server.,SHALL,no,0,recommended,2,0.67
S0088_optional,S0088,NICE,,The system shall interface with CampusConnect's central server',interface with CampusConnect's central server,optional,The system MAY interface with CampusConnect's central server.,The system SHALL interface with CampusConnect's central server.,SHALL,no,0,optional,1,0.33
S0088_nice_to_have,S0088,NICE,,The system shall interface with CampusConnect's central server',interface with CampusConnect's central server,nice_to_have,It would be useful if the system could interface with CampusConnect's central server.,The system SHALL interface with CampusConnect's central server.,SHALL,no,0,nice_to_have,0,0.0
S0089_mandatory,S0089,NICE,,'The system shall interface with the faculty central server.',interface with the faculty central server,mandatory,The system SHALL interface with the faculty central server.,The system SHALL interface with the faculty central server.,SHALL,yes,1,mandatory,3,1.0
S0089_recommended,S0089,NICE,,'The system shall interface with the faculty central server.',interface with the faculty central server,recommended,The system SHOULD interface with the faculty central server.,The system SHALL interface with the faculty central server.,SHALL,no,0,recommended,2,0.67
S0089_optional,S0089,NICE,,'The system shall interface with the faculty central server.',interface with the faculty central server,optional,The system MAY interface with the faculty central server.,The system SHALL interface with the faculty central server.,SHALL,no,0,optional,1,0.33
S0089_nice_to_have,S0089,NICE,,'The system shall interface with the faculty central server.',interface with the faculty central server,nice_to_have,It would be useful if the system could interface with the faculty central server.,The system SHALL interface with the faculty central server.,SHALL,no,0,nice_to_have,0,0.0
S0090_mandatory,S0090,NICE,,'The system shall interface with the student master server.',interface with the student master server,mandatory,The system SHALL interface with the student master server.,The system SHALL interface with the student master server.,SHALL,yes,1,mandatory,3,1.0
S0090_recommended,S0090,NICE,,'The system shall interface with the student master server.',interface with the student master server,recommended,The system SHOULD interface with the student master server.,The system SHALL interface with the student master server.,SHALL,no,0,recommended,2,0.67
S0090_optional,S0090,NICE,,'The system shall interface with the student master server.',interface with the student master server,optional,The system MAY interface with the student master server.,The system SHALL interface with the student master server.,SHALL,no,0,optional,1,0.33
S0090_nice_to_have,S0090,NICE,,'The system shall interface with the student master server.',interface with the student master server,nice_to_have,It would be useful if the system could interface with the student master server.,The system SHALL interface with the student master server.,SHALL,no,0,nice_to_have,0,0.0
S0091_mandatory,S0091,NICE,,'We must be able to interface with any HTML browser.',interface with any HTML browser,mandatory,The system SHALL interface with any HTML browser.,The system SHALL interface with any HTML browser.,SHALL,yes,1,mandatory,3,1.0
S0091_recommended,S0091,NICE,,'We must be able to interface with any HTML browser.',interface with any HTML browser,recommended,The system SHOULD interface with any HTML browser.,The system SHALL interface with any HTML browser.,SHALL,no,0,recommended,2,0.67
S0091_optional,S0091,NICE,,'We must be able to interface with any HTML browser.',interface with any HTML browser,optional,The system MAY interface with any HTML browser.,The system SHALL interface with any HTML browser.,SHALL,no,0,optional,1,0.33
S0091_nice_to_have,S0091,NICE,,'We must be able to interface with any HTML browser.',interface with any HTML browser,nice_to_have,It would be useful if the system could interface with any HTML browser.,The system SHALL interface with any HTML browser.,SHALL,no,0,nice_to_have,0,0.0
S0092_mandatory,S0092,NICE,,'Only authorized users shall have access to clinical site information.',restrict access to clinical site information to authorized users,mandatory,The system SHALL restrict access to clinical site information to authorized users.,The system SHALL restrict access to clinical site information to authorized users.,SHALL,yes,1,mandatory,3,1.0
S0092_recommended,S0092,NICE,,'Only authorized users shall have access to clinical site information.',restrict access to clinical site information to authorized users,recommended,The system SHOULD restrict access to clinical site information to authorized users.,The system SHALL restrict access to clinical site information to authorized users.,SHALL,no,0,recommended,2,0.67
S0092_optional,S0092,NICE,,'Only authorized users shall have access to clinical site information.',restrict access to clinical site information to authorized users,optional,The system MAY restrict access to clinical site information to authorized users.,The system SHALL restrict access to clinical site information to authorized users.,SHALL,no,0,optional,1,0.33
S0092_nice_to_have,S0092,NICE,,'Only authorized users shall have access to clinical site information.',restrict access to clinical site information to authorized users,nice_to_have,It would be useful if the system could restrict access to clinical site information to authorized users.,The system SHALL restrict access to clinical site information to authorized users.,SHALL,no,0,nice_to_have,0,0.0
S0093_mandatory,S0093,NICE,,'Program Administrators/Nursing Staff Members are the only people who shall have access to clinical site details.',restrict access to clinical site details to Program Administrators and Nursing Staff Members,mandatory,The system SHALL restrict access to clinical site details to Program Administrators and Nursing Staff Members.,The system SHALL restrict access to clinical site details to Program Administrators and Nursing Staff Members.,SHALL,yes,1,mandatory,3,1.0
S0093_recommended,S0093,NICE,,'Program Administrators/Nursing Staff Members are the only people who shall have access to clinical site details.',restrict access to clinical site details to Program Administrators and Nursing Staff Members,recommended,The system SHOULD restrict access to clinical site details to Program Administrators and Nursing Staff Members.,The system SHALL restrict access to clinical site details to Program Administrators and Nursing Staff Members.,SHALL,no,0,recommended,2,0.67
S0093_optional,S0093,NICE,,'Program Administrators/Nursing Staff Members are the only people who shall have access to clinical site details.',restrict access to clinical site details to Program Administrators and Nursing Staff Members,optional,The system MAY restrict access to clinical site details to Program Administrators and Nursing Staff Members.,The system SHALL restrict access to clinical site details to Program Administrators and Nursing Staff Members.,SHALL,no,0,optional,1,0.33
S0093_nice_to_have,S0093,NICE,,'Program Administrators/Nursing Staff Members are the only people who shall have access to clinical site details.',restrict access to clinical site details to Program Administrators and Nursing Staff Members,nice_to_have,It would be useful if the system could restrict access to clinical site details to Program Administrators and Nursing Staff Members.,The system SHALL restrict access to clinical site details to Program Administrators and Nursing Staff Members.,SHALL,no,0,nice_to_have,0,0.0
S0094_mandatory,S0094,NICE,,Only authorized users shall have access to students' personal information.',restrict access to students' personal information to authorized users,mandatory,The system SHALL restrict access to students' personal information to authorized users.,The system SHALL restrict access to students' personal information to authorized users.,SHALL,yes,1,mandatory,3,1.0
S0094_recommended,S0094,NICE,,Only authorized users shall have access to students' personal information.',restrict access to students' personal information to authorized users,recommended,The system SHOULD restrict access to students' personal information to authorized users.,The system SHALL restrict access to students' personal information to authorized users.,SHALL,no,0,recommended,2,0.67
S0094_optional,S0094,NICE,,Only authorized users shall have access to students' personal information.',restrict access to students' personal information to authorized users,optional,The system MAY restrict access to students' personal information to authorized users.,The system SHALL restrict access to students' personal information to authorized users.,SHALL,no,0,optional,1,0.33
S0094_nice_to_have,S0094,NICE,,Only authorized users shall have access to students' personal information.',restrict access to students' personal information to authorized users,nice_to_have,It would be useful if the system could restrict access to students' personal information to authorized users.,The system SHALL restrict access to students' personal information to authorized users.,SHALL,no,0,nice_to_have,0,0.0
S0095_mandatory,S0095,NICE,,Dr Susan Poslusny and Dr Julie Donalek are the only people who shall have access to students' personal information.',restrict access to students' personal information to Dr Susan Poslusny and Dr Julie Donalek,mandatory,The system SHALL restrict access to students' personal information to Dr Susan Poslusny and Dr Julie Donalek.,The system SHALL restrict access to students' personal information to Dr Susan Poslusny and Dr Julie Donalek.,SHALL,yes,1,mandatory,3,1.0
S0095_recommended,S0095,NICE,,Dr Susan Poslusny and Dr Julie Donalek are the only people who shall have access to students' personal information.',restrict access to students' personal information to Dr Susan Poslusny and Dr Julie Donalek,recommended,The system SHOULD restrict access to students' personal information to Dr Susan Poslusny and Dr Julie Donalek.,The system SHALL restrict access to students' personal information to Dr Susan Poslusny and Dr Julie Donalek.,SHALL,no,0,recommended,2,0.67
S0095_optional,S0095,NICE,,Dr Susan Poslusny and Dr Julie Donalek are the only people who shall have access to students' personal information.',restrict access to students' personal information to Dr Susan Poslusny and Dr Julie Donalek,optional,The system MAY restrict access to students' personal information to Dr Susan Poslusny and Dr Julie Donalek.,The system SHALL restrict access to students' personal information to Dr Susan Poslusny and Dr Julie Donalek.,SHALL,no,0,optional,1,0.33
S0095_nice_to_have,S0095,NICE,,Dr Susan Poslusny and Dr Julie Donalek are the only people who shall have access to students' personal information.',restrict access to students' personal information to Dr Susan Poslusny and Dr Julie Donalek,nice_to_have,It would be useful if the system could restrict access to students' personal information to Dr Susan Poslusny and Dr Julie Donalek.,The system SHALL restrict access to students' personal information to Dr Susan Poslusny and Dr Julie Donalek.,SHALL,no,0,nice_to_have,0,0.0
S0096_mandatory,S0096,NICE,,'Only authorized users shall have access to the portion of the system that interfaces with CampusConnect.',restrict access to the CampusConnect interface portion of the system to authorized users,mandatory,The system SHALL restrict access to the CampusConnect interface portion of the system to authorized users.,The system SHALL restrict access to the CampusConnect interface portion of the system to authorized users.,SHALL,yes,1,mandatory,3,1.0
S0096_recommended,S0096,NICE,,'Only authorized users shall have access to the portion of the system that interfaces with CampusConnect.',restrict access to the CampusConnect interface portion of the system to authorized users,recommended,The system SHOULD restrict access to the CampusConnect interface portion of the system to authorized users.,The system SHALL restrict access to the CampusConnect interface portion of the system to authorized users.,SHALL,no,0,recommended,2,0.67
S0096_optional,S0096,NICE,,'Only authorized users shall have access to the portion of the system that interfaces with CampusConnect.',restrict access to the CampusConnect interface portion of the system to authorized users,optional,The system MAY restrict access to the CampusConnect interface portion of the system to authorized users.,The system SHALL restrict access to the CampusConnect interface portion of the system to authorized users.,SHALL,no,0,optional,1,0.33
S0096_nice_to_have,S0096,NICE,,'Only authorized users shall have access to the portion of the system that interfaces with CampusConnect.',restrict access to the CampusConnect interface portion of the system to authorized users,nice_to_have,It would be useful if the system could restrict access to the CampusConnect interface portion of the system to authorized users.,The system SHALL restrict access to the CampusConnect interface portion of the system to authorized users.,SHALL,no,0,nice_to_have,0,0.0
S0097_mandatory,S0097,NICE,,'Fit Criterion: Dr Susan Poslusny and Karen Sysol are the only people who shall have access to the final class section scheduling for the system that interfaces with CampusConnect.',restrict access to final class section scheduling for the CampusConnect interface to Dr Susan Poslusny and Karen Sysol,mandatory,The system SHALL restrict access to final class section scheduling for the CampusConnect interface to Dr Susan Poslusny and Karen Sysol.,The system SHALL restrict access to final class section scheduling for the CampusConnect interface to Dr Susan Poslusny and Karen Sysol.,SHALL,yes,1,mandatory,3,1.0
S0097_recommended,S0097,NICE,,'Fit Criterion: Dr Susan Poslusny and Karen Sysol are the only people who shall have access to the final class section scheduling for the system that interfaces with CampusConnect.',restrict access to final class section scheduling for the CampusConnect interface to Dr Susan Poslusny and Karen Sysol,recommended,The system SHOULD restrict access to final class section scheduling for the CampusConnect interface to Dr Susan Poslusny and Karen Sysol.,The system SHALL restrict access to final class section scheduling for the CampusConnect interface to Dr Susan Poslusny and Karen Sysol.,SHALL,no,0,recommended,2,0.67
S0097_optional,S0097,NICE,,'Fit Criterion: Dr Susan Poslusny and Karen Sysol are the only people who shall have access to the final class section scheduling for the system that interfaces with CampusConnect.',restrict access to final class section scheduling for the CampusConnect interface to Dr Susan Poslusny and Karen Sysol,optional,The system MAY restrict access to final class section scheduling for the CampusConnect interface to Dr Susan Poslusny and Karen Sysol.,The system SHALL restrict access to final class section scheduling for the CampusConnect interface to Dr Susan Poslusny and Karen Sysol.,SHALL,no,0,optional,1,0.33
S0097_nice_to_have,S0097,NICE,,'Fit Criterion: Dr Susan Poslusny and Karen Sysol are the only people who shall have access to the final class section scheduling for the system that interfaces with CampusConnect.',restrict access to final class section scheduling for the CampusConnect interface to Dr Susan Poslusny and Karen Sysol,nice_to_have,It would be useful if the system could restrict access to final class section scheduling for the CampusConnect interface to Dr Susan Poslusny and Karen Sysol.,The system SHALL restrict access to final class section scheduling for the CampusConnect interface to Dr Susan Poslusny and Karen Sysol.,SHALL,no,0,nice_to_have,0,0.0
S0098_mandatory,S0098,NICE,,'The system shall have basic data integrity checking to reduce the possibility of incorrect or invalid data being introduced.',have basic data integrity checking to reduce the possibility of incorrect or invalid data being introduced,mandatory,The system SHALL have basic data integrity checking to reduce the possibility of incorrect or invalid data being introduced.,The system SHALL have basic data integrity checking to reduce the possibility of incorrect or invalid data being introduced.,SHALL,yes,1,mandatory,3,1.0
S0098_recommended,S0098,NICE,,'The system shall have basic data integrity checking to reduce the possibility of incorrect or invalid data being introduced.',have basic data integrity checking to reduce the possibility of incorrect or invalid data being introduced,recommended,The system SHOULD have basic data integrity checking to reduce the possibility of incorrect or invalid data being introduced.,The system SHALL have basic data integrity checking to reduce the possibility of incorrect or invalid data being introduced.,SHALL,no,0,recommended,2,0.67
S0098_optional,S0098,NICE,,'The system shall have basic data integrity checking to reduce the possibility of incorrect or invalid data being introduced.',have basic data integrity checking to reduce the possibility of incorrect or invalid data being introduced,optional,The system MAY have basic data integrity checking to reduce the possibility of incorrect or invalid data being introduced.,The system SHALL have basic data integrity checking to reduce the possibility of incorrect or invalid data being introduced.,SHALL,no,0,optional,1,0.33
S0098_nice_to_have,S0098,NICE,,'The system shall have basic data integrity checking to reduce the possibility of incorrect or invalid data being introduced.',have basic data integrity checking to reduce the possibility of incorrect or invalid data being introduced,nice_to_have,It would be useful if the system could have basic data integrity checking to reduce the possibility of incorrect or invalid data being introduced.,The system SHALL have basic data integrity checking to reduce the possibility of incorrect or invalid data being introduced.,SHALL,no,0,nice_to_have,0,0.0
S0099_mandatory,S0099,NICE,,The system shall protect private information in accordance with the organization's information policy.',protect private information in accordance with the organization's information policy,mandatory,The system SHALL protect private information in accordance with the organization's information policy.,The system SHALL protect private information in accordance with the organization's information policy.,SHALL,yes,1,mandatory,3,1.0
S0099_recommended,S0099,NICE,,The system shall protect private information in accordance with the organization's information policy.',protect private information in accordance with the organization's information policy,recommended,The system SHOULD protect private information in accordance with the organization's information policy.,The system SHALL protect private information in accordance with the organization's information policy.,SHALL,no,0,recommended,2,0.67
S0099_optional,S0099,NICE,,The system shall protect private information in accordance with the organization's information policy.',protect private information in accordance with the organization's information policy,optional,The system MAY protect private information in accordance with the organization's information policy.,The system SHALL protect private information in accordance with the organization's information policy.,SHALL,no,0,optional,1,0.33
S0099_nice_to_have,S0099,NICE,,The system shall protect private information in accordance with the organization's information policy.',protect private information in accordance with the organization's information policy,nice_to_have,It would be useful if the system could protect private information in accordance with the organization's information policy.,The system SHALL protect private information in accordance with the organization's information policy.,SHALL,no,0,nice_to_have,0,0.0
S0100_mandatory,S0100,NICE,,'The system shall be built such that it is as secure as possible from malicious interference.',be built such that it is as secure as possible from malicious interference,mandatory,The system SHALL be built such that it is as secure as possible from malicious interference.,The system SHALL be built such that it is as secure as possible from malicious interference.,SHALL,yes,1,mandatory,3,1.0
S0100_recommended,S0100,NICE,,'The system shall be built such that it is as secure as possible from malicious interference.',be built such that it is as secure as possible from malicious interference,recommended,The system SHOULD be built such that it is as secure as possible from malicious interference.,The system SHALL be built such that it is as secure as possible from malicious interference.,SHALL,no,0,recommended,2,0.67
S0100_optional,S0100,NICE,,'The system shall be built such that it is as secure as possible from malicious interference.',be built such that it is as secure as possible from malicious interference,optional,The system MAY be built such that it is as secure as possible from malicious interference.,The system SHALL be built such that it is as secure as possible from malicious interference.,SHALL,no,0,optional,1,0.33
S0100_nice_to_have,S0100,NICE,,'The system shall be built such that it is as secure as possible from malicious interference.',be built such that it is as secure as possible from malicious interference,nice_to_have,It would be useful if the system could be built such that it is as secure as possible from malicious interference.,The system SHALL be built such that it is as secure as possible from malicious interference.,SHALL,no,0,nice_to_have,0,0.0
S0101_mandatory,S0101,NICE,,The system shall use the organization's standard virus protection software to help monitor threats to itself.',use the organization's standard virus protection software to help monitor threats to itself,mandatory,The system SHALL use the organization's standard virus protection software to help monitor threats to itself.,The system SHALL use the organization's standard virus protection software to help monitor threats to itself.,SHALL,yes,1,mandatory,3,1.0
S0101_recommended,S0101,NICE,,The system shall use the organization's standard virus protection software to help monitor threats to itself.',use the organization's standard virus protection software to help monitor threats to itself,recommended,The system SHOULD use the organization's standard virus protection software to help monitor threats to itself.,The system SHALL use the organization's standard virus protection software to help monitor threats to itself.,SHALL,no,0,recommended,2,0.67
S0101_optional,S0101,NICE,,The system shall use the organization's standard virus protection software to help monitor threats to itself.',use the organization's standard virus protection software to help monitor threats to itself,optional,The system MAY use the organization's standard virus protection software to help monitor threats to itself.,The system SHALL use the organization's standard virus protection software to help monitor threats to itself.,SHALL,no,0,optional,1,0.33
S0101_nice_to_have,S0101,NICE,,The system shall use the organization's standard virus protection software to help monitor threats to itself.',use the organization's standard virus protection software to help monitor threats to itself,nice_to_have,It would be useful if the system could use the organization's standard virus protection software to help monitor threats to itself.,The system SHALL use the organization's standard virus protection software to help monitor threats to itself.,SHALL,no,0,nice_to_have,0,0.0
S0102_mandatory,S0102,NICE,,'A cohort shall be associated to one Program of Study offered by the department.',associate each cohort with one Program of Study offered by the department,mandatory,The system SHALL associate each cohort with one Program of Study offered by the department.,The system SHALL associate each cohort with one Program of Study offered by the department.,SHALL,yes,1,mandatory,3,1.0
S0102_recommended,S0102,NICE,,'A cohort shall be associated to one Program of Study offered by the department.',associate each cohort with one Program of Study offered by the department,recommended,The system SHOULD associate each cohort with one Program of Study offered by the department.,The system SHALL associate each cohort with one Program of Study offered by the department.,SHALL,no,0,recommended,2,0.67
S0102_optional,S0102,NICE,,'A cohort shall be associated to one Program of Study offered by the department.',associate each cohort with one Program of Study offered by the department,optional,The system MAY associate each cohort with one Program of Study offered by the department.,The system SHALL associate each cohort with one Program of Study offered by the department.,SHALL,no,0,optional,1,0.33
S0102_nice_to_have,S0102,NICE,,'A cohort shall be associated to one Program of Study offered by the department.',associate each cohort with one Program of Study offered by the department,nice_to_have,It would be useful if the system could associate each cohort with one Program of Study offered by the department.,The system SHALL associate each cohort with one Program of Study offered by the department.,SHALL,no,0,nice_to_have,0,0.0
S0103_mandatory,S0103,NICE,,'Program Administrators and Nursing Staff Members shall be able to add a listing of students to a cohort.',allow Program Administrators and Nursing Staff Members to add student listings to cohorts,mandatory,The system SHALL allow Program Administrators and Nursing Staff Members to add student listings to cohorts.,The system SHALL allow Program Administrators and Nursing Staff Members to add student listings to cohorts.,SHALL,yes,1,mandatory,3,1.0
S0103_recommended,S0103,NICE,,'Program Administrators and Nursing Staff Members shall be able to add a listing of students to a cohort.',allow Program Administrators and Nursing Staff Members to add student listings to cohorts,recommended,The system SHOULD allow Program Administrators and Nursing Staff Members to add student listings to cohorts.,The system SHALL allow Program Administrators and Nursing Staff Members to add student listings to cohorts.,SHALL,no,0,recommended,2,0.67
S0103_optional,S0103,NICE,,'Program Administrators and Nursing Staff Members shall be able to add a listing of students to a cohort.',allow Program Administrators and Nursing Staff Members to add student listings to cohorts,optional,The system MAY allow Program Administrators and Nursing Staff Members to add student listings to cohorts.,The system SHALL allow Program Administrators and Nursing Staff Members to add student listings to cohorts.,SHALL,no,0,optional,1,0.33
S0103_nice_to_have,S0103,NICE,,'Program Administrators and Nursing Staff Members shall be able to add a listing of students to a cohort.',allow Program Administrators and Nursing Staff Members to add student listings to cohorts,nice_to_have,It would be useful if the system could allow Program Administrators and Nursing Staff Members to add student listings to cohorts.,The system SHALL allow Program Administrators and Nursing Staff Members to add student listings to cohorts.,SHALL,no,0,nice_to_have,0,0.0
S0104_mandatory,S0104,NICE,,'Program Administrators and Nursing Staff Members shall be able to add a single student to a cohort',allow Program Administrators and Nursing Staff Members to add single students to cohorts,mandatory,The system SHALL allow Program Administrators and Nursing Staff Members to add single students to cohorts.,The system SHALL allow Program Administrators and Nursing Staff Members to add single students to cohorts.,SHALL,yes,1,mandatory,3,1.0
S0104_recommended,S0104,NICE,,'Program Administrators and Nursing Staff Members shall be able to add a single student to a cohort',allow Program Administrators and Nursing Staff Members to add single students to cohorts,recommended,The system SHOULD allow Program Administrators and Nursing Staff Members to add single students to cohorts.,The system SHALL allow Program Administrators and Nursing Staff Members to add single students to cohorts.,SHALL,no,0,recommended,2,0.67
S0104_optional,S0104,NICE,,'Program Administrators and Nursing Staff Members shall be able to add a single student to a cohort',allow Program Administrators and Nursing Staff Members to add single students to cohorts,optional,The system MAY allow Program Administrators and Nursing Staff Members to add single students to cohorts.,The system SHALL allow Program Administrators and Nursing Staff Members to add single students to cohorts.,SHALL,no,0,optional,1,0.33
S0104_nice_to_have,S0104,NICE,,'Program Administrators and Nursing Staff Members shall be able to add a single student to a cohort',allow Program Administrators and Nursing Staff Members to add single students to cohorts,nice_to_have,It would be useful if the system could allow Program Administrators and Nursing Staff Members to add single students to cohorts.,The system SHALL allow Program Administrators and Nursing Staff Members to add single students to cohorts.,SHALL,no,0,nice_to_have,0,0.0
S0105_mandatory,S0105,NICE,,Students added to a cohort shall be eligible for the cohort's Program of Study.',ensure students added to a cohort are eligible for the cohort Program of Study,mandatory,The system SHALL ensure students added to a cohort are eligible for the cohort Program of Study.,The system SHALL ensure students added to a cohort are eligible for the cohort Program of Study.,SHALL,yes,1,mandatory,3,1.0
S0105_recommended,S0105,NICE,,Students added to a cohort shall be eligible for the cohort's Program of Study.',ensure students added to a cohort are eligible for the cohort Program of Study,recommended,The system SHOULD ensure students added to a cohort are eligible for the cohort Program of Study.,The system SHALL ensure students added to a cohort are eligible for the cohort Program of Study.,SHALL,no,0,recommended,2,0.67
S0105_optional,S0105,NICE,,Students added to a cohort shall be eligible for the cohort's Program of Study.',ensure students added to a cohort are eligible for the cohort Program of Study,optional,The system MAY ensure students added to a cohort are eligible for the cohort Program of Study.,The system SHALL ensure students added to a cohort are eligible for the cohort Program of Study.,SHALL,no,0,optional,1,0.33
S0105_nice_to_have,S0105,NICE,,Students added to a cohort shall be eligible for the cohort's Program of Study.',ensure students added to a cohort are eligible for the cohort Program of Study,nice_to_have,It would be useful if the system could ensure students added to a cohort are eligible for the cohort Program of Study.,The system SHALL ensure students added to a cohort are eligible for the cohort Program of Study.,SHALL,no,0,nice_to_have,0,0.0
S0106_mandatory,S0106,NICE,,'Program Administrators and Nursing Staff Members shall be able to specify the preferred sequence of classes for a given cohort.',allow Program Administrators and Nursing Staff Members to specify the preferred class sequence for a cohort,mandatory,The system SHALL allow Program Administrators and Nursing Staff Members to specify the preferred class sequence for a cohort.,The system SHALL allow Program Administrators and Nursing Staff Members to specify the preferred class sequence for a cohort.,SHALL,yes,1,mandatory,3,1.0
S0106_recommended,S0106,NICE,,'Program Administrators and Nursing Staff Members shall be able to specify the preferred sequence of classes for a given cohort.',allow Program Administrators and Nursing Staff Members to specify the preferred class sequence for a cohort,recommended,The system SHOULD allow Program Administrators and Nursing Staff Members to specify the preferred class sequence for a cohort.,The system SHALL allow Program Administrators and Nursing Staff Members to specify the preferred class sequence for a cohort.,SHALL,no,0,recommended,2,0.67
S0106_optional,S0106,NICE,,'Program Administrators and Nursing Staff Members shall be able to specify the preferred sequence of classes for a given cohort.',allow Program Administrators and Nursing Staff Members to specify the preferred class sequence for a cohort,optional,The system MAY allow Program Administrators and Nursing Staff Members to specify the preferred class sequence for a cohort.,The system SHALL allow Program Administrators and Nursing Staff Members to specify the preferred class sequence for a cohort.,SHALL,no,0,optional,1,0.33
S0106_nice_to_have,S0106,NICE,,'Program Administrators and Nursing Staff Members shall be able to specify the preferred sequence of classes for a given cohort.',allow Program Administrators and Nursing Staff Members to specify the preferred class sequence for a cohort,nice_to_have,It would be useful if the system could allow Program Administrators and Nursing Staff Members to specify the preferred class sequence for a cohort.,The system SHALL allow Program Administrators and Nursing Staff Members to specify the preferred class sequence for a cohort.,SHALL,no,0,nice_to_have,0,0.0
S0107_mandatory,S0107,NICE,,'For each class within a sequence for a cohort Program Administrators and Nursing Staff Members shall be able to specify which quarter that class will be offered.',allow Program Administrators and Nursing Staff Members to specify the offering quarter for each class in a cohort sequence,mandatory,The system SHALL allow Program Administrators and Nursing Staff Members to specify the offering quarter for each class in a cohort sequence.,The system SHALL allow Program Administrators and Nursing Staff Members to specify the offering quarter for each class in a cohort sequence.,SHALL,yes,1,mandatory,3,1.0
S0107_recommended,S0107,NICE,,'For each class within a sequence for a cohort Program Administrators and Nursing Staff Members shall be able to specify which quarter that class will be offered.',allow Program Administrators and Nursing Staff Members to specify the offering quarter for each class in a cohort sequence,recommended,The system SHOULD allow Program Administrators and Nursing Staff Members to specify the offering quarter for each class in a cohort sequence.,The system SHALL allow Program Administrators and Nursing Staff Members to specify the offering quarter for each class in a cohort sequence.,SHALL,no,0,recommended,2,0.67
S0107_optional,S0107,NICE,,'For each class within a sequence for a cohort Program Administrators and Nursing Staff Members shall be able to specify which quarter that class will be offered.',allow Program Administrators and Nursing Staff Members to specify the offering quarter for each class in a cohort sequence,optional,The system MAY allow Program Administrators and Nursing Staff Members to specify the offering quarter for each class in a cohort sequence.,The system SHALL allow Program Administrators and Nursing Staff Members to specify the offering quarter for each class in a cohort sequence.,SHALL,no,0,optional,1,0.33
S0107_nice_to_have,S0107,NICE,,'For each class within a sequence for a cohort Program Administrators and Nursing Staff Members shall be able to specify which quarter that class will be offered.',allow Program Administrators and Nursing Staff Members to specify the offering quarter for each class in a cohort sequence,nice_to_have,It would be useful if the system could allow Program Administrators and Nursing Staff Members to specify the offering quarter for each class in a cohort sequence.,The system SHALL allow Program Administrators and Nursing Staff Members to specify the offering quarter for each class in a cohort sequence.,SHALL,no,0,nice_to_have,0,0.0
S0108_mandatory,S0108,NICE,,'Program Administrators and Nursing Staff Members shall be able to add new classes to a sequence of classes',allow Program Administrators and Nursing Staff Members to add new classes to class sequences,mandatory,The system SHALL allow Program Administrators and Nursing Staff Members to add new classes to class sequences.,The system SHALL allow Program Administrators and Nursing Staff Members to add new classes to class sequences.,SHALL,yes,1,mandatory,3,1.0
S0108_recommended,S0108,NICE,,'Program Administrators and Nursing Staff Members shall be able to add new classes to a sequence of classes',allow Program Administrators and Nursing Staff Members to add new classes to class sequences,recommended,The system SHOULD allow Program Administrators and Nursing Staff Members to add new classes to class sequences.,The system SHALL allow Program Administrators and Nursing Staff Members to add new classes to class sequences.,SHALL,no,0,recommended,2,0.67
S0108_optional,S0108,NICE,,'Program Administrators and Nursing Staff Members shall be able to add new classes to a sequence of classes',allow Program Administrators and Nursing Staff Members to add new classes to class sequences,optional,The system MAY allow Program Administrators and Nursing Staff Members to add new classes to class sequences.,The system SHALL allow Program Administrators and Nursing Staff Members to add new classes to class sequences.,SHALL,no,0,optional,1,0.33
S0108_nice_to_have,S0108,NICE,,'Program Administrators and Nursing Staff Members shall be able to add new classes to a sequence of classes',allow Program Administrators and Nursing Staff Members to add new classes to class sequences,nice_to_have,It would be useful if the system could allow Program Administrators and Nursing Staff Members to add new classes to class sequences.,The system SHALL allow Program Administrators and Nursing Staff Members to add new classes to class sequences.,SHALL,no,0,nice_to_have,0,0.0
S0111_mandatory,S0111,NICE,,'Program Administrators and Nursing Staff Members shall be able to add new classes for the nursing department into the system.',allow Program Administrators and Nursing Staff Members to add new nursing department classes to the system,mandatory,The system SHALL allow Program Administrators and Nursing Staff Members to add new nursing department classes to the system.,The system SHALL allow Program Administrators and Nursing Staff Members to add new nursing department classes to the system.,SHALL,yes,1,mandatory,3,1.0
S0111_recommended,S0111,NICE,,'Program Administrators and Nursing Staff Members shall be able to add new classes for the nursing department into the system.',allow Program Administrators and Nursing Staff Members to add new nursing department classes to the system,recommended,The system SHOULD allow Program Administrators and Nursing Staff Members to add new nursing department classes to the system.,The system SHALL allow Program Administrators and Nursing Staff Members to add new nursing department classes to the system.,SHALL,no,0,recommended,2,0.67
S0111_optional,S0111,NICE,,'Program Administrators and Nursing Staff Members shall be able to add new classes for the nursing department into the system.',allow Program Administrators and Nursing Staff Members to add new nursing department classes to the system,optional,The system MAY allow Program Administrators and Nursing Staff Members to add new nursing department classes to the system.,The system SHALL allow Program Administrators and Nursing Staff Members to add new nursing department classes to the system.,SHALL,no,0,optional,1,0.33
S0111_nice_to_have,S0111,NICE,,'Program Administrators and Nursing Staff Members shall be able to add new classes for the nursing department into the system.',allow Program Administrators and Nursing Staff Members to add new nursing department classes to the system,nice_to_have,It would be useful if the system could allow Program Administrators and Nursing Staff Members to add new nursing department classes to the system.,The system SHALL allow Program Administrators and Nursing Staff Members to add new nursing department classes to the system.,SHALL,no,0,nice_to_have,0,0.0
S0112_mandatory,S0112,NICE,,'A class shall be either a non-clinical class or a clinical class.',classify each class as either non-clinical or clinical,mandatory,The system SHALL classify each class as either non-clinical or clinical.,The system SHALL classify each class as either non-clinical or clinical.,SHALL,yes,1,mandatory,3,1.0
S0112_recommended,S0112,NICE,,'A class shall be either a non-clinical class or a clinical class.',classify each class as either non-clinical or clinical,recommended,The system SHOULD classify each class as either non-clinical or clinical.,The system SHALL classify each class as either non-clinical or clinical.,SHALL,no,0,recommended,2,0.67
S0112_optional,S0112,NICE,,'A class shall be either a non-clinical class or a clinical class.',classify each class as either non-clinical or clinical,optional,The system MAY classify each class as either non-clinical or clinical.,The system SHALL classify each class as either non-clinical or clinical.,SHALL,no,0,optional,1,0.33
S0112_nice_to_have,S0112,NICE,,'A class shall be either a non-clinical class or a clinical class.',classify each class as either non-clinical or clinical,nice_to_have,It would be useful if the system could classify each class as either non-clinical or clinical.,The system SHALL classify each class as either non-clinical or clinical.,SHALL,no,0,nice_to_have,0,0.0
S0113_mandatory,S0113,NICE,,'A non-clinical class shall specify the course name lecture room requirements and instructor needs.',capture course name lecture room requirements and instructor needs for non-clinical classes,mandatory,The system SHALL capture course name lecture room requirements and instructor needs for non-clinical classes.,The system SHALL capture course name lecture room requirements and instructor needs for non-clinical classes.,SHALL,yes,1,mandatory,3,1.0
S0113_recommended,S0113,NICE,,'A non-clinical class shall specify the course name lecture room requirements and instructor needs.',capture course name lecture room requirements and instructor needs for non-clinical classes,recommended,The system SHOULD capture course name lecture room requirements and instructor needs for non-clinical classes.,The system SHALL capture course name lecture room requirements and instructor needs for non-clinical classes.,SHALL,no,0,recommended,2,0.67
S0113_optional,S0113,NICE,,'A non-clinical class shall specify the course name lecture room requirements and instructor needs.',capture course name lecture room requirements and instructor needs for non-clinical classes,optional,The system MAY capture course name lecture room requirements and instructor needs for non-clinical classes.,The system SHALL capture course name lecture room requirements and instructor needs for non-clinical classes.,SHALL,no,0,optional,1,0.33
S0113_nice_to_have,S0113,NICE,,'A non-clinical class shall specify the course name lecture room requirements and instructor needs.',capture course name lecture room requirements and instructor needs for non-clinical classes,nice_to_have,It would be useful if the system could capture course name lecture room requirements and instructor needs for non-clinical classes.,The system SHALL capture course name lecture room requirements and instructor needs for non-clinical classes.,SHALL,no,0,nice_to_have,0,0.0
S0114_mandatory,S0114,NICE,,'A clinical class shall specify the course name lecture room requirements clinical site needs lecture instructor needs and clinical lab instructor needs.',capture course name lecture room requirements clinical site needs lecture instructor needs and clinical lab instructor needs for clinical classes,mandatory,The system SHALL capture course name lecture room requirements clinical site needs lecture instructor needs and clinical lab instructor needs for clinical classes.,The system SHALL capture course name lecture room requirements clinical site needs lecture instructor needs and clinical lab instructor needs for clinical classes.,SHALL,yes,1,mandatory,3,1.0
S0114_recommended,S0114,NICE,,'A clinical class shall specify the course name lecture room requirements clinical site needs lecture instructor needs and clinical lab instructor needs.',capture course name lecture room requirements clinical site needs lecture instructor needs and clinical lab instructor needs for clinical classes,recommended,The system SHOULD capture course name lecture room requirements clinical site needs lecture instructor needs and clinical lab instructor needs for clinical classes.,The system SHALL capture course name lecture room requirements clinical site needs lecture instructor needs and clinical lab instructor needs for clinical classes.,SHALL,no,0,recommended,2,0.67
S0114_optional,S0114,NICE,,'A clinical class shall specify the course name lecture room requirements clinical site needs lecture instructor needs and clinical lab instructor needs.',capture course name lecture room requirements clinical site needs lecture instructor needs and clinical lab instructor needs for clinical classes,optional,The system MAY capture course name lecture room requirements clinical site needs lecture instructor needs and clinical lab instructor needs for clinical classes.,The system SHALL capture course name lecture room requirements clinical site needs lecture instructor needs and clinical lab instructor needs for clinical classes.,SHALL,no,0,optional,1,0.33
S0114_nice_to_have,S0114,NICE,,'A clinical class shall specify the course name lecture room requirements clinical site needs lecture instructor needs and clinical lab instructor needs.',capture course name lecture room requirements clinical site needs lecture instructor needs and clinical lab instructor needs for clinical classes,nice_to_have,It would be useful if the system could capture course name lecture room requirements clinical site needs lecture instructor needs and clinical lab instructor needs for clinical classes.,The system SHALL capture course name lecture room requirements clinical site needs lecture instructor needs and clinical lab instructor needs for clinical classes.,SHALL,no,0,nice_to_have,0,0.0
S0115_mandatory,S0115,NICE,,'Program Administrators/Nursing Staff Members shall be able to create a new Program of Study.',allow Program Administrators and Nursing Staff Members to create Programs of Study,mandatory,The system SHALL allow Program Administrators and Nursing Staff Members to create Programs of Study.,The system SHALL allow Program Administrators and Nursing Staff Members to create Programs of Study.,SHALL,yes,1,mandatory,3,1.0
S0115_recommended,S0115,NICE,,'Program Administrators/Nursing Staff Members shall be able to create a new Program of Study.',allow Program Administrators and Nursing Staff Members to create Programs of Study,recommended,The system SHOULD allow Program Administrators and Nursing Staff Members to create Programs of Study.,The system SHALL allow Program Administrators and Nursing Staff Members to create Programs of Study.,SHALL,no,0,recommended,2,0.67
S0115_optional,S0115,NICE,,'Program Administrators/Nursing Staff Members shall be able to create a new Program of Study.',allow Program Administrators and Nursing Staff Members to create Programs of Study,optional,The system MAY allow Program Administrators and Nursing Staff Members to create Programs of Study.,The system SHALL allow Program Administrators and Nursing Staff Members to create Programs of Study.,SHALL,no,0,optional,1,0.33
S0115_nice_to_have,S0115,NICE,,'Program Administrators/Nursing Staff Members shall be able to create a new Program of Study.',allow Program Administrators and Nursing Staff Members to create Programs of Study,nice_to_have,It would be useful if the system could allow Program Administrators and Nursing Staff Members to create Programs of Study.,The system SHALL allow Program Administrators and Nursing Staff Members to create Programs of Study.,SHALL,no,0,nice_to_have,0,0.0
S0117_mandatory,S0117,NICE,,'Program Administrators and Nursing Staff Members shall have the ability to specify which classes are required for a Program of Study',allow Program Administrators and Nursing Staff Members to specify required classes for a Program of Study,mandatory,The system SHALL allow Program Administrators and Nursing Staff Members to specify required classes for a Program of Study.,The system SHALL allow Program Administrators and Nursing Staff Members to specify required classes for a Program of Study.,SHALL,yes,1,mandatory,3,1.0
S0117_recommended,S0117,NICE,,'Program Administrators and Nursing Staff Members shall have the ability to specify which classes are required for a Program of Study',allow Program Administrators and Nursing Staff Members to specify required classes for a Program of Study,recommended,The system SHOULD allow Program Administrators and Nursing Staff Members to specify required classes for a Program of Study.,The system SHALL allow Program Administrators and Nursing Staff Members to specify required classes for a Program of Study.,SHALL,no,0,recommended,2,0.67
S0117_optional,S0117,NICE,,'Program Administrators and Nursing Staff Members shall have the ability to specify which classes are required for a Program of Study',allow Program Administrators and Nursing Staff Members to specify required classes for a Program of Study,optional,The system MAY allow Program Administrators and Nursing Staff Members to specify required classes for a Program of Study.,The system SHALL allow Program Administrators and Nursing Staff Members to specify required classes for a Program of Study.,SHALL,no,0,optional,1,0.33
S0117_nice_to_have,S0117,NICE,,'Program Administrators and Nursing Staff Members shall have the ability to specify which classes are required for a Program of Study',allow Program Administrators and Nursing Staff Members to specify required classes for a Program of Study,nice_to_have,It would be useful if the system could allow Program Administrators and Nursing Staff Members to specify required classes for a Program of Study.,The system SHALL allow Program Administrators and Nursing Staff Members to specify required classes for a Program of Study.,SHALL,no,0,nice_to_have,0,0.0
S0118_mandatory,S0118,NICE,,The system shall be able to display a report of needed classes for a given quarter for all cohorts of all programs for Program Administrators/Nursing Staff Members' planning purposes.',display a report of needed classes for a given quarter for all cohorts of all programs for Program Administrators/Nursing Staff Members' planning purposes,mandatory,The system SHALL display a report of needed classes for a given quarter for all cohorts of all programs for Program Administrators/Nursing Staff Members' planning purposes.,The system SHALL display a report of needed classes for a given quarter for all cohorts of all programs for Program Administrators/Nursing Staff Members' planning purposes.,SHALL,yes,1,mandatory,3,1.0
S0118_recommended,S0118,NICE,,The system shall be able to display a report of needed classes for a given quarter for all cohorts of all programs for Program Administrators/Nursing Staff Members' planning purposes.',display a report of needed classes for a given quarter for all cohorts of all programs for Program Administrators/Nursing Staff Members' planning purposes,recommended,The system SHOULD display a report of needed classes for a given quarter for all cohorts of all programs for Program Administrators/Nursing Staff Members' planning purposes.,The system SHALL display a report of needed classes for a given quarter for all cohorts of all programs for Program Administrators/Nursing Staff Members' planning purposes.,SHALL,no,0,recommended,2,0.67
S0118_optional,S0118,NICE,,The system shall be able to display a report of needed classes for a given quarter for all cohorts of all programs for Program Administrators/Nursing Staff Members' planning purposes.',display a report of needed classes for a given quarter for all cohorts of all programs for Program Administrators/Nursing Staff Members' planning purposes,optional,The system MAY display a report of needed classes for a given quarter for all cohorts of all programs for Program Administrators/Nursing Staff Members' planning purposes.,The system SHALL display a report of needed classes for a given quarter for all cohorts of all programs for Program Administrators/Nursing Staff Members' planning purposes.,SHALL,no,0,optional,1,0.33
S0118_nice_to_have,S0118,NICE,,The system shall be able to display a report of needed classes for a given quarter for all cohorts of all programs for Program Administrators/Nursing Staff Members' planning purposes.',display a report of needed classes for a given quarter for all cohorts of all programs for Program Administrators/Nursing Staff Members' planning purposes,nice_to_have,It would be useful if the system could display a report of needed classes for a given quarter for all cohorts of all programs for Program Administrators/Nursing Staff Members' planning purposes.,The system SHALL display a report of needed classes for a given quarter for all cohorts of all programs for Program Administrators/Nursing Staff Members' planning purposes.,SHALL,no,0,nice_to_have,0,0.0
S0121_mandatory,S0121,NICE,,'Program Administrators and Nursing Staff Members shall be able to add a new clinical site into the system.',allow Program Administrators and Nursing Staff Members to add new clinical sites to the system,mandatory,The system SHALL allow Program Administrators and Nursing Staff Members to add new clinical sites to the system.,The system SHALL allow Program Administrators and Nursing Staff Members to add new clinical sites to the system.,SHALL,yes,1,mandatory,3,1.0
S0121_recommended,S0121,NICE,,'Program Administrators and Nursing Staff Members shall be able to add a new clinical site into the system.',allow Program Administrators and Nursing Staff Members to add new clinical sites to the system,recommended,The system SHOULD allow Program Administrators and Nursing Staff Members to add new clinical sites to the system.,The system SHALL allow Program Administrators and Nursing Staff Members to add new clinical sites to the system.,SHALL,no,0,recommended,2,0.67
S0121_optional,S0121,NICE,,'Program Administrators and Nursing Staff Members shall be able to add a new clinical site into the system.',allow Program Administrators and Nursing Staff Members to add new clinical sites to the system,optional,The system MAY allow Program Administrators and Nursing Staff Members to add new clinical sites to the system.,The system SHALL allow Program Administrators and Nursing Staff Members to add new clinical sites to the system.,SHALL,no,0,optional,1,0.33
S0121_nice_to_have,S0121,NICE,,'Program Administrators and Nursing Staff Members shall be able to add a new clinical site into the system.',allow Program Administrators and Nursing Staff Members to add new clinical sites to the system,nice_to_have,It would be useful if the system could allow Program Administrators and Nursing Staff Members to add new clinical sites to the system.,The system SHALL allow Program Administrators and Nursing Staff Members to add new clinical sites to the system.,SHALL,no,0,nice_to_have,0,0.0
S0123_mandatory,S0123,NICE,,'Program Administrators and Nursing Staff Members shall be able to add a new clinical lab section for an existing clinical class into the System.',allow Program Administrators and Nursing Staff Members to add new clinical lab sections for existing clinical classes,mandatory,The system SHALL allow Program Administrators and Nursing Staff Members to add new clinical lab sections for existing clinical classes.,The system SHALL allow Program Administrators and Nursing Staff Members to add new clinical lab sections for existing clinical classes.,SHALL,yes,1,mandatory,3,1.0
S0123_recommended,S0123,NICE,,'Program Administrators and Nursing Staff Members shall be able to add a new clinical lab section for an existing clinical class into the System.',allow Program Administrators and Nursing Staff Members to add new clinical lab sections for existing clinical classes,recommended,The system SHOULD allow Program Administrators and Nursing Staff Members to add new clinical lab sections for existing clinical classes.,The system SHALL allow Program Administrators and Nursing Staff Members to add new clinical lab sections for existing clinical classes.,SHALL,no,0,recommended,2,0.67
S0123_optional,S0123,NICE,,'Program Administrators and Nursing Staff Members shall be able to add a new clinical lab section for an existing clinical class into the System.',allow Program Administrators and Nursing Staff Members to add new clinical lab sections for existing clinical classes,optional,The system MAY allow Program Administrators and Nursing Staff Members to add new clinical lab sections for existing clinical classes.,The system SHALL allow Program Administrators and Nursing Staff Members to add new clinical lab sections for existing clinical classes.,SHALL,no,0,optional,1,0.33
S0123_nice_to_have,S0123,NICE,,'Program Administrators and Nursing Staff Members shall be able to add a new clinical lab section for an existing clinical class into the System.',allow Program Administrators and Nursing Staff Members to add new clinical lab sections for existing clinical classes,nice_to_have,It would be useful if the system could allow Program Administrators and Nursing Staff Members to add new clinical lab sections for existing clinical classes.,The system SHALL allow Program Administrators and Nursing Staff Members to add new clinical lab sections for existing clinical classes.,SHALL,no,0,nice_to_have,0,0.0
S0124_mandatory,S0124,NICE,,'A clinical lab section shall include the clinical site name the class instructor day and time of the lab.',include the clinical site name class instructor day and lab time for each clinical lab section,mandatory,The system SHALL include the clinical site name class instructor day and lab time for each clinical lab section.,The system SHALL include the clinical site name class instructor day and lab time for each clinical lab section.,SHALL,yes,1,mandatory,3,1.0
S0124_recommended,S0124,NICE,,'A clinical lab section shall include the clinical site name the class instructor day and time of the lab.',include the clinical site name class instructor day and lab time for each clinical lab section,recommended,The system SHOULD include the clinical site name class instructor day and lab time for each clinical lab section.,The system SHALL include the clinical site name class instructor day and lab time for each clinical lab section.,SHALL,no,0,recommended,2,0.67
S0124_optional,S0124,NICE,,'A clinical lab section shall include the clinical site name the class instructor day and time of the lab.',include the clinical site name class instructor day and lab time for each clinical lab section,optional,The system MAY include the clinical site name class instructor day and lab time for each clinical lab section.,The system SHALL include the clinical site name class instructor day and lab time for each clinical lab section.,SHALL,no,0,optional,1,0.33
S0124_nice_to_have,S0124,NICE,,'A clinical lab section shall include the clinical site name the class instructor day and time of the lab.',include the clinical site name class instructor day and lab time for each clinical lab section,nice_to_have,It would be useful if the system could include the clinical site name class instructor day and lab time for each clinical lab section.,The system SHALL include the clinical site name class instructor day and lab time for each clinical lab section.,SHALL,no,0,nice_to_have,0,0.0
S0125_mandatory,S0125,NICE,,'Program Administrators and Nursing Staff Members shall be able to add a student who has registered for a clinical class to a clinical lab section for that class.',allow Program Administrators and Nursing Staff Members to add registered clinical-class students to clinical lab sections,mandatory,The system SHALL allow Program Administrators and Nursing Staff Members to add registered clinical-class students to clinical lab sections.,The system SHALL allow Program Administrators and Nursing Staff Members to add registered clinical-class students to clinical lab sections.,SHALL,yes,1,mandatory,3,1.0
S0125_recommended,S0125,NICE,,'Program Administrators and Nursing Staff Members shall be able to add a student who has registered for a clinical class to a clinical lab section for that class.',allow Program Administrators and Nursing Staff Members to add registered clinical-class students to clinical lab sections,recommended,The system SHOULD allow Program Administrators and Nursing Staff Members to add registered clinical-class students to clinical lab sections.,The system SHALL allow Program Administrators and Nursing Staff Members to add registered clinical-class students to clinical lab sections.,SHALL,no,0,recommended,2,0.67
S0125_optional,S0125,NICE,,'Program Administrators and Nursing Staff Members shall be able to add a student who has registered for a clinical class to a clinical lab section for that class.',allow Program Administrators and Nursing Staff Members to add registered clinical-class students to clinical lab sections,optional,The system MAY allow Program Administrators and Nursing Staff Members to add registered clinical-class students to clinical lab sections.,The system SHALL allow Program Administrators and Nursing Staff Members to add registered clinical-class students to clinical lab sections.,SHALL,no,0,optional,1,0.33
S0125_nice_to_have,S0125,NICE,,'Program Administrators and Nursing Staff Members shall be able to add a student who has registered for a clinical class to a clinical lab section for that class.',allow Program Administrators and Nursing Staff Members to add registered clinical-class students to clinical lab sections,nice_to_have,It would be useful if the system could allow Program Administrators and Nursing Staff Members to add registered clinical-class students to clinical lab sections.,The system SHALL allow Program Administrators and Nursing Staff Members to add registered clinical-class students to clinical lab sections.,SHALL,no,0,nice_to_have,0,0.0
S0126_mandatory,S0126,NICE,,'The system shall allow a Program Administrator or Nursing staff member to remove a student from a clinical lab section.',allow a Program Administrator or Nursing staff member to remove a student from a clinical lab section,mandatory,The system SHALL allow a Program Administrator or Nursing staff member to remove a student from a clinical lab section.,The system SHALL allow a Program Administrator or Nursing staff member to remove a student from a clinical lab section.,SHALL,yes,1,mandatory,3,1.0
S0126_recommended,S0126,NICE,,'The system shall allow a Program Administrator or Nursing staff member to remove a student from a clinical lab section.',allow a Program Administrator or Nursing staff member to remove a student from a clinical lab section,recommended,The system SHOULD allow a Program Administrator or Nursing staff member to remove a student from a clinical lab section.,The system SHALL allow a Program Administrator or Nursing staff member to remove a student from a clinical lab section.,SHALL,no,0,recommended,2,0.67
S0126_optional,S0126,NICE,,'The system shall allow a Program Administrator or Nursing staff member to remove a student from a clinical lab section.',allow a Program Administrator or Nursing staff member to remove a student from a clinical lab section,optional,The system MAY allow a Program Administrator or Nursing staff member to remove a student from a clinical lab section.,The system SHALL allow a Program Administrator or Nursing staff member to remove a student from a clinical lab section.,SHALL,no,0,optional,1,0.33
S0126_nice_to_have,S0126,NICE,,'The system shall allow a Program Administrator or Nursing staff member to remove a student from a clinical lab section.',allow a Program Administrator or Nursing staff member to remove a student from a clinical lab section,nice_to_have,It would be useful if the system could allow a Program Administrator or Nursing staff member to remove a student from a clinical lab section.,The system SHALL allow a Program Administrator or Nursing staff member to remove a student from a clinical lab section.,SHALL,no,0,nice_to_have,0,0.0
S0127_mandatory,S0127,NICE,,'The system shall allow a Program Administrator/Nursing Staff Member to move a student from one clinical lab section to another clinical lab section corresponding to the same clinical class.',allow a Program Administrator/Nursing Staff Member to move a student from one clinical lab section to another clinical lab section corresponding to the same clinical class,mandatory,The system SHALL allow a Program Administrator/Nursing Staff Member to move a student from one clinical lab section to another clinical lab section corresponding to the same clinical class.,The system SHALL allow a Program Administrator/Nursing Staff Member to move a student from one clinical lab section to another clinical lab section corresponding to the same clinical class.,SHALL,yes,1,mandatory,3,1.0
S0127_recommended,S0127,NICE,,'The system shall allow a Program Administrator/Nursing Staff Member to move a student from one clinical lab section to another clinical lab section corresponding to the same clinical class.',allow a Program Administrator/Nursing Staff Member to move a student from one clinical lab section to another clinical lab section corresponding to the same clinical class,recommended,The system SHOULD allow a Program Administrator/Nursing Staff Member to move a student from one clinical lab section to another clinical lab section corresponding to the same clinical class.,The system SHALL allow a Program Administrator/Nursing Staff Member to move a student from one clinical lab section to another clinical lab section corresponding to the same clinical class.,SHALL,no,0,recommended,2,0.67
S0127_optional,S0127,NICE,,'The system shall allow a Program Administrator/Nursing Staff Member to move a student from one clinical lab section to another clinical lab section corresponding to the same clinical class.',allow a Program Administrator/Nursing Staff Member to move a student from one clinical lab section to another clinical lab section corresponding to the same clinical class,optional,The system MAY allow a Program Administrator/Nursing Staff Member to move a student from one clinical lab section to another clinical lab section corresponding to the same clinical class.,The system SHALL allow a Program Administrator/Nursing Staff Member to move a student from one clinical lab section to another clinical lab section corresponding to the same clinical class.,SHALL,no,0,optional,1,0.33
S0127_nice_to_have,S0127,NICE,,'The system shall allow a Program Administrator/Nursing Staff Member to move a student from one clinical lab section to another clinical lab section corresponding to the same clinical class.',allow a Program Administrator/Nursing Staff Member to move a student from one clinical lab section to another clinical lab section corresponding to the same clinical class,nice_to_have,It would be useful if the system could allow a Program Administrator/Nursing Staff Member to move a student from one clinical lab section to another clinical lab section corresponding to the same clinical class.,The system SHALL allow a Program Administrator/Nursing Staff Member to move a student from one clinical lab section to another clinical lab section corresponding to the same clinical class.,SHALL,no,0,nice_to_have,0,0.0
S0129_mandatory,S0129,NICE,,'A Program Administrator/Nursing Staff Member shall be able to add a new nursing student to the system.',allow Program Administrators and Nursing Staff Members to add new nursing students to the system,mandatory,The system SHALL allow Program Administrators and Nursing Staff Members to add new nursing students to the system.,The system SHALL allow Program Administrators and Nursing Staff Members to add new nursing students to the system.,SHALL,yes,1,mandatory,3,1.0
S0129_recommended,S0129,NICE,,'A Program Administrator/Nursing Staff Member shall be able to add a new nursing student to the system.',allow Program Administrators and Nursing Staff Members to add new nursing students to the system,recommended,The system SHOULD allow Program Administrators and Nursing Staff Members to add new nursing students to the system.,The system SHALL allow Program Administrators and Nursing Staff Members to add new nursing students to the system.,SHALL,no,0,recommended,2,0.67
S0129_optional,S0129,NICE,,'A Program Administrator/Nursing Staff Member shall be able to add a new nursing student to the system.',allow Program Administrators and Nursing Staff Members to add new nursing students to the system,optional,The system MAY allow Program Administrators and Nursing Staff Members to add new nursing students to the system.,The system SHALL allow Program Administrators and Nursing Staff Members to add new nursing students to the system.,SHALL,no,0,optional,1,0.33
S0129_nice_to_have,S0129,NICE,,'A Program Administrator/Nursing Staff Member shall be able to add a new nursing student to the system.',allow Program Administrators and Nursing Staff Members to add new nursing students to the system,nice_to_have,It would be useful if the system could allow Program Administrators and Nursing Staff Members to add new nursing students to the system.,The system SHALL allow Program Administrators and Nursing Staff Members to add new nursing students to the system.,SHALL,no,0,nice_to_have,0,0.0
S0130_mandatory,S0130,NICE,,'A staff member shall have the ability to manage the progress of a part time student which includes modifying their sequence of classes and timeline of classes.',allow staff members to manage part-time student progress by modifying class sequences and timelines,mandatory,The system SHALL allow staff members to manage part-time student progress by modifying class sequences and timelines.,The system SHALL allow staff members to manage part-time student progress by modifying class sequences and timelines.,SHALL,yes,1,mandatory,3,1.0
S0130_recommended,S0130,NICE,,'A staff member shall have the ability to manage the progress of a part time student which includes modifying their sequence of classes and timeline of classes.',allow staff members to manage part-time student progress by modifying class sequences and timelines,recommended,The system SHOULD allow staff members to manage part-time student progress by modifying class sequences and timelines.,The system SHALL allow staff members to manage part-time student progress by modifying class sequences and timelines.,SHALL,no,0,recommended,2,0.67
S0130_optional,S0130,NICE,,'A staff member shall have the ability to manage the progress of a part time student which includes modifying their sequence of classes and timeline of classes.',allow staff members to manage part-time student progress by modifying class sequences and timelines,optional,The system MAY allow staff members to manage part-time student progress by modifying class sequences and timelines.,The system SHALL allow staff members to manage part-time student progress by modifying class sequences and timelines.,SHALL,no,0,optional,1,0.33
S0130_nice_to_have,S0130,NICE,,'A staff member shall have the ability to manage the progress of a part time student which includes modifying their sequence of classes and timeline of classes.',allow staff members to manage part-time student progress by modifying class sequences and timelines,nice_to_have,It would be useful if the system could allow staff members to manage part-time student progress by modifying class sequences and timelines.,The system SHALL allow staff members to manage part-time student progress by modifying class sequences and timelines.,SHALL,no,0,nice_to_have,0,0.0
S0135_mandatory,S0135,NICE,,'The system shall be able to display a printable summary of the system log.',display a printable summary of the system log,mandatory,The system SHALL display a printable summary of the system log.,The system SHALL display a printable summary of the system log.,SHALL,yes,1,mandatory,3,1.0
S0135_recommended,S0135,NICE,,'The system shall be able to display a printable summary of the system log.',display a printable summary of the system log,recommended,The system SHOULD display a printable summary of the system log.,The system SHALL display a printable summary of the system log.,SHALL,no,0,recommended,2,0.67
S0135_optional,S0135,NICE,,'The system shall be able to display a printable summary of the system log.',display a printable summary of the system log,optional,The system MAY display a printable summary of the system log.,The system SHALL display a printable summary of the system log.,SHALL,no,0,optional,1,0.33
S0135_nice_to_have,S0135,NICE,,'The system shall be able to display a printable summary of the system log.',display a printable summary of the system log,nice_to_have,It would be useful if the system could display a printable summary of the system log.,The system SHALL display a printable summary of the system log.,SHALL,no,0,nice_to_have,0,0.0
S0137_mandatory,S0137,NICE,,'The system will use the stored e-mail addresses as a primary means of communicating information to affected parties.',use the stored e-mail addresses as a primary means of communicating information to affected parties,mandatory,The system SHALL use the stored e-mail addresses as a primary means of communicating information to affected parties.,The system SHALL use the stored e-mail addresses as a primary means of communicating information to affected parties.,SHALL,yes,1,mandatory,3,1.0
S0137_recommended,S0137,NICE,,'The system will use the stored e-mail addresses as a primary means of communicating information to affected parties.',use the stored e-mail addresses as a primary means of communicating information to affected parties,recommended,The system SHOULD use the stored e-mail addresses as a primary means of communicating information to affected parties.,The system SHALL use the stored e-mail addresses as a primary means of communicating information to affected parties.,SHALL,no,0,recommended,2,0.67
S0137_optional,S0137,NICE,,'The system will use the stored e-mail addresses as a primary means of communicating information to affected parties.',use the stored e-mail addresses as a primary means of communicating information to affected parties,optional,The system MAY use the stored e-mail addresses as a primary means of communicating information to affected parties.,The system SHALL use the stored e-mail addresses as a primary means of communicating information to affected parties.,SHALL,no,0,optional,1,0.33
S0137_nice_to_have,S0137,NICE,,'The system will use the stored e-mail addresses as a primary means of communicating information to affected parties.',use the stored e-mail addresses as a primary means of communicating information to affected parties,nice_to_have,It would be useful if the system could use the stored e-mail addresses as a primary means of communicating information to affected parties.,The system SHALL use the stored e-mail addresses as a primary means of communicating information to affected parties.,SHALL,no,0,nice_to_have,0,0.0
S0143_mandatory,S0143,NICE,,'Program Administrators/Nursing Staff Members shall have the ability to modify information relating to cohorts including cohort identifier program of study preferred sequence of classes and quarters that a cohort will be taking specific classes.',allow Program Administrators and Nursing Staff Members to modify cohort information including identifier Program of Study preferred class sequence and class quarters,mandatory,The system SHALL allow Program Administrators and Nursing Staff Members to modify cohort information including identifier Program of Study preferred class sequence and class quarters.,The system SHALL allow Program Administrators and Nursing Staff Members to modify cohort information including identifier Program of Study preferred class sequence and class quarters.,SHALL,yes,1,mandatory,3,1.0
S0143_recommended,S0143,NICE,,'Program Administrators/Nursing Staff Members shall have the ability to modify information relating to cohorts including cohort identifier program of study preferred sequence of classes and quarters that a cohort will be taking specific classes.',allow Program Administrators and Nursing Staff Members to modify cohort information including identifier Program of Study preferred class sequence and class quarters,recommended,The system SHOULD allow Program Administrators and Nursing Staff Members to modify cohort information including identifier Program of Study preferred class sequence and class quarters.,The system SHALL allow Program Administrators and Nursing Staff Members to modify cohort information including identifier Program of Study preferred class sequence and class quarters.,SHALL,no,0,recommended,2,0.67
S0143_optional,S0143,NICE,,'Program Administrators/Nursing Staff Members shall have the ability to modify information relating to cohorts including cohort identifier program of study preferred sequence of classes and quarters that a cohort will be taking specific classes.',allow Program Administrators and Nursing Staff Members to modify cohort information including identifier Program of Study preferred class sequence and class quarters,optional,The system MAY allow Program Administrators and Nursing Staff Members to modify cohort information including identifier Program of Study preferred class sequence and class quarters.,The system SHALL allow Program Administrators and Nursing Staff Members to modify cohort information including identifier Program of Study preferred class sequence and class quarters.,SHALL,no,0,optional,1,0.33
S0143_nice_to_have,S0143,NICE,,'Program Administrators/Nursing Staff Members shall have the ability to modify information relating to cohorts including cohort identifier program of study preferred sequence of classes and quarters that a cohort will be taking specific classes.',allow Program Administrators and Nursing Staff Members to modify cohort information including identifier Program of Study preferred class sequence and class quarters,nice_to_have,It would be useful if the system could allow Program Administrators and Nursing Staff Members to modify cohort information including identifier Program of Study preferred class sequence and class quarters.,The system SHALL allow Program Administrators and Nursing Staff Members to modify cohort information including identifier Program of Study preferred class sequence and class quarters.,SHALL,no,0,nice_to_have,0,0.0
S0145_mandatory,S0145,NICE,,'Program Administrators/Nursing Staff Members shall have the ability to modify information relating to a Clinical Site including the clinical site name site contact person contact information and address.',allow Program Administrators and Nursing Staff Members to modify clinical site information including name contact person contact information and address,mandatory,The system SHALL allow Program Administrators and Nursing Staff Members to modify clinical site information including name contact person contact information and address.,The system SHALL allow Program Administrators and Nursing Staff Members to modify clinical site information including name contact person contact information and address.,SHALL,yes,1,mandatory,3,1.0
S0145_recommended,S0145,NICE,,'Program Administrators/Nursing Staff Members shall have the ability to modify information relating to a Clinical Site including the clinical site name site contact person contact information and address.',allow Program Administrators and Nursing Staff Members to modify clinical site information including name contact person contact information and address,recommended,The system SHOULD allow Program Administrators and Nursing Staff Members to modify clinical site information including name contact person contact information and address.,The system SHALL allow Program Administrators and Nursing Staff Members to modify clinical site information including name contact person contact information and address.,SHALL,no,0,recommended,2,0.67
S0145_optional,S0145,NICE,,'Program Administrators/Nursing Staff Members shall have the ability to modify information relating to a Clinical Site including the clinical site name site contact person contact information and address.',allow Program Administrators and Nursing Staff Members to modify clinical site information including name contact person contact information and address,optional,The system MAY allow Program Administrators and Nursing Staff Members to modify clinical site information including name contact person contact information and address.,The system SHALL allow Program Administrators and Nursing Staff Members to modify clinical site information including name contact person contact information and address.,SHALL,no,0,optional,1,0.33
S0145_nice_to_have,S0145,NICE,,'Program Administrators/Nursing Staff Members shall have the ability to modify information relating to a Clinical Site including the clinical site name site contact person contact information and address.',allow Program Administrators and Nursing Staff Members to modify clinical site information including name contact person contact information and address,nice_to_have,It would be useful if the system could allow Program Administrators and Nursing Staff Members to modify clinical site information including name contact person contact information and address.,The system SHALL allow Program Administrators and Nursing Staff Members to modify clinical site information including name contact person contact information and address.,SHALL,no,0,nice_to_have,0,0.0
S0148_mandatory,S0148,NICE,,'The Disputes application shall comply with the corporate standards for user interface creation for internally and externally used applications.',comply with corporate user interface creation standards for internal and external applications,mandatory,The system SHALL comply with corporate user interface creation standards for internal and external applications.,The system SHALL comply with corporate user interface creation standards for internal and external applications.,SHALL,yes,1,mandatory,3,1.0
S0148_recommended,S0148,NICE,,'The Disputes application shall comply with the corporate standards for user interface creation for internally and externally used applications.',comply with corporate user interface creation standards for internal and external applications,recommended,The system SHOULD comply with corporate user interface creation standards for internal and external applications.,The system SHALL comply with corporate user interface creation standards for internal and external applications.,SHALL,no,0,recommended,2,0.67
S0148_optional,S0148,NICE,,'The Disputes application shall comply with the corporate standards for user interface creation for internally and externally used applications.',comply with corporate user interface creation standards for internal and external applications,optional,The system MAY comply with corporate user interface creation standards for internal and external applications.,The system SHALL comply with corporate user interface creation standards for internal and external applications.,SHALL,no,0,optional,1,0.33
S0148_nice_to_have,S0148,NICE,,'The Disputes application shall comply with the corporate standards for user interface creation for internally and externally used applications.',comply with corporate user interface creation standards for internal and external applications,nice_to_have,It would be useful if the system could comply with corporate user interface creation standards for internal and external applications.,The system SHALL comply with corporate user interface creation standards for internal and external applications.,SHALL,no,0,nice_to_have,0,0.0
S0149_mandatory,S0149,NICE,,'All screens created as part of the Disputes application must comply with corporate standards for interface creation.',ensure all Disputes application screens comply with corporate interface creation standards,mandatory,The system SHALL ensure all Disputes application screens comply with corporate interface creation standards.,The system SHALL ensure all Disputes application screens comply with corporate interface creation standards.,SHALL,yes,1,mandatory,3,1.0
S0149_recommended,S0149,NICE,,'All screens created as part of the Disputes application must comply with corporate standards for interface creation.',ensure all Disputes application screens comply with corporate interface creation standards,recommended,The system SHOULD ensure all Disputes application screens comply with corporate interface creation standards.,The system SHALL ensure all Disputes application screens comply with corporate interface creation standards.,SHALL,no,0,recommended,2,0.67
S0149_optional,S0149,NICE,,'All screens created as part of the Disputes application must comply with corporate standards for interface creation.',ensure all Disputes application screens comply with corporate interface creation standards,optional,The system MAY ensure all Disputes application screens comply with corporate interface creation standards.,The system SHALL ensure all Disputes application screens comply with corporate interface creation standards.,SHALL,no,0,optional,1,0.33
S0149_nice_to_have,S0149,NICE,,'All screens created as part of the Disputes application must comply with corporate standards for interface creation.',ensure all Disputes application screens comply with corporate interface creation standards,nice_to_have,It would be useful if the system could ensure all Disputes application screens comply with corporate interface creation standards.,The system SHALL ensure all Disputes application screens comply with corporate interface creation standards.,SHALL,no,0,nice_to_have,0,0.0
S0150_mandatory,S0150,NICE,,'The list of dispute cases that are displayed after a search is performed must be color coded for easy identification of dispute cases based upon the dispute case status.',color-code dispute search results by dispute case status for easy identification,mandatory,The system SHALL color-code dispute search results by dispute case status for easy identification.,The system SHALL color-code dispute search results by dispute case status for easy identification.,SHALL,yes,1,mandatory,3,1.0
S0150_recommended,S0150,NICE,,'The list of dispute cases that are displayed after a search is performed must be color coded for easy identification of dispute cases based upon the dispute case status.',color-code dispute search results by dispute case status for easy identification,recommended,The system SHOULD color-code dispute search results by dispute case status for easy identification.,The system SHALL color-code dispute search results by dispute case status for easy identification.,SHALL,no,0,recommended,2,0.67
S0150_optional,S0150,NICE,,'The list of dispute cases that are displayed after a search is performed must be color coded for easy identification of dispute cases based upon the dispute case status.',color-code dispute search results by dispute case status for easy identification,optional,The system MAY color-code dispute search results by dispute case status for easy identification.,The system SHALL color-code dispute search results by dispute case status for easy identification.,SHALL,no,0,optional,1,0.33
S0150_nice_to_have,S0150,NICE,,'The list of dispute cases that are displayed after a search is performed must be color coded for easy identification of dispute cases based upon the dispute case status.',color-code dispute search results by dispute case status for easy identification,nice_to_have,It would be useful if the system could color-code dispute search results by dispute case status for easy identification.,The system SHALL color-code dispute search results by dispute case status for easy identification.,SHALL,no,0,nice_to_have,0,0.0
S0162_mandatory,S0162,NICE,,'The Disputes application shall ensure that only users with the appropriate access level are allowed to initiate dispute requests.',allow only users with the appropriate access level to initiate dispute requests,mandatory,The system SHALL allow only users with the appropriate access level to initiate dispute requests.,The system SHALL allow only users with the appropriate access level to initiate dispute requests.,SHALL,yes,1,mandatory,3,1.0
S0162_recommended,S0162,NICE,,'The Disputes application shall ensure that only users with the appropriate access level are allowed to initiate dispute requests.',allow only users with the appropriate access level to initiate dispute requests,recommended,The system SHOULD allow only users with the appropriate access level to initiate dispute requests.,The system SHALL allow only users with the appropriate access level to initiate dispute requests.,SHALL,no,0,recommended,2,0.67
S0162_optional,S0162,NICE,,'The Disputes application shall ensure that only users with the appropriate access level are allowed to initiate dispute requests.',allow only users with the appropriate access level to initiate dispute requests,optional,The system MAY allow only users with the appropriate access level to initiate dispute requests.,The system SHALL allow only users with the appropriate access level to initiate dispute requests.,SHALL,no,0,optional,1,0.33
S0162_nice_to_have,S0162,NICE,,'The Disputes application shall ensure that only users with the appropriate access level are allowed to initiate dispute requests.',allow only users with the appropriate access level to initiate dispute requests,nice_to_have,It would be useful if the system could allow only users with the appropriate access level to initiate dispute requests.,The system SHALL allow only users with the appropriate access level to initiate dispute requests.,SHALL,no,0,nice_to_have,0,0.0
S0163_mandatory,S0163,NICE,,'Only users with Update access must be able to initiate dispute requests.',allow only users with Update access to initiate dispute requests,mandatory,The system SHALL allow only users with Update access to initiate dispute requests.,The system SHALL allow only users with Update access to initiate dispute requests.,SHALL,yes,1,mandatory,3,1.0
S0163_recommended,S0163,NICE,,'Only users with Update access must be able to initiate dispute requests.',allow only users with Update access to initiate dispute requests,recommended,The system SHOULD allow only users with Update access to initiate dispute requests.,The system SHALL allow only users with Update access to initiate dispute requests.,SHALL,no,0,recommended,2,0.67
S0163_optional,S0163,NICE,,'Only users with Update access must be able to initiate dispute requests.',allow only users with Update access to initiate dispute requests,optional,The system MAY allow only users with Update access to initiate dispute requests.,The system SHALL allow only users with Update access to initiate dispute requests.,SHALL,no,0,optional,1,0.33
S0163_nice_to_have,S0163,NICE,,'Only users with Update access must be able to initiate dispute requests.',allow only users with Update access to initiate dispute requests,nice_to_have,It would be useful if the system could allow only users with Update access to initiate dispute requests.,The system SHALL allow only users with Update access to initiate dispute requests.,SHALL,no,0,nice_to_have,0,0.0
S0164_mandatory,S0164,NICE,,'The Disputes application shall ensure that only authorized users are allowed to logon to the application.',allow only authorized users to log on to the application,mandatory,The system SHALL allow only authorized users to log on to the application.,The system SHALL allow only authorized users to log on to the application.,SHALL,yes,1,mandatory,3,1.0
S0164_recommended,S0164,NICE,,'The Disputes application shall ensure that only authorized users are allowed to logon to the application.',allow only authorized users to log on to the application,recommended,The system SHOULD allow only authorized users to log on to the application.,The system SHALL allow only authorized users to log on to the application.,SHALL,no,0,recommended,2,0.67
S0164_optional,S0164,NICE,,'The Disputes application shall ensure that only authorized users are allowed to logon to the application.',allow only authorized users to log on to the application,optional,The system MAY allow only authorized users to log on to the application.,The system SHALL allow only authorized users to log on to the application.,SHALL,no,0,optional,1,0.33
S0164_nice_to_have,S0164,NICE,,'The Disputes application shall ensure that only authorized users are allowed to logon to the application.',allow only authorized users to log on to the application,nice_to_have,It would be useful if the system could allow only authorized users to log on to the application.,The system SHALL allow only authorized users to log on to the application.,SHALL,no,0,nice_to_have,0,0.0
S0165_mandatory,S0165,NICE,,'All authorized users once authenticated must be able to logon to the Disputes System',allow authenticated authorized users to log on to the Disputes System,mandatory,The system SHALL allow authenticated authorized users to log on to the Disputes System.,The system SHALL allow authenticated authorized users to log on to the Disputes System.,SHALL,yes,1,mandatory,3,1.0
S0165_recommended,S0165,NICE,,'All authorized users once authenticated must be able to logon to the Disputes System',allow authenticated authorized users to log on to the Disputes System,recommended,The system SHOULD allow authenticated authorized users to log on to the Disputes System.,The system SHALL allow authenticated authorized users to log on to the Disputes System.,SHALL,no,0,recommended,2,0.67
S0165_optional,S0165,NICE,,'All authorized users once authenticated must be able to logon to the Disputes System',allow authenticated authorized users to log on to the Disputes System,optional,The system MAY allow authenticated authorized users to log on to the Disputes System.,The system SHALL allow authenticated authorized users to log on to the Disputes System.,SHALL,no,0,optional,1,0.33
S0165_nice_to_have,S0165,NICE,,'All authorized users once authenticated must be able to logon to the Disputes System',allow authenticated authorized users to log on to the Disputes System,nice_to_have,It would be useful if the system could allow authenticated authorized users to log on to the Disputes System.,The system SHALL allow authenticated authorized users to log on to the Disputes System.,SHALL,no,0,nice_to_have,0,0.0
S0167_mandatory,S0167,NICE,,All additions of new users and modifications to user's access shall be recorded on the User Report.',record new-user additions and user-access modifications on the User Report,mandatory,The system SHALL record new-user additions and user-access modifications on the User Report.,The system SHALL record new-user additions and user-access modifications on the User Report.,SHALL,yes,1,mandatory,3,1.0
S0167_recommended,S0167,NICE,,All additions of new users and modifications to user's access shall be recorded on the User Report.',record new-user additions and user-access modifications on the User Report,recommended,The system SHOULD record new-user additions and user-access modifications on the User Report.,The system SHALL record new-user additions and user-access modifications on the User Report.,SHALL,no,0,recommended,2,0.67
S0167_optional,S0167,NICE,,All additions of new users and modifications to user's access shall be recorded on the User Report.',record new-user additions and user-access modifications on the User Report,optional,The system MAY record new-user additions and user-access modifications on the User Report.,The system SHALL record new-user additions and user-access modifications on the User Report.,SHALL,no,0,optional,1,0.33
S0167_nice_to_have,S0167,NICE,,All additions of new users and modifications to user's access shall be recorded on the User Report.',record new-user additions and user-access modifications on the User Report,nice_to_have,It would be useful if the system could record new-user additions and user-access modifications on the User Report.,The system SHALL record new-user additions and user-access modifications on the User Report.,SHALL,no,0,nice_to_have,0,0.0
S0168_mandatory,S0168,NICE,,'If a user account is revoked it can only be re-instantiated by the System Administrator.',allow only the System Administrator to reinstate revoked user accounts,mandatory,The system SHALL allow only the System Administrator to reinstate revoked user accounts.,The system SHALL allow only the System Administrator to reinstate revoked user accounts.,SHALL,yes,1,mandatory,3,1.0
S0168_recommended,S0168,NICE,,'If a user account is revoked it can only be re-instantiated by the System Administrator.',allow only the System Administrator to reinstate revoked user accounts,recommended,The system SHOULD allow only the System Administrator to reinstate revoked user accounts.,The system SHALL allow only the System Administrator to reinstate revoked user accounts.,SHALL,no,0,recommended,2,0.67
S0168_optional,S0168,NICE,,'If a user account is revoked it can only be re-instantiated by the System Administrator.',allow only the System Administrator to reinstate revoked user accounts,optional,The system MAY allow only the System Administrator to reinstate revoked user accounts.,The system SHALL allow only the System Administrator to reinstate revoked user accounts.,SHALL,no,0,optional,1,0.33
S0168_nice_to_have,S0168,NICE,,'If a user account is revoked it can only be re-instantiated by the System Administrator.',allow only the System Administrator to reinstate revoked user accounts,nice_to_have,It would be useful if the system could allow only the System Administrator to reinstate revoked user accounts.,The system SHALL allow only the System Administrator to reinstate revoked user accounts.,SHALL,no,0,nice_to_have,0,0.0
S0169_mandatory,S0169,NICE,,'Only the System Administrator shall be able to reset a revoked user logon account',allow only the System Administrator to reset revoked user logon accounts,mandatory,The system SHALL allow only the System Administrator to reset revoked user logon accounts.,The system SHALL allow only the System Administrator to reset revoked user logon accounts.,SHALL,yes,1,mandatory,3,1.0
S0169_recommended,S0169,NICE,,'Only the System Administrator shall be able to reset a revoked user logon account',allow only the System Administrator to reset revoked user logon accounts,recommended,The system SHOULD allow only the System Administrator to reset revoked user logon accounts.,The system SHALL allow only the System Administrator to reset revoked user logon accounts.,SHALL,no,0,recommended,2,0.67
S0169_optional,S0169,NICE,,'Only the System Administrator shall be able to reset a revoked user logon account',allow only the System Administrator to reset revoked user logon accounts,optional,The system MAY allow only the System Administrator to reset revoked user logon accounts.,The system SHALL allow only the System Administrator to reset revoked user logon accounts.,SHALL,no,0,optional,1,0.33
S0169_nice_to_have,S0169,NICE,,'Only the System Administrator shall be able to reset a revoked user logon account',allow only the System Administrator to reset revoked user logon accounts,nice_to_have,It would be useful if the system could allow only the System Administrator to reset revoked user logon accounts.,The system SHALL allow only the System Administrator to reset revoked user logon accounts.,SHALL,no,0,nice_to_have,0,0.0
S0171_mandatory,S0171,NICE,,'All updates to data files or database must be initiated from the Disputes System.',ensure all data file or database updates are initiated from the Disputes System,mandatory,The system SHALL ensure all data file or database updates are initiated from the Disputes System.,The system SHALL ensure all data file or database updates are initiated from the Disputes System.,SHALL,yes,1,mandatory,3,1.0
S0171_recommended,S0171,NICE,,'All updates to data files or database must be initiated from the Disputes System.',ensure all data file or database updates are initiated from the Disputes System,recommended,The system SHOULD ensure all data file or database updates are initiated from the Disputes System.,The system SHALL ensure all data file or database updates are initiated from the Disputes System.,SHALL,no,0,recommended,2,0.67
S0171_optional,S0171,NICE,,'All updates to data files or database must be initiated from the Disputes System.',ensure all data file or database updates are initiated from the Disputes System,optional,The system MAY ensure all data file or database updates are initiated from the Disputes System.,The system SHALL ensure all data file or database updates are initiated from the Disputes System.,SHALL,no,0,optional,1,0.33
S0171_nice_to_have,S0171,NICE,,'All updates to data files or database must be initiated from the Disputes System.',ensure all data file or database updates are initiated from the Disputes System,nice_to_have,It would be useful if the system could ensure all data file or database updates are initiated from the Disputes System.,The system SHALL ensure all data file or database updates are initiated from the Disputes System.,SHALL,no,0,nice_to_have,0,0.0
S0172_mandatory,S0172,NICE,,'The Disputes application must conform to the legal requirements as specified by the Merchant Operating Regulations.',conform to the legal requirements specified by the Merchant Operating Regulations,mandatory,The system SHALL conform to the legal requirements specified by the Merchant Operating Regulations.,The system SHALL conform to the legal requirements specified by the Merchant Operating Regulations.,SHALL,yes,1,mandatory,3,1.0
S0172_recommended,S0172,NICE,,'The Disputes application must conform to the legal requirements as specified by the Merchant Operating Regulations.',conform to the legal requirements specified by the Merchant Operating Regulations,recommended,The system SHOULD conform to the legal requirements specified by the Merchant Operating Regulations.,The system SHALL conform to the legal requirements specified by the Merchant Operating Regulations.,SHALL,no,0,recommended,2,0.67
S0172_optional,S0172,NICE,,'The Disputes application must conform to the legal requirements as specified by the Merchant Operating Regulations.',conform to the legal requirements specified by the Merchant Operating Regulations,optional,The system MAY conform to the legal requirements specified by the Merchant Operating Regulations.,The system SHALL conform to the legal requirements specified by the Merchant Operating Regulations.,SHALL,no,0,optional,1,0.33
S0172_nice_to_have,S0172,NICE,,'The Disputes application must conform to the legal requirements as specified by the Merchant Operating Regulations.',conform to the legal requirements specified by the Merchant Operating Regulations,nice_to_have,It would be useful if the system could conform to the legal requirements specified by the Merchant Operating Regulations.,The system SHALL conform to the legal requirements specified by the Merchant Operating Regulations.,SHALL,no,0,nice_to_have,0,0.0
S0173_mandatory,S0173,NICE,,'All business rules specified in the Disputes System shall be in compliance with the Merchant Operating Regulations.',ensure Disputes System business rules comply with Merchant Operating Regulations,mandatory,The system SHALL ensure Disputes System business rules comply with Merchant Operating Regulations.,The system SHALL ensure Disputes System business rules comply with Merchant Operating Regulations.,SHALL,yes,1,mandatory,3,1.0
S0173_recommended,S0173,NICE,,'All business rules specified in the Disputes System shall be in compliance with the Merchant Operating Regulations.',ensure Disputes System business rules comply with Merchant Operating Regulations,recommended,The system SHOULD ensure Disputes System business rules comply with Merchant Operating Regulations.,The system SHALL ensure Disputes System business rules comply with Merchant Operating Regulations.,SHALL,no,0,recommended,2,0.67
S0173_optional,S0173,NICE,,'All business rules specified in the Disputes System shall be in compliance with the Merchant Operating Regulations.',ensure Disputes System business rules comply with Merchant Operating Regulations,optional,The system MAY ensure Disputes System business rules comply with Merchant Operating Regulations.,The system SHALL ensure Disputes System business rules comply with Merchant Operating Regulations.,SHALL,no,0,optional,1,0.33
S0173_nice_to_have,S0173,NICE,,'All business rules specified in the Disputes System shall be in compliance with the Merchant Operating Regulations.',ensure Disputes System business rules comply with Merchant Operating Regulations,nice_to_have,It would be useful if the system could ensure Disputes System business rules comply with Merchant Operating Regulations.,The system SHALL ensure Disputes System business rules comply with Merchant Operating Regulations.,SHALL,no,0,nice_to_have,0,0.0
S0174_mandatory,S0174,NICE,,'The Disputes application must conform to the legal requirements as specified by Regulation E and Regulation Z that govern credit card disputes processing.',conform to the legal requirements as specified by Regulation E and Regulation Z that govern credit card disputes processing,mandatory,The system SHALL conform to the legal requirements as specified by Regulation E and Regulation Z that govern credit card disputes processing.,The system SHALL conform to the legal requirements as specified by Regulation E and Regulation Z that govern credit card disputes processing.,SHALL,yes,1,mandatory,3,1.0
S0174_recommended,S0174,NICE,,'The Disputes application must conform to the legal requirements as specified by Regulation E and Regulation Z that govern credit card disputes processing.',conform to the legal requirements as specified by Regulation E and Regulation Z that govern credit card disputes processing,recommended,The system SHOULD conform to the legal requirements as specified by Regulation E and Regulation Z that govern credit card disputes processing.,The system SHALL conform to the legal requirements as specified by Regulation E and Regulation Z that govern credit card disputes processing.,SHALL,no,0,recommended,2,0.67
S0174_optional,S0174,NICE,,'The Disputes application must conform to the legal requirements as specified by Regulation E and Regulation Z that govern credit card disputes processing.',conform to the legal requirements as specified by Regulation E and Regulation Z that govern credit card disputes processing,optional,The system MAY conform to the legal requirements as specified by Regulation E and Regulation Z that govern credit card disputes processing.,The system SHALL conform to the legal requirements as specified by Regulation E and Regulation Z that govern credit card disputes processing.,SHALL,no,0,optional,1,0.33
S0174_nice_to_have,S0174,NICE,,'The Disputes application must conform to the legal requirements as specified by Regulation E and Regulation Z that govern credit card disputes processing.',conform to the legal requirements as specified by Regulation E and Regulation Z that govern credit card disputes processing,nice_to_have,It would be useful if the system could conform to the legal requirements as specified by Regulation E and Regulation Z that govern credit card disputes processing.,The system SHALL conform to the legal requirements as specified by Regulation E and Regulation Z that govern credit card disputes processing.,SHALL,no,0,nice_to_have,0,0.0
S0175_mandatory,S0175,NICE,,'All business rules specified in the Disputes System shall be in compliance to the guidelines of Regulation E and Regulation Z.',keep all business rules specified in the Disputes System in compliance with the guidelines of Regulation E and Regulation Z,mandatory,The system SHALL keep all business rules specified in the Disputes System in compliance with the guidelines of Regulation E and Regulation Z.,The system SHALL keep all business rules specified in the Disputes System in compliance with the guidelines of Regulation E and Regulation Z.,SHALL,yes,1,mandatory,3,1.0
S0175_recommended,S0175,NICE,,'All business rules specified in the Disputes System shall be in compliance to the guidelines of Regulation E and Regulation Z.',keep all business rules specified in the Disputes System in compliance with the guidelines of Regulation E and Regulation Z,recommended,The system SHOULD keep all business rules specified in the Disputes System in compliance with the guidelines of Regulation E and Regulation Z.,The system SHALL keep all business rules specified in the Disputes System in compliance with the guidelines of Regulation E and Regulation Z.,SHALL,no,0,recommended,2,0.67
S0175_optional,S0175,NICE,,'All business rules specified in the Disputes System shall be in compliance to the guidelines of Regulation E and Regulation Z.',keep all business rules specified in the Disputes System in compliance with the guidelines of Regulation E and Regulation Z,optional,The system MAY keep all business rules specified in the Disputes System in compliance with the guidelines of Regulation E and Regulation Z.,The system SHALL keep all business rules specified in the Disputes System in compliance with the guidelines of Regulation E and Regulation Z.,SHALL,no,0,optional,1,0.33
S0175_nice_to_have,S0175,NICE,,'All business rules specified in the Disputes System shall be in compliance to the guidelines of Regulation E and Regulation Z.',keep all business rules specified in the Disputes System in compliance with the guidelines of Regulation E and Regulation Z,nice_to_have,It would be useful if the system could keep all business rules specified in the Disputes System in compliance with the guidelines of Regulation E and Regulation Z.,The system SHALL keep all business rules specified in the Disputes System in compliance with the guidelines of Regulation E and Regulation Z.,SHALL,no,0,nice_to_have,0,0.0
S0177_mandatory,S0177,NICE,,'All actions that modify an existing dispute case must be recorded in the case history.',record all actions that modify an existing dispute case in the case history,mandatory,The system SHALL record all actions that modify an existing dispute case in the case history.,The system SHALL record all actions that modify an existing dispute case in the case history.,SHALL,yes,1,mandatory,3,1.0
S0177_recommended,S0177,NICE,,'All actions that modify an existing dispute case must be recorded in the case history.',record all actions that modify an existing dispute case in the case history,recommended,The system SHOULD record all actions that modify an existing dispute case in the case history.,The system SHALL record all actions that modify an existing dispute case in the case history.,SHALL,no,0,recommended,2,0.67
S0177_optional,S0177,NICE,,'All actions that modify an existing dispute case must be recorded in the case history.',record all actions that modify an existing dispute case in the case history,optional,The system MAY record all actions that modify an existing dispute case in the case history.,The system SHALL record all actions that modify an existing dispute case in the case history.,SHALL,no,0,optional,1,0.33
S0177_nice_to_have,S0177,NICE,,'All actions that modify an existing dispute case must be recorded in the case history.',record all actions that modify an existing dispute case in the case history,nice_to_have,It would be useful if the system could record all actions that modify an existing dispute case in the case history.,The system SHALL record all actions that modify an existing dispute case in the case history.,SHALL,no,0,nice_to_have,0,0.0
S0178_mandatory,S0178,NICE,,'The Disputes System must be accessible by both internal and external users.',be accessible by both internal and external users,mandatory,The system SHALL be accessible by both internal and external users.,The system SHALL be accessible by both internal and external users.,SHALL,yes,1,mandatory,3,1.0
S0178_recommended,S0178,NICE,,'The Disputes System must be accessible by both internal and external users.',be accessible by both internal and external users,recommended,The system SHOULD be accessible by both internal and external users.,The system SHALL be accessible by both internal and external users.,SHALL,no,0,recommended,2,0.67
S0178_optional,S0178,NICE,,'The Disputes System must be accessible by both internal and external users.',be accessible by both internal and external users,optional,The system MAY be accessible by both internal and external users.,The system SHALL be accessible by both internal and external users.,SHALL,no,0,optional,1,0.33
S0178_nice_to_have,S0178,NICE,,'The Disputes System must be accessible by both internal and external users.',be accessible by both internal and external users,nice_to_have,It would be useful if the system could be accessible by both internal and external users.,The system SHALL be accessible by both internal and external users.,SHALL,no,0,nice_to_have,0,0.0
S0180_mandatory,S0180,NICE,,'The Disputes System will facilitate direct data entry of a dispute case via a user interface that supports real time responses to the users.',facilitate direct data entry of a dispute case via a user interface that supports real time responses to the users,mandatory,The system SHALL facilitate direct data entry of a dispute case via a user interface that supports real time responses to the users.,The system SHALL facilitate direct data entry of a dispute case via a user interface that supports real time responses to the users.,SHALL,yes,1,mandatory,3,1.0
S0180_recommended,S0180,NICE,,'The Disputes System will facilitate direct data entry of a dispute case via a user interface that supports real time responses to the users.',facilitate direct data entry of a dispute case via a user interface that supports real time responses to the users,recommended,The system SHOULD facilitate direct data entry of a dispute case via a user interface that supports real time responses to the users.,The system SHALL facilitate direct data entry of a dispute case via a user interface that supports real time responses to the users.,SHALL,no,0,recommended,2,0.67
S0180_optional,S0180,NICE,,'The Disputes System will facilitate direct data entry of a dispute case via a user interface that supports real time responses to the users.',facilitate direct data entry of a dispute case via a user interface that supports real time responses to the users,optional,The system MAY facilitate direct data entry of a dispute case via a user interface that supports real time responses to the users.,The system SHALL facilitate direct data entry of a dispute case via a user interface that supports real time responses to the users.,SHALL,no,0,optional,1,0.33
S0180_nice_to_have,S0180,NICE,,'The Disputes System will facilitate direct data entry of a dispute case via a user interface that supports real time responses to the users.',facilitate direct data entry of a dispute case via a user interface that supports real time responses to the users,nice_to_have,It would be useful if the system could facilitate direct data entry of a dispute case via a user interface that supports real time responses to the users.,The system SHALL facilitate direct data entry of a dispute case via a user interface that supports real time responses to the users.,SHALL,no,0,nice_to_have,0,0.0
S0181_mandatory,S0181,NICE,,'The Disputes System must provide different levels of access with regard to disputes case initiation and follow-up actions.',provide different levels of access with regard to disputes case initiation and follow-up actions,mandatory,The system SHALL provide different levels of access with regard to disputes case initiation and follow-up actions.,The system SHALL provide different levels of access with regard to disputes case initiation and follow-up actions.,SHALL,yes,1,mandatory,3,1.0
S0181_recommended,S0181,NICE,,'The Disputes System must provide different levels of access with regard to disputes case initiation and follow-up actions.',provide different levels of access with regard to disputes case initiation and follow-up actions,recommended,The system SHOULD provide different levels of access with regard to disputes case initiation and follow-up actions.,The system SHALL provide different levels of access with regard to disputes case initiation and follow-up actions.,SHALL,no,0,recommended,2,0.67
S0181_optional,S0181,NICE,,'The Disputes System must provide different levels of access with regard to disputes case initiation and follow-up actions.',provide different levels of access with regard to disputes case initiation and follow-up actions,optional,The system MAY provide different levels of access with regard to disputes case initiation and follow-up actions.,The system SHALL provide different levels of access with regard to disputes case initiation and follow-up actions.,SHALL,no,0,optional,1,0.33
S0181_nice_to_have,S0181,NICE,,'The Disputes System must provide different levels of access with regard to disputes case initiation and follow-up actions.',provide different levels of access with regard to disputes case initiation and follow-up actions,nice_to_have,It would be useful if the system could provide different levels of access with regard to disputes case initiation and follow-up actions.,The system SHALL provide different levels of access with regard to disputes case initiation and follow-up actions.,SHALL,no,0,nice_to_have,0,0.0
S0182_mandatory,S0182,NICE,,'The Disputes System shall provide view access capability for authorized users of the application.',provide view access capability for authorized users of the application,mandatory,The system SHALL provide view access capability for authorized users of the application.,The system SHALL provide view access capability for authorized users of the application.,SHALL,yes,1,mandatory,3,1.0
S0182_recommended,S0182,NICE,,'The Disputes System shall provide view access capability for authorized users of the application.',provide view access capability for authorized users of the application,recommended,The system SHOULD provide view access capability for authorized users of the application.,The system SHALL provide view access capability for authorized users of the application.,SHALL,no,0,recommended,2,0.67
S0182_optional,S0182,NICE,,'The Disputes System shall provide view access capability for authorized users of the application.',provide view access capability for authorized users of the application,optional,The system MAY provide view access capability for authorized users of the application.,The system SHALL provide view access capability for authorized users of the application.,SHALL,no,0,optional,1,0.33
S0182_nice_to_have,S0182,NICE,,'The Disputes System shall provide view access capability for authorized users of the application.',provide view access capability for authorized users of the application,nice_to_have,It would be useful if the system could provide view access capability for authorized users of the application.,The system SHALL provide view access capability for authorized users of the application.,SHALL,no,0,nice_to_have,0,0.0
S0183_mandatory,S0183,NICE,,'The Disputes System shall provide update access capability for authorized users of the application.',provide update access capability for authorized users of the application,mandatory,The system SHALL provide update access capability for authorized users of the application.,The system SHALL provide update access capability for authorized users of the application.,SHALL,yes,1,mandatory,3,1.0
S0183_recommended,S0183,NICE,,'The Disputes System shall provide update access capability for authorized users of the application.',provide update access capability for authorized users of the application,recommended,The system SHOULD provide update access capability for authorized users of the application.,The system SHALL provide update access capability for authorized users of the application.,SHALL,no,0,recommended,2,0.67
S0183_optional,S0183,NICE,,'The Disputes System shall provide update access capability for authorized users of the application.',provide update access capability for authorized users of the application,optional,The system MAY provide update access capability for authorized users of the application.,The system SHALL provide update access capability for authorized users of the application.,SHALL,no,0,optional,1,0.33
S0183_nice_to_have,S0183,NICE,,'The Disputes System shall provide update access capability for authorized users of the application.',provide update access capability for authorized users of the application,nice_to_have,It would be useful if the system could provide update access capability for authorized users of the application.,The system SHALL provide update access capability for authorized users of the application.,SHALL,no,0,nice_to_have,0,0.0
S0185_mandatory,S0185,NICE,,'The Disputes System must provide the user the ability to initiate a single dispute case on multiple transactions that belong to a single merchant.',provide the user the ability to initiate a single dispute case on multiple transactions that belong to a single merchant,mandatory,The system SHALL provide the user the ability to initiate a single dispute case on multiple transactions that belong to a single merchant.,The system SHALL provide the user the ability to initiate a single dispute case on multiple transactions that belong to a single merchant.,SHALL,yes,1,mandatory,3,1.0
S0185_recommended,S0185,NICE,,'The Disputes System must provide the user the ability to initiate a single dispute case on multiple transactions that belong to a single merchant.',provide the user the ability to initiate a single dispute case on multiple transactions that belong to a single merchant,recommended,The system SHOULD provide the user the ability to initiate a single dispute case on multiple transactions that belong to a single merchant.,The system SHALL provide the user the ability to initiate a single dispute case on multiple transactions that belong to a single merchant.,SHALL,no,0,recommended,2,0.67
S0185_optional,S0185,NICE,,'The Disputes System must provide the user the ability to initiate a single dispute case on multiple transactions that belong to a single merchant.',provide the user the ability to initiate a single dispute case on multiple transactions that belong to a single merchant,optional,The system MAY provide the user the ability to initiate a single dispute case on multiple transactions that belong to a single merchant.,The system SHALL provide the user the ability to initiate a single dispute case on multiple transactions that belong to a single merchant.,SHALL,no,0,optional,1,0.33
S0185_nice_to_have,S0185,NICE,,'The Disputes System must provide the user the ability to initiate a single dispute case on multiple transactions that belong to a single merchant.',provide the user the ability to initiate a single dispute case on multiple transactions that belong to a single merchant,nice_to_have,It would be useful if the system could provide the user the ability to initiate a single dispute case on multiple transactions that belong to a single merchant.,The system SHALL provide the user the ability to initiate a single dispute case on multiple transactions that belong to a single merchant.,SHALL,no,0,nice_to_have,0,0.0
S0194_mandatory,S0194,NICE,,'The Disputes System must provide the ability to view existing dispute cases.',provide the ability to view existing dispute cases,mandatory,The system SHALL provide the ability to view existing dispute cases.,The system SHALL provide the ability to view existing dispute cases.,SHALL,yes,1,mandatory,3,1.0
S0194_recommended,S0194,NICE,,'The Disputes System must provide the ability to view existing dispute cases.',provide the ability to view existing dispute cases,recommended,The system SHOULD provide the ability to view existing dispute cases.,The system SHALL provide the ability to view existing dispute cases.,SHALL,no,0,recommended,2,0.67
S0194_optional,S0194,NICE,,'The Disputes System must provide the ability to view existing dispute cases.',provide the ability to view existing dispute cases,optional,The system MAY provide the ability to view existing dispute cases.,The system SHALL provide the ability to view existing dispute cases.,SHALL,no,0,optional,1,0.33
S0194_nice_to_have,S0194,NICE,,'The Disputes System must provide the ability to view existing dispute cases.',provide the ability to view existing dispute cases,nice_to_have,It would be useful if the system could provide the ability to view existing dispute cases.,The system SHALL provide the ability to view existing dispute cases.,SHALL,no,0,nice_to_have,0,0.0
S0197_mandatory,S0197,NICE,,'The Disputes System shall provide the users the ability to view the history of all activities that have occurred on the dispute case.',provide the users the ability to view the history of all activities that have occurred on the dispute case,mandatory,The system SHALL provide the users the ability to view the history of all activities that have occurred on the dispute case.,The system SHALL provide the users the ability to view the history of all activities that have occurred on the dispute case.,SHALL,yes,1,mandatory,3,1.0
S0197_recommended,S0197,NICE,,'The Disputes System shall provide the users the ability to view the history of all activities that have occurred on the dispute case.',provide the users the ability to view the history of all activities that have occurred on the dispute case,recommended,The system SHOULD provide the users the ability to view the history of all activities that have occurred on the dispute case.,The system SHALL provide the users the ability to view the history of all activities that have occurred on the dispute case.,SHALL,no,0,recommended,2,0.67
S0197_optional,S0197,NICE,,'The Disputes System shall provide the users the ability to view the history of all activities that have occurred on the dispute case.',provide the users the ability to view the history of all activities that have occurred on the dispute case,optional,The system MAY provide the users the ability to view the history of all activities that have occurred on the dispute case.,The system SHALL provide the users the ability to view the history of all activities that have occurred on the dispute case.,SHALL,no,0,optional,1,0.33
S0197_nice_to_have,S0197,NICE,,'The Disputes System shall provide the users the ability to view the history of all activities that have occurred on the dispute case.',provide the users the ability to view the history of all activities that have occurred on the dispute case,nice_to_have,It would be useful if the system could provide the users the ability to view the history of all activities that have occurred on the dispute case.,The system SHALL provide the users the ability to view the history of all activities that have occurred on the dispute case.,SHALL,no,0,nice_to_have,0,0.0
S0201_mandatory,S0201,NICE,,'All letter requests must be formatted according to guidelines specified by the Print Letter Utility system.',format all letter requests according to guidelines specified by the Print Letter Utility system,mandatory,The system SHALL format all letter requests according to guidelines specified by the Print Letter Utility system.,The system SHALL format all letter requests according to guidelines specified by the Print Letter Utility system.,SHALL,yes,1,mandatory,3,1.0
S0201_recommended,S0201,NICE,,'All letter requests must be formatted according to guidelines specified by the Print Letter Utility system.',format all letter requests according to guidelines specified by the Print Letter Utility system,recommended,The system SHOULD format all letter requests according to guidelines specified by the Print Letter Utility system.,The system SHALL format all letter requests according to guidelines specified by the Print Letter Utility system.,SHALL,no,0,recommended,2,0.67
S0201_optional,S0201,NICE,,'All letter requests must be formatted according to guidelines specified by the Print Letter Utility system.',format all letter requests according to guidelines specified by the Print Letter Utility system,optional,The system MAY format all letter requests according to guidelines specified by the Print Letter Utility system.,The system SHALL format all letter requests according to guidelines specified by the Print Letter Utility system.,SHALL,no,0,optional,1,0.33
S0201_nice_to_have,S0201,NICE,,'All letter requests must be formatted according to guidelines specified by the Print Letter Utility system.',format all letter requests according to guidelines specified by the Print Letter Utility system,nice_to_have,It would be useful if the system could format all letter requests according to guidelines specified by the Print Letter Utility system.,The system SHALL format all letter requests according to guidelines specified by the Print Letter Utility system.,SHALL,no,0,nice_to_have,0,0.0
S0202_mandatory,S0202,NICE,,'Any disputes cases that have been closed for over 6 months must be purged from the online disputes database.',purge dispute cases that have been closed for over 6 months from the online disputes database,mandatory,The system SHALL purge dispute cases that have been closed for over 6 months from the online disputes database.,The system SHALL purge dispute cases that have been closed for over 6 months from the online disputes database.,SHALL,yes,1,mandatory,3,1.0
S0202_recommended,S0202,NICE,,'Any disputes cases that have been closed for over 6 months must be purged from the online disputes database.',purge dispute cases that have been closed for over 6 months from the online disputes database,recommended,The system SHOULD purge dispute cases that have been closed for over 6 months from the online disputes database.,The system SHALL purge dispute cases that have been closed for over 6 months from the online disputes database.,SHALL,no,0,recommended,2,0.67
S0202_optional,S0202,NICE,,'Any disputes cases that have been closed for over 6 months must be purged from the online disputes database.',purge dispute cases that have been closed for over 6 months from the online disputes database,optional,The system MAY purge dispute cases that have been closed for over 6 months from the online disputes database.,The system SHALL purge dispute cases that have been closed for over 6 months from the online disputes database.,SHALL,no,0,optional,1,0.33
S0202_nice_to_have,S0202,NICE,,'Any disputes cases that have been closed for over 6 months must be purged from the online disputes database.',purge dispute cases that have been closed for over 6 months from the online disputes database,nice_to_have,It would be useful if the system could purge dispute cases that have been closed for over 6 months from the online disputes database.,The system SHALL purge dispute cases that have been closed for over 6 months from the online disputes database.,SHALL,no,0,nice_to_have,0,0.0
S0206_mandatory,S0206,NICE,,'The product shall run on the existing hardware for all environments.',run on the existing hardware for all environments,mandatory,The system SHALL run on the existing hardware for all environments.,The system SHALL run on the existing hardware for all environments.,SHALL,yes,1,mandatory,3,1.0
S0206_recommended,S0206,NICE,,'The product shall run on the existing hardware for all environments.',run on the existing hardware for all environments,recommended,The system SHOULD run on the existing hardware for all environments.,The system SHALL run on the existing hardware for all environments.,SHALL,no,0,recommended,2,0.67
S0206_optional,S0206,NICE,,'The product shall run on the existing hardware for all environments.',run on the existing hardware for all environments,optional,The system MAY run on the existing hardware for all environments.,The system SHALL run on the existing hardware for all environments.,SHALL,no,0,optional,1,0.33
S0206_nice_to_have,S0206,NICE,,'The product shall run on the existing hardware for all environments.',run on the existing hardware for all environments,nice_to_have,It would be useful if the system could run on the existing hardware for all environments.,The system SHALL run on the existing hardware for all environments.,SHALL,no,0,nice_to_have,0,0.0
S0207_mandatory,S0207,NICE,,'The product shall adhere to the corporate Architecture guidelines',adhere to the corporate Architecture guidelines,mandatory,The system SHALL adhere to the corporate Architecture guidelines.,The system SHALL adhere to the corporate Architecture guidelines.,SHALL,yes,1,mandatory,3,1.0
S0207_recommended,S0207,NICE,,'The product shall adhere to the corporate Architecture guidelines',adhere to the corporate Architecture guidelines,recommended,The system SHOULD adhere to the corporate Architecture guidelines.,The system SHALL adhere to the corporate Architecture guidelines.,SHALL,no,0,recommended,2,0.67
S0207_optional,S0207,NICE,,'The product shall adhere to the corporate Architecture guidelines',adhere to the corporate Architecture guidelines,optional,The system MAY adhere to the corporate Architecture guidelines.,The system SHALL adhere to the corporate Architecture guidelines.,SHALL,no,0,optional,1,0.33
S0207_nice_to_have,S0207,NICE,,'The product shall adhere to the corporate Architecture guidelines',adhere to the corporate Architecture guidelines,nice_to_have,It would be useful if the system could adhere to the corporate Architecture guidelines.,The system SHALL adhere to the corporate Architecture guidelines.,SHALL,no,0,nice_to_have,0,0.0
S0208_mandatory,S0208,NICE,,'The product shall comply with corporate User Interface Guidelines',comply with corporate User Interface Guidelines,mandatory,The system SHALL comply with corporate User Interface Guidelines.,The system SHALL comply with corporate User Interface Guidelines.,SHALL,yes,1,mandatory,3,1.0
S0208_recommended,S0208,NICE,,'The product shall comply with corporate User Interface Guidelines',comply with corporate User Interface Guidelines,recommended,The system SHOULD comply with corporate User Interface Guidelines.,The system SHALL comply with corporate User Interface Guidelines.,SHALL,no,0,recommended,2,0.67
S0208_optional,S0208,NICE,,'The product shall comply with corporate User Interface Guidelines',comply with corporate User Interface Guidelines,optional,The system MAY comply with corporate User Interface Guidelines.,The system SHALL comply with corporate User Interface Guidelines.,SHALL,no,0,optional,1,0.33
S0208_nice_to_have,S0208,NICE,,'The product shall comply with corporate User Interface Guidelines',comply with corporate User Interface Guidelines,nice_to_have,It would be useful if the system could comply with corporate User Interface Guidelines.,The system SHALL comply with corporate User Interface Guidelines.,SHALL,no,0,nice_to_have,0,0.0
S0209_mandatory,S0209,NICE,,'The product shall comply with corporate color scheme',comply with corporate color scheme,mandatory,The system SHALL comply with corporate color scheme.,The system SHALL comply with corporate color scheme.,SHALL,yes,1,mandatory,3,1.0
S0209_recommended,S0209,NICE,,'The product shall comply with corporate color scheme',comply with corporate color scheme,recommended,The system SHOULD comply with corporate color scheme.,The system SHALL comply with corporate color scheme.,SHALL,no,0,recommended,2,0.67
S0209_optional,S0209,NICE,,'The product shall comply with corporate color scheme',comply with corporate color scheme,optional,The system MAY comply with corporate color scheme.,The system SHALL comply with corporate color scheme.,SHALL,no,0,optional,1,0.33
S0209_nice_to_have,S0209,NICE,,'The product shall comply with corporate color scheme',comply with corporate color scheme,nice_to_have,It would be useful if the system could comply with corporate color scheme.,The system SHALL comply with corporate color scheme.,SHALL,no,0,nice_to_have,0,0.0
S0210_mandatory,S0210,NICE,,'The appearance of the product shall appear professional',appear professional,mandatory,The system SHALL appear professional.,The system SHALL appear professional.,SHALL,yes,1,mandatory,3,1.0
S0210_recommended,S0210,NICE,,'The appearance of the product shall appear professional',appear professional,recommended,The system SHOULD appear professional.,The system SHALL appear professional.,SHALL,no,0,recommended,2,0.67
S0210_optional,S0210,NICE,,'The appearance of the product shall appear professional',appear professional,optional,The system MAY appear professional.,The system SHALL appear professional.,SHALL,no,0,optional,1,0.33
S0210_nice_to_have,S0210,NICE,,'The appearance of the product shall appear professional',appear professional,nice_to_have,It would be useful if the system could appear professional.,The system SHALL appear professional.,SHALL,no,0,nice_to_have,0,0.0
S0223_mandatory,S0223,NICE,,'The average number of recycled parts records per day shall be 50 000.',support an average of 50 000 recycled parts records per day,mandatory,The system SHALL support an average of 50 000 recycled parts records per day.,The system SHALL support an average of 50 000 recycled parts records per day.,SHALL,yes,1,mandatory,3,1.0
S0223_recommended,S0223,NICE,,'The average number of recycled parts records per day shall be 50 000.',support an average of 50 000 recycled parts records per day,recommended,The system SHOULD support an average of 50 000 recycled parts records per day.,The system SHALL support an average of 50 000 recycled parts records per day.,SHALL,no,0,recommended,2,0.67
S0223_optional,S0223,NICE,,'The average number of recycled parts records per day shall be 50 000.',support an average of 50 000 recycled parts records per day,optional,The system MAY support an average of 50 000 recycled parts records per day.,The system SHALL support an average of 50 000 recycled parts records per day.,SHALL,no,0,optional,1,0.33
S0223_nice_to_have,S0223,NICE,,'The average number of recycled parts records per day shall be 50 000.',support an average of 50 000 recycled parts records per day,nice_to_have,It would be useful if the system could support an average of 50 000 recycled parts records per day.,The system SHALL support an average of 50 000 recycled parts records per day.,SHALL,no,0,nice_to_have,0,0.0
S0224_mandatory,S0224,NICE,,'The product shall be able to handle 10 000 concurrent users within 2 years of the initial launch.',handle 10 000 concurrent users within 2 years of the initial launch,mandatory,The system SHALL handle 10 000 concurrent users within 2 years of the initial launch.,The system SHALL handle 10 000 concurrent users within 2 years of the initial launch.,SHALL,yes,1,mandatory,3,1.0
S0224_recommended,S0224,NICE,,'The product shall be able to handle 10 000 concurrent users within 2 years of the initial launch.',handle 10 000 concurrent users within 2 years of the initial launch,recommended,The system SHOULD handle 10 000 concurrent users within 2 years of the initial launch.,The system SHALL handle 10 000 concurrent users within 2 years of the initial launch.,SHALL,no,0,recommended,2,0.67
S0224_optional,S0224,NICE,,'The product shall be able to handle 10 000 concurrent users within 2 years of the initial launch.',handle 10 000 concurrent users within 2 years of the initial launch,optional,The system MAY handle 10 000 concurrent users within 2 years of the initial launch.,The system SHALL handle 10 000 concurrent users within 2 years of the initial launch.,SHALL,no,0,optional,1,0.33
S0224_nice_to_have,S0224,NICE,,'The product shall be able to handle 10 000 concurrent users within 2 years of the initial launch.',handle 10 000 concurrent users within 2 years of the initial launch,nice_to_have,It would be useful if the system could handle 10 000 concurrent users within 2 years of the initial launch.,The system SHALL handle 10 000 concurrent users within 2 years of the initial launch.,SHALL,no,0,nice_to_have,0,0.0
S0225_mandatory,S0225,NICE,,'For estimators the product shall be able to be operated in a repair facility during dirty and noisy conditions.',be operable by estimators in a repair facility during dirty and noisy conditions,mandatory,The system SHALL be operable by estimators in a repair facility during dirty and noisy conditions.,The system SHALL be operable by estimators in a repair facility during dirty and noisy conditions.,SHALL,yes,1,mandatory,3,1.0
S0225_recommended,S0225,NICE,,'For estimators the product shall be able to be operated in a repair facility during dirty and noisy conditions.',be operable by estimators in a repair facility during dirty and noisy conditions,recommended,The system SHOULD be operable by estimators in a repair facility during dirty and noisy conditions.,The system SHALL be operable by estimators in a repair facility during dirty and noisy conditions.,SHALL,no,0,recommended,2,0.67
S0225_optional,S0225,NICE,,'For estimators the product shall be able to be operated in a repair facility during dirty and noisy conditions.',be operable by estimators in a repair facility during dirty and noisy conditions,optional,The system MAY be operable by estimators in a repair facility during dirty and noisy conditions.,The system SHALL be operable by estimators in a repair facility during dirty and noisy conditions.,SHALL,no,0,optional,1,0.33
S0225_nice_to_have,S0225,NICE,,'For estimators the product shall be able to be operated in a repair facility during dirty and noisy conditions.',be operable by estimators in a repair facility during dirty and noisy conditions,nice_to_have,It would be useful if the system could be operable by estimators in a repair facility during dirty and noisy conditions.,The system SHALL be operable by estimators in a repair facility during dirty and noisy conditions.,SHALL,no,0,nice_to_have,0,0.0
S0226_mandatory,S0226,NICE,,'The product shall interface with the ChoiceParts system once per day at approximately 1:00 AM.',interface with the ChoiceParts system once per day at approximately 1:00 AM,mandatory,The system SHALL interface with the ChoiceParts system once per day at approximately 1:00 AM.,The system SHALL interface with the ChoiceParts system once per day at approximately 1:00 AM.,SHALL,yes,1,mandatory,3,1.0
S0226_recommended,S0226,NICE,,'The product shall interface with the ChoiceParts system once per day at approximately 1:00 AM.',interface with the ChoiceParts system once per day at approximately 1:00 AM,recommended,The system SHOULD interface with the ChoiceParts system once per day at approximately 1:00 AM.,The system SHALL interface with the ChoiceParts system once per day at approximately 1:00 AM.,SHALL,no,0,recommended,2,0.67
S0226_optional,S0226,NICE,,'The product shall interface with the ChoiceParts system once per day at approximately 1:00 AM.',interface with the ChoiceParts system once per day at approximately 1:00 AM,optional,The system MAY interface with the ChoiceParts system once per day at approximately 1:00 AM.,The system SHALL interface with the ChoiceParts system once per day at approximately 1:00 AM.,SHALL,no,0,optional,1,0.33
S0226_nice_to_have,S0226,NICE,,'The product shall interface with the ChoiceParts system once per day at approximately 1:00 AM.',interface with the ChoiceParts system once per day at approximately 1:00 AM,nice_to_have,It would be useful if the system could interface with the ChoiceParts system once per day at approximately 1:00 AM.,The system SHALL interface with the ChoiceParts system once per day at approximately 1:00 AM.,SHALL,no,0,nice_to_have,0,0.0
S0227_mandatory,S0227,NICE,,'The maintenance of the product will fall within the established corporate maintenance windows.',limit product maintenance to the established corporate maintenance windows,mandatory,The system SHALL limit product maintenance to the established corporate maintenance windows.,The system SHALL limit product maintenance to the established corporate maintenance windows.,SHALL,yes,1,mandatory,3,1.0
S0227_recommended,S0227,NICE,,'The maintenance of the product will fall within the established corporate maintenance windows.',limit product maintenance to the established corporate maintenance windows,recommended,The system SHOULD limit product maintenance to the established corporate maintenance windows.,The system SHALL limit product maintenance to the established corporate maintenance windows.,SHALL,no,0,recommended,2,0.67
S0227_optional,S0227,NICE,,'The maintenance of the product will fall within the established corporate maintenance windows.',limit product maintenance to the established corporate maintenance windows,optional,The system MAY limit product maintenance to the established corporate maintenance windows.,The system SHALL limit product maintenance to the established corporate maintenance windows.,SHALL,no,0,optional,1,0.33
S0227_nice_to_have,S0227,NICE,,'The maintenance of the product will fall within the established corporate maintenance windows.',limit product maintenance to the established corporate maintenance windows,nice_to_have,It would be useful if the system could limit product maintenance to the established corporate maintenance windows.,The system SHALL limit product maintenance to the established corporate maintenance windows.,SHALL,no,0,nice_to_have,0,0.0
S0228_mandatory,S0228,NICE,,'The product shall be supported using the corporate support center.',be supported using the corporate support center,mandatory,The system SHALL be supported using the corporate support center.,The system SHALL be supported using the corporate support center.,SHALL,yes,1,mandatory,3,1.0
S0228_recommended,S0228,NICE,,'The product shall be supported using the corporate support center.',be supported using the corporate support center,recommended,The system SHOULD be supported using the corporate support center.,The system SHALL be supported using the corporate support center.,SHALL,no,0,recommended,2,0.67
S0228_optional,S0228,NICE,,'The product shall be supported using the corporate support center.',be supported using the corporate support center,optional,The system MAY be supported using the corporate support center.,The system SHALL be supported using the corporate support center.,SHALL,no,0,optional,1,0.33
S0228_nice_to_have,S0228,NICE,,'The product shall be supported using the corporate support center.',be supported using the corporate support center,nice_to_have,It would be useful if the system could be supported using the corporate support center.,The system SHALL be supported using the corporate support center.,SHALL,no,0,nice_to_have,0,0.0
S0229_mandatory,S0229,NICE,,'Product installations and upgrades shall be handled by the middleware technology team within established launch time frames.',have product installations and upgrades handled by the middleware technology team within established launch time frames,mandatory,The system SHALL have product installations and upgrades handled by the middleware technology team within established launch time frames.,The system SHALL have product installations and upgrades handled by the middleware technology team within established launch time frames.,SHALL,yes,1,mandatory,3,1.0
S0229_recommended,S0229,NICE,,'Product installations and upgrades shall be handled by the middleware technology team within established launch time frames.',have product installations and upgrades handled by the middleware technology team within established launch time frames,recommended,The system SHOULD have product installations and upgrades handled by the middleware technology team within established launch time frames.,The system SHALL have product installations and upgrades handled by the middleware technology team within established launch time frames.,SHALL,no,0,recommended,2,0.67
S0229_optional,S0229,NICE,,'Product installations and upgrades shall be handled by the middleware technology team within established launch time frames.',have product installations and upgrades handled by the middleware technology team within established launch time frames,optional,The system MAY have product installations and upgrades handled by the middleware technology team within established launch time frames.,The system SHALL have product installations and upgrades handled by the middleware technology team within established launch time frames.,SHALL,no,0,optional,1,0.33
S0229_nice_to_have,S0229,NICE,,'Product installations and upgrades shall be handled by the middleware technology team within established launch time frames.',have product installations and upgrades handled by the middleware technology team within established launch time frames,nice_to_have,It would be useful if the system could have product installations and upgrades handled by the middleware technology team within established launch time frames.,The system SHALL have product installations and upgrades handled by the middleware technology team within established launch time frames.,SHALL,no,0,nice_to_have,0,0.0
S0235_mandatory,S0235,NICE,,'The product shall free of computer viruses.',be free of computer viruses,mandatory,The system SHALL be free of computer viruses.,The system SHALL be free of computer viruses.,SHALL,yes,1,mandatory,3,1.0
S0235_recommended,S0235,NICE,,'The product shall free of computer viruses.',be free of computer viruses,recommended,The system SHOULD be free of computer viruses.,The system SHALL be free of computer viruses.,SHALL,no,0,recommended,2,0.67
S0235_optional,S0235,NICE,,'The product shall free of computer viruses.',be free of computer viruses,optional,The system MAY be free of computer viruses.,The system SHALL be free of computer viruses.,SHALL,no,0,optional,1,0.33
S0235_nice_to_have,S0235,NICE,,'The product shall free of computer viruses.',be free of computer viruses,nice_to_have,It would be useful if the system could be free of computer viruses.,The system SHALL be free of computer viruses.,SHALL,no,0,nice_to_have,0,0.0
S0236_mandatory,S0236,NICE,,'The system shall prevent malicious attacks including denial of service.',prevent malicious attacks including denial of service,mandatory,The system SHALL prevent malicious attacks including denial of service.,The system SHALL prevent malicious attacks including denial of service.,SHALL,yes,1,mandatory,3,1.0
S0236_recommended,S0236,NICE,,'The system shall prevent malicious attacks including denial of service.',prevent malicious attacks including denial of service,recommended,The system SHOULD prevent malicious attacks including denial of service.,The system SHALL prevent malicious attacks including denial of service.,SHALL,no,0,recommended,2,0.67
S0236_optional,S0236,NICE,,'The system shall prevent malicious attacks including denial of service.',prevent malicious attacks including denial of service,optional,The system MAY prevent malicious attacks including denial of service.,The system SHALL prevent malicious attacks including denial of service.,SHALL,no,0,optional,1,0.33
S0236_nice_to_have,S0236,NICE,,'The system shall prevent malicious attacks including denial of service.',prevent malicious attacks including denial of service,nice_to_have,It would be useful if the system could prevent malicious attacks including denial of service.,The system SHALL prevent malicious attacks including denial of service.,SHALL,no,0,nice_to_have,0,0.0
S0237_mandatory,S0237,NICE,,'The product must comply with Sarbanes-Oxley.',comply with Sarbanes-Oxley,mandatory,The system SHALL comply with Sarbanes-Oxley.,The system SHALL comply with Sarbanes-Oxley.,SHALL,yes,1,mandatory,3,1.0
S0237_recommended,S0237,NICE,,'The product must comply with Sarbanes-Oxley.',comply with Sarbanes-Oxley,recommended,The system SHOULD comply with Sarbanes-Oxley.,The system SHALL comply with Sarbanes-Oxley.,SHALL,no,0,recommended,2,0.67
S0237_optional,S0237,NICE,,'The product must comply with Sarbanes-Oxley.',comply with Sarbanes-Oxley,optional,The system MAY comply with Sarbanes-Oxley.,The system SHALL comply with Sarbanes-Oxley.,SHALL,no,0,optional,1,0.33
S0237_nice_to_have,S0237,NICE,,'The product must comply with Sarbanes-Oxley.',comply with Sarbanes-Oxley,nice_to_have,It would be useful if the system could comply with Sarbanes-Oxley.,The system SHALL comply with Sarbanes-Oxley.,SHALL,no,0,nice_to_have,0,0.0
S0238_mandatory,S0238,NICE,,'The product shall comply with the estimatics laws relating to recycled parts usage.',comply with the estimatics laws relating to recycled parts usage,mandatory,The system SHALL comply with the estimatics laws relating to recycled parts usage.,The system SHALL comply with the estimatics laws relating to recycled parts usage.,SHALL,yes,1,mandatory,3,1.0
S0238_recommended,S0238,NICE,,'The product shall comply with the estimatics laws relating to recycled parts usage.',comply with the estimatics laws relating to recycled parts usage,recommended,The system SHOULD comply with the estimatics laws relating to recycled parts usage.,The system SHALL comply with the estimatics laws relating to recycled parts usage.,SHALL,no,0,recommended,2,0.67
S0238_optional,S0238,NICE,,'The product shall comply with the estimatics laws relating to recycled parts usage.',comply with the estimatics laws relating to recycled parts usage,optional,The system MAY comply with the estimatics laws relating to recycled parts usage.,The system SHALL comply with the estimatics laws relating to recycled parts usage.,SHALL,no,0,optional,1,0.33
S0238_nice_to_have,S0238,NICE,,'The product shall comply with the estimatics laws relating to recycled parts usage.',comply with the estimatics laws relating to recycled parts usage,nice_to_have,It would be useful if the system could comply with the estimatics laws relating to recycled parts usage.,The system SHALL comply with the estimatics laws relating to recycled parts usage.,SHALL,no,0,nice_to_have,0,0.0
S0239_mandatory,S0239,NICE,,'The product shall comply with insurance regulations regarding claims processing.',comply with insurance regulations regarding claims processing,mandatory,The system SHALL comply with insurance regulations regarding claims processing.,The system SHALL comply with insurance regulations regarding claims processing.,SHALL,yes,1,mandatory,3,1.0
S0239_recommended,S0239,NICE,,'The product shall comply with insurance regulations regarding claims processing.',comply with insurance regulations regarding claims processing,recommended,The system SHOULD comply with insurance regulations regarding claims processing.,The system SHALL comply with insurance regulations regarding claims processing.,SHALL,no,0,recommended,2,0.67
S0239_optional,S0239,NICE,,'The product shall comply with insurance regulations regarding claims processing.',comply with insurance regulations regarding claims processing,optional,The system MAY comply with insurance regulations regarding claims processing.,The system SHALL comply with insurance regulations regarding claims processing.,SHALL,no,0,optional,1,0.33
S0239_nice_to_have,S0239,NICE,,'The product shall comply with insurance regulations regarding claims processing.',comply with insurance regulations regarding claims processing,nice_to_have,It would be useful if the system could comply with insurance regulations regarding claims processing.,The system SHALL comply with insurance regulations regarding claims processing.,SHALL,no,0,nice_to_have,0,0.0
S0240_mandatory,S0240,NICE,,'The user shall search for the preferred repair facility using vehicle vehicle location and radius in miles',search for the preferred repair facility using vehicle vehicle location and radius in miles,mandatory,The system SHALL search for the preferred repair facility using vehicle vehicle location and radius in miles.,The system SHALL search for the preferred repair facility using vehicle vehicle location and radius in miles.,SHALL,yes,1,mandatory,3,1.0
S0240_recommended,S0240,NICE,,'The user shall search for the preferred repair facility using vehicle vehicle location and radius in miles',search for the preferred repair facility using vehicle vehicle location and radius in miles,recommended,The system SHOULD search for the preferred repair facility using vehicle vehicle location and radius in miles.,The system SHALL search for the preferred repair facility using vehicle vehicle location and radius in miles.,SHALL,no,0,recommended,2,0.67
S0240_optional,S0240,NICE,,'The user shall search for the preferred repair facility using vehicle vehicle location and radius in miles',search for the preferred repair facility using vehicle vehicle location and radius in miles,optional,The system MAY search for the preferred repair facility using vehicle vehicle location and radius in miles.,The system SHALL search for the preferred repair facility using vehicle vehicle location and radius in miles.,SHALL,no,0,optional,1,0.33
S0240_nice_to_have,S0240,NICE,,'The user shall search for the preferred repair facility using vehicle vehicle location and radius in miles',search for the preferred repair facility using vehicle vehicle location and radius in miles,nice_to_have,It would be useful if the system could search for the preferred repair facility using vehicle vehicle location and radius in miles.,The system SHALL search for the preferred repair facility using vehicle vehicle location and radius in miles.,SHALL,no,0,nice_to_have,0,0.0
S0241_mandatory,S0241,NICE,,'The vehicle data shall include vehicle year make and model',include vehicle year make and model,mandatory,The system SHALL include vehicle year make and model.,The system SHALL include vehicle year make and model.,SHALL,yes,1,mandatory,3,1.0
S0241_recommended,S0241,NICE,,'The vehicle data shall include vehicle year make and model',include vehicle year make and model,recommended,The system SHOULD include vehicle year make and model.,The system SHALL include vehicle year make and model.,SHALL,no,0,recommended,2,0.67
S0241_optional,S0241,NICE,,'The vehicle data shall include vehicle year make and model',include vehicle year make and model,optional,The system MAY include vehicle year make and model.,The system SHALL include vehicle year make and model.,SHALL,no,0,optional,1,0.33
S0241_nice_to_have,S0241,NICE,,'The vehicle data shall include vehicle year make and model',include vehicle year make and model,nice_to_have,It would be useful if the system could include vehicle year make and model.,The system SHALL include vehicle year make and model.,SHALL,no,0,nice_to_have,0,0.0
S0242_mandatory,S0242,NICE,,'The vehicle location shall include street address city state and zipcode',include street address city state and zipcode,mandatory,The system SHALL include street address city state and zipcode.,The system SHALL include street address city state and zipcode.,SHALL,yes,1,mandatory,3,1.0
S0242_recommended,S0242,NICE,,'The vehicle location shall include street address city state and zipcode',include street address city state and zipcode,recommended,The system SHOULD include street address city state and zipcode.,The system SHALL include street address city state and zipcode.,SHALL,no,0,recommended,2,0.67
S0242_optional,S0242,NICE,,'The vehicle location shall include street address city state and zipcode',include street address city state and zipcode,optional,The system MAY include street address city state and zipcode.,The system SHALL include street address city state and zipcode.,SHALL,no,0,optional,1,0.33
S0242_nice_to_have,S0242,NICE,,'The vehicle location shall include street address city state and zipcode',include street address city state and zipcode,nice_to_have,It would be useful if the system could include street address city state and zipcode.,The system SHALL include street address city state and zipcode.,SHALL,no,0,nice_to_have,0,0.0
S0243_mandatory,S0243,NICE,,'The system shall resolve the zipcode for the street address city and state if zipcode is unknown.',resolve the zipcode for the street address city and state if zipcode is unknown,mandatory,The system SHALL resolve the zipcode for the street address city and state if zipcode is unknown.,The system SHALL resolve the zipcode for the street address city and state if zipcode is unknown.,SHALL,yes,1,mandatory,3,1.0
S0243_recommended,S0243,NICE,,'The system shall resolve the zipcode for the street address city and state if zipcode is unknown.',resolve the zipcode for the street address city and state if zipcode is unknown,recommended,The system SHOULD resolve the zipcode for the street address city and state if zipcode is unknown.,The system SHALL resolve the zipcode for the street address city and state if zipcode is unknown.,SHALL,no,0,recommended,2,0.67
S0243_optional,S0243,NICE,,'The system shall resolve the zipcode for the street address city and state if zipcode is unknown.',resolve the zipcode for the street address city and state if zipcode is unknown,optional,The system MAY resolve the zipcode for the street address city and state if zipcode is unknown.,The system SHALL resolve the zipcode for the street address city and state if zipcode is unknown.,SHALL,no,0,optional,1,0.33
S0243_nice_to_have,S0243,NICE,,'The system shall resolve the zipcode for the street address city and state if zipcode is unknown.',resolve the zipcode for the street address city and state if zipcode is unknown,nice_to_have,It would be useful if the system could resolve the zipcode for the street address city and state if zipcode is unknown.,The system SHALL resolve the zipcode for the street address city and state if zipcode is unknown.,SHALL,no,0,nice_to_have,0,0.0
S0244_mandatory,S0244,NICE,,'The search radius shall be between 1 and 30 miles',support a search radius between 1 and 30 miles,mandatory,The system SHALL support a search radius between 1 and 30 miles.,The system SHALL support a search radius between 1 and 30 miles.,SHALL,yes,1,mandatory,3,1.0
S0244_recommended,S0244,NICE,,'The search radius shall be between 1 and 30 miles',support a search radius between 1 and 30 miles,recommended,The system SHOULD support a search radius between 1 and 30 miles.,The system SHALL support a search radius between 1 and 30 miles.,SHALL,no,0,recommended,2,0.67
S0244_optional,S0244,NICE,,'The search radius shall be between 1 and 30 miles',support a search radius between 1 and 30 miles,optional,The system MAY support a search radius between 1 and 30 miles.,The system SHALL support a search radius between 1 and 30 miles.,SHALL,no,0,optional,1,0.33
S0244_nice_to_have,S0244,NICE,,'The search radius shall be between 1 and 30 miles',support a search radius between 1 and 30 miles,nice_to_have,It would be useful if the system could support a search radius between 1 and 30 miles.,The system SHALL support a search radius between 1 and 30 miles.,SHALL,no,0,nice_to_have,0,0.0
S0245_mandatory,S0245,NICE,,'The system shall locate the preferred repair facility with the highest ratings for the input criteria',locate the preferred repair facility with the highest ratings for the input criteria,mandatory,The system SHALL locate the preferred repair facility with the highest ratings for the input criteria.,The system SHALL locate the preferred repair facility with the highest ratings for the input criteria.,SHALL,yes,1,mandatory,3,1.0
S0245_recommended,S0245,NICE,,'The system shall locate the preferred repair facility with the highest ratings for the input criteria',locate the preferred repair facility with the highest ratings for the input criteria,recommended,The system SHOULD locate the preferred repair facility with the highest ratings for the input criteria.,The system SHALL locate the preferred repair facility with the highest ratings for the input criteria.,SHALL,no,0,recommended,2,0.67
S0245_optional,S0245,NICE,,'The system shall locate the preferred repair facility with the highest ratings for the input criteria',locate the preferred repair facility with the highest ratings for the input criteria,optional,The system MAY locate the preferred repair facility with the highest ratings for the input criteria.,The system SHALL locate the preferred repair facility with the highest ratings for the input criteria.,SHALL,no,0,optional,1,0.33
S0245_nice_to_have,S0245,NICE,,'The system shall locate the preferred repair facility with the highest ratings for the input criteria',locate the preferred repair facility with the highest ratings for the input criteria,nice_to_have,It would be useful if the system could locate the preferred repair facility with the highest ratings for the input criteria.,The system SHALL locate the preferred repair facility with the highest ratings for the input criteria.,SHALL,no,0,nice_to_have,0,0.0
S0246_mandatory,S0246,NICE,,'The adjuster shall enter the preferred repair facility on the estimate assignment.',allow the adjuster to enter the preferred repair facility on the estimate assignment,mandatory,The system SHALL allow the adjuster to enter the preferred repair facility on the estimate assignment.,The system SHALL allow the adjuster to enter the preferred repair facility on the estimate assignment.,SHALL,yes,1,mandatory,3,1.0
S0246_recommended,S0246,NICE,,'The adjuster shall enter the preferred repair facility on the estimate assignment.',allow the adjuster to enter the preferred repair facility on the estimate assignment,recommended,The system SHOULD allow the adjuster to enter the preferred repair facility on the estimate assignment.,The system SHALL allow the adjuster to enter the preferred repair facility on the estimate assignment.,SHALL,no,0,recommended,2,0.67
S0246_optional,S0246,NICE,,'The adjuster shall enter the preferred repair facility on the estimate assignment.',allow the adjuster to enter the preferred repair facility on the estimate assignment,optional,The system MAY allow the adjuster to enter the preferred repair facility on the estimate assignment.,The system SHALL allow the adjuster to enter the preferred repair facility on the estimate assignment.,SHALL,no,0,optional,1,0.33
S0246_nice_to_have,S0246,NICE,,'The adjuster shall enter the preferred repair facility on the estimate assignment.',allow the adjuster to enter the preferred repair facility on the estimate assignment,nice_to_have,It would be useful if the system could allow the adjuster to enter the preferred repair facility on the estimate assignment.,The system SHALL allow the adjuster to enter the preferred repair facility on the estimate assignment.,SHALL,no,0,nice_to_have,0,0.0
S0247_mandatory,S0247,NICE,,'The adjuster shall be able to override the preferred repair facitlity on the estimate assignment.',allow the adjuster to override the preferred repair facility on the estimate assignment,mandatory,The system SHALL allow the adjuster to override the preferred repair facility on the estimate assignment.,The system SHALL allow the adjuster to override the preferred repair facility on the estimate assignment.,SHALL,yes,1,mandatory,3,1.0
S0247_recommended,S0247,NICE,,'The adjuster shall be able to override the preferred repair facitlity on the estimate assignment.',allow the adjuster to override the preferred repair facility on the estimate assignment,recommended,The system SHOULD allow the adjuster to override the preferred repair facility on the estimate assignment.,The system SHALL allow the adjuster to override the preferred repair facility on the estimate assignment.,SHALL,no,0,recommended,2,0.67
S0247_optional,S0247,NICE,,'The adjuster shall be able to override the preferred repair facitlity on the estimate assignment.',allow the adjuster to override the preferred repair facility on the estimate assignment,optional,The system MAY allow the adjuster to override the preferred repair facility on the estimate assignment.,The system SHALL allow the adjuster to override the preferred repair facility on the estimate assignment.,SHALL,no,0,optional,1,0.33
S0247_nice_to_have,S0247,NICE,,'The adjuster shall be able to override the preferred repair facitlity on the estimate assignment.',allow the adjuster to override the preferred repair facility on the estimate assignment,nice_to_have,It would be useful if the system could allow the adjuster to override the preferred repair facility on the estimate assignment.,The system SHALL allow the adjuster to override the preferred repair facility on the estimate assignment.,SHALL,no,0,nice_to_have,0,0.0
S0248_mandatory,S0248,NICE,,'The preferred repair facility shall be returned to the user.',return the preferred repair facility to the user,mandatory,The system SHALL return the preferred repair facility to the user.,The system SHALL return the preferred repair facility to the user.,SHALL,yes,1,mandatory,3,1.0
S0248_recommended,S0248,NICE,,'The preferred repair facility shall be returned to the user.',return the preferred repair facility to the user,recommended,The system SHOULD return the preferred repair facility to the user.,The system SHALL return the preferred repair facility to the user.,SHALL,no,0,recommended,2,0.67
S0248_optional,S0248,NICE,,'The preferred repair facility shall be returned to the user.',return the preferred repair facility to the user,optional,The system MAY return the preferred repair facility to the user.,The system SHALL return the preferred repair facility to the user.,SHALL,no,0,optional,1,0.33
S0248_nice_to_have,S0248,NICE,,'The preferred repair facility shall be returned to the user.',return the preferred repair facility to the user,nice_to_have,It would be useful if the system could return the preferred repair facility to the user.,The system SHALL return the preferred repair facility to the user.,SHALL,no,0,nice_to_have,0,0.0
S0250_mandatory,S0250,NICE,,'The estimator shall search for available recycled parts using damaged vehicle parts information.',search for available recycled parts using damaged vehicle parts information,mandatory,The system SHALL search for available recycled parts using damaged vehicle parts information.,The system SHALL search for available recycled parts using damaged vehicle parts information.,SHALL,yes,1,mandatory,3,1.0
S0250_recommended,S0250,NICE,,'The estimator shall search for available recycled parts using damaged vehicle parts information.',search for available recycled parts using damaged vehicle parts information,recommended,The system SHOULD search for available recycled parts using damaged vehicle parts information.,The system SHALL search for available recycled parts using damaged vehicle parts information.,SHALL,no,0,recommended,2,0.67
S0250_optional,S0250,NICE,,'The estimator shall search for available recycled parts using damaged vehicle parts information.',search for available recycled parts using damaged vehicle parts information,optional,The system MAY search for available recycled parts using damaged vehicle parts information.,The system SHALL search for available recycled parts using damaged vehicle parts information.,SHALL,no,0,optional,1,0.33
S0250_nice_to_have,S0250,NICE,,'The estimator shall search for available recycled parts using damaged vehicle parts information.',search for available recycled parts using damaged vehicle parts information,nice_to_have,It would be useful if the system could search for available recycled parts using damaged vehicle parts information.,The system SHALL search for available recycled parts using damaged vehicle parts information.,SHALL,no,0,nice_to_have,0,0.0
S0251_mandatory,S0251,NICE,,'The estimator shall search for available recycled parts using a list of preferred parts suppliers.',search for available recycled parts using a list of preferred parts suppliers,mandatory,The system SHALL search for available recycled parts using a list of preferred parts suppliers.,The system SHALL search for available recycled parts using a list of preferred parts suppliers.,SHALL,yes,1,mandatory,3,1.0
S0251_recommended,S0251,NICE,,'The estimator shall search for available recycled parts using a list of preferred parts suppliers.',search for available recycled parts using a list of preferred parts suppliers,recommended,The system SHOULD search for available recycled parts using a list of preferred parts suppliers.,The system SHALL search for available recycled parts using a list of preferred parts suppliers.,SHALL,no,0,recommended,2,0.67
S0251_optional,S0251,NICE,,'The estimator shall search for available recycled parts using a list of preferred parts suppliers.',search for available recycled parts using a list of preferred parts suppliers,optional,The system MAY search for available recycled parts using a list of preferred parts suppliers.,The system SHALL search for available recycled parts using a list of preferred parts suppliers.,SHALL,no,0,optional,1,0.33
S0251_nice_to_have,S0251,NICE,,'The estimator shall search for available recycled parts using a list of preferred parts suppliers.',search for available recycled parts using a list of preferred parts suppliers,nice_to_have,It would be useful if the system could search for available recycled parts using a list of preferred parts suppliers.,The system SHALL search for available recycled parts using a list of preferred parts suppliers.,SHALL,no,0,nice_to_have,0,0.0
S0252_mandatory,S0252,NICE,,'The system shall search for available recycled parts for the supplied vehicle parts and suppliers.',search for available recycled parts for the supplied vehicle parts and suppliers,mandatory,The system SHALL search for available recycled parts for the supplied vehicle parts and suppliers.,The system SHALL search for available recycled parts for the supplied vehicle parts and suppliers.,SHALL,yes,1,mandatory,3,1.0
S0252_recommended,S0252,NICE,,'The system shall search for available recycled parts for the supplied vehicle parts and suppliers.',search for available recycled parts for the supplied vehicle parts and suppliers,recommended,The system SHOULD search for available recycled parts for the supplied vehicle parts and suppliers.,The system SHALL search for available recycled parts for the supplied vehicle parts and suppliers.,SHALL,no,0,recommended,2,0.67
S0252_optional,S0252,NICE,,'The system shall search for available recycled parts for the supplied vehicle parts and suppliers.',search for available recycled parts for the supplied vehicle parts and suppliers,optional,The system MAY search for available recycled parts for the supplied vehicle parts and suppliers.,The system SHALL search for available recycled parts for the supplied vehicle parts and suppliers.,SHALL,no,0,optional,1,0.33
S0252_nice_to_have,S0252,NICE,,'The system shall search for available recycled parts for the supplied vehicle parts and suppliers.',search for available recycled parts for the supplied vehicle parts and suppliers,nice_to_have,It would be useful if the system could search for available recycled parts for the supplied vehicle parts and suppliers.,The system SHALL search for available recycled parts for the supplied vehicle parts and suppliers.,SHALL,no,0,nice_to_have,0,0.0
S0254_mandatory,S0254,NICE,,'The system shall retain the available recycled parts and suppliers returned from the search.',retain the available recycled parts and suppliers returned from the search,mandatory,The system SHALL retain the available recycled parts and suppliers returned from the search.,The system SHALL retain the available recycled parts and suppliers returned from the search.,SHALL,yes,1,mandatory,3,1.0
S0254_recommended,S0254,NICE,,'The system shall retain the available recycled parts and suppliers returned from the search.',retain the available recycled parts and suppliers returned from the search,recommended,The system SHOULD retain the available recycled parts and suppliers returned from the search.,The system SHALL retain the available recycled parts and suppliers returned from the search.,SHALL,no,0,recommended,2,0.67
S0254_optional,S0254,NICE,,'The system shall retain the available recycled parts and suppliers returned from the search.',retain the available recycled parts and suppliers returned from the search,optional,The system MAY retain the available recycled parts and suppliers returned from the search.,The system SHALL retain the available recycled parts and suppliers returned from the search.,SHALL,no,0,optional,1,0.33
S0254_nice_to_have,S0254,NICE,,'The system shall retain the available recycled parts and suppliers returned from the search.',retain the available recycled parts and suppliers returned from the search,nice_to_have,It would be useful if the system could retain the available recycled parts and suppliers returned from the search.,The system SHALL retain the available recycled parts and suppliers returned from the search.,SHALL,no,0,nice_to_have,0,0.0
S0255_mandatory,S0255,NICE,,'The available recycled parts information and their suppliers shall be returned to the user.',return available recycled parts information and supplier information to the user,mandatory,The system SHALL return available recycled parts information and supplier information to the user.,The system SHALL return available recycled parts information and supplier information to the user.,SHALL,yes,1,mandatory,3,1.0
S0255_recommended,S0255,NICE,,'The available recycled parts information and their suppliers shall be returned to the user.',return available recycled parts information and supplier information to the user,recommended,The system SHOULD return available recycled parts information and supplier information to the user.,The system SHALL return available recycled parts information and supplier information to the user.,SHALL,no,0,recommended,2,0.67
S0255_optional,S0255,NICE,,'The available recycled parts information and their suppliers shall be returned to the user.',return available recycled parts information and supplier information to the user,optional,The system MAY return available recycled parts information and supplier information to the user.,The system SHALL return available recycled parts information and supplier information to the user.,SHALL,no,0,optional,1,0.33
S0255_nice_to_have,S0255,NICE,,'The available recycled parts information and their suppliers shall be returned to the user.',return available recycled parts information and supplier information to the user,nice_to_have,It would be useful if the system could return available recycled parts information and supplier information to the user.,The system SHALL return available recycled parts information and supplier information to the user.,SHALL,no,0,nice_to_have,0,0.0
S0256_mandatory,S0256,NICE,,'The estimator shall apply selected recycled parts to the collision estimate.',apply selected recycled parts to the collision estimate,mandatory,The system SHALL apply selected recycled parts to the collision estimate.,The system SHALL apply selected recycled parts to the collision estimate.,SHALL,yes,1,mandatory,3,1.0
S0256_recommended,S0256,NICE,,'The estimator shall apply selected recycled parts to the collision estimate.',apply selected recycled parts to the collision estimate,recommended,The system SHOULD apply selected recycled parts to the collision estimate.,The system SHALL apply selected recycled parts to the collision estimate.,SHALL,no,0,recommended,2,0.67
S0256_optional,S0256,NICE,,'The estimator shall apply selected recycled parts to the collision estimate.',apply selected recycled parts to the collision estimate,optional,The system MAY apply selected recycled parts to the collision estimate.,The system SHALL apply selected recycled parts to the collision estimate.,SHALL,no,0,optional,1,0.33
S0256_nice_to_have,S0256,NICE,,'The estimator shall apply selected recycled parts to the collision estimate.',apply selected recycled parts to the collision estimate,nice_to_have,It would be useful if the system could apply selected recycled parts to the collision estimate.,The system SHALL apply selected recycled parts to the collision estimate.,SHALL,no,0,nice_to_have,0,0.0
S0258_mandatory,S0258,NICE,,'The adjuster shall review the collision estimate.',support adjuster review of the collision estimate,mandatory,The system SHALL support adjuster review of the collision estimate.,The system SHALL support adjuster review of the collision estimate.,SHALL,yes,1,mandatory,3,1.0
S0258_recommended,S0258,NICE,,'The adjuster shall review the collision estimate.',support adjuster review of the collision estimate,recommended,The system SHOULD support adjuster review of the collision estimate.,The system SHALL support adjuster review of the collision estimate.,SHALL,no,0,recommended,2,0.67
S0258_optional,S0258,NICE,,'The adjuster shall review the collision estimate.',support adjuster review of the collision estimate,optional,The system MAY support adjuster review of the collision estimate.,The system SHALL support adjuster review of the collision estimate.,SHALL,no,0,optional,1,0.33
S0258_nice_to_have,S0258,NICE,,'The adjuster shall review the collision estimate.',support adjuster review of the collision estimate,nice_to_have,It would be useful if the system could support adjuster review of the collision estimate.,The system SHALL support adjuster review of the collision estimate.,SHALL,no,0,nice_to_have,0,0.0
S0259_mandatory,S0259,NICE,,'The adjuster shall request a recycled parts audit of the collision estimate.',allow the adjuster to request a recycled parts audit of the collision estimate,mandatory,The system SHALL allow the adjuster to request a recycled parts audit of the collision estimate.,The system SHALL allow the adjuster to request a recycled parts audit of the collision estimate.,SHALL,yes,1,mandatory,3,1.0
S0259_recommended,S0259,NICE,,'The adjuster shall request a recycled parts audit of the collision estimate.',allow the adjuster to request a recycled parts audit of the collision estimate,recommended,The system SHOULD allow the adjuster to request a recycled parts audit of the collision estimate.,The system SHALL allow the adjuster to request a recycled parts audit of the collision estimate.,SHALL,no,0,recommended,2,0.67
S0259_optional,S0259,NICE,,'The adjuster shall request a recycled parts audit of the collision estimate.',allow the adjuster to request a recycled parts audit of the collision estimate,optional,The system MAY allow the adjuster to request a recycled parts audit of the collision estimate.,The system SHALL allow the adjuster to request a recycled parts audit of the collision estimate.,SHALL,no,0,optional,1,0.33
S0259_nice_to_have,S0259,NICE,,'The adjuster shall request a recycled parts audit of the collision estimate.',allow the adjuster to request a recycled parts audit of the collision estimate,nice_to_have,It would be useful if the system could allow the adjuster to request a recycled parts audit of the collision estimate.,The system SHALL allow the adjuster to request a recycled parts audit of the collision estimate.,SHALL,no,0,nice_to_have,0,0.0
S0260_mandatory,S0260,NICE,,'The recycled parts search results provided to the estimator shall be retrieved by the system.',retrieve the recycled parts search results provided to the estimator,mandatory,The system SHALL retrieve the recycled parts search results provided to the estimator.,The system SHALL retrieve the recycled parts search results provided to the estimator.,SHALL,yes,1,mandatory,3,1.0
S0260_recommended,S0260,NICE,,'The recycled parts search results provided to the estimator shall be retrieved by the system.',retrieve the recycled parts search results provided to the estimator,recommended,The system SHOULD retrieve the recycled parts search results provided to the estimator.,The system SHALL retrieve the recycled parts search results provided to the estimator.,SHALL,no,0,recommended,2,0.67
S0260_optional,S0260,NICE,,'The recycled parts search results provided to the estimator shall be retrieved by the system.',retrieve the recycled parts search results provided to the estimator,optional,The system MAY retrieve the recycled parts search results provided to the estimator.,The system SHALL retrieve the recycled parts search results provided to the estimator.,SHALL,no,0,optional,1,0.33
S0260_nice_to_have,S0260,NICE,,'The recycled parts search results provided to the estimator shall be retrieved by the system.',retrieve the recycled parts search results provided to the estimator,nice_to_have,It would be useful if the system could retrieve the recycled parts search results provided to the estimator.,The system SHALL retrieve the recycled parts search results provided to the estimator.,SHALL,no,0,nice_to_have,0,0.0
S0261_mandatory,S0261,NICE,,'The system shall generate an audit report based on the available recycled parts and the collision estimate.',generate an audit report based on the available recycled parts and the collision estimate,mandatory,The system SHALL generate an audit report based on the available recycled parts and the collision estimate.,The system SHALL generate an audit report based on the available recycled parts and the collision estimate.,SHALL,yes,1,mandatory,3,1.0
S0261_recommended,S0261,NICE,,'The system shall generate an audit report based on the available recycled parts and the collision estimate.',generate an audit report based on the available recycled parts and the collision estimate,recommended,The system SHOULD generate an audit report based on the available recycled parts and the collision estimate.,The system SHALL generate an audit report based on the available recycled parts and the collision estimate.,SHALL,no,0,recommended,2,0.67
S0261_optional,S0261,NICE,,'The system shall generate an audit report based on the available recycled parts and the collision estimate.',generate an audit report based on the available recycled parts and the collision estimate,optional,The system MAY generate an audit report based on the available recycled parts and the collision estimate.,The system SHALL generate an audit report based on the available recycled parts and the collision estimate.,SHALL,no,0,optional,1,0.33
S0261_nice_to_have,S0261,NICE,,'The system shall generate an audit report based on the available recycled parts and the collision estimate.',generate an audit report based on the available recycled parts and the collision estimate,nice_to_have,It would be useful if the system could generate an audit report based on the available recycled parts and the collision estimate.,The system SHALL generate an audit report based on the available recycled parts and the collision estimate.,SHALL,no,0,nice_to_have,0,0.0
S0262_mandatory,S0262,NICE,,'The audit report shall include the total number of recycled parts used in the estimate.',"include, in the audit report, the total number of recycled parts used in the estimate",mandatory,"The system SHALL include, in the audit report, the total number of recycled parts used in the estimate.","The system SHALL include, in the audit report, the total number of recycled parts used in the estimate.",SHALL,yes,1,mandatory,3,1.0
S0262_recommended,S0262,NICE,,'The audit report shall include the total number of recycled parts used in the estimate.',"include, in the audit report, the total number of recycled parts used in the estimate",recommended,"The system SHOULD include, in the audit report, the total number of recycled parts used in the estimate.","The system SHALL include, in the audit report, the total number of recycled parts used in the estimate.",SHALL,no,0,recommended,2,0.67
S0262_optional,S0262,NICE,,'The audit report shall include the total number of recycled parts used in the estimate.',"include, in the audit report, the total number of recycled parts used in the estimate",optional,"The system MAY include, in the audit report, the total number of recycled parts used in the estimate.","The system SHALL include, in the audit report, the total number of recycled parts used in the estimate.",SHALL,no,0,optional,1,0.33
S0262_nice_to_have,S0262,NICE,,'The audit report shall include the total number of recycled parts used in the estimate.',"include, in the audit report, the total number of recycled parts used in the estimate",nice_to_have,"It would be useful if the system could include, in the audit report, the total number of recycled parts used in the estimate.","The system SHALL include, in the audit report, the total number of recycled parts used in the estimate.",SHALL,no,0,nice_to_have,0,0.0
S0263_mandatory,S0263,NICE,,'The audit report shall include the number of available recycled parts from the original search results.',"include, in the audit report, the number of available recycled parts from the original search results",mandatory,"The system SHALL include, in the audit report, the number of available recycled parts from the original search results.","The system SHALL include, in the audit report, the number of available recycled parts from the original search results.",SHALL,yes,1,mandatory,3,1.0
S0263_recommended,S0263,NICE,,'The audit report shall include the number of available recycled parts from the original search results.',"include, in the audit report, the number of available recycled parts from the original search results",recommended,"The system SHOULD include, in the audit report, the number of available recycled parts from the original search results.","The system SHALL include, in the audit report, the number of available recycled parts from the original search results.",SHALL,no,0,recommended,2,0.67
S0263_optional,S0263,NICE,,'The audit report shall include the number of available recycled parts from the original search results.',"include, in the audit report, the number of available recycled parts from the original search results",optional,"The system MAY include, in the audit report, the number of available recycled parts from the original search results.","The system SHALL include, in the audit report, the number of available recycled parts from the original search results.",SHALL,no,0,optional,1,0.33
S0263_nice_to_have,S0263,NICE,,'The audit report shall include the number of available recycled parts from the original search results.',"include, in the audit report, the number of available recycled parts from the original search results",nice_to_have,"It would be useful if the system could include, in the audit report, the number of available recycled parts from the original search results.","The system SHALL include, in the audit report, the number of available recycled parts from the original search results.",SHALL,no,0,nice_to_have,0,0.0
S0264_mandatory,S0264,NICE,,'The audit report shall include the percentage of available recycled parts used in the estimate ',"include, in the audit report, the percentage of available recycled parts used in the estimate",mandatory,"The system SHALL include, in the audit report, the percentage of available recycled parts used in the estimate.","The system SHALL include, in the audit report, the percentage of available recycled parts used in the estimate.",SHALL,yes,1,mandatory,3,1.0
S0264_recommended,S0264,NICE,,'The audit report shall include the percentage of available recycled parts used in the estimate ',"include, in the audit report, the percentage of available recycled parts used in the estimate",recommended,"The system SHOULD include, in the audit report, the percentage of available recycled parts used in the estimate.","The system SHALL include, in the audit report, the percentage of available recycled parts used in the estimate.",SHALL,no,0,recommended,2,0.67
S0264_optional,S0264,NICE,,'The audit report shall include the percentage of available recycled parts used in the estimate ',"include, in the audit report, the percentage of available recycled parts used in the estimate",optional,"The system MAY include, in the audit report, the percentage of available recycled parts used in the estimate.","The system SHALL include, in the audit report, the percentage of available recycled parts used in the estimate.",SHALL,no,0,optional,1,0.33
S0264_nice_to_have,S0264,NICE,,'The audit report shall include the percentage of available recycled parts used in the estimate ',"include, in the audit report, the percentage of available recycled parts used in the estimate",nice_to_have,"It would be useful if the system could include, in the audit report, the percentage of available recycled parts used in the estimate.","The system SHALL include, in the audit report, the percentage of available recycled parts used in the estimate.",SHALL,no,0,nice_to_have,0,0.0
S0265_mandatory,S0265,NICE,,'The audit report shall include the total score of the audit which sums the indivual line items.',"include, in the audit report, the total score of the audit, which sums the individual line items",mandatory,"The system SHALL include, in the audit report, the total score of the audit, which sums the individual line items.","The system SHALL include, in the audit report, the total score of the audit, which sums the individual line items.",SHALL,yes,1,mandatory,3,1.0
S0265_recommended,S0265,NICE,,'The audit report shall include the total score of the audit which sums the indivual line items.',"include, in the audit report, the total score of the audit, which sums the individual line items",recommended,"The system SHOULD include, in the audit report, the total score of the audit, which sums the individual line items.","The system SHALL include, in the audit report, the total score of the audit, which sums the individual line items.",SHALL,no,0,recommended,2,0.67
S0265_optional,S0265,NICE,,'The audit report shall include the total score of the audit which sums the indivual line items.',"include, in the audit report, the total score of the audit, which sums the individual line items",optional,"The system MAY include, in the audit report, the total score of the audit, which sums the individual line items.","The system SHALL include, in the audit report, the total score of the audit, which sums the individual line items.",SHALL,no,0,optional,1,0.33
S0265_nice_to_have,S0265,NICE,,'The audit report shall include the total score of the audit which sums the indivual line items.',"include, in the audit report, the total score of the audit, which sums the individual line items",nice_to_have,"It would be useful if the system could include, in the audit report, the total score of the audit, which sums the individual line items.","The system SHALL include, in the audit report, the total score of the audit, which sums the individual line items.",SHALL,no,0,nice_to_have,0,0.0
S0266_mandatory,S0266,NICE,,'The audit report shall be displayed to the user.',display the audit report to the user,mandatory,The system SHALL display the audit report to the user.,The system SHALL display the audit report to the user.,SHALL,yes,1,mandatory,3,1.0
S0266_recommended,S0266,NICE,,'The audit report shall be displayed to the user.',display the audit report to the user,recommended,The system SHOULD display the audit report to the user.,The system SHALL display the audit report to the user.,SHALL,no,0,recommended,2,0.67
S0266_optional,S0266,NICE,,'The audit report shall be displayed to the user.',display the audit report to the user,optional,The system MAY display the audit report to the user.,The system SHALL display the audit report to the user.,SHALL,no,0,optional,1,0.33
S0266_nice_to_have,S0266,NICE,,'The audit report shall be displayed to the user.',display the audit report to the user,nice_to_have,It would be useful if the system could display the audit report to the user.,The system SHALL display the audit report to the user.,SHALL,no,0,nice_to_have,0,0.0
S0267_mandatory,S0267,NICE,,'The audit report shall be available to other adjusters at later points in time.',make the audit report available to other adjusters at later points in time,mandatory,The system SHALL make the audit report available to other adjusters at later points in time.,The system SHALL make the audit report available to other adjusters at later points in time.,SHALL,yes,1,mandatory,3,1.0
S0267_recommended,S0267,NICE,,'The audit report shall be available to other adjusters at later points in time.',make the audit report available to other adjusters at later points in time,recommended,The system SHOULD make the audit report available to other adjusters at later points in time.,The system SHALL make the audit report available to other adjusters at later points in time.,SHALL,no,0,recommended,2,0.67
S0267_optional,S0267,NICE,,'The audit report shall be available to other adjusters at later points in time.',make the audit report available to other adjusters at later points in time,optional,The system MAY make the audit report available to other adjusters at later points in time.,The system SHALL make the audit report available to other adjusters at later points in time.,SHALL,no,0,optional,1,0.33
S0267_nice_to_have,S0267,NICE,,'The audit report shall be available to other adjusters at later points in time.',make the audit report available to other adjusters at later points in time,nice_to_have,It would be useful if the system could make the audit report available to other adjusters at later points in time.,The system SHALL make the audit report available to other adjusters at later points in time.,SHALL,no,0,nice_to_have,0,0.0
S0268_mandatory,S0268,NICE,,'The user shall select to view the preferred repair facility ratings.',allow the user to choose to view the preferred repair facility ratings,mandatory,The system SHALL allow the user to choose to view the preferred repair facility ratings.,The system SHALL allow the user to choose to view the preferred repair facility ratings.,SHALL,yes,1,mandatory,3,1.0
S0268_recommended,S0268,NICE,,'The user shall select to view the preferred repair facility ratings.',allow the user to choose to view the preferred repair facility ratings,recommended,The system SHOULD allow the user to choose to view the preferred repair facility ratings.,The system SHALL allow the user to choose to view the preferred repair facility ratings.,SHALL,no,0,recommended,2,0.67
S0268_optional,S0268,NICE,,'The user shall select to view the preferred repair facility ratings.',allow the user to choose to view the preferred repair facility ratings,optional,The system MAY allow the user to choose to view the preferred repair facility ratings.,The system SHALL allow the user to choose to view the preferred repair facility ratings.,SHALL,no,0,optional,1,0.33
S0268_nice_to_have,S0268,NICE,,'The user shall select to view the preferred repair facility ratings.',allow the user to choose to view the preferred repair facility ratings,nice_to_have,It would be useful if the system could allow the user to choose to view the preferred repair facility ratings.,The system SHALL allow the user to choose to view the preferred repair facility ratings.,SHALL,no,0,nice_to_have,0,0.0
S0269_mandatory,S0269,NICE,,'The current repair facility ratings shall be displayed to the user.',display the current repair facility ratings to the user,mandatory,The system SHALL display the current repair facility ratings to the user.,The system SHALL display the current repair facility ratings to the user.,SHALL,yes,1,mandatory,3,1.0
S0269_recommended,S0269,NICE,,'The current repair facility ratings shall be displayed to the user.',display the current repair facility ratings to the user,recommended,The system SHOULD display the current repair facility ratings to the user.,The system SHALL display the current repair facility ratings to the user.,SHALL,no,0,recommended,2,0.67
S0269_optional,S0269,NICE,,'The current repair facility ratings shall be displayed to the user.',display the current repair facility ratings to the user,optional,The system MAY display the current repair facility ratings to the user.,The system SHALL display the current repair facility ratings to the user.,SHALL,no,0,optional,1,0.33
S0269_nice_to_have,S0269,NICE,,'The current repair facility ratings shall be displayed to the user.',display the current repair facility ratings to the user,nice_to_have,It would be useful if the system could display the current repair facility ratings to the user.,The system SHALL display the current repair facility ratings to the user.,SHALL,no,0,nice_to_have,0,0.0
S0271_mandatory,S0271,NICE,,'The user shall enter new ratings based on the audit report',allow the user to enter new ratings based on the audit report,mandatory,The system SHALL allow the user to enter new ratings based on the audit report.,The system SHALL allow the user to enter new ratings based on the audit report.,SHALL,yes,1,mandatory,3,1.0
S0271_recommended,S0271,NICE,,'The user shall enter new ratings based on the audit report',allow the user to enter new ratings based on the audit report,recommended,The system SHOULD allow the user to enter new ratings based on the audit report.,The system SHALL allow the user to enter new ratings based on the audit report.,SHALL,no,0,recommended,2,0.67
S0271_optional,S0271,NICE,,'The user shall enter new ratings based on the audit report',allow the user to enter new ratings based on the audit report,optional,The system MAY allow the user to enter new ratings based on the audit report.,The system SHALL allow the user to enter new ratings based on the audit report.,SHALL,no,0,optional,1,0.33
S0271_nice_to_have,S0271,NICE,,'The user shall enter new ratings based on the audit report',allow the user to enter new ratings based on the audit report,nice_to_have,It would be useful if the system could allow the user to enter new ratings based on the audit report.,The system SHALL allow the user to enter new ratings based on the audit report.,SHALL,no,0,nice_to_have,0,0.0
S0273_mandatory,S0273,NICE,,'The ratings shall include categories for attempted use of recycled parts and actual use of recycled parts',"include, in the ratings, categories for attempted use of recycled parts and actual use of recycled parts",mandatory,"The system SHALL include, in the ratings, categories for attempted use of recycled parts and actual use of recycled parts.","The system SHALL include, in the ratings, categories for attempted use of recycled parts and actual use of recycled parts.",SHALL,yes,1,mandatory,3,1.0
S0273_recommended,S0273,NICE,,'The ratings shall include categories for attempted use of recycled parts and actual use of recycled parts',"include, in the ratings, categories for attempted use of recycled parts and actual use of recycled parts",recommended,"The system SHOULD include, in the ratings, categories for attempted use of recycled parts and actual use of recycled parts.","The system SHALL include, in the ratings, categories for attempted use of recycled parts and actual use of recycled parts.",SHALL,no,0,recommended,2,0.67
S0273_optional,S0273,NICE,,'The ratings shall include categories for attempted use of recycled parts and actual use of recycled parts',"include, in the ratings, categories for attempted use of recycled parts and actual use of recycled parts",optional,"The system MAY include, in the ratings, categories for attempted use of recycled parts and actual use of recycled parts.","The system SHALL include, in the ratings, categories for attempted use of recycled parts and actual use of recycled parts.",SHALL,no,0,optional,1,0.33
S0273_nice_to_have,S0273,NICE,,'The ratings shall include categories for attempted use of recycled parts and actual use of recycled parts',"include, in the ratings, categories for attempted use of recycled parts and actual use of recycled parts",nice_to_have,"It would be useful if the system could include, in the ratings, categories for attempted use of recycled parts and actual use of recycled parts.","The system SHALL include, in the ratings, categories for attempted use of recycled parts and actual use of recycled parts.",SHALL,no,0,nice_to_have,0,0.0
S0274_mandatory,S0274,NICE,,'The user shall select to save the preferred repair facility ratings.',allow the user to choose to save the preferred repair facility ratings,mandatory,The system SHALL allow the user to choose to save the preferred repair facility ratings.,The system SHALL allow the user to choose to save the preferred repair facility ratings.,SHALL,yes,1,mandatory,3,1.0
S0274_recommended,S0274,NICE,,'The user shall select to save the preferred repair facility ratings.',allow the user to choose to save the preferred repair facility ratings,recommended,The system SHOULD allow the user to choose to save the preferred repair facility ratings.,The system SHALL allow the user to choose to save the preferred repair facility ratings.,SHALL,no,0,recommended,2,0.67
S0274_optional,S0274,NICE,,'The user shall select to save the preferred repair facility ratings.',allow the user to choose to save the preferred repair facility ratings,optional,The system MAY allow the user to choose to save the preferred repair facility ratings.,The system SHALL allow the user to choose to save the preferred repair facility ratings.,SHALL,no,0,optional,1,0.33
S0274_nice_to_have,S0274,NICE,,'The user shall select to save the preferred repair facility ratings.',allow the user to choose to save the preferred repair facility ratings,nice_to_have,It would be useful if the system could allow the user to choose to save the preferred repair facility ratings.,The system SHALL allow the user to choose to save the preferred repair facility ratings.,SHALL,no,0,nice_to_have,0,0.0
S0275_mandatory,S0275,NICE,,'The preferred repair facility ratings shall be saved by the system.',save the preferred repair facility ratings,mandatory,The system SHALL save the preferred repair facility ratings.,The system SHALL save the preferred repair facility ratings.,SHALL,yes,1,mandatory,3,1.0
S0275_recommended,S0275,NICE,,'The preferred repair facility ratings shall be saved by the system.',save the preferred repair facility ratings,recommended,The system SHOULD save the preferred repair facility ratings.,The system SHALL save the preferred repair facility ratings.,SHALL,no,0,recommended,2,0.67
S0275_optional,S0275,NICE,,'The preferred repair facility ratings shall be saved by the system.',save the preferred repair facility ratings,optional,The system MAY save the preferred repair facility ratings.,The system SHALL save the preferred repair facility ratings.,SHALL,no,0,optional,1,0.33
S0275_nice_to_have,S0275,NICE,,'The preferred repair facility ratings shall be saved by the system.',save the preferred repair facility ratings,nice_to_have,It would be useful if the system could save the preferred repair facility ratings.,The system SHALL save the preferred repair facility ratings.,SHALL,no,0,nice_to_have,0,0.0
