item_id,seed_id,source_dataset,source_corpus,original_requirement,capability_text,source_modality,source_statement,candidate_requirement,mandatory_keyword,task1_gold_decision,task1_gold_yes,task2_gold_modality,ordinal_strength,numeric_strength,context_document,context_requirement_id,context_marker,context_section,context_before,context_after,context_legend
S0003_mandatory,S0003,PURE,2007-eirene_fun_7-2,All voice call services shall be able to operate between any combination of fixed and mobile equipment users.,enable all voice call services to operate between any combination of fixed and mobile equipment users,mandatory,The system MUST enable all voice call services to operate between any combination of fixed and mobile equipment users.,The system MUST enable all voice call services to operate between any combination of fixed and mobile equipment users.,MUST,yes,1,mandatory,3,1.0,"EIRENE Functional Requirements Specification, version 7",2.2.2,M,2 Network requirements > 2.2 Voice services,2.2.1 (M): This section describes the generic voice telephony services which are to be supported by the EIRENE network:,2.2.3 (M): The system shall support point-to-point voice calls between any two call parties.,"(M) mandatory, (O) optional, (I) informative"
S0003_recommended,S0003,PURE,2007-eirene_fun_7-2,All voice call services shall be able to operate between any combination of fixed and mobile equipment users.,enable all voice call services to operate between any combination of fixed and mobile equipment users,recommended,The system SHOULD enable all voice call services to operate between any combination of fixed and mobile equipment users.,The system MUST enable all voice call services to operate between any combination of fixed and mobile equipment users.,MUST,no,0,recommended,2,0.67,"EIRENE Functional Requirements Specification, version 7",2.2.2,M,2 Network requirements > 2.2 Voice services,2.2.1 (M): This section describes the generic voice telephony services which are to be supported by the EIRENE network:,2.2.3 (M): The system shall support point-to-point voice calls between any two call parties.,"(M) mandatory, (O) optional, (I) informative"
S0003_optional,S0003,PURE,2007-eirene_fun_7-2,All voice call services shall be able to operate between any combination of fixed and mobile equipment users.,enable all voice call services to operate between any combination of fixed and mobile equipment users,optional,The system MAY enable all voice call services to operate between any combination of fixed and mobile equipment users.,The system MUST enable all voice call services to operate between any combination of fixed and mobile equipment users.,MUST,no,0,optional,1,0.33,"EIRENE Functional Requirements Specification, version 7",2.2.2,M,2 Network requirements > 2.2 Voice services,2.2.1 (M): This section describes the generic voice telephony services which are to be supported by the EIRENE network:,2.2.3 (M): The system shall support point-to-point voice calls between any two call parties.,"(M) mandatory, (O) optional, (I) informative"
S0003_nice_to_have,S0003,PURE,2007-eirene_fun_7-2,All voice call services shall be able to operate between any combination of fixed and mobile equipment users.,enable all voice call services to operate between any combination of fixed and mobile equipment users,nice_to_have,It would be useful if the system could enable all voice call services to operate between any combination of fixed and mobile equipment users.,The system MUST enable all voice call services to operate between any combination of fixed and mobile equipment users.,MUST,no,0,nice_to_have,0,0.0,"EIRENE Functional Requirements Specification, version 7",2.2.2,M,2 Network requirements > 2.2 Voice services,2.2.1 (M): This section describes the generic voice telephony services which are to be supported by the EIRENE network:,2.2.3 (M): The system shall support point-to-point voice calls between any two call parties.,"(M) mandatory, (O) optional, (I) informative"
S0004_mandatory,S0004,PURE,2007-eirene_fun_7-2,The system shall support point-to-point voice calls between any two call parties.,support point-to-point voice calls between any two call parties,mandatory,The system MUST support point-to-point voice calls between any two call parties.,The system MUST support point-to-point voice calls between any two call parties.,MUST,yes,1,mandatory,3,1.0,"EIRENE Functional Requirements Specification, version 7",2.2.3,M,2 Network requirements > 2.2 Voice services,2.2.2 (M): All voice call services shall be able to operate between any combination of fixed and mobile equipment users.,2.2.4 (M): Such point-to-point calls shall allow both parties to talk simultaneously.,"(M) mandatory, (O) optional, (I) informative"
S0004_recommended,S0004,PURE,2007-eirene_fun_7-2,The system shall support point-to-point voice calls between any two call parties.,support point-to-point voice calls between any two call parties,recommended,The system SHOULD support point-to-point voice calls between any two call parties.,The system MUST support point-to-point voice calls between any two call parties.,MUST,no,0,recommended,2,0.67,"EIRENE Functional Requirements Specification, version 7",2.2.3,M,2 Network requirements > 2.2 Voice services,2.2.2 (M): All voice call services shall be able to operate between any combination of fixed and mobile equipment users.,2.2.4 (M): Such point-to-point calls shall allow both parties to talk simultaneously.,"(M) mandatory, (O) optional, (I) informative"
S0004_optional,S0004,PURE,2007-eirene_fun_7-2,The system shall support point-to-point voice calls between any two call parties.,support point-to-point voice calls between any two call parties,optional,The system MAY support point-to-point voice calls between any two call parties.,The system MUST support point-to-point voice calls between any two call parties.,MUST,no,0,optional,1,0.33,"EIRENE Functional Requirements Specification, version 7",2.2.3,M,2 Network requirements > 2.2 Voice services,2.2.2 (M): All voice call services shall be able to operate between any combination of fixed and mobile equipment users.,2.2.4 (M): Such point-to-point calls shall allow both parties to talk simultaneously.,"(M) mandatory, (O) optional, (I) informative"
S0004_nice_to_have,S0004,PURE,2007-eirene_fun_7-2,The system shall support point-to-point voice calls between any two call parties.,support point-to-point voice calls between any two call parties,nice_to_have,It would be useful if the system could support point-to-point voice calls between any two call parties.,The system MUST support point-to-point voice calls between any two call parties.,MUST,no,0,nice_to_have,0,0.0,"EIRENE Functional Requirements Specification, version 7",2.2.3,M,2 Network requirements > 2.2 Voice services,2.2.2 (M): All voice call services shall be able to operate between any combination of fixed and mobile equipment users.,2.2.4 (M): Such point-to-point calls shall allow both parties to talk simultaneously.,"(M) mandatory, (O) optional, (I) informative"
S0005_mandatory,S0005,PURE,2007-eirene_fun_7-2,Such point-to-point calls shall allow both parties to talk simultaneously.,allow both parties in a point-to-point call to talk simultaneously,mandatory,The system MUST allow both parties in a point-to-point call to talk simultaneously.,The system MUST allow both parties in a point-to-point call to talk simultaneously.,MUST,yes,1,mandatory,3,1.0,"EIRENE Functional Requirements Specification, version 7",2.2.4,M,2 Network requirements > 2.2 Voice services,2.2.3 (M): The system shall support point-to-point voice calls between any two call parties.,2.2.5 (M): The system shall allow a user to make public emergency point-to-point voice calls.,"(M) mandatory, (O) optional, (I) informative"
S0005_recommended,S0005,PURE,2007-eirene_fun_7-2,Such point-to-point calls shall allow both parties to talk simultaneously.,allow both parties in a point-to-point call to talk simultaneously,recommended,The system SHOULD allow both parties in a point-to-point call to talk simultaneously.,The system MUST allow both parties in a point-to-point call to talk simultaneously.,MUST,no,0,recommended,2,0.67,"EIRENE Functional Requirements Specification, version 7",2.2.4,M,2 Network requirements > 2.2 Voice services,2.2.3 (M): The system shall support point-to-point voice calls between any two call parties.,2.2.5 (M): The system shall allow a user to make public emergency point-to-point voice calls.,"(M) mandatory, (O) optional, (I) informative"
S0005_optional,S0005,PURE,2007-eirene_fun_7-2,Such point-to-point calls shall allow both parties to talk simultaneously.,allow both parties in a point-to-point call to talk simultaneously,optional,The system MAY allow both parties in a point-to-point call to talk simultaneously.,The system MUST allow both parties in a point-to-point call to talk simultaneously.,MUST,no,0,optional,1,0.33,"EIRENE Functional Requirements Specification, version 7",2.2.4,M,2 Network requirements > 2.2 Voice services,2.2.3 (M): The system shall support point-to-point voice calls between any two call parties.,2.2.5 (M): The system shall allow a user to make public emergency point-to-point voice calls.,"(M) mandatory, (O) optional, (I) informative"
S0005_nice_to_have,S0005,PURE,2007-eirene_fun_7-2,Such point-to-point calls shall allow both parties to talk simultaneously.,allow both parties in a point-to-point call to talk simultaneously,nice_to_have,It would be useful if the system could allow both parties in a point-to-point call to talk simultaneously.,The system MUST allow both parties in a point-to-point call to talk simultaneously.,MUST,no,0,nice_to_have,0,0.0,"EIRENE Functional Requirements Specification, version 7",2.2.4,M,2 Network requirements > 2.2 Voice services,2.2.3 (M): The system shall support point-to-point voice calls between any two call parties.,2.2.5 (M): The system shall allow a user to make public emergency point-to-point voice calls.,"(M) mandatory, (O) optional, (I) informative"
S0008_mandatory,S0008,PURE,2007-eirene_fun_7-2,The system shall support broadcast voice calls.,support broadcast voice calls,mandatory,The system MUST support broadcast voice calls.,The system MUST support broadcast voice calls.,MUST,yes,1,mandatory,3,1.0,"EIRENE Functional Requirements Specification, version 7",2.2.7,M,2 Network requirements > 2.2 Voice services,2.2.6 (I): Such emergency calls include 112 calls and may not be used for railway emergencies.,"2.2.8 (I): Broadcast voice calls provide one-way voice communications from a single user to multiple users in a pre-defined local area, all of whom are members of the same call group.","(M) mandatory, (O) optional, (I) informative"
S0008_recommended,S0008,PURE,2007-eirene_fun_7-2,The system shall support broadcast voice calls.,support broadcast voice calls,recommended,The system SHOULD support broadcast voice calls.,The system MUST support broadcast voice calls.,MUST,no,0,recommended,2,0.67,"EIRENE Functional Requirements Specification, version 7",2.2.7,M,2 Network requirements > 2.2 Voice services,2.2.6 (I): Such emergency calls include 112 calls and may not be used for railway emergencies.,"2.2.8 (I): Broadcast voice calls provide one-way voice communications from a single user to multiple users in a pre-defined local area, all of whom are members of the same call group.","(M) mandatory, (O) optional, (I) informative"
S0008_optional,S0008,PURE,2007-eirene_fun_7-2,The system shall support broadcast voice calls.,support broadcast voice calls,optional,The system MAY support broadcast voice calls.,The system MUST support broadcast voice calls.,MUST,no,0,optional,1,0.33,"EIRENE Functional Requirements Specification, version 7",2.2.7,M,2 Network requirements > 2.2 Voice services,2.2.6 (I): Such emergency calls include 112 calls and may not be used for railway emergencies.,"2.2.8 (I): Broadcast voice calls provide one-way voice communications from a single user to multiple users in a pre-defined local area, all of whom are members of the same call group.","(M) mandatory, (O) optional, (I) informative"
S0008_nice_to_have,S0008,PURE,2007-eirene_fun_7-2,The system shall support broadcast voice calls.,support broadcast voice calls,nice_to_have,It would be useful if the system could support broadcast voice calls.,The system MUST support broadcast voice calls.,MUST,no,0,nice_to_have,0,0.0,"EIRENE Functional Requirements Specification, version 7",2.2.7,M,2 Network requirements > 2.2 Voice services,2.2.6 (I): Such emergency calls include 112 calls and may not be used for railway emergencies.,"2.2.8 (I): Broadcast voice calls provide one-way voice communications from a single user to multiple users in a pre-defined local area, all of whom are members of the same call group.","(M) mandatory, (O) optional, (I) informative"
S0020_mandatory,S0020,PURE,2007-eirene_fun_7-2,The network should support the transmission of point-to-point and point-to- multipoint text messages from the ground to mobile users.,support the transmission of point-to-point and point-to-multipoint text messages from the ground to mobile users,mandatory,The system MUST support the transmission of point-to-point and point-to-multipoint text messages from the ground to mobile users.,The system MUST support the transmission of point-to-point and point-to-multipoint text messages from the ground to mobile users.,MUST,yes,1,mandatory,3,1.0,"EIRENE Functional Requirements Specification, version 7",2.3.2,O,2 Network requirements > 2.3 Data services,2.3.1: The EIRENE network will provide data services to support the following data applications: text messages; (O) general data applications; (M) automatic fax; (O) train control applications. (O),2.3.3 (O): The network should support the receipt of mobile-originated text messages by the ground.,"(M) mandatory, (O) optional, (I) informative"
S0020_recommended,S0020,PURE,2007-eirene_fun_7-2,The network should support the transmission of point-to-point and point-to- multipoint text messages from the ground to mobile users.,support the transmission of point-to-point and point-to-multipoint text messages from the ground to mobile users,recommended,The system SHOULD support the transmission of point-to-point and point-to-multipoint text messages from the ground to mobile users.,The system MUST support the transmission of point-to-point and point-to-multipoint text messages from the ground to mobile users.,MUST,no,0,recommended,2,0.67,"EIRENE Functional Requirements Specification, version 7",2.3.2,O,2 Network requirements > 2.3 Data services,2.3.1: The EIRENE network will provide data services to support the following data applications: text messages; (O) general data applications; (M) automatic fax; (O) train control applications. (O),2.3.3 (O): The network should support the receipt of mobile-originated text messages by the ground.,"(M) mandatory, (O) optional, (I) informative"
S0020_optional,S0020,PURE,2007-eirene_fun_7-2,The network should support the transmission of point-to-point and point-to- multipoint text messages from the ground to mobile users.,support the transmission of point-to-point and point-to-multipoint text messages from the ground to mobile users,optional,The system MAY support the transmission of point-to-point and point-to-multipoint text messages from the ground to mobile users.,The system MUST support the transmission of point-to-point and point-to-multipoint text messages from the ground to mobile users.,MUST,no,0,optional,1,0.33,"EIRENE Functional Requirements Specification, version 7",2.3.2,O,2 Network requirements > 2.3 Data services,2.3.1: The EIRENE network will provide data services to support the following data applications: text messages; (O) general data applications; (M) automatic fax; (O) train control applications. (O),2.3.3 (O): The network should support the receipt of mobile-originated text messages by the ground.,"(M) mandatory, (O) optional, (I) informative"
S0020_nice_to_have,S0020,PURE,2007-eirene_fun_7-2,The network should support the transmission of point-to-point and point-to- multipoint text messages from the ground to mobile users.,support the transmission of point-to-point and point-to-multipoint text messages from the ground to mobile users,nice_to_have,It would be useful if the system could support the transmission of point-to-point and point-to-multipoint text messages from the ground to mobile users.,The system MUST support the transmission of point-to-point and point-to-multipoint text messages from the ground to mobile users.,MUST,no,0,nice_to_have,0,0.0,"EIRENE Functional Requirements Specification, version 7",2.3.2,O,2 Network requirements > 2.3 Data services,2.3.1: The EIRENE network will provide data services to support the following data applications: text messages; (O) general data applications; (M) automatic fax; (O) train control applications. (O),2.3.3 (O): The network should support the receipt of mobile-originated text messages by the ground.,"(M) mandatory, (O) optional, (I) informative"
S0021_mandatory,S0021,PURE,2007-eirene_fun_7-2,The network should support the receipt of mobile-originated text messages by the ground.,provide network support for receipt of mobile-originated text messages by the ground,mandatory,The system MUST provide network support for receipt of mobile-originated text messages by the ground.,The system MUST provide network support for receipt of mobile-originated text messages by the ground.,MUST,yes,1,mandatory,3,1.0,"EIRENE Functional Requirements Specification, version 7",2.3.3,O,2 Network requirements > 2.3 Data services,2.3.2 (O): The network should support the transmission of point-to-point and point-to- multipoint text messages from the ground to mobile users.,"2.3.4 (M): If the text message facility is implemented, it shall not interfere with the ability of users to make or receive high priority voice or data calls.","(M) mandatory, (O) optional, (I) informative"
S0021_recommended,S0021,PURE,2007-eirene_fun_7-2,The network should support the receipt of mobile-originated text messages by the ground.,provide network support for receipt of mobile-originated text messages by the ground,recommended,The system SHOULD provide network support for receipt of mobile-originated text messages by the ground.,The system MUST provide network support for receipt of mobile-originated text messages by the ground.,MUST,no,0,recommended,2,0.67,"EIRENE Functional Requirements Specification, version 7",2.3.3,O,2 Network requirements > 2.3 Data services,2.3.2 (O): The network should support the transmission of point-to-point and point-to- multipoint text messages from the ground to mobile users.,"2.3.4 (M): If the text message facility is implemented, it shall not interfere with the ability of users to make or receive high priority voice or data calls.","(M) mandatory, (O) optional, (I) informative"
S0021_optional,S0021,PURE,2007-eirene_fun_7-2,The network should support the receipt of mobile-originated text messages by the ground.,provide network support for receipt of mobile-originated text messages by the ground,optional,The system MAY provide network support for receipt of mobile-originated text messages by the ground.,The system MUST provide network support for receipt of mobile-originated text messages by the ground.,MUST,no,0,optional,1,0.33,"EIRENE Functional Requirements Specification, version 7",2.3.3,O,2 Network requirements > 2.3 Data services,2.3.2 (O): The network should support the transmission of point-to-point and point-to- multipoint text messages from the ground to mobile users.,"2.3.4 (M): If the text message facility is implemented, it shall not interfere with the ability of users to make or receive high priority voice or data calls.","(M) mandatory, (O) optional, (I) informative"
S0021_nice_to_have,S0021,PURE,2007-eirene_fun_7-2,The network should support the receipt of mobile-originated text messages by the ground.,provide network support for receipt of mobile-originated text messages by the ground,nice_to_have,It would be useful if the system could provide network support for receipt of mobile-originated text messages by the ground.,The system MUST provide network support for receipt of mobile-originated text messages by the ground.,MUST,no,0,nice_to_have,0,0.0,"EIRENE Functional Requirements Specification, version 7",2.3.3,O,2 Network requirements > 2.3 Data services,2.3.2 (O): The network should support the transmission of point-to-point and point-to- multipoint text messages from the ground to mobile users.,"2.3.4 (M): If the text message facility is implemented, it shall not interfere with the ability of users to make or receive high priority voice or data calls.","(M) mandatory, (O) optional, (I) informative"
S0024_mandatory,S0024,PURE,2007-eirene_fun_7-2,The network shall support point-to-point data communications.,provide network support for point-to-point data communications,mandatory,The system MUST provide network support for point-to-point data communications.,The system MUST provide network support for point-to-point data communications.,MUST,yes,1,mandatory,3,1.0,"EIRENE Functional Requirements Specification, version 7",2.3.6,M,2 Network requirements > 2.3 Data services,2.3.5 (I): Support is required for a range of data communications between the ground and mobile users. Such applications may include:,2.3.7: Deleted.,"(M) mandatory, (O) optional, (I) informative"
S0024_recommended,S0024,PURE,2007-eirene_fun_7-2,The network shall support point-to-point data communications.,provide network support for point-to-point data communications,recommended,The system SHOULD provide network support for point-to-point data communications.,The system MUST provide network support for point-to-point data communications.,MUST,no,0,recommended,2,0.67,"EIRENE Functional Requirements Specification, version 7",2.3.6,M,2 Network requirements > 2.3 Data services,2.3.5 (I): Support is required for a range of data communications between the ground and mobile users. Such applications may include:,2.3.7: Deleted.,"(M) mandatory, (O) optional, (I) informative"
S0024_optional,S0024,PURE,2007-eirene_fun_7-2,The network shall support point-to-point data communications.,provide network support for point-to-point data communications,optional,The system MAY provide network support for point-to-point data communications.,The system MUST provide network support for point-to-point data communications.,MUST,no,0,optional,1,0.33,"EIRENE Functional Requirements Specification, version 7",2.3.6,M,2 Network requirements > 2.3 Data services,2.3.5 (I): Support is required for a range of data communications between the ground and mobile users. Such applications may include:,2.3.7: Deleted.,"(M) mandatory, (O) optional, (I) informative"
S0024_nice_to_have,S0024,PURE,2007-eirene_fun_7-2,The network shall support point-to-point data communications.,provide network support for point-to-point data communications,nice_to_have,It would be useful if the system could provide network support for point-to-point data communications.,The system MUST provide network support for point-to-point data communications.,MUST,no,0,nice_to_have,0,0.0,"EIRENE Functional Requirements Specification, version 7",2.3.6,M,2 Network requirements > 2.3 Data services,2.3.5 (I): Support is required for a range of data communications between the ground and mobile users. Such applications may include:,2.3.7: Deleted.,"(M) mandatory, (O) optional, (I) informative"
S0029_mandatory,S0029,PURE,2007-eirene_fun_7-2,The network should support fax transmissions between the ground and mobile users.,provide network support for fax transmissions between the ground and mobile users,mandatory,The system MUST provide network support for fax transmissions between the ground and mobile users.,The system MUST provide network support for fax transmissions between the ground and mobile users.,MUST,yes,1,mandatory,3,1.0,"EIRENE Functional Requirements Specification, version 7",2.3.11,O,2 Network requirements > 2.3 Data services,2.3.10 (I): The priority scheme for calls described in section 10.2 is also valid for data applications.,"2.3.12 (M): Where fax functionality is provided, it shall be possible to interrupt the fax to make or receive a high priority voice or data call.","(M) mandatory, (O) optional, (I) informative"
S0029_recommended,S0029,PURE,2007-eirene_fun_7-2,The network should support fax transmissions between the ground and mobile users.,provide network support for fax transmissions between the ground and mobile users,recommended,The system SHOULD provide network support for fax transmissions between the ground and mobile users.,The system MUST provide network support for fax transmissions between the ground and mobile users.,MUST,no,0,recommended,2,0.67,"EIRENE Functional Requirements Specification, version 7",2.3.11,O,2 Network requirements > 2.3 Data services,2.3.10 (I): The priority scheme for calls described in section 10.2 is also valid for data applications.,"2.3.12 (M): Where fax functionality is provided, it shall be possible to interrupt the fax to make or receive a high priority voice or data call.","(M) mandatory, (O) optional, (I) informative"
S0029_optional,S0029,PURE,2007-eirene_fun_7-2,The network should support fax transmissions between the ground and mobile users.,provide network support for fax transmissions between the ground and mobile users,optional,The system MAY provide network support for fax transmissions between the ground and mobile users.,The system MUST provide network support for fax transmissions between the ground and mobile users.,MUST,no,0,optional,1,0.33,"EIRENE Functional Requirements Specification, version 7",2.3.11,O,2 Network requirements > 2.3 Data services,2.3.10 (I): The priority scheme for calls described in section 10.2 is also valid for data applications.,"2.3.12 (M): Where fax functionality is provided, it shall be possible to interrupt the fax to make or receive a high priority voice or data call.","(M) mandatory, (O) optional, (I) informative"
S0029_nice_to_have,S0029,PURE,2007-eirene_fun_7-2,The network should support fax transmissions between the ground and mobile users.,provide network support for fax transmissions between the ground and mobile users,nice_to_have,It would be useful if the system could provide network support for fax transmissions between the ground and mobile users.,The system MUST provide network support for fax transmissions between the ground and mobile users.,MUST,no,0,nice_to_have,0,0.0,"EIRENE Functional Requirements Specification, version 7",2.3.11,O,2 Network requirements > 2.3 Data services,2.3.10 (I): The priority scheme for calls described in section 10.2 is also valid for data applications.,"2.3.12 (M): Where fax functionality is provided, it shall be possible to interrupt the fax to make or receive a high priority voice or data call.","(M) mandatory, (O) optional, (I) informative"
S0040_mandatory,S0040,PURE,2007-eirene_fun_7-2,This mechanism shall allow calls with a higher assigned priority to override (pre-empt) existing calls of a lower priority.,allow calls with a higher assigned priority to override existing calls of a lower priority,mandatory,The system MUST allow calls with a higher assigned priority to override existing calls of a lower priority.,The system MUST allow calls with a higher assigned priority to override existing calls of a lower priority.,MUST,yes,1,mandatory,3,1.0,"EIRENE Functional Requirements Specification, version 7",2.4.6,M,2 Network requirements > 2.4 Call related services,2.4.5 (M): The network shall provide a mechanism whereby calls may be assigned one of a number of different priority levels.,2.4.7 (M): Pre-empted calls will be discontinued and the new call of a higher priority shall be connected instead.,"(M) mandatory, (O) optional, (I) informative"
S0040_recommended,S0040,PURE,2007-eirene_fun_7-2,This mechanism shall allow calls with a higher assigned priority to override (pre-empt) existing calls of a lower priority.,allow calls with a higher assigned priority to override existing calls of a lower priority,recommended,The system SHOULD allow calls with a higher assigned priority to override existing calls of a lower priority.,The system MUST allow calls with a higher assigned priority to override existing calls of a lower priority.,MUST,no,0,recommended,2,0.67,"EIRENE Functional Requirements Specification, version 7",2.4.6,M,2 Network requirements > 2.4 Call related services,2.4.5 (M): The network shall provide a mechanism whereby calls may be assigned one of a number of different priority levels.,2.4.7 (M): Pre-empted calls will be discontinued and the new call of a higher priority shall be connected instead.,"(M) mandatory, (O) optional, (I) informative"
S0040_optional,S0040,PURE,2007-eirene_fun_7-2,This mechanism shall allow calls with a higher assigned priority to override (pre-empt) existing calls of a lower priority.,allow calls with a higher assigned priority to override existing calls of a lower priority,optional,The system MAY allow calls with a higher assigned priority to override existing calls of a lower priority.,The system MUST allow calls with a higher assigned priority to override existing calls of a lower priority.,MUST,no,0,optional,1,0.33,"EIRENE Functional Requirements Specification, version 7",2.4.6,M,2 Network requirements > 2.4 Call related services,2.4.5 (M): The network shall provide a mechanism whereby calls may be assigned one of a number of different priority levels.,2.4.7 (M): Pre-empted calls will be discontinued and the new call of a higher priority shall be connected instead.,"(M) mandatory, (O) optional, (I) informative"
S0040_nice_to_have,S0040,PURE,2007-eirene_fun_7-2,This mechanism shall allow calls with a higher assigned priority to override (pre-empt) existing calls of a lower priority.,allow calls with a higher assigned priority to override existing calls of a lower priority,nice_to_have,It would be useful if the system could allow calls with a higher assigned priority to override existing calls of a lower priority.,The system MUST allow calls with a higher assigned priority to override existing calls of a lower priority.,MUST,no,0,nice_to_have,0,0.0,"EIRENE Functional Requirements Specification, version 7",2.4.6,M,2 Network requirements > 2.4 Call related services,2.4.5 (M): The network shall provide a mechanism whereby calls may be assigned one of a number of different priority levels.,2.4.7 (M): Pre-empted calls will be discontinued and the new call of a higher priority shall be connected instead.,"(M) mandatory, (O) optional, (I) informative"
S0045_mandatory,S0045,PURE,2007-eirene_fun_7-2,"In the case of voice calls, it shall be possible for the user who is attempting to forward a call to converse with the intended recipient prior to forwarding.",allow a user forwarding a voice call to converse with the intended recipient before forwarding,mandatory,The system MUST allow a user forwarding a voice call to converse with the intended recipient before forwarding.,The system MUST allow a user forwarding a voice call to converse with the intended recipient before forwarding.,MUST,yes,1,mandatory,3,1.0,"EIRENE Functional Requirements Specification, version 7",2.4.11,M,2 Network requirements > 2.4 Call related services,2.4.10 (M): It shall be possible for an incoming call or data message for one user to be forwarded to another user using functionality provided by the network.,2.4.12: There are a number of sub-classes of call forwarding to be supported by the network: automatically forward the incoming call without any user interaction ( unconditional ); (M) automatically forward the incoming call without user interaction if the user is busy in an existing call ( busy ); (M) automatically forward the incoming call if there is no reply from the intended recipient ( no reply ); (O) automatically forward the incoming call if the intended recipient cannot be contacted via the network ( not reachable ). (O),"(M) mandatory, (O) optional, (I) informative"
S0045_recommended,S0045,PURE,2007-eirene_fun_7-2,"In the case of voice calls, it shall be possible for the user who is attempting to forward a call to converse with the intended recipient prior to forwarding.",allow a user forwarding a voice call to converse with the intended recipient before forwarding,recommended,The system SHOULD allow a user forwarding a voice call to converse with the intended recipient before forwarding.,The system MUST allow a user forwarding a voice call to converse with the intended recipient before forwarding.,MUST,no,0,recommended,2,0.67,"EIRENE Functional Requirements Specification, version 7",2.4.11,M,2 Network requirements > 2.4 Call related services,2.4.10 (M): It shall be possible for an incoming call or data message for one user to be forwarded to another user using functionality provided by the network.,2.4.12: There are a number of sub-classes of call forwarding to be supported by the network: automatically forward the incoming call without any user interaction ( unconditional ); (M) automatically forward the incoming call without user interaction if the user is busy in an existing call ( busy ); (M) automatically forward the incoming call if there is no reply from the intended recipient ( no reply ); (O) automatically forward the incoming call if the intended recipient cannot be contacted via the network ( not reachable ). (O),"(M) mandatory, (O) optional, (I) informative"
S0045_optional,S0045,PURE,2007-eirene_fun_7-2,"In the case of voice calls, it shall be possible for the user who is attempting to forward a call to converse with the intended recipient prior to forwarding.",allow a user forwarding a voice call to converse with the intended recipient before forwarding,optional,The system MAY allow a user forwarding a voice call to converse with the intended recipient before forwarding.,The system MUST allow a user forwarding a voice call to converse with the intended recipient before forwarding.,MUST,no,0,optional,1,0.33,"EIRENE Functional Requirements Specification, version 7",2.4.11,M,2 Network requirements > 2.4 Call related services,2.4.10 (M): It shall be possible for an incoming call or data message for one user to be forwarded to another user using functionality provided by the network.,2.4.12: There are a number of sub-classes of call forwarding to be supported by the network: automatically forward the incoming call without any user interaction ( unconditional ); (M) automatically forward the incoming call without user interaction if the user is busy in an existing call ( busy ); (M) automatically forward the incoming call if there is no reply from the intended recipient ( no reply ); (O) automatically forward the incoming call if the intended recipient cannot be contacted via the network ( not reachable ). (O),"(M) mandatory, (O) optional, (I) informative"
S0045_nice_to_have,S0045,PURE,2007-eirene_fun_7-2,"In the case of voice calls, it shall be possible for the user who is attempting to forward a call to converse with the intended recipient prior to forwarding.",allow a user forwarding a voice call to converse with the intended recipient before forwarding,nice_to_have,It would be useful if the system could allow a user forwarding a voice call to converse with the intended recipient before forwarding.,The system MUST allow a user forwarding a voice call to converse with the intended recipient before forwarding.,MUST,no,0,nice_to_have,0,0.0,"EIRENE Functional Requirements Specification, version 7",2.4.11,M,2 Network requirements > 2.4 Call related services,2.4.10 (M): It shall be possible for an incoming call or data message for one user to be forwarded to another user using functionality provided by the network.,2.4.12: There are a number of sub-classes of call forwarding to be supported by the network: automatically forward the incoming call without any user interaction ( unconditional ); (M) automatically forward the incoming call without user interaction if the user is busy in an existing call ( busy ); (M) automatically forward the incoming call if there is no reply from the intended recipient ( no reply ); (O) automatically forward the incoming call if the intended recipient cannot be contacted via the network ( not reachable ). (O),"(M) mandatory, (O) optional, (I) informative"
S0047_mandatory,S0047,PURE,2007-eirene_fun_7-2,The network shall allow the user to temporarily exit from an existing call by putting the call on hold.,allow the user to temporarily exit an existing call by putting the call on hold,mandatory,The system MUST allow the user to temporarily exit an existing call by putting the call on hold.,The system MUST allow the user to temporarily exit an existing call by putting the call on hold.,MUST,yes,1,mandatory,3,1.0,"EIRENE Functional Requirements Specification, version 7",2.4.13,M,2 Network requirements > 2.4 Call related services,2.4.12: There are a number of sub-classes of call forwarding to be supported by the network: automatically forward the incoming call without any user interaction ( unconditional ); (M) automatically forward the incoming call without user interaction if the user is busy in an existing call ( busy ); (M) automatically forward the incoming call if there is no reply from the intended recipient ( no reply ); (O) automatically forward the incoming call if the intended recipient cannot be contacted via the network ( not reachable ). (O),2.4.14 (M): It shall be possible for the user to re-join the call which is on hold at any time.,"(M) mandatory, (O) optional, (I) informative"
S0047_recommended,S0047,PURE,2007-eirene_fun_7-2,The network shall allow the user to temporarily exit from an existing call by putting the call on hold.,allow the user to temporarily exit an existing call by putting the call on hold,recommended,The system SHOULD allow the user to temporarily exit an existing call by putting the call on hold.,The system MUST allow the user to temporarily exit an existing call by putting the call on hold.,MUST,no,0,recommended,2,0.67,"EIRENE Functional Requirements Specification, version 7",2.4.13,M,2 Network requirements > 2.4 Call related services,2.4.12: There are a number of sub-classes of call forwarding to be supported by the network: automatically forward the incoming call without any user interaction ( unconditional ); (M) automatically forward the incoming call without user interaction if the user is busy in an existing call ( busy ); (M) automatically forward the incoming call if there is no reply from the intended recipient ( no reply ); (O) automatically forward the incoming call if the intended recipient cannot be contacted via the network ( not reachable ). (O),2.4.14 (M): It shall be possible for the user to re-join the call which is on hold at any time.,"(M) mandatory, (O) optional, (I) informative"
S0047_optional,S0047,PURE,2007-eirene_fun_7-2,The network shall allow the user to temporarily exit from an existing call by putting the call on hold.,allow the user to temporarily exit an existing call by putting the call on hold,optional,The system MAY allow the user to temporarily exit an existing call by putting the call on hold.,The system MUST allow the user to temporarily exit an existing call by putting the call on hold.,MUST,no,0,optional,1,0.33,"EIRENE Functional Requirements Specification, version 7",2.4.13,M,2 Network requirements > 2.4 Call related services,2.4.12: There are a number of sub-classes of call forwarding to be supported by the network: automatically forward the incoming call without any user interaction ( unconditional ); (M) automatically forward the incoming call without user interaction if the user is busy in an existing call ( busy ); (M) automatically forward the incoming call if there is no reply from the intended recipient ( no reply ); (O) automatically forward the incoming call if the intended recipient cannot be contacted via the network ( not reachable ). (O),2.4.14 (M): It shall be possible for the user to re-join the call which is on hold at any time.,"(M) mandatory, (O) optional, (I) informative"
S0047_nice_to_have,S0047,PURE,2007-eirene_fun_7-2,The network shall allow the user to temporarily exit from an existing call by putting the call on hold.,allow the user to temporarily exit an existing call by putting the call on hold,nice_to_have,It would be useful if the system could allow the user to temporarily exit an existing call by putting the call on hold.,The system MUST allow the user to temporarily exit an existing call by putting the call on hold.,MUST,no,0,nice_to_have,0,0.0,"EIRENE Functional Requirements Specification, version 7",2.4.13,M,2 Network requirements > 2.4 Call related services,2.4.12: There are a number of sub-classes of call forwarding to be supported by the network: automatically forward the incoming call without any user interaction ( unconditional ); (M) automatically forward the incoming call without user interaction if the user is busy in an existing call ( busy ); (M) automatically forward the incoming call if there is no reply from the intended recipient ( no reply ); (O) automatically forward the incoming call if the intended recipient cannot be contacted via the network ( not reachable ). (O),2.4.14 (M): It shall be possible for the user to re-join the call which is on hold at any time.,"(M) mandatory, (O) optional, (I) informative"
S0049_mandatory,S0049,PURE,2007-eirene_fun_7-2,"The network shall provide the ability to inform a user, who is involved in an existing call, of attempts by other users to contact them.",inform a user involved in an existing call of attempts by other users to contact them,mandatory,The system MUST inform a user involved in an existing call of attempts by other users to contact them.,The system MUST inform a user involved in an existing call of attempts by other users to contact them.,MUST,yes,1,mandatory,3,1.0,"EIRENE Functional Requirements Specification, version 7",2.4.15,M,2 Network requirements > 2.4 Call related services,2.4.14 (M): It shall be possible for the user to re-join the call which is on hold at any time.,"2.4.16 (O): Where network services are chargeable, it should be possible for the network to provide information about call rates and on-going call charges.","(M) mandatory, (O) optional, (I) informative"
S0049_recommended,S0049,PURE,2007-eirene_fun_7-2,"The network shall provide the ability to inform a user, who is involved in an existing call, of attempts by other users to contact them.",inform a user involved in an existing call of attempts by other users to contact them,recommended,The system SHOULD inform a user involved in an existing call of attempts by other users to contact them.,The system MUST inform a user involved in an existing call of attempts by other users to contact them.,MUST,no,0,recommended,2,0.67,"EIRENE Functional Requirements Specification, version 7",2.4.15,M,2 Network requirements > 2.4 Call related services,2.4.14 (M): It shall be possible for the user to re-join the call which is on hold at any time.,"2.4.16 (O): Where network services are chargeable, it should be possible for the network to provide information about call rates and on-going call charges.","(M) mandatory, (O) optional, (I) informative"
S0049_optional,S0049,PURE,2007-eirene_fun_7-2,"The network shall provide the ability to inform a user, who is involved in an existing call, of attempts by other users to contact them.",inform a user involved in an existing call of attempts by other users to contact them,optional,The system MAY inform a user involved in an existing call of attempts by other users to contact them.,The system MUST inform a user involved in an existing call of attempts by other users to contact them.,MUST,no,0,optional,1,0.33,"EIRENE Functional Requirements Specification, version 7",2.4.15,M,2 Network requirements > 2.4 Call related services,2.4.14 (M): It shall be possible for the user to re-join the call which is on hold at any time.,"2.4.16 (O): Where network services are chargeable, it should be possible for the network to provide information about call rates and on-going call charges.","(M) mandatory, (O) optional, (I) informative"
S0049_nice_to_have,S0049,PURE,2007-eirene_fun_7-2,"The network shall provide the ability to inform a user, who is involved in an existing call, of attempts by other users to contact them.",inform a user involved in an existing call of attempts by other users to contact them,nice_to_have,It would be useful if the system could inform a user involved in an existing call of attempts by other users to contact them.,The system MUST inform a user involved in an existing call of attempts by other users to contact them.,MUST,no,0,nice_to_have,0,0.0,"EIRENE Functional Requirements Specification, version 7",2.4.15,M,2 Network requirements > 2.4 Call related services,2.4.14 (M): It shall be possible for the user to re-join the call which is on hold at any time.,"2.4.16 (O): Where network services are chargeable, it should be possible for the network to provide information about call rates and on-going call charges.","(M) mandatory, (O) optional, (I) informative"
S0050_mandatory,S0050,PURE,2007-eirene_fun_7-2,"Where network services are chargeable, it should be possible for the network to provide information about call rates and on-going call charges.",provide information about call rates and ongoing call charges where network services are chargeable,mandatory,The system MUST provide information about call rates and ongoing call charges where network services are chargeable.,The system MUST provide information about call rates and ongoing call charges where network services are chargeable.,MUST,yes,1,mandatory,3,1.0,"EIRENE Functional Requirements Specification, version 7",2.4.16,O,2 Network requirements > 2.4 Call related services,"2.4.15 (M): The network shall provide the ability to inform a user, who is involved in an existing call, of attempts by other users to contact them.","2.4.17 (M): It shall be possible, using network management or maintenance facilities, to prevent individual users from:","(M) mandatory, (O) optional, (I) informative"
S0050_recommended,S0050,PURE,2007-eirene_fun_7-2,"Where network services are chargeable, it should be possible for the network to provide information about call rates and on-going call charges.",provide information about call rates and ongoing call charges where network services are chargeable,recommended,The system SHOULD provide information about call rates and ongoing call charges where network services are chargeable.,The system MUST provide information about call rates and ongoing call charges where network services are chargeable.,MUST,no,0,recommended,2,0.67,"EIRENE Functional Requirements Specification, version 7",2.4.16,O,2 Network requirements > 2.4 Call related services,"2.4.15 (M): The network shall provide the ability to inform a user, who is involved in an existing call, of attempts by other users to contact them.","2.4.17 (M): It shall be possible, using network management or maintenance facilities, to prevent individual users from:","(M) mandatory, (O) optional, (I) informative"
S0050_optional,S0050,PURE,2007-eirene_fun_7-2,"Where network services are chargeable, it should be possible for the network to provide information about call rates and on-going call charges.",provide information about call rates and ongoing call charges where network services are chargeable,optional,The system MAY provide information about call rates and ongoing call charges where network services are chargeable.,The system MUST provide information about call rates and ongoing call charges where network services are chargeable.,MUST,no,0,optional,1,0.33,"EIRENE Functional Requirements Specification, version 7",2.4.16,O,2 Network requirements > 2.4 Call related services,"2.4.15 (M): The network shall provide the ability to inform a user, who is involved in an existing call, of attempts by other users to contact them.","2.4.17 (M): It shall be possible, using network management or maintenance facilities, to prevent individual users from:","(M) mandatory, (O) optional, (I) informative"
S0050_nice_to_have,S0050,PURE,2007-eirene_fun_7-2,"Where network services are chargeable, it should be possible for the network to provide information about call rates and on-going call charges.",provide information about call rates and ongoing call charges where network services are chargeable,nice_to_have,It would be useful if the system could provide information about call rates and ongoing call charges where network services are chargeable.,The system MUST provide information about call rates and ongoing call charges where network services are chargeable.,MUST,no,0,nice_to_have,0,0.0,"EIRENE Functional Requirements Specification, version 7",2.4.16,O,2 Network requirements > 2.4 Call related services,"2.4.15 (M): The network shall provide the ability to inform a user, who is involved in an existing call, of attempts by other users to contact them.","2.4.17 (M): It shall be possible, using network management or maintenance facilities, to prevent individual users from:","(M) mandatory, (O) optional, (I) informative"
S0057_mandatory,S0057,PURE,2007-eirene_fun_7-2,The network shall support all EIRENE-compliant mobiles.,provide network support for all EIRENE-compliant mobiles,mandatory,The system MUST provide network support for all EIRENE-compliant mobiles.,The system MUST provide network support for all EIRENE-compliant mobiles.,MUST,yes,1,mandatory,3,1.0,"EIRENE Functional Requirements Specification, version 7",3.2.3,M,3 Network configuration > 3.2 Coverage and performance,3.2.2 (O): The level of coverage should be at least 95% of the time over 95% of the designated coverage area for a radio installed in a vehicle with an external antenna.,3.2.4: The land-based part of the system shall provide communications for mobiles when stationary and when travelling at speeds up to the maximum allowable line speed or,"(M) mandatory, (O) optional, (I) informative"
S0057_recommended,S0057,PURE,2007-eirene_fun_7-2,The network shall support all EIRENE-compliant mobiles.,provide network support for all EIRENE-compliant mobiles,recommended,The system SHOULD provide network support for all EIRENE-compliant mobiles.,The system MUST provide network support for all EIRENE-compliant mobiles.,MUST,no,0,recommended,2,0.67,"EIRENE Functional Requirements Specification, version 7",3.2.3,M,3 Network configuration > 3.2 Coverage and performance,3.2.2 (O): The level of coverage should be at least 95% of the time over 95% of the designated coverage area for a radio installed in a vehicle with an external antenna.,3.2.4: The land-based part of the system shall provide communications for mobiles when stationary and when travelling at speeds up to the maximum allowable line speed or,"(M) mandatory, (O) optional, (I) informative"
S0057_optional,S0057,PURE,2007-eirene_fun_7-2,The network shall support all EIRENE-compliant mobiles.,provide network support for all EIRENE-compliant mobiles,optional,The system MAY provide network support for all EIRENE-compliant mobiles.,The system MUST provide network support for all EIRENE-compliant mobiles.,MUST,no,0,optional,1,0.33,"EIRENE Functional Requirements Specification, version 7",3.2.3,M,3 Network configuration > 3.2 Coverage and performance,3.2.2 (O): The level of coverage should be at least 95% of the time over 95% of the designated coverage area for a radio installed in a vehicle with an external antenna.,3.2.4: The land-based part of the system shall provide communications for mobiles when stationary and when travelling at speeds up to the maximum allowable line speed or,"(M) mandatory, (O) optional, (I) informative"
S0057_nice_to_have,S0057,PURE,2007-eirene_fun_7-2,The network shall support all EIRENE-compliant mobiles.,provide network support for all EIRENE-compliant mobiles,nice_to_have,It would be useful if the system could provide network support for all EIRENE-compliant mobiles.,The system MUST provide network support for all EIRENE-compliant mobiles.,MUST,no,0,nice_to_have,0,0.0,"EIRENE Functional Requirements Specification, version 7",3.2.3,M,3 Network configuration > 3.2 Coverage and performance,3.2.2 (O): The level of coverage should be at least 95% of the time over 95% of the designated coverage area for a radio installed in a vehicle with an external antenna.,3.2.4: The land-based part of the system shall provide communications for mobiles when stationary and when travelling at speeds up to the maximum allowable line speed or,"(M) mandatory, (O) optional, (I) informative"
S0088_mandatory,S0088,PURE,2007-eirene_fun_7-2,"All design, testing and installation of EIRENE mobile radio equipment shall comply with the quality procedures defined in ISO 9001 .","provide EIRENE mobile radio equipment whose design, testing and installation all comply with the quality procedures defined in ISO 9001",mandatory,"The system MUST provide EIRENE mobile radio equipment whose design, testing and installation all comply with the quality procedures defined in ISO 9001.","The system MUST provide EIRENE mobile radio equipment whose design, testing and installation all comply with the quality procedures defined in ISO 9001.",MUST,yes,1,mandatory,3,1.0,"EIRENE Functional Requirements Specification, version 7",4.3.5,M,4 Mobile equipment core specification > 4.3 Environmental and physical requirements,"4.3.4 (M): Any environmental and physical requirements stated may be superseded by national requirements if the national standards provide a higher level of environmental and physical protection. However, stricter national standards shall not prevent the use of other EIRENE mobiles in that country.","4.3.6 (M): Any pressure pulses caused by vehicles passing, entering or leaving tunnels shall not affect the normal operation of EIRENE mobile equipment.","(M) mandatory, (O) optional, (I) informative"
S0088_recommended,S0088,PURE,2007-eirene_fun_7-2,"All design, testing and installation of EIRENE mobile radio equipment shall comply with the quality procedures defined in ISO 9001 .","provide EIRENE mobile radio equipment whose design, testing and installation all comply with the quality procedures defined in ISO 9001",recommended,"The system SHOULD provide EIRENE mobile radio equipment whose design, testing and installation all comply with the quality procedures defined in ISO 9001.","The system MUST provide EIRENE mobile radio equipment whose design, testing and installation all comply with the quality procedures defined in ISO 9001.",MUST,no,0,recommended,2,0.67,"EIRENE Functional Requirements Specification, version 7",4.3.5,M,4 Mobile equipment core specification > 4.3 Environmental and physical requirements,"4.3.4 (M): Any environmental and physical requirements stated may be superseded by national requirements if the national standards provide a higher level of environmental and physical protection. However, stricter national standards shall not prevent the use of other EIRENE mobiles in that country.","4.3.6 (M): Any pressure pulses caused by vehicles passing, entering or leaving tunnels shall not affect the normal operation of EIRENE mobile equipment.","(M) mandatory, (O) optional, (I) informative"
S0088_optional,S0088,PURE,2007-eirene_fun_7-2,"All design, testing and installation of EIRENE mobile radio equipment shall comply with the quality procedures defined in ISO 9001 .","provide EIRENE mobile radio equipment whose design, testing and installation all comply with the quality procedures defined in ISO 9001",optional,"The system MAY provide EIRENE mobile radio equipment whose design, testing and installation all comply with the quality procedures defined in ISO 9001.","The system MUST provide EIRENE mobile radio equipment whose design, testing and installation all comply with the quality procedures defined in ISO 9001.",MUST,no,0,optional,1,0.33,"EIRENE Functional Requirements Specification, version 7",4.3.5,M,4 Mobile equipment core specification > 4.3 Environmental and physical requirements,"4.3.4 (M): Any environmental and physical requirements stated may be superseded by national requirements if the national standards provide a higher level of environmental and physical protection. However, stricter national standards shall not prevent the use of other EIRENE mobiles in that country.","4.3.6 (M): Any pressure pulses caused by vehicles passing, entering or leaving tunnels shall not affect the normal operation of EIRENE mobile equipment.","(M) mandatory, (O) optional, (I) informative"
S0088_nice_to_have,S0088,PURE,2007-eirene_fun_7-2,"All design, testing and installation of EIRENE mobile radio equipment shall comply with the quality procedures defined in ISO 9001 .","provide EIRENE mobile radio equipment whose design, testing and installation all comply with the quality procedures defined in ISO 9001",nice_to_have,"It would be useful if the system could provide EIRENE mobile radio equipment whose design, testing and installation all comply with the quality procedures defined in ISO 9001.","The system MUST provide EIRENE mobile radio equipment whose design, testing and installation all comply with the quality procedures defined in ISO 9001.",MUST,no,0,nice_to_have,0,0.0,"EIRENE Functional Requirements Specification, version 7",4.3.5,M,4 Mobile equipment core specification > 4.3 Environmental and physical requirements,"4.3.4 (M): Any environmental and physical requirements stated may be superseded by national requirements if the national standards provide a higher level of environmental and physical protection. However, stricter national standards shall not prevent the use of other EIRENE mobiles in that country.","4.3.6 (M): Any pressure pulses caused by vehicles passing, entering or leaving tunnels shall not affect the normal operation of EIRENE mobile equipment.","(M) mandatory, (O) optional, (I) informative"
S0096_mandatory,S0096,PURE,2007-eirene_fun_7-2,"Moreover, a driver may be provided with a handheld portable to allow communications whilst the driver is outside the train.",provide the driver with a handheld portable for communication outside the train,mandatory,The system MUST provide the driver with a handheld portable for communication outside the train.,The system MUST provide the driver with a handheld portable for communication outside the train.,MUST,yes,1,mandatory,3,1.0,"EIRENE Functional Requirements Specification, version 7",5.1.2,O,5 Cab radio > 5.1 Introduction,"5.1.1 (I): This section identifies the functional requirements for the EIRENE Cab radio. It covers the functionality provided by the Cab radio, driver MMI and support to other on-train systems.","5.2.1.1 (I): In this subsection, the functions to be provided by the Cab radio are described.","(M) mandatory, (O) optional, (I) informative"
S0096_recommended,S0096,PURE,2007-eirene_fun_7-2,"Moreover, a driver may be provided with a handheld portable to allow communications whilst the driver is outside the train.",provide the driver with a handheld portable for communication outside the train,recommended,The system SHOULD provide the driver with a handheld portable for communication outside the train.,The system MUST provide the driver with a handheld portable for communication outside the train.,MUST,no,0,recommended,2,0.67,"EIRENE Functional Requirements Specification, version 7",5.1.2,O,5 Cab radio > 5.1 Introduction,"5.1.1 (I): This section identifies the functional requirements for the EIRENE Cab radio. It covers the functionality provided by the Cab radio, driver MMI and support to other on-train systems.","5.2.1.1 (I): In this subsection, the functions to be provided by the Cab radio are described.","(M) mandatory, (O) optional, (I) informative"
S0096_optional,S0096,PURE,2007-eirene_fun_7-2,"Moreover, a driver may be provided with a handheld portable to allow communications whilst the driver is outside the train.",provide the driver with a handheld portable for communication outside the train,optional,The system MAY provide the driver with a handheld portable for communication outside the train.,The system MUST provide the driver with a handheld portable for communication outside the train.,MUST,no,0,optional,1,0.33,"EIRENE Functional Requirements Specification, version 7",5.1.2,O,5 Cab radio > 5.1 Introduction,"5.1.1 (I): This section identifies the functional requirements for the EIRENE Cab radio. It covers the functionality provided by the Cab radio, driver MMI and support to other on-train systems.","5.2.1.1 (I): In this subsection, the functions to be provided by the Cab radio are described.","(M) mandatory, (O) optional, (I) informative"
S0096_nice_to_have,S0096,PURE,2007-eirene_fun_7-2,"Moreover, a driver may be provided with a handheld portable to allow communications whilst the driver is outside the train.",provide the driver with a handheld portable for communication outside the train,nice_to_have,It would be useful if the system could provide the driver with a handheld portable for communication outside the train.,The system MUST provide the driver with a handheld portable for communication outside the train.,MUST,no,0,nice_to_have,0,0.0,"EIRENE Functional Requirements Specification, version 7",5.1.2,O,5 Cab radio > 5.1 Introduction,"5.1.1 (I): This section identifies the functional requirements for the EIRENE Cab radio. It covers the functionality provided by the Cab radio, driver MMI and support to other on-train systems.","5.2.1.1 (I): In this subsection, the functions to be provided by the Cab radio are described.","(M) mandatory, (O) optional, (I) informative"
S0108_mandatory,S0108,PURE,2007-eirene_fun_7-2,An audible and visual indication shall be provided to the driver that the call is proceeding.,provide the driver with an audible and visual indication that the call to the controller is proceeding,mandatory,The system MUST provide the driver with an audible and visual indication that the call to the controller is proceeding.,The system MUST provide the driver with an audible and visual indication that the call to the controller is proceeding.,MUST,yes,1,mandatory,3,1.0,"EIRENE Functional Requirements Specification, version 7",5.2.2.4,M,5 Cab radio > 5.2 Functional requirements > 5.2.2 Driver call related functions,"5.2.2.3i: The functional identity includes the following: the train number, if available; (M) the engine number, if no train number is available; (M) the coach number of the leading cab, if neither a train number nor an engine number is available. (O)","5.2.2.5 (M): When the call is connected to the controller, an audible and visual indication is to be provided to the driver. The call shall be connected to the loudspeaker at the pre-set value.","(M) mandatory, (O) optional, (I) informative"
S0108_recommended,S0108,PURE,2007-eirene_fun_7-2,An audible and visual indication shall be provided to the driver that the call is proceeding.,provide the driver with an audible and visual indication that the call to the controller is proceeding,recommended,The system SHOULD provide the driver with an audible and visual indication that the call to the controller is proceeding.,The system MUST provide the driver with an audible and visual indication that the call to the controller is proceeding.,MUST,no,0,recommended,2,0.67,"EIRENE Functional Requirements Specification, version 7",5.2.2.4,M,5 Cab radio > 5.2 Functional requirements > 5.2.2 Driver call related functions,"5.2.2.3i: The functional identity includes the following: the train number, if available; (M) the engine number, if no train number is available; (M) the coach number of the leading cab, if neither a train number nor an engine number is available. (O)","5.2.2.5 (M): When the call is connected to the controller, an audible and visual indication is to be provided to the driver. The call shall be connected to the loudspeaker at the pre-set value.","(M) mandatory, (O) optional, (I) informative"
S0108_optional,S0108,PURE,2007-eirene_fun_7-2,An audible and visual indication shall be provided to the driver that the call is proceeding.,provide the driver with an audible and visual indication that the call to the controller is proceeding,optional,The system MAY provide the driver with an audible and visual indication that the call to the controller is proceeding.,The system MUST provide the driver with an audible and visual indication that the call to the controller is proceeding.,MUST,no,0,optional,1,0.33,"EIRENE Functional Requirements Specification, version 7",5.2.2.4,M,5 Cab radio > 5.2 Functional requirements > 5.2.2 Driver call related functions,"5.2.2.3i: The functional identity includes the following: the train number, if available; (M) the engine number, if no train number is available; (M) the coach number of the leading cab, if neither a train number nor an engine number is available. (O)","5.2.2.5 (M): When the call is connected to the controller, an audible and visual indication is to be provided to the driver. The call shall be connected to the loudspeaker at the pre-set value.","(M) mandatory, (O) optional, (I) informative"
S0108_nice_to_have,S0108,PURE,2007-eirene_fun_7-2,An audible and visual indication shall be provided to the driver that the call is proceeding.,provide the driver with an audible and visual indication that the call to the controller is proceeding,nice_to_have,It would be useful if the system could provide the driver with an audible and visual indication that the call to the controller is proceeding.,The system MUST provide the driver with an audible and visual indication that the call to the controller is proceeding.,MUST,no,0,nice_to_have,0,0.0,"EIRENE Functional Requirements Specification, version 7",5.2.2.4,M,5 Cab radio > 5.2 Functional requirements > 5.2.2 Driver call related functions,"5.2.2.3i: The functional identity includes the following: the train number, if available; (M) the engine number, if no train number is available; (M) the coach number of the leading cab, if neither a train number nor an engine number is available. (O)","5.2.2.5 (M): When the call is connected to the controller, an audible and visual indication is to be provided to the driver. The call shall be connected to the loudspeaker at the pre-set value.","(M) mandatory, (O) optional, (I) informative"
S0111_mandatory,S0111,PURE,2007-eirene_fun_7-2,"If the functional identity of the connected party contains an alphanumeric description, this shall also be displayed.",display the connected party's alphanumeric functional-identity description to the driver when that description is present,mandatory,The system MUST display the connected party's alphanumeric functional-identity description to the driver when that description is present.,The system MUST display the connected party's alphanumeric functional-identity description to the driver when that description is present.,MUST,yes,1,mandatory,3,1.0,"EIRENE Functional Requirements Specification, version 7",5.2.2.7,M,5 Cab radio > 5.2 Functional requirements > 5.2.2 Driver call related functions,"5.2.2.6 (M): The functional identity of the connected party, if available, shall be displayed to the driver.","5.2.2.8 (M): If the system is not able to connect the call, an audible and visual indication shall be provided to the driver that the call was not received by the controller. This shall also indicate if the called party was busy or if the network could not connect the call.","(M) mandatory, (O) optional, (I) informative"
S0111_recommended,S0111,PURE,2007-eirene_fun_7-2,"If the functional identity of the connected party contains an alphanumeric description, this shall also be displayed.",display the connected party's alphanumeric functional-identity description to the driver when that description is present,recommended,The system SHOULD display the connected party's alphanumeric functional-identity description to the driver when that description is present.,The system MUST display the connected party's alphanumeric functional-identity description to the driver when that description is present.,MUST,no,0,recommended,2,0.67,"EIRENE Functional Requirements Specification, version 7",5.2.2.7,M,5 Cab radio > 5.2 Functional requirements > 5.2.2 Driver call related functions,"5.2.2.6 (M): The functional identity of the connected party, if available, shall be displayed to the driver.","5.2.2.8 (M): If the system is not able to connect the call, an audible and visual indication shall be provided to the driver that the call was not received by the controller. This shall also indicate if the called party was busy or if the network could not connect the call.","(M) mandatory, (O) optional, (I) informative"
S0111_optional,S0111,PURE,2007-eirene_fun_7-2,"If the functional identity of the connected party contains an alphanumeric description, this shall also be displayed.",display the connected party's alphanumeric functional-identity description to the driver when that description is present,optional,The system MAY display the connected party's alphanumeric functional-identity description to the driver when that description is present.,The system MUST display the connected party's alphanumeric functional-identity description to the driver when that description is present.,MUST,no,0,optional,1,0.33,"EIRENE Functional Requirements Specification, version 7",5.2.2.7,M,5 Cab radio > 5.2 Functional requirements > 5.2.2 Driver call related functions,"5.2.2.6 (M): The functional identity of the connected party, if available, shall be displayed to the driver.","5.2.2.8 (M): If the system is not able to connect the call, an audible and visual indication shall be provided to the driver that the call was not received by the controller. This shall also indicate if the called party was busy or if the network could not connect the call.","(M) mandatory, (O) optional, (I) informative"
S0111_nice_to_have,S0111,PURE,2007-eirene_fun_7-2,"If the functional identity of the connected party contains an alphanumeric description, this shall also be displayed.",display the connected party's alphanumeric functional-identity description to the driver when that description is present,nice_to_have,It would be useful if the system could display the connected party's alphanumeric functional-identity description to the driver when that description is present.,The system MUST display the connected party's alphanumeric functional-identity description to the driver when that description is present.,MUST,no,0,nice_to_have,0,0.0,"EIRENE Functional Requirements Specification, version 7",5.2.2.7,M,5 Cab radio > 5.2 Functional requirements > 5.2.2 Driver call related functions,"5.2.2.6 (M): The functional identity of the connected party, if available, shall be displayed to the driver.","5.2.2.8 (M): If the system is not able to connect the call, an audible and visual indication shall be provided to the driver that the call was not received by the controller. This shall also indicate if the called party was busy or if the network could not connect the call.","(M) mandatory, (O) optional, (I) informative"
S0115_mandatory,S0115,PURE,2007-eirene_fun_7-2,The group identity shall be displayed on the Cab radios of the participating drivers.,display the group identity on the Cab radios of the participating drivers,mandatory,The system MUST display the group identity on the Cab radios of the participating drivers.,The system MUST display the group identity on the Cab radios of the participating drivers.,MUST,yes,1,mandatory,3,1.0,"EIRENE Functional Requirements Specification, version 7",5.2.2.11,M,5 Cab radio > 5.2 Functional requirements > 5.2.2 Driver call related functions,5.2.2.10 (M): A driver shall be able to initiate the establishment of a call to other drivers with a minimum of action (eg a single keystroke).,5.2.2.12 (M): An audible and visual indication shall be provided to the driver that the call is proceeding.,"(M) mandatory, (O) optional, (I) informative"
S0115_recommended,S0115,PURE,2007-eirene_fun_7-2,The group identity shall be displayed on the Cab radios of the participating drivers.,display the group identity on the Cab radios of the participating drivers,recommended,The system SHOULD display the group identity on the Cab radios of the participating drivers.,The system MUST display the group identity on the Cab radios of the participating drivers.,MUST,no,0,recommended,2,0.67,"EIRENE Functional Requirements Specification, version 7",5.2.2.11,M,5 Cab radio > 5.2 Functional requirements > 5.2.2 Driver call related functions,5.2.2.10 (M): A driver shall be able to initiate the establishment of a call to other drivers with a minimum of action (eg a single keystroke).,5.2.2.12 (M): An audible and visual indication shall be provided to the driver that the call is proceeding.,"(M) mandatory, (O) optional, (I) informative"
S0115_optional,S0115,PURE,2007-eirene_fun_7-2,The group identity shall be displayed on the Cab radios of the participating drivers.,display the group identity on the Cab radios of the participating drivers,optional,The system MAY display the group identity on the Cab radios of the participating drivers.,The system MUST display the group identity on the Cab radios of the participating drivers.,MUST,no,0,optional,1,0.33,"EIRENE Functional Requirements Specification, version 7",5.2.2.11,M,5 Cab radio > 5.2 Functional requirements > 5.2.2 Driver call related functions,5.2.2.10 (M): A driver shall be able to initiate the establishment of a call to other drivers with a minimum of action (eg a single keystroke).,5.2.2.12 (M): An audible and visual indication shall be provided to the driver that the call is proceeding.,"(M) mandatory, (O) optional, (I) informative"
S0115_nice_to_have,S0115,PURE,2007-eirene_fun_7-2,The group identity shall be displayed on the Cab radios of the participating drivers.,display the group identity on the Cab radios of the participating drivers,nice_to_have,It would be useful if the system could display the group identity on the Cab radios of the participating drivers.,The system MUST display the group identity on the Cab radios of the participating drivers.,MUST,no,0,nice_to_have,0,0.0,"EIRENE Functional Requirements Specification, version 7",5.2.2.11,M,5 Cab radio > 5.2 Functional requirements > 5.2.2 Driver call related functions,5.2.2.10 (M): A driver shall be able to initiate the establishment of a call to other drivers with a minimum of action (eg a single keystroke).,5.2.2.12 (M): An audible and visual indication shall be provided to the driver that the call is proceeding.,"(M) mandatory, (O) optional, (I) informative"
S0129_mandatory,S0129,PURE,2007-eirene_fun_7-2,"Whilst on-going, a multi-drivers indication shall be displayed permanently at all Cab radios.",display a multi-driver indication permanently at all Cab radios while the multi-driver call is ongoing,mandatory,The system MUST display a multi-driver indication permanently at all Cab radios while the multi-driver call is ongoing.,The system MUST display a multi-driver indication permanently at all Cab radios while the multi-driver call is ongoing.,MUST,yes,1,mandatory,3,1.0,"EIRENE Functional Requirements Specification, version 7",5.2.2.28,M,5 Cab radio > 5.2 Functional requirements > 5.2.2 Driver call related functions,5.2.2.27 (I): The call will be established from the active cab of the lead traction vehicle.,"5.2.2.29 (M): The lead driver shall be notified if a member of the group has placed the call on hold, although this shall not affect communications between the remaining members of the group.","(M) mandatory, (O) optional, (I) informative"
S0129_recommended,S0129,PURE,2007-eirene_fun_7-2,"Whilst on-going, a multi-drivers indication shall be displayed permanently at all Cab radios.",display a multi-driver indication permanently at all Cab radios while the multi-driver call is ongoing,recommended,The system SHOULD display a multi-driver indication permanently at all Cab radios while the multi-driver call is ongoing.,The system MUST display a multi-driver indication permanently at all Cab radios while the multi-driver call is ongoing.,MUST,no,0,recommended,2,0.67,"EIRENE Functional Requirements Specification, version 7",5.2.2.28,M,5 Cab radio > 5.2 Functional requirements > 5.2.2 Driver call related functions,5.2.2.27 (I): The call will be established from the active cab of the lead traction vehicle.,"5.2.2.29 (M): The lead driver shall be notified if a member of the group has placed the call on hold, although this shall not affect communications between the remaining members of the group.","(M) mandatory, (O) optional, (I) informative"
S0129_optional,S0129,PURE,2007-eirene_fun_7-2,"Whilst on-going, a multi-drivers indication shall be displayed permanently at all Cab radios.",display a multi-driver indication permanently at all Cab radios while the multi-driver call is ongoing,optional,The system MAY display a multi-driver indication permanently at all Cab radios while the multi-driver call is ongoing.,The system MUST display a multi-driver indication permanently at all Cab radios while the multi-driver call is ongoing.,MUST,no,0,optional,1,0.33,"EIRENE Functional Requirements Specification, version 7",5.2.2.28,M,5 Cab radio > 5.2 Functional requirements > 5.2.2 Driver call related functions,5.2.2.27 (I): The call will be established from the active cab of the lead traction vehicle.,"5.2.2.29 (M): The lead driver shall be notified if a member of the group has placed the call on hold, although this shall not affect communications between the remaining members of the group.","(M) mandatory, (O) optional, (I) informative"
S0129_nice_to_have,S0129,PURE,2007-eirene_fun_7-2,"Whilst on-going, a multi-drivers indication shall be displayed permanently at all Cab radios.",display a multi-driver indication permanently at all Cab radios while the multi-driver call is ongoing,nice_to_have,It would be useful if the system could display a multi-driver indication permanently at all Cab radios while the multi-driver call is ongoing.,The system MUST display a multi-driver indication permanently at all Cab radios while the multi-driver call is ongoing.,MUST,no,0,nice_to_have,0,0.0,"EIRENE Functional Requirements Specification, version 7",5.2.2.28,M,5 Cab radio > 5.2 Functional requirements > 5.2.2 Driver call related functions,5.2.2.27 (I): The call will be established from the active cab of the lead traction vehicle.,"5.2.2.29 (M): The lead driver shall be notified if a member of the group has placed the call on hold, although this shall not affect communications between the remaining members of the group.","(M) mandatory, (O) optional, (I) informative"
S0131_mandatory,S0131,PURE,2007-eirene_fun_7-2,"At any time during the call, the lead driver shall be able to remove a member of the group.",allow the lead driver to remove a member from the multi-driver call at any time during that call,mandatory,The system MUST allow the lead driver to remove a member from the multi-driver call at any time during that call.,The system MUST allow the lead driver to remove a member from the multi-driver call at any time during that call.,MUST,yes,1,mandatory,3,1.0,"EIRENE Functional Requirements Specification, version 7",5.2.2.30,M,5 Cab radio > 5.2 Functional requirements > 5.2.2 Driver call related functions,"5.2.2.29 (M): The lead driver shall be notified if a member of the group has placed the call on hold, although this shall not affect communications between the remaining members of the group.",5.2.2.31 (M): The lead driver shall be able to terminate the entire call.,"(M) mandatory, (O) optional, (I) informative"
S0131_recommended,S0131,PURE,2007-eirene_fun_7-2,"At any time during the call, the lead driver shall be able to remove a member of the group.",allow the lead driver to remove a member from the multi-driver call at any time during that call,recommended,The system SHOULD allow the lead driver to remove a member from the multi-driver call at any time during that call.,The system MUST allow the lead driver to remove a member from the multi-driver call at any time during that call.,MUST,no,0,recommended,2,0.67,"EIRENE Functional Requirements Specification, version 7",5.2.2.30,M,5 Cab radio > 5.2 Functional requirements > 5.2.2 Driver call related functions,"5.2.2.29 (M): The lead driver shall be notified if a member of the group has placed the call on hold, although this shall not affect communications between the remaining members of the group.",5.2.2.31 (M): The lead driver shall be able to terminate the entire call.,"(M) mandatory, (O) optional, (I) informative"
S0131_optional,S0131,PURE,2007-eirene_fun_7-2,"At any time during the call, the lead driver shall be able to remove a member of the group.",allow the lead driver to remove a member from the multi-driver call at any time during that call,optional,The system MAY allow the lead driver to remove a member from the multi-driver call at any time during that call.,The system MUST allow the lead driver to remove a member from the multi-driver call at any time during that call.,MUST,no,0,optional,1,0.33,"EIRENE Functional Requirements Specification, version 7",5.2.2.30,M,5 Cab radio > 5.2 Functional requirements > 5.2.2 Driver call related functions,"5.2.2.29 (M): The lead driver shall be notified if a member of the group has placed the call on hold, although this shall not affect communications between the remaining members of the group.",5.2.2.31 (M): The lead driver shall be able to terminate the entire call.,"(M) mandatory, (O) optional, (I) informative"
S0131_nice_to_have,S0131,PURE,2007-eirene_fun_7-2,"At any time during the call, the lead driver shall be able to remove a member of the group.",allow the lead driver to remove a member from the multi-driver call at any time during that call,nice_to_have,It would be useful if the system could allow the lead driver to remove a member from the multi-driver call at any time during that call.,The system MUST allow the lead driver to remove a member from the multi-driver call at any time during that call.,MUST,no,0,nice_to_have,0,0.0,"EIRENE Functional Requirements Specification, version 7",5.2.2.30,M,5 Cab radio > 5.2 Functional requirements > 5.2.2 Driver call related functions,"5.2.2.29 (M): The lead driver shall be notified if a member of the group has placed the call on hold, although this shall not affect communications between the remaining members of the group.",5.2.2.31 (M): The lead driver shall be able to terminate the entire call.,"(M) mandatory, (O) optional, (I) informative"
S0133_mandatory,S0133,PURE,2007-eirene_fun_7-2,"If a driver is disconnected from the multi-driver call, a clear indication shall be given.",provide a clear indication if a driver is disconnected from the multi-driver call,mandatory,The system MUST provide a clear indication if a driver is disconnected from the multi-driver call.,The system MUST provide a clear indication if a driver is disconnected from the multi-driver call.,MUST,yes,1,mandatory,3,1.0,"EIRENE Functional Requirements Specification, version 7",5.2.2.32,M,5 Cab radio > 5.2 Functional requirements > 5.2.2 Driver call related functions,5.2.2.31 (M): The lead driver shall be able to terminate the entire call.,5.2.2.33 (M): The setting up and closing down of a multi-driver call shall be simplified using automation or guidance through the steps required.,"(M) mandatory, (O) optional, (I) informative"
S0133_recommended,S0133,PURE,2007-eirene_fun_7-2,"If a driver is disconnected from the multi-driver call, a clear indication shall be given.",provide a clear indication if a driver is disconnected from the multi-driver call,recommended,The system SHOULD provide a clear indication if a driver is disconnected from the multi-driver call.,The system MUST provide a clear indication if a driver is disconnected from the multi-driver call.,MUST,no,0,recommended,2,0.67,"EIRENE Functional Requirements Specification, version 7",5.2.2.32,M,5 Cab radio > 5.2 Functional requirements > 5.2.2 Driver call related functions,5.2.2.31 (M): The lead driver shall be able to terminate the entire call.,5.2.2.33 (M): The setting up and closing down of a multi-driver call shall be simplified using automation or guidance through the steps required.,"(M) mandatory, (O) optional, (I) informative"
S0133_optional,S0133,PURE,2007-eirene_fun_7-2,"If a driver is disconnected from the multi-driver call, a clear indication shall be given.",provide a clear indication if a driver is disconnected from the multi-driver call,optional,The system MAY provide a clear indication if a driver is disconnected from the multi-driver call.,The system MUST provide a clear indication if a driver is disconnected from the multi-driver call.,MUST,no,0,optional,1,0.33,"EIRENE Functional Requirements Specification, version 7",5.2.2.32,M,5 Cab radio > 5.2 Functional requirements > 5.2.2 Driver call related functions,5.2.2.31 (M): The lead driver shall be able to terminate the entire call.,5.2.2.33 (M): The setting up and closing down of a multi-driver call shall be simplified using automation or guidance through the steps required.,"(M) mandatory, (O) optional, (I) informative"
S0133_nice_to_have,S0133,PURE,2007-eirene_fun_7-2,"If a driver is disconnected from the multi-driver call, a clear indication shall be given.",provide a clear indication if a driver is disconnected from the multi-driver call,nice_to_have,It would be useful if the system could provide a clear indication if a driver is disconnected from the multi-driver call.,The system MUST provide a clear indication if a driver is disconnected from the multi-driver call.,MUST,no,0,nice_to_have,0,0.0,"EIRENE Functional Requirements Specification, version 7",5.2.2.32,M,5 Cab radio > 5.2 Functional requirements > 5.2.2 Driver call related functions,5.2.2.31 (M): The lead driver shall be able to terminate the entire call.,5.2.2.33 (M): The setting up and closing down of a multi-driver call shall be simplified using automation or guidance through the steps required.,"(M) mandatory, (O) optional, (I) informative"
S0141_mandatory,S0141,PURE,2007-eirene_fun_7-2,The driver shall then be prompted to select the train staff with which he wishes to communicate.,prompt the driver to select the train staff with whom to communicate after presenting the list of generic train staff,mandatory,The system MUST prompt the driver to select the train staff with whom to communicate after presenting the list of generic train staff.,The system MUST prompt the driver to select the train staff with whom to communicate after presenting the list of generic train staff.,MUST,yes,1,mandatory,3,1.0,"EIRENE Functional Requirements Specification, version 7",5.2.2.40,M,5 Cab radio > 5.2 Functional requirements > 5.2.2 Driver call related functions,"5.2.2.39 (M): Upon activation of this function, the Cab radio shall provide the driver with a list of generic staff, eg:","5.2.2.41 (M): On many trains, staff may be connected by intercom or internal telephone rather than by radio. It is required that, in these cases, the Cab radio shall be integrated with internal communication systems such that the appropriate means of connection (wire or radio) will be determined automatically.","(M) mandatory, (O) optional, (I) informative"
S0141_recommended,S0141,PURE,2007-eirene_fun_7-2,The driver shall then be prompted to select the train staff with which he wishes to communicate.,prompt the driver to select the train staff with whom to communicate after presenting the list of generic train staff,recommended,The system SHOULD prompt the driver to select the train staff with whom to communicate after presenting the list of generic train staff.,The system MUST prompt the driver to select the train staff with whom to communicate after presenting the list of generic train staff.,MUST,no,0,recommended,2,0.67,"EIRENE Functional Requirements Specification, version 7",5.2.2.40,M,5 Cab radio > 5.2 Functional requirements > 5.2.2 Driver call related functions,"5.2.2.39 (M): Upon activation of this function, the Cab radio shall provide the driver with a list of generic staff, eg:","5.2.2.41 (M): On many trains, staff may be connected by intercom or internal telephone rather than by radio. It is required that, in these cases, the Cab radio shall be integrated with internal communication systems such that the appropriate means of connection (wire or radio) will be determined automatically.","(M) mandatory, (O) optional, (I) informative"
S0141_optional,S0141,PURE,2007-eirene_fun_7-2,The driver shall then be prompted to select the train staff with which he wishes to communicate.,prompt the driver to select the train staff with whom to communicate after presenting the list of generic train staff,optional,The system MAY prompt the driver to select the train staff with whom to communicate after presenting the list of generic train staff.,The system MUST prompt the driver to select the train staff with whom to communicate after presenting the list of generic train staff.,MUST,no,0,optional,1,0.33,"EIRENE Functional Requirements Specification, version 7",5.2.2.40,M,5 Cab radio > 5.2 Functional requirements > 5.2.2 Driver call related functions,"5.2.2.39 (M): Upon activation of this function, the Cab radio shall provide the driver with a list of generic staff, eg:","5.2.2.41 (M): On many trains, staff may be connected by intercom or internal telephone rather than by radio. It is required that, in these cases, the Cab radio shall be integrated with internal communication systems such that the appropriate means of connection (wire or radio) will be determined automatically.","(M) mandatory, (O) optional, (I) informative"
S0141_nice_to_have,S0141,PURE,2007-eirene_fun_7-2,The driver shall then be prompted to select the train staff with which he wishes to communicate.,prompt the driver to select the train staff with whom to communicate after presenting the list of generic train staff,nice_to_have,It would be useful if the system could prompt the driver to select the train staff with whom to communicate after presenting the list of generic train staff.,The system MUST prompt the driver to select the train staff with whom to communicate after presenting the list of generic train staff.,MUST,no,0,nice_to_have,0,0.0,"EIRENE Functional Requirements Specification, version 7",5.2.2.40,M,5 Cab radio > 5.2 Functional requirements > 5.2.2 Driver call related functions,"5.2.2.39 (M): Upon activation of this function, the Cab radio shall provide the driver with a list of generic staff, eg:","5.2.2.41 (M): On many trains, staff may be connected by intercom or internal telephone rather than by radio. It is required that, in these cases, the Cab radio shall be integrated with internal communication systems such that the appropriate means of connection (wire or radio) will be determined automatically.","(M) mandatory, (O) optional, (I) informative"
S0151_mandatory,S0151,PURE,2007-eirene_fun_7-2,The driver shall be informed if a broadcast call is ongoing by a visual indication displayed on the MMI.,inform the driver of an ongoing broadcast call with a visual indication on the MMI,mandatory,The system MUST inform the driver of an ongoing broadcast call with a visual indication on the MMI.,The system MUST inform the driver of an ongoing broadcast call with a visual indication on the MMI.,MUST,yes,1,mandatory,3,1.0,"EIRENE Functional Requirements Specification, version 7",5.2.2.50,M,5 Cab radio > 5.2 Functional requirements > 5.2.2 Driver call related functions,"5.2.2.49 (M): Group or broadcast calls shall automatically be connected to the loudspeaker if the handset is not in use, or to the handset if the handset is off hook.",5.2.2.50i (I): It is not possible for the driver to speak as part of the call when receiving a broadcast call.,"(M) mandatory, (O) optional, (I) informative"
S0151_recommended,S0151,PURE,2007-eirene_fun_7-2,The driver shall be informed if a broadcast call is ongoing by a visual indication displayed on the MMI.,inform the driver of an ongoing broadcast call with a visual indication on the MMI,recommended,The system SHOULD inform the driver of an ongoing broadcast call with a visual indication on the MMI.,The system MUST inform the driver of an ongoing broadcast call with a visual indication on the MMI.,MUST,no,0,recommended,2,0.67,"EIRENE Functional Requirements Specification, version 7",5.2.2.50,M,5 Cab radio > 5.2 Functional requirements > 5.2.2 Driver call related functions,"5.2.2.49 (M): Group or broadcast calls shall automatically be connected to the loudspeaker if the handset is not in use, or to the handset if the handset is off hook.",5.2.2.50i (I): It is not possible for the driver to speak as part of the call when receiving a broadcast call.,"(M) mandatory, (O) optional, (I) informative"
S0151_optional,S0151,PURE,2007-eirene_fun_7-2,The driver shall be informed if a broadcast call is ongoing by a visual indication displayed on the MMI.,inform the driver of an ongoing broadcast call with a visual indication on the MMI,optional,The system MAY inform the driver of an ongoing broadcast call with a visual indication on the MMI.,The system MUST inform the driver of an ongoing broadcast call with a visual indication on the MMI.,MUST,no,0,optional,1,0.33,"EIRENE Functional Requirements Specification, version 7",5.2.2.50,M,5 Cab radio > 5.2 Functional requirements > 5.2.2 Driver call related functions,"5.2.2.49 (M): Group or broadcast calls shall automatically be connected to the loudspeaker if the handset is not in use, or to the handset if the handset is off hook.",5.2.2.50i (I): It is not possible for the driver to speak as part of the call when receiving a broadcast call.,"(M) mandatory, (O) optional, (I) informative"
S0151_nice_to_have,S0151,PURE,2007-eirene_fun_7-2,The driver shall be informed if a broadcast call is ongoing by a visual indication displayed on the MMI.,inform the driver of an ongoing broadcast call with a visual indication on the MMI,nice_to_have,It would be useful if the system could inform the driver of an ongoing broadcast call with a visual indication on the MMI.,The system MUST inform the driver of an ongoing broadcast call with a visual indication on the MMI.,MUST,no,0,nice_to_have,0,0.0,"EIRENE Functional Requirements Specification, version 7",5.2.2.50,M,5 Cab radio > 5.2 Functional requirements > 5.2.2 Driver call related functions,"5.2.2.49 (M): Group or broadcast calls shall automatically be connected to the loudspeaker if the handset is not in use, or to the handset if the handset is off hook.",5.2.2.50i (I): It is not possible for the driver to speak as part of the call when receiving a broadcast call.,"(M) mandatory, (O) optional, (I) informative"
S0154_mandatory,S0154,PURE,2007-eirene_fun_7-2,"During a group call, a visual indication shall be displayed on the drivers MMI to remind the driver of the need to use the PTT button.",display a visual indication on the driver's MMI during a group call to remind the driver to use the PTT button,mandatory,The system MUST display a visual indication on the driver's MMI during a group call to remind the driver to use the PTT button.,The system MUST display a visual indication on the driver's MMI during a group call to remind the driver to use the PTT button.,MUST,yes,1,mandatory,3,1.0,"EIRENE Functional Requirements Specification, version 7",5.2.2.52,M,5 Cab radio > 5.2 Functional requirements > 5.2.2 Driver call related functions,"5.2.2.51 (M): If the call is a group call, the driver shall be required to request permission before being able to speak as part of the call by lifting the handset and pushing the Push-To- Talk (PTT) button.",5.2.2.53 (I): The driver can not speak in a group call until permission is granted by the network after pushing the PTT button.,"(M) mandatory, (O) optional, (I) informative"
S0154_recommended,S0154,PURE,2007-eirene_fun_7-2,"During a group call, a visual indication shall be displayed on the drivers MMI to remind the driver of the need to use the PTT button.",display a visual indication on the driver's MMI during a group call to remind the driver to use the PTT button,recommended,The system SHOULD display a visual indication on the driver's MMI during a group call to remind the driver to use the PTT button.,The system MUST display a visual indication on the driver's MMI during a group call to remind the driver to use the PTT button.,MUST,no,0,recommended,2,0.67,"EIRENE Functional Requirements Specification, version 7",5.2.2.52,M,5 Cab radio > 5.2 Functional requirements > 5.2.2 Driver call related functions,"5.2.2.51 (M): If the call is a group call, the driver shall be required to request permission before being able to speak as part of the call by lifting the handset and pushing the Push-To- Talk (PTT) button.",5.2.2.53 (I): The driver can not speak in a group call until permission is granted by the network after pushing the PTT button.,"(M) mandatory, (O) optional, (I) informative"
S0154_optional,S0154,PURE,2007-eirene_fun_7-2,"During a group call, a visual indication shall be displayed on the drivers MMI to remind the driver of the need to use the PTT button.",display a visual indication on the driver's MMI during a group call to remind the driver to use the PTT button,optional,The system MAY display a visual indication on the driver's MMI during a group call to remind the driver to use the PTT button.,The system MUST display a visual indication on the driver's MMI during a group call to remind the driver to use the PTT button.,MUST,no,0,optional,1,0.33,"EIRENE Functional Requirements Specification, version 7",5.2.2.52,M,5 Cab radio > 5.2 Functional requirements > 5.2.2 Driver call related functions,"5.2.2.51 (M): If the call is a group call, the driver shall be required to request permission before being able to speak as part of the call by lifting the handset and pushing the Push-To- Talk (PTT) button.",5.2.2.53 (I): The driver can not speak in a group call until permission is granted by the network after pushing the PTT button.,"(M) mandatory, (O) optional, (I) informative"
S0154_nice_to_have,S0154,PURE,2007-eirene_fun_7-2,"During a group call, a visual indication shall be displayed on the drivers MMI to remind the driver of the need to use the PTT button.",display a visual indication on the driver's MMI during a group call to remind the driver to use the PTT button,nice_to_have,It would be useful if the system could display a visual indication on the driver's MMI during a group call to remind the driver to use the PTT button.,The system MUST display a visual indication on the driver's MMI during a group call to remind the driver to use the PTT button.,MUST,no,0,nice_to_have,0,0.0,"EIRENE Functional Requirements Specification, version 7",5.2.2.52,M,5 Cab radio > 5.2 Functional requirements > 5.2.2 Driver call related functions,"5.2.2.51 (M): If the call is a group call, the driver shall be required to request permission before being able to speak as part of the call by lifting the handset and pushing the Push-To- Talk (PTT) button.",5.2.2.53 (I): The driver can not speak in a group call until permission is granted by the network after pushing the PTT button.,"(M) mandatory, (O) optional, (I) informative"
S0168_mandatory,S0168,PURE,2007-eirene_fun_7-2,The link assurance tone shall be provided via the loudspeaker.,provide the link assurance tone via the loudspeaker,mandatory,The system MUST provide the link assurance tone via the loudspeaker.,The system MUST provide the link assurance tone via the loudspeaker.,MUST,yes,1,mandatory,3,1.0,"EIRENE Functional Requirements Specification, version 7",5.2.2.66,M,5 Cab radio > 5.2 Functional requirements > 5.2.2 Driver call related functions,5.2.2.65 (M): The functionality to enter and leave shunting mode shall not be available when there are on-going calls involving the Cab radio.,"5.2.2.67 (I): If the Cab radio is equipped with an additional security device, this audible indication may be muted for the drivers convenience. In this case, the security device alerts the driver if the link has failed or if it is cancelled.","(M) mandatory, (O) optional, (I) informative"
S0168_recommended,S0168,PURE,2007-eirene_fun_7-2,The link assurance tone shall be provided via the loudspeaker.,provide the link assurance tone via the loudspeaker,recommended,The system SHOULD provide the link assurance tone via the loudspeaker.,The system MUST provide the link assurance tone via the loudspeaker.,MUST,no,0,recommended,2,0.67,"EIRENE Functional Requirements Specification, version 7",5.2.2.66,M,5 Cab radio > 5.2 Functional requirements > 5.2.2 Driver call related functions,5.2.2.65 (M): The functionality to enter and leave shunting mode shall not be available when there are on-going calls involving the Cab radio.,"5.2.2.67 (I): If the Cab radio is equipped with an additional security device, this audible indication may be muted for the drivers convenience. In this case, the security device alerts the driver if the link has failed or if it is cancelled.","(M) mandatory, (O) optional, (I) informative"
S0168_optional,S0168,PURE,2007-eirene_fun_7-2,The link assurance tone shall be provided via the loudspeaker.,provide the link assurance tone via the loudspeaker,optional,The system MAY provide the link assurance tone via the loudspeaker.,The system MUST provide the link assurance tone via the loudspeaker.,MUST,no,0,optional,1,0.33,"EIRENE Functional Requirements Specification, version 7",5.2.2.66,M,5 Cab radio > 5.2 Functional requirements > 5.2.2 Driver call related functions,5.2.2.65 (M): The functionality to enter and leave shunting mode shall not be available when there are on-going calls involving the Cab radio.,"5.2.2.67 (I): If the Cab radio is equipped with an additional security device, this audible indication may be muted for the drivers convenience. In this case, the security device alerts the driver if the link has failed or if it is cancelled.","(M) mandatory, (O) optional, (I) informative"
S0168_nice_to_have,S0168,PURE,2007-eirene_fun_7-2,The link assurance tone shall be provided via the loudspeaker.,provide the link assurance tone via the loudspeaker,nice_to_have,It would be useful if the system could provide the link assurance tone via the loudspeaker.,The system MUST provide the link assurance tone via the loudspeaker.,MUST,no,0,nice_to_have,0,0.0,"EIRENE Functional Requirements Specification, version 7",5.2.2.66,M,5 Cab radio > 5.2 Functional requirements > 5.2.2 Driver call related functions,5.2.2.65 (M): The functionality to enter and leave shunting mode shall not be available when there are on-going calls involving the Cab radio.,"5.2.2.67 (I): If the Cab radio is equipped with an additional security device, this audible indication may be muted for the drivers convenience. In this case, the security device alerts the driver if the link has failed or if it is cancelled.","(M) mandatory, (O) optional, (I) informative"
S0171_mandatory,S0171,PURE,2007-eirene_fun_7-2,"If direct mode is implemented, a means to enter and leave direct mode shall be provided.",provide a means to enter and leave direct mode if direct mode is implemented,mandatory,The system MUST provide a means to enter and leave direct mode if direct mode is implemented.,The system MUST provide a means to enter and leave direct mode if direct mode is implemented.,MUST,yes,1,mandatory,3,1.0,"EIRENE Functional Requirements Specification, version 7",5.2.2.69,M,5 Cab radio > 5.2 Functional requirements > 5.2.2 Driver call related functions,"5.2.2.68 (O): It should be possible for the Cab radio to be used without the network service (if it should fail or if there is no authorised network coverage), such that local open channel communications are still possible. This mode of operation is termed direct mode (see section 15).","5.2.2.70 (M): If the radio is in direct mode and the normal network service returns, the user shall be provided with an audible and visual indication.","(M) mandatory, (O) optional, (I) informative"
S0171_recommended,S0171,PURE,2007-eirene_fun_7-2,"If direct mode is implemented, a means to enter and leave direct mode shall be provided.",provide a means to enter and leave direct mode if direct mode is implemented,recommended,The system SHOULD provide a means to enter and leave direct mode if direct mode is implemented.,The system MUST provide a means to enter and leave direct mode if direct mode is implemented.,MUST,no,0,recommended,2,0.67,"EIRENE Functional Requirements Specification, version 7",5.2.2.69,M,5 Cab radio > 5.2 Functional requirements > 5.2.2 Driver call related functions,"5.2.2.68 (O): It should be possible for the Cab radio to be used without the network service (if it should fail or if there is no authorised network coverage), such that local open channel communications are still possible. This mode of operation is termed direct mode (see section 15).","5.2.2.70 (M): If the radio is in direct mode and the normal network service returns, the user shall be provided with an audible and visual indication.","(M) mandatory, (O) optional, (I) informative"
S0171_optional,S0171,PURE,2007-eirene_fun_7-2,"If direct mode is implemented, a means to enter and leave direct mode shall be provided.",provide a means to enter and leave direct mode if direct mode is implemented,optional,The system MAY provide a means to enter and leave direct mode if direct mode is implemented.,The system MUST provide a means to enter and leave direct mode if direct mode is implemented.,MUST,no,0,optional,1,0.33,"EIRENE Functional Requirements Specification, version 7",5.2.2.69,M,5 Cab radio > 5.2 Functional requirements > 5.2.2 Driver call related functions,"5.2.2.68 (O): It should be possible for the Cab radio to be used without the network service (if it should fail or if there is no authorised network coverage), such that local open channel communications are still possible. This mode of operation is termed direct mode (see section 15).","5.2.2.70 (M): If the radio is in direct mode and the normal network service returns, the user shall be provided with an audible and visual indication.","(M) mandatory, (O) optional, (I) informative"
S0171_nice_to_have,S0171,PURE,2007-eirene_fun_7-2,"If direct mode is implemented, a means to enter and leave direct mode shall be provided.",provide a means to enter and leave direct mode if direct mode is implemented,nice_to_have,It would be useful if the system could provide a means to enter and leave direct mode if direct mode is implemented.,The system MUST provide a means to enter and leave direct mode if direct mode is implemented.,MUST,no,0,nice_to_have,0,0.0,"EIRENE Functional Requirements Specification, version 7",5.2.2.69,M,5 Cab radio > 5.2 Functional requirements > 5.2.2 Driver call related functions,"5.2.2.68 (O): It should be possible for the Cab radio to be used without the network service (if it should fail or if there is no authorised network coverage), such that local open channel communications are still possible. This mode of operation is termed direct mode (see section 15).","5.2.2.70 (M): If the radio is in direct mode and the normal network service returns, the user shall be provided with an audible and visual indication.","(M) mandatory, (O) optional, (I) informative"
S0180_mandatory,S0180,PURE,2007-eirene_fun_7-2,Powering down the Cab radio shall cause the disconnection of the Cab radio from the mobile network.,disconnect the Cab radio from the mobile network when the Cab radio is powered down,mandatory,The system MUST disconnect the Cab radio from the mobile network when the Cab radio is powered down.,The system MUST disconnect the Cab radio from the mobile network when the Cab radio is powered down.,MUST,yes,1,mandatory,3,1.0,"EIRENE Functional Requirements Specification, version 7",5.2.3.3,M,5 Cab radio > 5.2 Functional requirements,"5.2.3.2 (I): At the point of successful connection, the Cab radio will be able to receive all calls made using the Cab radios telephone number, engine number or appropriate group call numbers (including Railway emergency calls).","5.2.3.4 (M): When switched off, the radio shall retain any numbers which are stored at the time the radio is switched off.","(M) mandatory, (O) optional, (I) informative"
S0180_recommended,S0180,PURE,2007-eirene_fun_7-2,Powering down the Cab radio shall cause the disconnection of the Cab radio from the mobile network.,disconnect the Cab radio from the mobile network when the Cab radio is powered down,recommended,The system SHOULD disconnect the Cab radio from the mobile network when the Cab radio is powered down.,The system MUST disconnect the Cab radio from the mobile network when the Cab radio is powered down.,MUST,no,0,recommended,2,0.67,"EIRENE Functional Requirements Specification, version 7",5.2.3.3,M,5 Cab radio > 5.2 Functional requirements,"5.2.3.2 (I): At the point of successful connection, the Cab radio will be able to receive all calls made using the Cab radios telephone number, engine number or appropriate group call numbers (including Railway emergency calls).","5.2.3.4 (M): When switched off, the radio shall retain any numbers which are stored at the time the radio is switched off.","(M) mandatory, (O) optional, (I) informative"
S0180_optional,S0180,PURE,2007-eirene_fun_7-2,Powering down the Cab radio shall cause the disconnection of the Cab radio from the mobile network.,disconnect the Cab radio from the mobile network when the Cab radio is powered down,optional,The system MAY disconnect the Cab radio from the mobile network when the Cab radio is powered down.,The system MUST disconnect the Cab radio from the mobile network when the Cab radio is powered down.,MUST,no,0,optional,1,0.33,"EIRENE Functional Requirements Specification, version 7",5.2.3.3,M,5 Cab radio > 5.2 Functional requirements,"5.2.3.2 (I): At the point of successful connection, the Cab radio will be able to receive all calls made using the Cab radios telephone number, engine number or appropriate group call numbers (including Railway emergency calls).","5.2.3.4 (M): When switched off, the radio shall retain any numbers which are stored at the time the radio is switched off.","(M) mandatory, (O) optional, (I) informative"
S0180_nice_to_have,S0180,PURE,2007-eirene_fun_7-2,Powering down the Cab radio shall cause the disconnection of the Cab radio from the mobile network.,disconnect the Cab radio from the mobile network when the Cab radio is powered down,nice_to_have,It would be useful if the system could disconnect the Cab radio from the mobile network when the Cab radio is powered down.,The system MUST disconnect the Cab radio from the mobile network when the Cab radio is powered down.,MUST,no,0,nice_to_have,0,0.0,"EIRENE Functional Requirements Specification, version 7",5.2.3.3,M,5 Cab radio > 5.2 Functional requirements,"5.2.3.2 (I): At the point of successful connection, the Cab radio will be able to receive all calls made using the Cab radios telephone number, engine number or appropriate group call numbers (including Railway emergency calls).","5.2.3.4 (M): When switched off, the radio shall retain any numbers which are stored at the time the radio is switched off.","(M) mandatory, (O) optional, (I) informative"
S0181_mandatory,S0181,PURE,2007-eirene_fun_7-2,"When switched off, the radio shall retain any numbers which are stored at the time the radio is switched off.",retain all numbers stored in the Cab radio at switch-off while the radio is switched off,mandatory,The system MUST retain all numbers stored in the Cab radio at switch-off while the radio is switched off.,The system MUST retain all numbers stored in the Cab radio at switch-off while the radio is switched off.,MUST,yes,1,mandatory,3,1.0,"EIRENE Functional Requirements Specification, version 7",5.2.3.4,M,5 Cab radio > 5.2 Functional requirements,5.2.3.3 (M): Powering down the Cab radio shall cause the disconnection of the Cab radio from the mobile network.,5.2.3.5 (M): The MMI on/off control shall be designed to prevent accidental activation/ deactivation.,"(M) mandatory, (O) optional, (I) informative"
S0181_recommended,S0181,PURE,2007-eirene_fun_7-2,"When switched off, the radio shall retain any numbers which are stored at the time the radio is switched off.",retain all numbers stored in the Cab radio at switch-off while the radio is switched off,recommended,The system SHOULD retain all numbers stored in the Cab radio at switch-off while the radio is switched off.,The system MUST retain all numbers stored in the Cab radio at switch-off while the radio is switched off.,MUST,no,0,recommended,2,0.67,"EIRENE Functional Requirements Specification, version 7",5.2.3.4,M,5 Cab radio > 5.2 Functional requirements,5.2.3.3 (M): Powering down the Cab radio shall cause the disconnection of the Cab radio from the mobile network.,5.2.3.5 (M): The MMI on/off control shall be designed to prevent accidental activation/ deactivation.,"(M) mandatory, (O) optional, (I) informative"
S0181_optional,S0181,PURE,2007-eirene_fun_7-2,"When switched off, the radio shall retain any numbers which are stored at the time the radio is switched off.",retain all numbers stored in the Cab radio at switch-off while the radio is switched off,optional,The system MAY retain all numbers stored in the Cab radio at switch-off while the radio is switched off.,The system MUST retain all numbers stored in the Cab radio at switch-off while the radio is switched off.,MUST,no,0,optional,1,0.33,"EIRENE Functional Requirements Specification, version 7",5.2.3.4,M,5 Cab radio > 5.2 Functional requirements,5.2.3.3 (M): Powering down the Cab radio shall cause the disconnection of the Cab radio from the mobile network.,5.2.3.5 (M): The MMI on/off control shall be designed to prevent accidental activation/ deactivation.,"(M) mandatory, (O) optional, (I) informative"
S0181_nice_to_have,S0181,PURE,2007-eirene_fun_7-2,"When switched off, the radio shall retain any numbers which are stored at the time the radio is switched off.",retain all numbers stored in the Cab radio at switch-off while the radio is switched off,nice_to_have,It would be useful if the system could retain all numbers stored in the Cab radio at switch-off while the radio is switched off.,The system MUST retain all numbers stored in the Cab radio at switch-off while the radio is switched off.,MUST,no,0,nice_to_have,0,0.0,"EIRENE Functional Requirements Specification, version 7",5.2.3.4,M,5 Cab radio > 5.2 Functional requirements,5.2.3.3 (M): Powering down the Cab radio shall cause the disconnection of the Cab radio from the mobile network.,5.2.3.5 (M): The MMI on/off control shall be designed to prevent accidental activation/ deactivation.,"(M) mandatory, (O) optional, (I) informative"
S0187_mandatory,S0187,PURE,2007-eirene_fun_7-2,"As far as possible, the above procedure should also apply on power failure.","complete Cab radio soft-switch-off housekeeping on power failure as far as possible, including controlled termination of a current call, train-number deregistration where applicable, required-data storage and Railway emergency-call confirmation",mandatory,"The system MUST complete Cab radio soft-switch-off housekeeping on power failure as far as possible, including controlled termination of a current call, train-number deregistration where applicable, required-data storage and Railway emergency-call confirmation.","The system MUST complete Cab radio soft-switch-off housekeeping on power failure as far as possible, including controlled termination of a current call, train-number deregistration where applicable, required-data storage and Railway emergency-call confirmation.",MUST,yes,1,mandatory,3,1.0,"EIRENE Functional Requirements Specification, version 7",5.2.3.10,O,5 Cab radio > 5.2 Functional requirements,5.2.3.9 (M): Switch off shall be soft so that the Cab radio completes the following housekeeping functions before actually switching off:,"5.2.3.11 (M): When switched off, the following functions (if available) shall still be provided:","(M) mandatory, (O) optional, (I) informative"
S0187_recommended,S0187,PURE,2007-eirene_fun_7-2,"As far as possible, the above procedure should also apply on power failure.","complete Cab radio soft-switch-off housekeeping on power failure as far as possible, including controlled termination of a current call, train-number deregistration where applicable, required-data storage and Railway emergency-call confirmation",recommended,"The system SHOULD complete Cab radio soft-switch-off housekeeping on power failure as far as possible, including controlled termination of a current call, train-number deregistration where applicable, required-data storage and Railway emergency-call confirmation.","The system MUST complete Cab radio soft-switch-off housekeeping on power failure as far as possible, including controlled termination of a current call, train-number deregistration where applicable, required-data storage and Railway emergency-call confirmation.",MUST,no,0,recommended,2,0.67,"EIRENE Functional Requirements Specification, version 7",5.2.3.10,O,5 Cab radio > 5.2 Functional requirements,5.2.3.9 (M): Switch off shall be soft so that the Cab radio completes the following housekeeping functions before actually switching off:,"5.2.3.11 (M): When switched off, the following functions (if available) shall still be provided:","(M) mandatory, (O) optional, (I) informative"
S0187_optional,S0187,PURE,2007-eirene_fun_7-2,"As far as possible, the above procedure should also apply on power failure.","complete Cab radio soft-switch-off housekeeping on power failure as far as possible, including controlled termination of a current call, train-number deregistration where applicable, required-data storage and Railway emergency-call confirmation",optional,"The system MAY complete Cab radio soft-switch-off housekeeping on power failure as far as possible, including controlled termination of a current call, train-number deregistration where applicable, required-data storage and Railway emergency-call confirmation.","The system MUST complete Cab radio soft-switch-off housekeeping on power failure as far as possible, including controlled termination of a current call, train-number deregistration where applicable, required-data storage and Railway emergency-call confirmation.",MUST,no,0,optional,1,0.33,"EIRENE Functional Requirements Specification, version 7",5.2.3.10,O,5 Cab radio > 5.2 Functional requirements,5.2.3.9 (M): Switch off shall be soft so that the Cab radio completes the following housekeeping functions before actually switching off:,"5.2.3.11 (M): When switched off, the following functions (if available) shall still be provided:","(M) mandatory, (O) optional, (I) informative"
S0187_nice_to_have,S0187,PURE,2007-eirene_fun_7-2,"As far as possible, the above procedure should also apply on power failure.","complete Cab radio soft-switch-off housekeeping on power failure as far as possible, including controlled termination of a current call, train-number deregistration where applicable, required-data storage and Railway emergency-call confirmation",nice_to_have,"It would be useful if the system could complete Cab radio soft-switch-off housekeeping on power failure as far as possible, including controlled termination of a current call, train-number deregistration where applicable, required-data storage and Railway emergency-call confirmation.","The system MUST complete Cab radio soft-switch-off housekeeping on power failure as far as possible, including controlled termination of a current call, train-number deregistration where applicable, required-data storage and Railway emergency-call confirmation.",MUST,no,0,nice_to_have,0,0.0,"EIRENE Functional Requirements Specification, version 7",5.2.3.10,O,5 Cab radio > 5.2 Functional requirements,5.2.3.9 (M): Switch off shall be soft so that the Cab radio completes the following housekeeping functions before actually switching off:,"5.2.3.11 (M): When switched off, the following functions (if available) shall still be provided:","(M) mandatory, (O) optional, (I) informative"
S0213_mandatory,S0213,PURE,2007-eirene_fun_7-2,"If an automated request is initiated (option 2), the driver shall be able to accept or reject the train number returned by the network.",allow the leading driver to accept or reject the train number returned by the network after an automated train-number request,mandatory,The system MUST allow the leading driver to accept or reject the train number returned by the network after an automated train-number request.,The system MUST allow the leading driver to accept or reject the train number returned by the network after an automated train-number request.,MUST,yes,1,mandatory,3,1.0,"EIRENE Functional Requirements Specification, version 7",5.2.3.28,M,5 Cab radio > 5.2 Functional requirements,"5.2.3.27 (M): Where the driver is required to enter the train number information, the information entered shall be shown on the display and require confirmation by the driver before further actions are possible.","5.2.3.28i (M): Where ERTMS/ETCS and radio systems are available and the driver is required to enter the train number as part of the initialisation procedure, this task shall be carried out only once on the ERTMS/ETCS system and the entered number transmitted to the radio system.","(M) mandatory, (O) optional, (I) informative"
S0213_recommended,S0213,PURE,2007-eirene_fun_7-2,"If an automated request is initiated (option 2), the driver shall be able to accept or reject the train number returned by the network.",allow the leading driver to accept or reject the train number returned by the network after an automated train-number request,recommended,The system SHOULD allow the leading driver to accept or reject the train number returned by the network after an automated train-number request.,The system MUST allow the leading driver to accept or reject the train number returned by the network after an automated train-number request.,MUST,no,0,recommended,2,0.67,"EIRENE Functional Requirements Specification, version 7",5.2.3.28,M,5 Cab radio > 5.2 Functional requirements,"5.2.3.27 (M): Where the driver is required to enter the train number information, the information entered shall be shown on the display and require confirmation by the driver before further actions are possible.","5.2.3.28i (M): Where ERTMS/ETCS and radio systems are available and the driver is required to enter the train number as part of the initialisation procedure, this task shall be carried out only once on the ERTMS/ETCS system and the entered number transmitted to the radio system.","(M) mandatory, (O) optional, (I) informative"
S0213_optional,S0213,PURE,2007-eirene_fun_7-2,"If an automated request is initiated (option 2), the driver shall be able to accept or reject the train number returned by the network.",allow the leading driver to accept or reject the train number returned by the network after an automated train-number request,optional,The system MAY allow the leading driver to accept or reject the train number returned by the network after an automated train-number request.,The system MUST allow the leading driver to accept or reject the train number returned by the network after an automated train-number request.,MUST,no,0,optional,1,0.33,"EIRENE Functional Requirements Specification, version 7",5.2.3.28,M,5 Cab radio > 5.2 Functional requirements,"5.2.3.27 (M): Where the driver is required to enter the train number information, the information entered shall be shown on the display and require confirmation by the driver before further actions are possible.","5.2.3.28i (M): Where ERTMS/ETCS and radio systems are available and the driver is required to enter the train number as part of the initialisation procedure, this task shall be carried out only once on the ERTMS/ETCS system and the entered number transmitted to the radio system.","(M) mandatory, (O) optional, (I) informative"
S0213_nice_to_have,S0213,PURE,2007-eirene_fun_7-2,"If an automated request is initiated (option 2), the driver shall be able to accept or reject the train number returned by the network.",allow the leading driver to accept or reject the train number returned by the network after an automated train-number request,nice_to_have,It would be useful if the system could allow the leading driver to accept or reject the train number returned by the network after an automated train-number request.,The system MUST allow the leading driver to accept or reject the train number returned by the network after an automated train-number request.,MUST,no,0,nice_to_have,0,0.0,"EIRENE Functional Requirements Specification, version 7",5.2.3.28,M,5 Cab radio > 5.2 Functional requirements,"5.2.3.27 (M): Where the driver is required to enter the train number information, the information entered shall be shown on the display and require confirmation by the driver before further actions are possible.","5.2.3.28i (M): Where ERTMS/ETCS and radio systems are available and the driver is required to enter the train number as part of the initialisation procedure, this task shall be carried out only once on the ERTMS/ETCS system and the entered number transmitted to the radio system.","(M) mandatory, (O) optional, (I) informative"
S0216_mandatory,S0216,PURE,2007-eirene_fun_7-2,The driver shall be warned (by audible and visual indications) if a train with the same train number is already registered on the same network.,warn the driver with audible and visual indications if a train with the same train number is already registered on the same network,mandatory,The system MUST warn the driver with audible and visual indications if a train with the same train number is already registered on the same network.,The system MUST warn the driver with audible and visual indications if a train with the same train number is already registered on the same network.,MUST,yes,1,mandatory,3,1.0,"EIRENE Functional Requirements Specification, version 7",5.2.3.29,M,5 Cab radio > 5.2 Functional requirements,5.2.3.28ii (I): 5.2.3.28ii Data entry may be from either system depending on the operating procedures agreed between the train operator and the railway infrastructure operator.,5.2.3.30 (M): A means to override the currently registered train number shall be provided to the newly registering driver.,"(M) mandatory, (O) optional, (I) informative"
S0216_recommended,S0216,PURE,2007-eirene_fun_7-2,The driver shall be warned (by audible and visual indications) if a train with the same train number is already registered on the same network.,warn the driver with audible and visual indications if a train with the same train number is already registered on the same network,recommended,The system SHOULD warn the driver with audible and visual indications if a train with the same train number is already registered on the same network.,The system MUST warn the driver with audible and visual indications if a train with the same train number is already registered on the same network.,MUST,no,0,recommended,2,0.67,"EIRENE Functional Requirements Specification, version 7",5.2.3.29,M,5 Cab radio > 5.2 Functional requirements,5.2.3.28ii (I): 5.2.3.28ii Data entry may be from either system depending on the operating procedures agreed between the train operator and the railway infrastructure operator.,5.2.3.30 (M): A means to override the currently registered train number shall be provided to the newly registering driver.,"(M) mandatory, (O) optional, (I) informative"
S0216_optional,S0216,PURE,2007-eirene_fun_7-2,The driver shall be warned (by audible and visual indications) if a train with the same train number is already registered on the same network.,warn the driver with audible and visual indications if a train with the same train number is already registered on the same network,optional,The system MAY warn the driver with audible and visual indications if a train with the same train number is already registered on the same network.,The system MUST warn the driver with audible and visual indications if a train with the same train number is already registered on the same network.,MUST,no,0,optional,1,0.33,"EIRENE Functional Requirements Specification, version 7",5.2.3.29,M,5 Cab radio > 5.2 Functional requirements,5.2.3.28ii (I): 5.2.3.28ii Data entry may be from either system depending on the operating procedures agreed between the train operator and the railway infrastructure operator.,5.2.3.30 (M): A means to override the currently registered train number shall be provided to the newly registering driver.,"(M) mandatory, (O) optional, (I) informative"
S0216_nice_to_have,S0216,PURE,2007-eirene_fun_7-2,The driver shall be warned (by audible and visual indications) if a train with the same train number is already registered on the same network.,warn the driver with audible and visual indications if a train with the same train number is already registered on the same network,nice_to_have,It would be useful if the system could warn the driver with audible and visual indications if a train with the same train number is already registered on the same network.,The system MUST warn the driver with audible and visual indications if a train with the same train number is already registered on the same network.,MUST,no,0,nice_to_have,0,0.0,"EIRENE Functional Requirements Specification, version 7",5.2.3.29,M,5 Cab radio > 5.2 Functional requirements,5.2.3.28ii (I): 5.2.3.28ii Data entry may be from either system depending on the operating procedures agreed between the train operator and the railway infrastructure operator.,5.2.3.30 (M): A means to override the currently registered train number shall be provided to the newly registering driver.,"(M) mandatory, (O) optional, (I) informative"
S0220_mandatory,S0220,PURE,2007-eirene_fun_7-2,"Non leading drivers shall be able to indicate to the system their location in the train during the registration procedure (2nd driver, 3rd driver etc).","allow non-leading drivers to indicate their location in the train to the system during registration, such as second or third driver",mandatory,"The system MUST allow non-leading drivers to indicate their location in the train to the system during registration, such as second or third driver.","The system MUST allow non-leading drivers to indicate their location in the train to the system during registration, such as second or third driver.",MUST,yes,1,mandatory,3,1.0,"EIRENE Functional Requirements Specification, version 7",5.2.3.33,M,5 Cab radio > 5.2 Functional requirements,"5.2.3.32 (M): Where a change of train number is required during the course of a trains journey, it shall be possible for the driver to initiate the change or override the automatic change. This shall be carried out by entering the train number (option 1 in 5.2.3.26).",5.2.3.34 (M): The drivers functional number shall be automatically registered/deregistered when the train number is registered/deregistered.,"(M) mandatory, (O) optional, (I) informative"
S0220_recommended,S0220,PURE,2007-eirene_fun_7-2,"Non leading drivers shall be able to indicate to the system their location in the train during the registration procedure (2nd driver, 3rd driver etc).","allow non-leading drivers to indicate their location in the train to the system during registration, such as second or third driver",recommended,"The system SHOULD allow non-leading drivers to indicate their location in the train to the system during registration, such as second or third driver.","The system MUST allow non-leading drivers to indicate their location in the train to the system during registration, such as second or third driver.",MUST,no,0,recommended,2,0.67,"EIRENE Functional Requirements Specification, version 7",5.2.3.33,M,5 Cab radio > 5.2 Functional requirements,"5.2.3.32 (M): Where a change of train number is required during the course of a trains journey, it shall be possible for the driver to initiate the change or override the automatic change. This shall be carried out by entering the train number (option 1 in 5.2.3.26).",5.2.3.34 (M): The drivers functional number shall be automatically registered/deregistered when the train number is registered/deregistered.,"(M) mandatory, (O) optional, (I) informative"
S0220_optional,S0220,PURE,2007-eirene_fun_7-2,"Non leading drivers shall be able to indicate to the system their location in the train during the registration procedure (2nd driver, 3rd driver etc).","allow non-leading drivers to indicate their location in the train to the system during registration, such as second or third driver",optional,"The system MAY allow non-leading drivers to indicate their location in the train to the system during registration, such as second or third driver.","The system MUST allow non-leading drivers to indicate their location in the train to the system during registration, such as second or third driver.",MUST,no,0,optional,1,0.33,"EIRENE Functional Requirements Specification, version 7",5.2.3.33,M,5 Cab radio > 5.2 Functional requirements,"5.2.3.32 (M): Where a change of train number is required during the course of a trains journey, it shall be possible for the driver to initiate the change or override the automatic change. This shall be carried out by entering the train number (option 1 in 5.2.3.26).",5.2.3.34 (M): The drivers functional number shall be automatically registered/deregistered when the train number is registered/deregistered.,"(M) mandatory, (O) optional, (I) informative"
S0220_nice_to_have,S0220,PURE,2007-eirene_fun_7-2,"Non leading drivers shall be able to indicate to the system their location in the train during the registration procedure (2nd driver, 3rd driver etc).","allow non-leading drivers to indicate their location in the train to the system during registration, such as second or third driver",nice_to_have,"It would be useful if the system could allow non-leading drivers to indicate their location in the train to the system during registration, such as second or third driver.","The system MUST allow non-leading drivers to indicate their location in the train to the system during registration, such as second or third driver.",MUST,no,0,nice_to_have,0,0.0,"EIRENE Functional Requirements Specification, version 7",5.2.3.33,M,5 Cab radio > 5.2 Functional requirements,"5.2.3.32 (M): Where a change of train number is required during the course of a trains journey, it shall be possible for the driver to initiate the change or override the automatic change. This shall be carried out by entering the train number (option 1 in 5.2.3.26).",5.2.3.34 (M): The drivers functional number shall be automatically registered/deregistered when the train number is registered/deregistered.,"(M) mandatory, (O) optional, (I) informative"
S0221_mandatory,S0221,PURE,2007-eirene_fun_7-2,The drivers functional number shall be automatically registered/deregistered when the train number is registered/deregistered.,automatically register the driver's functional number when the train number is registered and deregister it when the train number is deregistered,mandatory,The system MUST automatically register the driver's functional number when the train number is registered and deregister it when the train number is deregistered.,The system MUST automatically register the driver's functional number when the train number is registered and deregister it when the train number is deregistered.,MUST,yes,1,mandatory,3,1.0,"EIRENE Functional Requirements Specification, version 7",5.2.3.34,M,5 Cab radio > 5.2 Functional requirements,"5.2.3.33 (M): Non leading drivers shall be able to indicate to the system their location in the train during the registration procedure (2nd driver, 3rd driver etc).",5.2.3.35 (M): The functional number of other on-train users who may be addressed through the Cab radio via the on-train bus shall be registered/deregistered automatically at the same time as the registration/deregistration of the drivers functional number.,"(M) mandatory, (O) optional, (I) informative"
S0221_recommended,S0221,PURE,2007-eirene_fun_7-2,The drivers functional number shall be automatically registered/deregistered when the train number is registered/deregistered.,automatically register the driver's functional number when the train number is registered and deregister it when the train number is deregistered,recommended,The system SHOULD automatically register the driver's functional number when the train number is registered and deregister it when the train number is deregistered.,The system MUST automatically register the driver's functional number when the train number is registered and deregister it when the train number is deregistered.,MUST,no,0,recommended,2,0.67,"EIRENE Functional Requirements Specification, version 7",5.2.3.34,M,5 Cab radio > 5.2 Functional requirements,"5.2.3.33 (M): Non leading drivers shall be able to indicate to the system their location in the train during the registration procedure (2nd driver, 3rd driver etc).",5.2.3.35 (M): The functional number of other on-train users who may be addressed through the Cab radio via the on-train bus shall be registered/deregistered automatically at the same time as the registration/deregistration of the drivers functional number.,"(M) mandatory, (O) optional, (I) informative"
S0221_optional,S0221,PURE,2007-eirene_fun_7-2,The drivers functional number shall be automatically registered/deregistered when the train number is registered/deregistered.,automatically register the driver's functional number when the train number is registered and deregister it when the train number is deregistered,optional,The system MAY automatically register the driver's functional number when the train number is registered and deregister it when the train number is deregistered.,The system MUST automatically register the driver's functional number when the train number is registered and deregister it when the train number is deregistered.,MUST,no,0,optional,1,0.33,"EIRENE Functional Requirements Specification, version 7",5.2.3.34,M,5 Cab radio > 5.2 Functional requirements,"5.2.3.33 (M): Non leading drivers shall be able to indicate to the system their location in the train during the registration procedure (2nd driver, 3rd driver etc).",5.2.3.35 (M): The functional number of other on-train users who may be addressed through the Cab radio via the on-train bus shall be registered/deregistered automatically at the same time as the registration/deregistration of the drivers functional number.,"(M) mandatory, (O) optional, (I) informative"
S0221_nice_to_have,S0221,PURE,2007-eirene_fun_7-2,The drivers functional number shall be automatically registered/deregistered when the train number is registered/deregistered.,automatically register the driver's functional number when the train number is registered and deregister it when the train number is deregistered,nice_to_have,It would be useful if the system could automatically register the driver's functional number when the train number is registered and deregister it when the train number is deregistered.,The system MUST automatically register the driver's functional number when the train number is registered and deregister it when the train number is deregistered.,MUST,no,0,nice_to_have,0,0.0,"EIRENE Functional Requirements Specification, version 7",5.2.3.34,M,5 Cab radio > 5.2 Functional requirements,"5.2.3.33 (M): Non leading drivers shall be able to indicate to the system their location in the train during the registration procedure (2nd driver, 3rd driver etc).",5.2.3.35 (M): The functional number of other on-train users who may be addressed through the Cab radio via the on-train bus shall be registered/deregistered automatically at the same time as the registration/deregistration of the drivers functional number.,"(M) mandatory, (O) optional, (I) informative"
S0233_mandatory,S0233,PURE,2007-eirene_fun_7-2,The result of the tests shall be displayed in a similar format to the self-test when MMI is powered on.,display the results of radio and MMI tests in a format similar to the self-test results displayed when the MMI is powered on,mandatory,The system MUST display the results of radio and MMI tests in a format similar to the self-test results displayed when the MMI is powered on.,The system MUST display the results of radio and MMI tests in a format similar to the self-test results displayed when the MMI is powered on.,MUST,yes,1,mandatory,3,1.0,"EIRENE Functional Requirements Specification, version 7",5.2.3.46,M,5 Cab radio > 5.2 Functional requirements,5.2.3.45 (M): Such tests shall not prevent calls.,"5.2.4.1 (I): The Cab radio system may be required to be able to handle incoming and outgoing calls not only to and from the driver, but also to and from other on-train users and devices (conductor, public address system, data systems, etc) via appropriate interfaces and ports.","(M) mandatory, (O) optional, (I) informative"
S0233_recommended,S0233,PURE,2007-eirene_fun_7-2,The result of the tests shall be displayed in a similar format to the self-test when MMI is powered on.,display the results of radio and MMI tests in a format similar to the self-test results displayed when the MMI is powered on,recommended,The system SHOULD display the results of radio and MMI tests in a format similar to the self-test results displayed when the MMI is powered on.,The system MUST display the results of radio and MMI tests in a format similar to the self-test results displayed when the MMI is powered on.,MUST,no,0,recommended,2,0.67,"EIRENE Functional Requirements Specification, version 7",5.2.3.46,M,5 Cab radio > 5.2 Functional requirements,5.2.3.45 (M): Such tests shall not prevent calls.,"5.2.4.1 (I): The Cab radio system may be required to be able to handle incoming and outgoing calls not only to and from the driver, but also to and from other on-train users and devices (conductor, public address system, data systems, etc) via appropriate interfaces and ports.","(M) mandatory, (O) optional, (I) informative"
S0233_optional,S0233,PURE,2007-eirene_fun_7-2,The result of the tests shall be displayed in a similar format to the self-test when MMI is powered on.,display the results of radio and MMI tests in a format similar to the self-test results displayed when the MMI is powered on,optional,The system MAY display the results of radio and MMI tests in a format similar to the self-test results displayed when the MMI is powered on.,The system MUST display the results of radio and MMI tests in a format similar to the self-test results displayed when the MMI is powered on.,MUST,no,0,optional,1,0.33,"EIRENE Functional Requirements Specification, version 7",5.2.3.46,M,5 Cab radio > 5.2 Functional requirements,5.2.3.45 (M): Such tests shall not prevent calls.,"5.2.4.1 (I): The Cab radio system may be required to be able to handle incoming and outgoing calls not only to and from the driver, but also to and from other on-train users and devices (conductor, public address system, data systems, etc) via appropriate interfaces and ports.","(M) mandatory, (O) optional, (I) informative"
S0233_nice_to_have,S0233,PURE,2007-eirene_fun_7-2,The result of the tests shall be displayed in a similar format to the self-test when MMI is powered on.,display the results of radio and MMI tests in a format similar to the self-test results displayed when the MMI is powered on,nice_to_have,It would be useful if the system could display the results of radio and MMI tests in a format similar to the self-test results displayed when the MMI is powered on.,The system MUST display the results of radio and MMI tests in a format similar to the self-test results displayed when the MMI is powered on.,MUST,no,0,nice_to_have,0,0.0,"EIRENE Functional Requirements Specification, version 7",5.2.3.46,M,5 Cab radio > 5.2 Functional requirements,5.2.3.45 (M): Such tests shall not prevent calls.,"5.2.4.1 (I): The Cab radio system may be required to be able to handle incoming and outgoing calls not only to and from the driver, but also to and from other on-train users and devices (conductor, public address system, data systems, etc) via appropriate interfaces and ports.","(M) mandatory, (O) optional, (I) informative"
S0238_mandatory,S0238,PURE,2007-eirene_fun_7-2,"In order to meet other call priorities, established calls shall be able to be either put on hold or cleared down (pre-empted).",allow established calls to be put on hold or cleared down by pre-emption to meet other call priorities,mandatory,The system MUST allow established calls to be put on hold or cleared down by pre-emption to meet other call priorities.,The system MUST allow established calls to be put on hold or cleared down by pre-emption to meet other call priorities.,MUST,yes,1,mandatory,3,1.0,"EIRENE Functional Requirements Specification, version 7",5.2.4.5,M,5 Cab radio > 5.2 Functional requirements,"5.2.4.4 (M): The Cab radio may be required to set up calls from a number of different sources. Therefore, the radio shall provide a priority function for calls from different sources in order to handle contention for the radio.",5.2.4.6 (M): The Cab radio shall be capable of handling contention between calls of differing priorities.,"(M) mandatory, (O) optional, (I) informative"
S0238_recommended,S0238,PURE,2007-eirene_fun_7-2,"In order to meet other call priorities, established calls shall be able to be either put on hold or cleared down (pre-empted).",allow established calls to be put on hold or cleared down by pre-emption to meet other call priorities,recommended,The system SHOULD allow established calls to be put on hold or cleared down by pre-emption to meet other call priorities.,The system MUST allow established calls to be put on hold or cleared down by pre-emption to meet other call priorities.,MUST,no,0,recommended,2,0.67,"EIRENE Functional Requirements Specification, version 7",5.2.4.5,M,5 Cab radio > 5.2 Functional requirements,"5.2.4.4 (M): The Cab radio may be required to set up calls from a number of different sources. Therefore, the radio shall provide a priority function for calls from different sources in order to handle contention for the radio.",5.2.4.6 (M): The Cab radio shall be capable of handling contention between calls of differing priorities.,"(M) mandatory, (O) optional, (I) informative"
S0238_optional,S0238,PURE,2007-eirene_fun_7-2,"In order to meet other call priorities, established calls shall be able to be either put on hold or cleared down (pre-empted).",allow established calls to be put on hold or cleared down by pre-emption to meet other call priorities,optional,The system MAY allow established calls to be put on hold or cleared down by pre-emption to meet other call priorities.,The system MUST allow established calls to be put on hold or cleared down by pre-emption to meet other call priorities.,MUST,no,0,optional,1,0.33,"EIRENE Functional Requirements Specification, version 7",5.2.4.5,M,5 Cab radio > 5.2 Functional requirements,"5.2.4.4 (M): The Cab radio may be required to set up calls from a number of different sources. Therefore, the radio shall provide a priority function for calls from different sources in order to handle contention for the radio.",5.2.4.6 (M): The Cab radio shall be capable of handling contention between calls of differing priorities.,"(M) mandatory, (O) optional, (I) informative"
S0238_nice_to_have,S0238,PURE,2007-eirene_fun_7-2,"In order to meet other call priorities, established calls shall be able to be either put on hold or cleared down (pre-empted).",allow established calls to be put on hold or cleared down by pre-emption to meet other call priorities,nice_to_have,It would be useful if the system could allow established calls to be put on hold or cleared down by pre-emption to meet other call priorities.,The system MUST allow established calls to be put on hold or cleared down by pre-emption to meet other call priorities.,MUST,no,0,nice_to_have,0,0.0,"EIRENE Functional Requirements Specification, version 7",5.2.4.5,M,5 Cab radio > 5.2 Functional requirements,"5.2.4.4 (M): The Cab radio may be required to set up calls from a number of different sources. Therefore, the radio shall provide a priority function for calls from different sources in order to handle contention for the radio.",5.2.4.6 (M): The Cab radio shall be capable of handling contention between calls of differing priorities.,"(M) mandatory, (O) optional, (I) informative"
S0241_mandatory,S0241,PURE,2007-eirene_fun_7-2,"Where pre-emption occurs, an advisory indication may be provided to the pre-empted parties.",provide an advisory indication to pre-empted parties where pre-emption occurs,mandatory,The system MUST provide an advisory indication to pre-empted parties where pre-emption occurs.,The system MUST provide an advisory indication to pre-empted parties where pre-emption occurs.,MUST,yes,1,mandatory,3,1.0,"EIRENE Functional Requirements Specification, version 7",5.2.4.8,O,5 Cab radio > 5.2 Functional requirements,5.2.4.7 (M): An outgoing call request of higher priority than an established call shall take precedence over the established call.,5.2.4.9 (M): Priority call handling facilities shall be provided such that the performance requirements defined in sections 3.4 and 10.2 can be met.,"(M) mandatory, (O) optional, (I) informative"
S0241_recommended,S0241,PURE,2007-eirene_fun_7-2,"Where pre-emption occurs, an advisory indication may be provided to the pre-empted parties.",provide an advisory indication to pre-empted parties where pre-emption occurs,recommended,The system SHOULD provide an advisory indication to pre-empted parties where pre-emption occurs.,The system MUST provide an advisory indication to pre-empted parties where pre-emption occurs.,MUST,no,0,recommended,2,0.67,"EIRENE Functional Requirements Specification, version 7",5.2.4.8,O,5 Cab radio > 5.2 Functional requirements,5.2.4.7 (M): An outgoing call request of higher priority than an established call shall take precedence over the established call.,5.2.4.9 (M): Priority call handling facilities shall be provided such that the performance requirements defined in sections 3.4 and 10.2 can be met.,"(M) mandatory, (O) optional, (I) informative"
S0241_optional,S0241,PURE,2007-eirene_fun_7-2,"Where pre-emption occurs, an advisory indication may be provided to the pre-empted parties.",provide an advisory indication to pre-empted parties where pre-emption occurs,optional,The system MAY provide an advisory indication to pre-empted parties where pre-emption occurs.,The system MUST provide an advisory indication to pre-empted parties where pre-emption occurs.,MUST,no,0,optional,1,0.33,"EIRENE Functional Requirements Specification, version 7",5.2.4.8,O,5 Cab radio > 5.2 Functional requirements,5.2.4.7 (M): An outgoing call request of higher priority than an established call shall take precedence over the established call.,5.2.4.9 (M): Priority call handling facilities shall be provided such that the performance requirements defined in sections 3.4 and 10.2 can be met.,"(M) mandatory, (O) optional, (I) informative"
S0241_nice_to_have,S0241,PURE,2007-eirene_fun_7-2,"Where pre-emption occurs, an advisory indication may be provided to the pre-empted parties.",provide an advisory indication to pre-empted parties where pre-emption occurs,nice_to_have,It would be useful if the system could provide an advisory indication to pre-empted parties where pre-emption occurs.,The system MUST provide an advisory indication to pre-empted parties where pre-emption occurs.,MUST,no,0,nice_to_have,0,0.0,"EIRENE Functional Requirements Specification, version 7",5.2.4.8,O,5 Cab radio > 5.2 Functional requirements,5.2.4.7 (M): An outgoing call request of higher priority than an established call shall take precedence over the established call.,5.2.4.9 (M): Priority call handling facilities shall be provided such that the performance requirements defined in sections 3.4 and 10.2 can be met.,"(M) mandatory, (O) optional, (I) informative"
S0243_mandatory,S0243,PURE,2007-eirene_fun_7-2,"Upon the request of the driver, the Cab radio should be able to perform a suite of run- time diagnostic tests on all physical interfaces.",allow the Cab radio to perform run-time diagnostic tests on all physical interfaces at the driver's request,mandatory,The system MUST allow the Cab radio to perform run-time diagnostic tests on all physical interfaces at the driver's request.,The system MUST allow the Cab radio to perform run-time diagnostic tests on all physical interfaces at the driver's request.,MUST,yes,1,mandatory,3,1.0,"EIRENE Functional Requirements Specification, version 7",5.2.4.10,O,5 Cab radio > 5.2 Functional requirements,5.2.4.9 (M): Priority call handling facilities shall be provided such that the performance requirements defined in sections 3.4 and 10.2 can be met.,"5.2.4.11 (M): If run-time diagnostics are implemented, failure of an interface shall be reported to the driver via the display.","(M) mandatory, (O) optional, (I) informative"
S0243_recommended,S0243,PURE,2007-eirene_fun_7-2,"Upon the request of the driver, the Cab radio should be able to perform a suite of run- time diagnostic tests on all physical interfaces.",allow the Cab radio to perform run-time diagnostic tests on all physical interfaces at the driver's request,recommended,The system SHOULD allow the Cab radio to perform run-time diagnostic tests on all physical interfaces at the driver's request.,The system MUST allow the Cab radio to perform run-time diagnostic tests on all physical interfaces at the driver's request.,MUST,no,0,recommended,2,0.67,"EIRENE Functional Requirements Specification, version 7",5.2.4.10,O,5 Cab radio > 5.2 Functional requirements,5.2.4.9 (M): Priority call handling facilities shall be provided such that the performance requirements defined in sections 3.4 and 10.2 can be met.,"5.2.4.11 (M): If run-time diagnostics are implemented, failure of an interface shall be reported to the driver via the display.","(M) mandatory, (O) optional, (I) informative"
S0243_optional,S0243,PURE,2007-eirene_fun_7-2,"Upon the request of the driver, the Cab radio should be able to perform a suite of run- time diagnostic tests on all physical interfaces.",allow the Cab radio to perform run-time diagnostic tests on all physical interfaces at the driver's request,optional,The system MAY allow the Cab radio to perform run-time diagnostic tests on all physical interfaces at the driver's request.,The system MUST allow the Cab radio to perform run-time diagnostic tests on all physical interfaces at the driver's request.,MUST,no,0,optional,1,0.33,"EIRENE Functional Requirements Specification, version 7",5.2.4.10,O,5 Cab radio > 5.2 Functional requirements,5.2.4.9 (M): Priority call handling facilities shall be provided such that the performance requirements defined in sections 3.4 and 10.2 can be met.,"5.2.4.11 (M): If run-time diagnostics are implemented, failure of an interface shall be reported to the driver via the display.","(M) mandatory, (O) optional, (I) informative"
S0243_nice_to_have,S0243,PURE,2007-eirene_fun_7-2,"Upon the request of the driver, the Cab radio should be able to perform a suite of run- time diagnostic tests on all physical interfaces.",allow the Cab radio to perform run-time diagnostic tests on all physical interfaces at the driver's request,nice_to_have,It would be useful if the system could allow the Cab radio to perform run-time diagnostic tests on all physical interfaces at the driver's request.,The system MUST allow the Cab radio to perform run-time diagnostic tests on all physical interfaces at the driver's request.,MUST,no,0,nice_to_have,0,0.0,"EIRENE Functional Requirements Specification, version 7",5.2.4.10,O,5 Cab radio > 5.2 Functional requirements,5.2.4.9 (M): Priority call handling facilities shall be provided such that the performance requirements defined in sections 3.4 and 10.2 can be met.,"5.2.4.11 (M): If run-time diagnostics are implemented, failure of an interface shall be reported to the driver via the display.","(M) mandatory, (O) optional, (I) informative"
S0245_mandatory,S0245,PURE,2007-eirene_fun_7-2,"If run-time diagnostics are implemented, all failures should be available to be recorded in a train-borne recorder.",make all failures available for recording in a train-borne recorder if run-time diagnostics are implemented,mandatory,The system MUST make all failures available for recording in a train-borne recorder if run-time diagnostics are implemented.,The system MUST make all failures available for recording in a train-borne recorder if run-time diagnostics are implemented.,MUST,yes,1,mandatory,3,1.0,"EIRENE Functional Requirements Specification, version 7",5.2.4.12,O,5 Cab radio > 5.2 Functional requirements,"5.2.4.11 (M): If run-time diagnostics are implemented, failure of an interface shall be reported to the driver via the display.","5.2.4.13 (M): If run-time diagnostics are implemented, diagnostic tests shall not interfere with normal operation of the Cab radio.","(M) mandatory, (O) optional, (I) informative"
S0245_recommended,S0245,PURE,2007-eirene_fun_7-2,"If run-time diagnostics are implemented, all failures should be available to be recorded in a train-borne recorder.",make all failures available for recording in a train-borne recorder if run-time diagnostics are implemented,recommended,The system SHOULD make all failures available for recording in a train-borne recorder if run-time diagnostics are implemented.,The system MUST make all failures available for recording in a train-borne recorder if run-time diagnostics are implemented.,MUST,no,0,recommended,2,0.67,"EIRENE Functional Requirements Specification, version 7",5.2.4.12,O,5 Cab radio > 5.2 Functional requirements,"5.2.4.11 (M): If run-time diagnostics are implemented, failure of an interface shall be reported to the driver via the display.","5.2.4.13 (M): If run-time diagnostics are implemented, diagnostic tests shall not interfere with normal operation of the Cab radio.","(M) mandatory, (O) optional, (I) informative"
S0245_optional,S0245,PURE,2007-eirene_fun_7-2,"If run-time diagnostics are implemented, all failures should be available to be recorded in a train-borne recorder.",make all failures available for recording in a train-borne recorder if run-time diagnostics are implemented,optional,The system MAY make all failures available for recording in a train-borne recorder if run-time diagnostics are implemented.,The system MUST make all failures available for recording in a train-borne recorder if run-time diagnostics are implemented.,MUST,no,0,optional,1,0.33,"EIRENE Functional Requirements Specification, version 7",5.2.4.12,O,5 Cab radio > 5.2 Functional requirements,"5.2.4.11 (M): If run-time diagnostics are implemented, failure of an interface shall be reported to the driver via the display.","5.2.4.13 (M): If run-time diagnostics are implemented, diagnostic tests shall not interfere with normal operation of the Cab radio.","(M) mandatory, (O) optional, (I) informative"
S0245_nice_to_have,S0245,PURE,2007-eirene_fun_7-2,"If run-time diagnostics are implemented, all failures should be available to be recorded in a train-borne recorder.",make all failures available for recording in a train-borne recorder if run-time diagnostics are implemented,nice_to_have,It would be useful if the system could make all failures available for recording in a train-borne recorder if run-time diagnostics are implemented.,The system MUST make all failures available for recording in a train-borne recorder if run-time diagnostics are implemented.,MUST,no,0,nice_to_have,0,0.0,"EIRENE Functional Requirements Specification, version 7",5.2.4.12,O,5 Cab radio > 5.2 Functional requirements,"5.2.4.11 (M): If run-time diagnostics are implemented, failure of an interface shall be reported to the driver via the display.","5.2.4.13 (M): If run-time diagnostics are implemented, diagnostic tests shall not interfere with normal operation of the Cab radio.","(M) mandatory, (O) optional, (I) informative"
S0259_mandatory,S0259,PURE,2007-eirene_fun_7-2,"The driver shall be able to adjust the brightness of buttons, indicator lights and displays according to the ambient lighting in the cab.","allow the driver to adjust the brightness of buttons, indicator lights and displays to ambient cab lighting",mandatory,"The system MUST allow the driver to adjust the brightness of buttons, indicator lights and displays to ambient cab lighting.","The system MUST allow the driver to adjust the brightness of buttons, indicator lights and displays to ambient cab lighting.",MUST,yes,1,mandatory,3,1.0,"EIRENE Functional Requirements Specification, version 7",5.4.5,M,5 Cab radio > 5.4 Driver man-machine interface,5.4.4 (I): Note: there is no requirement for hands free operation.,5.4.6 (M): The driver shall be able to adjust the contrast of the display.,"(M) mandatory, (O) optional, (I) informative"
S0259_recommended,S0259,PURE,2007-eirene_fun_7-2,"The driver shall be able to adjust the brightness of buttons, indicator lights and displays according to the ambient lighting in the cab.","allow the driver to adjust the brightness of buttons, indicator lights and displays to ambient cab lighting",recommended,"The system SHOULD allow the driver to adjust the brightness of buttons, indicator lights and displays to ambient cab lighting.","The system MUST allow the driver to adjust the brightness of buttons, indicator lights and displays to ambient cab lighting.",MUST,no,0,recommended,2,0.67,"EIRENE Functional Requirements Specification, version 7",5.4.5,M,5 Cab radio > 5.4 Driver man-machine interface,5.4.4 (I): Note: there is no requirement for hands free operation.,5.4.6 (M): The driver shall be able to adjust the contrast of the display.,"(M) mandatory, (O) optional, (I) informative"
S0259_optional,S0259,PURE,2007-eirene_fun_7-2,"The driver shall be able to adjust the brightness of buttons, indicator lights and displays according to the ambient lighting in the cab.","allow the driver to adjust the brightness of buttons, indicator lights and displays to ambient cab lighting",optional,"The system MAY allow the driver to adjust the brightness of buttons, indicator lights and displays to ambient cab lighting.","The system MUST allow the driver to adjust the brightness of buttons, indicator lights and displays to ambient cab lighting.",MUST,no,0,optional,1,0.33,"EIRENE Functional Requirements Specification, version 7",5.4.5,M,5 Cab radio > 5.4 Driver man-machine interface,5.4.4 (I): Note: there is no requirement for hands free operation.,5.4.6 (M): The driver shall be able to adjust the contrast of the display.,"(M) mandatory, (O) optional, (I) informative"
S0259_nice_to_have,S0259,PURE,2007-eirene_fun_7-2,"The driver shall be able to adjust the brightness of buttons, indicator lights and displays according to the ambient lighting in the cab.","allow the driver to adjust the brightness of buttons, indicator lights and displays to ambient cab lighting",nice_to_have,"It would be useful if the system could allow the driver to adjust the brightness of buttons, indicator lights and displays to ambient cab lighting.","The system MUST allow the driver to adjust the brightness of buttons, indicator lights and displays to ambient cab lighting.",MUST,no,0,nice_to_have,0,0.0,"EIRENE Functional Requirements Specification, version 7",5.4.5,M,5 Cab radio > 5.4 Driver man-machine interface,5.4.4 (I): Note: there is no requirement for hands free operation.,5.4.6 (M): The driver shall be able to adjust the contrast of the display.,"(M) mandatory, (O) optional, (I) informative"
S0260_mandatory,S0260,PURE,2007-eirene_fun_7-2,The driver shall be able to adjust the contrast of the display.,allow the driver to adjust display contrast,mandatory,The system MUST allow the driver to adjust display contrast.,The system MUST allow the driver to adjust display contrast.,MUST,yes,1,mandatory,3,1.0,"EIRENE Functional Requirements Specification, version 7",5.4.6,M,5 Cab radio > 5.4 Driver man-machine interface,"5.4.5 (M): The driver shall be able to adjust the brightness of buttons, indicator lights and displays according to the ambient lighting in the cab.",5.4.7 (M): The emergency call button shall be red and shall be protected against accidental use.,"(M) mandatory, (O) optional, (I) informative"
S0260_recommended,S0260,PURE,2007-eirene_fun_7-2,The driver shall be able to adjust the contrast of the display.,allow the driver to adjust display contrast,recommended,The system SHOULD allow the driver to adjust display contrast.,The system MUST allow the driver to adjust display contrast.,MUST,no,0,recommended,2,0.67,"EIRENE Functional Requirements Specification, version 7",5.4.6,M,5 Cab radio > 5.4 Driver man-machine interface,"5.4.5 (M): The driver shall be able to adjust the brightness of buttons, indicator lights and displays according to the ambient lighting in the cab.",5.4.7 (M): The emergency call button shall be red and shall be protected against accidental use.,"(M) mandatory, (O) optional, (I) informative"
S0260_optional,S0260,PURE,2007-eirene_fun_7-2,The driver shall be able to adjust the contrast of the display.,allow the driver to adjust display contrast,optional,The system MAY allow the driver to adjust display contrast.,The system MUST allow the driver to adjust display contrast.,MUST,no,0,optional,1,0.33,"EIRENE Functional Requirements Specification, version 7",5.4.6,M,5 Cab radio > 5.4 Driver man-machine interface,"5.4.5 (M): The driver shall be able to adjust the brightness of buttons, indicator lights and displays according to the ambient lighting in the cab.",5.4.7 (M): The emergency call button shall be red and shall be protected against accidental use.,"(M) mandatory, (O) optional, (I) informative"
S0260_nice_to_have,S0260,PURE,2007-eirene_fun_7-2,The driver shall be able to adjust the contrast of the display.,allow the driver to adjust display contrast,nice_to_have,It would be useful if the system could allow the driver to adjust display contrast.,The system MUST allow the driver to adjust display contrast.,MUST,no,0,nice_to_have,0,0.0,"EIRENE Functional Requirements Specification, version 7",5.4.6,M,5 Cab radio > 5.4 Driver man-machine interface,"5.4.5 (M): The driver shall be able to adjust the brightness of buttons, indicator lights and displays according to the ambient lighting in the cab.",5.4.7 (M): The emergency call button shall be red and shall be protected against accidental use.,"(M) mandatory, (O) optional, (I) informative"
S0262_mandatory,S0262,PURE,2007-eirene_fun_7-2,"Any displays shall be clearly readable from a normal drivers position, assuming a normal reading distance.",make displays clearly readable from a normal driver's position at a normal reading distance,mandatory,The system MUST make displays clearly readable from a normal driver's position at a normal reading distance.,The system MUST make displays clearly readable from a normal driver's position at a normal reading distance.,MUST,yes,1,mandatory,3,1.0,"EIRENE Functional Requirements Specification, version 7",5.4.8,M,5 Cab radio > 5.4 Driver man-machine interface,5.4.7 (M): The emergency call button shall be red and shall be protected against accidental use.,5.4.9 (M): Displayed characters shall have a minimum height of 5mm.,"(M) mandatory, (O) optional, (I) informative"
S0262_recommended,S0262,PURE,2007-eirene_fun_7-2,"Any displays shall be clearly readable from a normal drivers position, assuming a normal reading distance.",make displays clearly readable from a normal driver's position at a normal reading distance,recommended,The system SHOULD make displays clearly readable from a normal driver's position at a normal reading distance.,The system MUST make displays clearly readable from a normal driver's position at a normal reading distance.,MUST,no,0,recommended,2,0.67,"EIRENE Functional Requirements Specification, version 7",5.4.8,M,5 Cab radio > 5.4 Driver man-machine interface,5.4.7 (M): The emergency call button shall be red and shall be protected against accidental use.,5.4.9 (M): Displayed characters shall have a minimum height of 5mm.,"(M) mandatory, (O) optional, (I) informative"
S0262_optional,S0262,PURE,2007-eirene_fun_7-2,"Any displays shall be clearly readable from a normal drivers position, assuming a normal reading distance.",make displays clearly readable from a normal driver's position at a normal reading distance,optional,The system MAY make displays clearly readable from a normal driver's position at a normal reading distance.,The system MUST make displays clearly readable from a normal driver's position at a normal reading distance.,MUST,no,0,optional,1,0.33,"EIRENE Functional Requirements Specification, version 7",5.4.8,M,5 Cab radio > 5.4 Driver man-machine interface,5.4.7 (M): The emergency call button shall be red and shall be protected against accidental use.,5.4.9 (M): Displayed characters shall have a minimum height of 5mm.,"(M) mandatory, (O) optional, (I) informative"
S0262_nice_to_have,S0262,PURE,2007-eirene_fun_7-2,"Any displays shall be clearly readable from a normal drivers position, assuming a normal reading distance.",make displays clearly readable from a normal driver's position at a normal reading distance,nice_to_have,It would be useful if the system could make displays clearly readable from a normal driver's position at a normal reading distance.,The system MUST make displays clearly readable from a normal driver's position at a normal reading distance.,MUST,no,0,nice_to_have,0,0.0,"EIRENE Functional Requirements Specification, version 7",5.4.8,M,5 Cab radio > 5.4 Driver man-machine interface,5.4.7 (M): The emergency call button shall be red and shall be protected against accidental use.,5.4.9 (M): Displayed characters shall have a minimum height of 5mm.,"(M) mandatory, (O) optional, (I) informative"
S0269_mandatory,S0269,PURE,2007-eirene_fun_7-2,"If contact with the mobile radio network is lost, then the Cab radio shall give an audible and visual indication.",provide an audible and visual indication on the Cab radio if contact with the mobile radio network is lost,mandatory,The system MUST provide an audible and visual indication on the Cab radio if contact with the mobile radio network is lost.,The system MUST provide an audible and visual indication on the Cab radio if contact with the mobile radio network is lost.,MUST,yes,1,mandatory,3,1.0,"EIRENE Functional Requirements Specification, version 7",5.4.16,M,5 Cab radio > 5.4 Driver man-machine interface,5.4.15 (M): Cab radios shall provide a means of preventing tampering.,5.5.1: Deleted.,"(M) mandatory, (O) optional, (I) informative"
S0269_recommended,S0269,PURE,2007-eirene_fun_7-2,"If contact with the mobile radio network is lost, then the Cab radio shall give an audible and visual indication.",provide an audible and visual indication on the Cab radio if contact with the mobile radio network is lost,recommended,The system SHOULD provide an audible and visual indication on the Cab radio if contact with the mobile radio network is lost.,The system MUST provide an audible and visual indication on the Cab radio if contact with the mobile radio network is lost.,MUST,no,0,recommended,2,0.67,"EIRENE Functional Requirements Specification, version 7",5.4.16,M,5 Cab radio > 5.4 Driver man-machine interface,5.4.15 (M): Cab radios shall provide a means of preventing tampering.,5.5.1: Deleted.,"(M) mandatory, (O) optional, (I) informative"
S0269_optional,S0269,PURE,2007-eirene_fun_7-2,"If contact with the mobile radio network is lost, then the Cab radio shall give an audible and visual indication.",provide an audible and visual indication on the Cab radio if contact with the mobile radio network is lost,optional,The system MAY provide an audible and visual indication on the Cab radio if contact with the mobile radio network is lost.,The system MUST provide an audible and visual indication on the Cab radio if contact with the mobile radio network is lost.,MUST,no,0,optional,1,0.33,"EIRENE Functional Requirements Specification, version 7",5.4.16,M,5 Cab radio > 5.4 Driver man-machine interface,5.4.15 (M): Cab radios shall provide a means of preventing tampering.,5.5.1: Deleted.,"(M) mandatory, (O) optional, (I) informative"
S0269_nice_to_have,S0269,PURE,2007-eirene_fun_7-2,"If contact with the mobile radio network is lost, then the Cab radio shall give an audible and visual indication.",provide an audible and visual indication on the Cab radio if contact with the mobile radio network is lost,nice_to_have,It would be useful if the system could provide an audible and visual indication on the Cab radio if contact with the mobile radio network is lost.,The system MUST provide an audible and visual indication on the Cab radio if contact with the mobile radio network is lost.,MUST,no,0,nice_to_have,0,0.0,"EIRENE Functional Requirements Specification, version 7",5.4.16,M,5 Cab radio > 5.4 Driver man-machine interface,5.4.15 (M): Cab radios shall provide a means of preventing tampering.,5.5.1: Deleted.,"(M) mandatory, (O) optional, (I) informative"
S0270_mandatory,S0270,PURE,2007-eirene_fun_7-2,A driver safety device (DSD) interface should be provided in traction units that are equipped with a DSD in order to support the transmission of a DSD alarm.,provide a driver safety device interface in DSD-equipped traction units to support DSD alarm transmission,mandatory,The system MUST provide a driver safety device interface in DSD-equipped traction units to support DSD alarm transmission.,The system MUST provide a driver safety device interface in DSD-equipped traction units to support DSD alarm transmission.,MUST,yes,1,mandatory,3,1.0,"EIRENE Functional Requirements Specification, version 7",5.7.1,O,5 Cab radio > 5.7 Driver safety device interface,5.6.1: Deleted.,"5.7.1i (M): If such an interface is implemented, it shall be capable of being connected to a device complying with UIC fiche 641 concerning automatic vigilance devices used in international traffic.","(M) mandatory, (O) optional, (I) informative"
S0270_recommended,S0270,PURE,2007-eirene_fun_7-2,A driver safety device (DSD) interface should be provided in traction units that are equipped with a DSD in order to support the transmission of a DSD alarm.,provide a driver safety device interface in DSD-equipped traction units to support DSD alarm transmission,recommended,The system SHOULD provide a driver safety device interface in DSD-equipped traction units to support DSD alarm transmission.,The system MUST provide a driver safety device interface in DSD-equipped traction units to support DSD alarm transmission.,MUST,no,0,recommended,2,0.67,"EIRENE Functional Requirements Specification, version 7",5.7.1,O,5 Cab radio > 5.7 Driver safety device interface,5.6.1: Deleted.,"5.7.1i (M): If such an interface is implemented, it shall be capable of being connected to a device complying with UIC fiche 641 concerning automatic vigilance devices used in international traffic.","(M) mandatory, (O) optional, (I) informative"
S0270_optional,S0270,PURE,2007-eirene_fun_7-2,A driver safety device (DSD) interface should be provided in traction units that are equipped with a DSD in order to support the transmission of a DSD alarm.,provide a driver safety device interface in DSD-equipped traction units to support DSD alarm transmission,optional,The system MAY provide a driver safety device interface in DSD-equipped traction units to support DSD alarm transmission.,The system MUST provide a driver safety device interface in DSD-equipped traction units to support DSD alarm transmission.,MUST,no,0,optional,1,0.33,"EIRENE Functional Requirements Specification, version 7",5.7.1,O,5 Cab radio > 5.7 Driver safety device interface,5.6.1: Deleted.,"5.7.1i (M): If such an interface is implemented, it shall be capable of being connected to a device complying with UIC fiche 641 concerning automatic vigilance devices used in international traffic.","(M) mandatory, (O) optional, (I) informative"
S0270_nice_to_have,S0270,PURE,2007-eirene_fun_7-2,A driver safety device (DSD) interface should be provided in traction units that are equipped with a DSD in order to support the transmission of a DSD alarm.,provide a driver safety device interface in DSD-equipped traction units to support DSD alarm transmission,nice_to_have,It would be useful if the system could provide a driver safety device interface in DSD-equipped traction units to support DSD alarm transmission.,The system MUST provide a driver safety device interface in DSD-equipped traction units to support DSD alarm transmission.,MUST,no,0,nice_to_have,0,0.0,"EIRENE Functional Requirements Specification, version 7",5.7.1,O,5 Cab radio > 5.7 Driver safety device interface,5.6.1: Deleted.,"5.7.1i (M): If such an interface is implemented, it shall be capable of being connected to a device complying with UIC fiche 641 concerning automatic vigilance devices used in international traffic.","(M) mandatory, (O) optional, (I) informative"
S0272_mandatory,S0272,PURE,2007-eirene_fun_7-2,The activation of the driver safety device shall automatically trigger the Cab radio to send a data message.,automatically trigger the Cab radio to send a data message when the driver safety device is activated,mandatory,The system MUST automatically trigger the Cab radio to send a data message when the driver safety device is activated.,The system MUST automatically trigger the Cab radio to send a data message when the driver safety device is activated.,MUST,yes,1,mandatory,3,1.0,"EIRENE Functional Requirements Specification, version 7",5.7.2,M,5 Cab radio > 5.7 Driver safety device interface,"5.7.1i (M): If such an interface is implemented, it shall be capable of being connected to a device complying with UIC fiche 641 concerning automatic vigilance devices used in international traffic.",5.7.3: The DSD alarm call/message shall provide the following information: train number; (M) engine number; (M) location information. (O),"(M) mandatory, (O) optional, (I) informative"
S0272_recommended,S0272,PURE,2007-eirene_fun_7-2,The activation of the driver safety device shall automatically trigger the Cab radio to send a data message.,automatically trigger the Cab radio to send a data message when the driver safety device is activated,recommended,The system SHOULD automatically trigger the Cab radio to send a data message when the driver safety device is activated.,The system MUST automatically trigger the Cab radio to send a data message when the driver safety device is activated.,MUST,no,0,recommended,2,0.67,"EIRENE Functional Requirements Specification, version 7",5.7.2,M,5 Cab radio > 5.7 Driver safety device interface,"5.7.1i (M): If such an interface is implemented, it shall be capable of being connected to a device complying with UIC fiche 641 concerning automatic vigilance devices used in international traffic.",5.7.3: The DSD alarm call/message shall provide the following information: train number; (M) engine number; (M) location information. (O),"(M) mandatory, (O) optional, (I) informative"
S0272_optional,S0272,PURE,2007-eirene_fun_7-2,The activation of the driver safety device shall automatically trigger the Cab radio to send a data message.,automatically trigger the Cab radio to send a data message when the driver safety device is activated,optional,The system MAY automatically trigger the Cab radio to send a data message when the driver safety device is activated.,The system MUST automatically trigger the Cab radio to send a data message when the driver safety device is activated.,MUST,no,0,optional,1,0.33,"EIRENE Functional Requirements Specification, version 7",5.7.2,M,5 Cab radio > 5.7 Driver safety device interface,"5.7.1i (M): If such an interface is implemented, it shall be capable of being connected to a device complying with UIC fiche 641 concerning automatic vigilance devices used in international traffic.",5.7.3: The DSD alarm call/message shall provide the following information: train number; (M) engine number; (M) location information. (O),"(M) mandatory, (O) optional, (I) informative"
S0272_nice_to_have,S0272,PURE,2007-eirene_fun_7-2,The activation of the driver safety device shall automatically trigger the Cab radio to send a data message.,automatically trigger the Cab radio to send a data message when the driver safety device is activated,nice_to_have,It would be useful if the system could automatically trigger the Cab radio to send a data message when the driver safety device is activated.,The system MUST automatically trigger the Cab radio to send a data message when the driver safety device is activated.,MUST,no,0,nice_to_have,0,0.0,"EIRENE Functional Requirements Specification, version 7",5.7.2,M,5 Cab radio > 5.7 Driver safety device interface,"5.7.1i (M): If such an interface is implemented, it shall be capable of being connected to a device complying with UIC fiche 641 concerning automatic vigilance devices used in international traffic.",5.7.3: The DSD alarm call/message shall provide the following information: train number; (M) engine number; (M) location information. (O),"(M) mandatory, (O) optional, (I) informative"
S0274_mandatory,S0274,PURE,2007-eirene_fun_7-2,DSD alarm information shall be transmitted to the primary controller.,transmit DSD alarm information to the primary controller,mandatory,The system MUST transmit DSD alarm information to the primary controller.,The system MUST transmit DSD alarm information to the primary controller.,MUST,yes,1,mandatory,3,1.0,"EIRENE Functional Requirements Specification, version 7",5.7.4,M,5 Cab radio > 5.7 Driver safety device interface,5.7.3: The DSD alarm call/message shall provide the following information: train number; (M) engine number; (M) location information. (O),5.7.5 (O): Additional information may also be provided if available from external systems.,"(M) mandatory, (O) optional, (I) informative"
S0274_recommended,S0274,PURE,2007-eirene_fun_7-2,DSD alarm information shall be transmitted to the primary controller.,transmit DSD alarm information to the primary controller,recommended,The system SHOULD transmit DSD alarm information to the primary controller.,The system MUST transmit DSD alarm information to the primary controller.,MUST,no,0,recommended,2,0.67,"EIRENE Functional Requirements Specification, version 7",5.7.4,M,5 Cab radio > 5.7 Driver safety device interface,5.7.3: The DSD alarm call/message shall provide the following information: train number; (M) engine number; (M) location information. (O),5.7.5 (O): Additional information may also be provided if available from external systems.,"(M) mandatory, (O) optional, (I) informative"
S0274_optional,S0274,PURE,2007-eirene_fun_7-2,DSD alarm information shall be transmitted to the primary controller.,transmit DSD alarm information to the primary controller,optional,The system MAY transmit DSD alarm information to the primary controller.,The system MUST transmit DSD alarm information to the primary controller.,MUST,no,0,optional,1,0.33,"EIRENE Functional Requirements Specification, version 7",5.7.4,M,5 Cab radio > 5.7 Driver safety device interface,5.7.3: The DSD alarm call/message shall provide the following information: train number; (M) engine number; (M) location information. (O),5.7.5 (O): Additional information may also be provided if available from external systems.,"(M) mandatory, (O) optional, (I) informative"
S0274_nice_to_have,S0274,PURE,2007-eirene_fun_7-2,DSD alarm information shall be transmitted to the primary controller.,transmit DSD alarm information to the primary controller,nice_to_have,It would be useful if the system could transmit DSD alarm information to the primary controller.,The system MUST transmit DSD alarm information to the primary controller.,MUST,no,0,nice_to_have,0,0.0,"EIRENE Functional Requirements Specification, version 7",5.7.4,M,5 Cab radio > 5.7 Driver safety device interface,5.7.3: The DSD alarm call/message shall provide the following information: train number; (M) engine number; (M) location information. (O),5.7.5 (O): Additional information may also be provided if available from external systems.,"(M) mandatory, (O) optional, (I) informative"
S0275_mandatory,S0275,PURE,2007-eirene_fun_7-2,Additional information may also be provided if available from external systems.,provide additional DSD alarm information if it is available from external systems,mandatory,The system MUST provide additional DSD alarm information if it is available from external systems.,The system MUST provide additional DSD alarm information if it is available from external systems.,MUST,yes,1,mandatory,3,1.0,"EIRENE Functional Requirements Specification, version 7",5.7.5,O,5 Cab radio > 5.7 Driver safety device interface,5.7.4 (M): DSD alarm information shall be transmitted to the primary controller.,5.8.1: The Cab radio shall be able to provide the following information to a train-borne recorder or other equipment via a standardised interface: activation of Cab radio emergency call button; (M) receipt of incoming Railway emergency call; (M) termination of outgoing or incoming Railway emergency call; (M) radio faults; (O) driver safety device alarm message transmission; (M) details of confirmation of Railway emergency call. (M),"(M) mandatory, (O) optional, (I) informative"
S0275_recommended,S0275,PURE,2007-eirene_fun_7-2,Additional information may also be provided if available from external systems.,provide additional DSD alarm information if it is available from external systems,recommended,The system SHOULD provide additional DSD alarm information if it is available from external systems.,The system MUST provide additional DSD alarm information if it is available from external systems.,MUST,no,0,recommended,2,0.67,"EIRENE Functional Requirements Specification, version 7",5.7.5,O,5 Cab radio > 5.7 Driver safety device interface,5.7.4 (M): DSD alarm information shall be transmitted to the primary controller.,5.8.1: The Cab radio shall be able to provide the following information to a train-borne recorder or other equipment via a standardised interface: activation of Cab radio emergency call button; (M) receipt of incoming Railway emergency call; (M) termination of outgoing or incoming Railway emergency call; (M) radio faults; (O) driver safety device alarm message transmission; (M) details of confirmation of Railway emergency call. (M),"(M) mandatory, (O) optional, (I) informative"
S0275_optional,S0275,PURE,2007-eirene_fun_7-2,Additional information may also be provided if available from external systems.,provide additional DSD alarm information if it is available from external systems,optional,The system MAY provide additional DSD alarm information if it is available from external systems.,The system MUST provide additional DSD alarm information if it is available from external systems.,MUST,no,0,optional,1,0.33,"EIRENE Functional Requirements Specification, version 7",5.7.5,O,5 Cab radio > 5.7 Driver safety device interface,5.7.4 (M): DSD alarm information shall be transmitted to the primary controller.,5.8.1: The Cab radio shall be able to provide the following information to a train-borne recorder or other equipment via a standardised interface: activation of Cab radio emergency call button; (M) receipt of incoming Railway emergency call; (M) termination of outgoing or incoming Railway emergency call; (M) radio faults; (O) driver safety device alarm message transmission; (M) details of confirmation of Railway emergency call. (M),"(M) mandatory, (O) optional, (I) informative"
S0275_nice_to_have,S0275,PURE,2007-eirene_fun_7-2,Additional information may also be provided if available from external systems.,provide additional DSD alarm information if it is available from external systems,nice_to_have,It would be useful if the system could provide additional DSD alarm information if it is available from external systems.,The system MUST provide additional DSD alarm information if it is available from external systems.,MUST,no,0,nice_to_have,0,0.0,"EIRENE Functional Requirements Specification, version 7",5.7.5,O,5 Cab radio > 5.7 Driver safety device interface,5.7.4 (M): DSD alarm information shall be transmitted to the primary controller.,5.8.1: The Cab radio shall be able to provide the following information to a train-borne recorder or other equipment via a standardised interface: activation of Cab radio emergency call button; (M) receipt of incoming Railway emergency call; (M) termination of outgoing or incoming Railway emergency call; (M) radio faults; (O) driver safety device alarm message transmission; (M) details of confirmation of Railway emergency call. (M),"(M) mandatory, (O) optional, (I) informative"
S0277_mandatory,S0277,PURE,2007-eirene_fun_7-2,On-train mobiles shall provide a standardised interface to ERTMS/ETCS.,provide on-train mobiles with a standardised interface to ERTMS/ETCS,mandatory,The system MUST provide on-train mobiles with a standardised interface to ERTMS/ETCS.,The system MUST provide on-train mobiles with a standardised interface to ERTMS/ETCS.,MUST,yes,1,mandatory,3,1.0,"EIRENE Functional Requirements Specification, version 7",5.9.1,M,5 Cab radio > 5.9 Control/command interfaces,5.8.1: The Cab radio shall be able to provide the following information to a train-borne recorder or other equipment via a standardised interface: activation of Cab radio emergency call button; (M) receipt of incoming Railway emergency call; (M) termination of outgoing or incoming Railway emergency call; (M) radio faults; (O) driver safety device alarm message transmission; (M) details of confirmation of Railway emergency call. (M),"5.9.2 (I): In addition, individual railways may have requirements to interface to national control/command systems.","(M) mandatory, (O) optional, (I) informative"
S0277_recommended,S0277,PURE,2007-eirene_fun_7-2,On-train mobiles shall provide a standardised interface to ERTMS/ETCS.,provide on-train mobiles with a standardised interface to ERTMS/ETCS,recommended,The system SHOULD provide on-train mobiles with a standardised interface to ERTMS/ETCS.,The system MUST provide on-train mobiles with a standardised interface to ERTMS/ETCS.,MUST,no,0,recommended,2,0.67,"EIRENE Functional Requirements Specification, version 7",5.9.1,M,5 Cab radio > 5.9 Control/command interfaces,5.8.1: The Cab radio shall be able to provide the following information to a train-borne recorder or other equipment via a standardised interface: activation of Cab radio emergency call button; (M) receipt of incoming Railway emergency call; (M) termination of outgoing or incoming Railway emergency call; (M) radio faults; (O) driver safety device alarm message transmission; (M) details of confirmation of Railway emergency call. (M),"5.9.2 (I): In addition, individual railways may have requirements to interface to national control/command systems.","(M) mandatory, (O) optional, (I) informative"
S0277_optional,S0277,PURE,2007-eirene_fun_7-2,On-train mobiles shall provide a standardised interface to ERTMS/ETCS.,provide on-train mobiles with a standardised interface to ERTMS/ETCS,optional,The system MAY provide on-train mobiles with a standardised interface to ERTMS/ETCS.,The system MUST provide on-train mobiles with a standardised interface to ERTMS/ETCS.,MUST,no,0,optional,1,0.33,"EIRENE Functional Requirements Specification, version 7",5.9.1,M,5 Cab radio > 5.9 Control/command interfaces,5.8.1: The Cab radio shall be able to provide the following information to a train-borne recorder or other equipment via a standardised interface: activation of Cab radio emergency call button; (M) receipt of incoming Railway emergency call; (M) termination of outgoing or incoming Railway emergency call; (M) radio faults; (O) driver safety device alarm message transmission; (M) details of confirmation of Railway emergency call. (M),"5.9.2 (I): In addition, individual railways may have requirements to interface to national control/command systems.","(M) mandatory, (O) optional, (I) informative"
S0277_nice_to_have,S0277,PURE,2007-eirene_fun_7-2,On-train mobiles shall provide a standardised interface to ERTMS/ETCS.,provide on-train mobiles with a standardised interface to ERTMS/ETCS,nice_to_have,It would be useful if the system could provide on-train mobiles with a standardised interface to ERTMS/ETCS.,The system MUST provide on-train mobiles with a standardised interface to ERTMS/ETCS.,MUST,no,0,nice_to_have,0,0.0,"EIRENE Functional Requirements Specification, version 7",5.9.1,M,5 Cab radio > 5.9 Control/command interfaces,5.8.1: The Cab radio shall be able to provide the following information to a train-borne recorder or other equipment via a standardised interface: activation of Cab radio emergency call button; (M) receipt of incoming Railway emergency call; (M) termination of outgoing or incoming Railway emergency call; (M) radio faults; (O) driver safety device alarm message transmission; (M) details of confirmation of Railway emergency call. (M),"5.9.2 (I): In addition, individual railways may have requirements to interface to national control/command systems.","(M) mandatory, (O) optional, (I) informative"
S0279_mandatory,S0279,PURE,2007-eirene_fun_7-2,Other interfaces may be provided in the Cab radio system.,provide other interfaces in the Cab radio system,mandatory,The system MUST provide other interfaces in the Cab radio system.,The system MUST provide other interfaces in the Cab radio system.,MUST,yes,1,mandatory,3,1.0,"EIRENE Functional Requirements Specification, version 7",5.10.1,O,5 Cab radio > 5.10 Other interfaces,"5.9.2 (I): In addition, individual railways may have requirements to interface to national control/command systems.",6.1.1 (I): This section identifies the functional requirements for General purpose radio. It covers the functionality to be provided by the General purpose radio and the man-machine interface (MMI) is also defined.,"(M) mandatory, (O) optional, (I) informative"
S0279_recommended,S0279,PURE,2007-eirene_fun_7-2,Other interfaces may be provided in the Cab radio system.,provide other interfaces in the Cab radio system,recommended,The system SHOULD provide other interfaces in the Cab radio system.,The system MUST provide other interfaces in the Cab radio system.,MUST,no,0,recommended,2,0.67,"EIRENE Functional Requirements Specification, version 7",5.10.1,O,5 Cab radio > 5.10 Other interfaces,"5.9.2 (I): In addition, individual railways may have requirements to interface to national control/command systems.",6.1.1 (I): This section identifies the functional requirements for General purpose radio. It covers the functionality to be provided by the General purpose radio and the man-machine interface (MMI) is also defined.,"(M) mandatory, (O) optional, (I) informative"
S0279_optional,S0279,PURE,2007-eirene_fun_7-2,Other interfaces may be provided in the Cab radio system.,provide other interfaces in the Cab radio system,optional,The system MAY provide other interfaces in the Cab radio system.,The system MUST provide other interfaces in the Cab radio system.,MUST,no,0,optional,1,0.33,"EIRENE Functional Requirements Specification, version 7",5.10.1,O,5 Cab radio > 5.10 Other interfaces,"5.9.2 (I): In addition, individual railways may have requirements to interface to national control/command systems.",6.1.1 (I): This section identifies the functional requirements for General purpose radio. It covers the functionality to be provided by the General purpose radio and the man-machine interface (MMI) is also defined.,"(M) mandatory, (O) optional, (I) informative"
S0279_nice_to_have,S0279,PURE,2007-eirene_fun_7-2,Other interfaces may be provided in the Cab radio system.,provide other interfaces in the Cab radio system,nice_to_have,It would be useful if the system could provide other interfaces in the Cab radio system.,The system MUST provide other interfaces in the Cab radio system.,MUST,no,0,nice_to_have,0,0.0,"EIRENE Functional Requirements Specification, version 7",5.10.1,O,5 Cab radio > 5.10 Other interfaces,"5.9.2 (I): In addition, individual railways may have requirements to interface to national control/command systems.",6.1.1 (I): This section identifies the functional requirements for General purpose radio. It covers the functionality to be provided by the General purpose radio and the man-machine interface (MMI) is also defined.,"(M) mandatory, (O) optional, (I) informative"
S0287_mandatory,S0287,PURE,2007-eirene_fun_7-2,"Where available, the functional identity of the calling party shall be displayed.",display the calling party's functional identity where available,mandatory,The system MUST display the calling party's functional identity where available.,The system MUST display the calling party's functional identity where available.,MUST,yes,1,mandatory,3,1.0,"EIRENE Functional Requirements Specification, version 7",6.2.2.6,M,6 General purpose radio > 6.2 Functional requirements,6.2.2.5 (M): An audible and visual indication of an incoming call shall be provided.,6.2.2.7 (M): A short audible and visual indication of the incoming call shall be provided.,"(M) mandatory, (O) optional, (I) informative"
S0287_recommended,S0287,PURE,2007-eirene_fun_7-2,"Where available, the functional identity of the calling party shall be displayed.",display the calling party's functional identity where available,recommended,The system SHOULD display the calling party's functional identity where available.,The system MUST display the calling party's functional identity where available.,MUST,no,0,recommended,2,0.67,"EIRENE Functional Requirements Specification, version 7",6.2.2.6,M,6 General purpose radio > 6.2 Functional requirements,6.2.2.5 (M): An audible and visual indication of an incoming call shall be provided.,6.2.2.7 (M): A short audible and visual indication of the incoming call shall be provided.,"(M) mandatory, (O) optional, (I) informative"
S0287_optional,S0287,PURE,2007-eirene_fun_7-2,"Where available, the functional identity of the calling party shall be displayed.",display the calling party's functional identity where available,optional,The system MAY display the calling party's functional identity where available.,The system MUST display the calling party's functional identity where available.,MUST,no,0,optional,1,0.33,"EIRENE Functional Requirements Specification, version 7",6.2.2.6,M,6 General purpose radio > 6.2 Functional requirements,6.2.2.5 (M): An audible and visual indication of an incoming call shall be provided.,6.2.2.7 (M): A short audible and visual indication of the incoming call shall be provided.,"(M) mandatory, (O) optional, (I) informative"
S0287_nice_to_have,S0287,PURE,2007-eirene_fun_7-2,"Where available, the functional identity of the calling party shall be displayed.",display the calling party's functional identity where available,nice_to_have,It would be useful if the system could display the calling party's functional identity where available.,The system MUST display the calling party's functional identity where available.,MUST,no,0,nice_to_have,0,0.0,"EIRENE Functional Requirements Specification, version 7",6.2.2.6,M,6 General purpose radio > 6.2 Functional requirements,6.2.2.5 (M): An audible and visual indication of an incoming call shall be provided.,6.2.2.7 (M): A short audible and visual indication of the incoming call shall be provided.,"(M) mandatory, (O) optional, (I) informative"
S0288_mandatory,S0288,PURE,2007-eirene_fun_7-2,A short audible and visual indication of the incoming call shall be provided.,provide a short audible and visual indication of the incoming call,mandatory,The system MUST provide a short audible and visual indication of the incoming call.,The system MUST provide a short audible and visual indication of the incoming call.,MUST,yes,1,mandatory,3,1.0,"EIRENE Functional Requirements Specification, version 7",6.2.2.7,M,6 General purpose radio > 6.2 Functional requirements,"6.2.2.6 (M): Where available, the functional identity of the calling party shall be displayed.",6.2.2.8 (M): The group identity of the voice group call (VBS or VGCS) shall be displayed.,"(M) mandatory, (O) optional, (I) informative"
S0288_recommended,S0288,PURE,2007-eirene_fun_7-2,A short audible and visual indication of the incoming call shall be provided.,provide a short audible and visual indication of the incoming call,recommended,The system SHOULD provide a short audible and visual indication of the incoming call.,The system MUST provide a short audible and visual indication of the incoming call.,MUST,no,0,recommended,2,0.67,"EIRENE Functional Requirements Specification, version 7",6.2.2.7,M,6 General purpose radio > 6.2 Functional requirements,"6.2.2.6 (M): Where available, the functional identity of the calling party shall be displayed.",6.2.2.8 (M): The group identity of the voice group call (VBS or VGCS) shall be displayed.,"(M) mandatory, (O) optional, (I) informative"
S0288_optional,S0288,PURE,2007-eirene_fun_7-2,A short audible and visual indication of the incoming call shall be provided.,provide a short audible and visual indication of the incoming call,optional,The system MAY provide a short audible and visual indication of the incoming call.,The system MUST provide a short audible and visual indication of the incoming call.,MUST,no,0,optional,1,0.33,"EIRENE Functional Requirements Specification, version 7",6.2.2.7,M,6 General purpose radio > 6.2 Functional requirements,"6.2.2.6 (M): Where available, the functional identity of the calling party shall be displayed.",6.2.2.8 (M): The group identity of the voice group call (VBS or VGCS) shall be displayed.,"(M) mandatory, (O) optional, (I) informative"
S0288_nice_to_have,S0288,PURE,2007-eirene_fun_7-2,A short audible and visual indication of the incoming call shall be provided.,provide a short audible and visual indication of the incoming call,nice_to_have,It would be useful if the system could provide a short audible and visual indication of the incoming call.,The system MUST provide a short audible and visual indication of the incoming call.,MUST,no,0,nice_to_have,0,0.0,"EIRENE Functional Requirements Specification, version 7",6.2.2.7,M,6 General purpose radio > 6.2 Functional requirements,"6.2.2.6 (M): Where available, the functional identity of the calling party shall be displayed.",6.2.2.8 (M): The group identity of the voice group call (VBS or VGCS) shall be displayed.,"(M) mandatory, (O) optional, (I) informative"
S0291_mandatory,S0291,PURE,2007-eirene_fun_7-2,"In a group call, a visual indication shall be provided to remind the user of the need to use the PTT function.",provide a visual indication during a group call to remind the user to use the PTT function,mandatory,The system MUST provide a visual indication during a group call to remind the user to use the PTT function.,The system MUST provide a visual indication during a group call to remind the user to use the PTT function.,MUST,yes,1,mandatory,3,1.0,"EIRENE Functional Requirements Specification, version 7",6.2.2.11,M,6 General purpose radio > 6.2 Functional requirements,"6.2.2.10 (M): If the call is a group call, the user has to request permission to speak during the call by using the Push-To-Talk (PTT) function.",6.2.2.12 (I): The user may not speak in a group call until permission is granted by the network after using the PTT function.,"(M) mandatory, (O) optional, (I) informative"
S0291_recommended,S0291,PURE,2007-eirene_fun_7-2,"In a group call, a visual indication shall be provided to remind the user of the need to use the PTT function.",provide a visual indication during a group call to remind the user to use the PTT function,recommended,The system SHOULD provide a visual indication during a group call to remind the user to use the PTT function.,The system MUST provide a visual indication during a group call to remind the user to use the PTT function.,MUST,no,0,recommended,2,0.67,"EIRENE Functional Requirements Specification, version 7",6.2.2.11,M,6 General purpose radio > 6.2 Functional requirements,"6.2.2.10 (M): If the call is a group call, the user has to request permission to speak during the call by using the Push-To-Talk (PTT) function.",6.2.2.12 (I): The user may not speak in a group call until permission is granted by the network after using the PTT function.,"(M) mandatory, (O) optional, (I) informative"
S0291_optional,S0291,PURE,2007-eirene_fun_7-2,"In a group call, a visual indication shall be provided to remind the user of the need to use the PTT function.",provide a visual indication during a group call to remind the user to use the PTT function,optional,The system MAY provide a visual indication during a group call to remind the user to use the PTT function.,The system MUST provide a visual indication during a group call to remind the user to use the PTT function.,MUST,no,0,optional,1,0.33,"EIRENE Functional Requirements Specification, version 7",6.2.2.11,M,6 General purpose radio > 6.2 Functional requirements,"6.2.2.10 (M): If the call is a group call, the user has to request permission to speak during the call by using the Push-To-Talk (PTT) function.",6.2.2.12 (I): The user may not speak in a group call until permission is granted by the network after using the PTT function.,"(M) mandatory, (O) optional, (I) informative"
S0291_nice_to_have,S0291,PURE,2007-eirene_fun_7-2,"In a group call, a visual indication shall be provided to remind the user of the need to use the PTT function.",provide a visual indication during a group call to remind the user to use the PTT function,nice_to_have,It would be useful if the system could provide a visual indication during a group call to remind the user to use the PTT function.,The system MUST provide a visual indication during a group call to remind the user to use the PTT function.,MUST,no,0,nice_to_have,0,0.0,"EIRENE Functional Requirements Specification, version 7",6.2.2.11,M,6 General purpose radio > 6.2 Functional requirements,"6.2.2.10 (M): If the call is a group call, the user has to request permission to speak during the call by using the Push-To-Talk (PTT) function.",6.2.2.12 (I): The user may not speak in a group call until permission is granted by the network after using the PTT function.,"(M) mandatory, (O) optional, (I) informative"
S0303_mandatory,S0303,PURE,2007-eirene_fun_7-2,"When the radio is first powered on, the language that appears on the display shall be the default one set by the national railway.",display the national railway's default language when the radio is first powered on,mandatory,The system MUST display the national railway's default language when the radio is first powered on.,The system MUST display the national railway's default language when the radio is first powered on.,MUST,yes,1,mandatory,3,1.0,"EIRENE Functional Requirements Specification, version 7",6.2.3.7,M,6 General purpose radio > 6.2 Functional requirements,6.2.3.6 (M): The user shall be able to select his preferred language for the display; this setting shall be retained by the radio.,"6.2.3.8 (M): Where more than one mobile radio network is available for use by a mobile, the selection of the network to use shall be automatic (see section 10.5).","(M) mandatory, (O) optional, (I) informative"
S0303_recommended,S0303,PURE,2007-eirene_fun_7-2,"When the radio is first powered on, the language that appears on the display shall be the default one set by the national railway.",display the national railway's default language when the radio is first powered on,recommended,The system SHOULD display the national railway's default language when the radio is first powered on.,The system MUST display the national railway's default language when the radio is first powered on.,MUST,no,0,recommended,2,0.67,"EIRENE Functional Requirements Specification, version 7",6.2.3.7,M,6 General purpose radio > 6.2 Functional requirements,6.2.3.6 (M): The user shall be able to select his preferred language for the display; this setting shall be retained by the radio.,"6.2.3.8 (M): Where more than one mobile radio network is available for use by a mobile, the selection of the network to use shall be automatic (see section 10.5).","(M) mandatory, (O) optional, (I) informative"
S0303_optional,S0303,PURE,2007-eirene_fun_7-2,"When the radio is first powered on, the language that appears on the display shall be the default one set by the national railway.",display the national railway's default language when the radio is first powered on,optional,The system MAY display the national railway's default language when the radio is first powered on.,The system MUST display the national railway's default language when the radio is first powered on.,MUST,no,0,optional,1,0.33,"EIRENE Functional Requirements Specification, version 7",6.2.3.7,M,6 General purpose radio > 6.2 Functional requirements,6.2.3.6 (M): The user shall be able to select his preferred language for the display; this setting shall be retained by the radio.,"6.2.3.8 (M): Where more than one mobile radio network is available for use by a mobile, the selection of the network to use shall be automatic (see section 10.5).","(M) mandatory, (O) optional, (I) informative"
S0303_nice_to_have,S0303,PURE,2007-eirene_fun_7-2,"When the radio is first powered on, the language that appears on the display shall be the default one set by the national railway.",display the national railway's default language when the radio is first powered on,nice_to_have,It would be useful if the system could display the national railway's default language when the radio is first powered on.,The system MUST display the national railway's default language when the radio is first powered on.,MUST,no,0,nice_to_have,0,0.0,"EIRENE Functional Requirements Specification, version 7",6.2.3.7,M,6 General purpose radio > 6.2 Functional requirements,6.2.3.6 (M): The user shall be able to select his preferred language for the display; this setting shall be retained by the radio.,"6.2.3.8 (M): Where more than one mobile radio network is available for use by a mobile, the selection of the network to use shall be automatic (see section 10.5).","(M) mandatory, (O) optional, (I) informative"
S0305_mandatory,S0305,PURE,2007-eirene_fun_7-2,"When the mobile changes network automatically, a visual and audible indication shall be given.",provide a visual and audible indication when the mobile changes network automatically,mandatory,The system MUST provide a visual and audible indication when the mobile changes network automatically.,The system MUST provide a visual and audible indication when the mobile changes network automatically.,MUST,yes,1,mandatory,3,1.0,"EIRENE Functional Requirements Specification, version 7",6.2.3.9,M,6 General purpose radio > 6.2 Functional requirements,"6.2.3.8 (M): Where more than one mobile radio network is available for use by a mobile, the selection of the network to use shall be automatic (see section 10.5).",6.2.3.9i (M): It shall be possible for a user to override the automatic network selection manually. This function shall not be available during calls.,"(M) mandatory, (O) optional, (I) informative"
S0305_recommended,S0305,PURE,2007-eirene_fun_7-2,"When the mobile changes network automatically, a visual and audible indication shall be given.",provide a visual and audible indication when the mobile changes network automatically,recommended,The system SHOULD provide a visual and audible indication when the mobile changes network automatically.,The system MUST provide a visual and audible indication when the mobile changes network automatically.,MUST,no,0,recommended,2,0.67,"EIRENE Functional Requirements Specification, version 7",6.2.3.9,M,6 General purpose radio > 6.2 Functional requirements,"6.2.3.8 (M): Where more than one mobile radio network is available for use by a mobile, the selection of the network to use shall be automatic (see section 10.5).",6.2.3.9i (M): It shall be possible for a user to override the automatic network selection manually. This function shall not be available during calls.,"(M) mandatory, (O) optional, (I) informative"
S0305_optional,S0305,PURE,2007-eirene_fun_7-2,"When the mobile changes network automatically, a visual and audible indication shall be given.",provide a visual and audible indication when the mobile changes network automatically,optional,The system MAY provide a visual and audible indication when the mobile changes network automatically.,The system MUST provide a visual and audible indication when the mobile changes network automatically.,MUST,no,0,optional,1,0.33,"EIRENE Functional Requirements Specification, version 7",6.2.3.9,M,6 General purpose radio > 6.2 Functional requirements,"6.2.3.8 (M): Where more than one mobile radio network is available for use by a mobile, the selection of the network to use shall be automatic (see section 10.5).",6.2.3.9i (M): It shall be possible for a user to override the automatic network selection manually. This function shall not be available during calls.,"(M) mandatory, (O) optional, (I) informative"
S0305_nice_to_have,S0305,PURE,2007-eirene_fun_7-2,"When the mobile changes network automatically, a visual and audible indication shall be given.",provide a visual and audible indication when the mobile changes network automatically,nice_to_have,It would be useful if the system could provide a visual and audible indication when the mobile changes network automatically.,The system MUST provide a visual and audible indication when the mobile changes network automatically.,MUST,no,0,nice_to_have,0,0.0,"EIRENE Functional Requirements Specification, version 7",6.2.3.9,M,6 General purpose radio > 6.2 Functional requirements,"6.2.3.8 (M): Where more than one mobile radio network is available for use by a mobile, the selection of the network to use shall be automatic (see section 10.5).",6.2.3.9i (M): It shall be possible for a user to override the automatic network selection manually. This function shall not be available during calls.,"(M) mandatory, (O) optional, (I) informative"
S0308_mandatory,S0308,PURE,2007-eirene_fun_7-2,"Where a change of functional number is required, it shall be possible for the user to initiate the change.",allow the user to initiate a change of functional number when a change is required,mandatory,The system MUST allow the user to initiate a change of functional number when a change is required.,The system MUST allow the user to initiate a change of functional number when a change is required.,MUST,yes,1,mandatory,3,1.0,"EIRENE Functional Requirements Specification, version 7",6.2.3.11,M,6 General purpose radio > 6.2 Functional requirements,6.2.3.10 (M): It shall be possible to register and deregister a functional number in the following way: Initiated by the user and transmitted to the ground: user enters functional number which is transmitted to the network.,6.2.3.12 (M): It shall be possible for the user to find and display stored numbers and their information.,"(M) mandatory, (O) optional, (I) informative"
S0308_recommended,S0308,PURE,2007-eirene_fun_7-2,"Where a change of functional number is required, it shall be possible for the user to initiate the change.",allow the user to initiate a change of functional number when a change is required,recommended,The system SHOULD allow the user to initiate a change of functional number when a change is required.,The system MUST allow the user to initiate a change of functional number when a change is required.,MUST,no,0,recommended,2,0.67,"EIRENE Functional Requirements Specification, version 7",6.2.3.11,M,6 General purpose radio > 6.2 Functional requirements,6.2.3.10 (M): It shall be possible to register and deregister a functional number in the following way: Initiated by the user and transmitted to the ground: user enters functional number which is transmitted to the network.,6.2.3.12 (M): It shall be possible for the user to find and display stored numbers and their information.,"(M) mandatory, (O) optional, (I) informative"
S0308_optional,S0308,PURE,2007-eirene_fun_7-2,"Where a change of functional number is required, it shall be possible for the user to initiate the change.",allow the user to initiate a change of functional number when a change is required,optional,The system MAY allow the user to initiate a change of functional number when a change is required.,The system MUST allow the user to initiate a change of functional number when a change is required.,MUST,no,0,optional,1,0.33,"EIRENE Functional Requirements Specification, version 7",6.2.3.11,M,6 General purpose radio > 6.2 Functional requirements,6.2.3.10 (M): It shall be possible to register and deregister a functional number in the following way: Initiated by the user and transmitted to the ground: user enters functional number which is transmitted to the network.,6.2.3.12 (M): It shall be possible for the user to find and display stored numbers and their information.,"(M) mandatory, (O) optional, (I) informative"
S0308_nice_to_have,S0308,PURE,2007-eirene_fun_7-2,"Where a change of functional number is required, it shall be possible for the user to initiate the change.",allow the user to initiate a change of functional number when a change is required,nice_to_have,It would be useful if the system could allow the user to initiate a change of functional number when a change is required.,The system MUST allow the user to initiate a change of functional number when a change is required.,MUST,no,0,nice_to_have,0,0.0,"EIRENE Functional Requirements Specification, version 7",6.2.3.11,M,6 General purpose radio > 6.2 Functional requirements,6.2.3.10 (M): It shall be possible to register and deregister a functional number in the following way: Initiated by the user and transmitted to the ground: user enters functional number which is transmitted to the network.,6.2.3.12 (M): It shall be possible for the user to find and display stored numbers and their information.,"(M) mandatory, (O) optional, (I) informative"
S0311_mandatory,S0311,PURE,2007-eirene_fun_7-2,A standard data interface should be provided to allow a computer to be connected to the radio.,provide a standard data interface for connecting a computer to the radio,mandatory,The system MUST provide a standard data interface for connecting a computer to the radio.,The system MUST provide a standard data interface for connecting a computer to the radio.,MUST,yes,1,mandatory,3,1.0,"EIRENE Functional Requirements Specification, version 7",6.2.3.14,O,6 General purpose radio > 6.2 Functional requirements,6.2.3.13 (M): It shall be possible for the user to store and/or overwrite numbers and their details in the radio.,6.3.1 (I): The full environmental and physical specification of the General purpose radio is intended to be as close as possible to that of a Commercial-Off-The-Shelf (COTS) mobile whilst adhering to the specifications provided in section 4.3 and this section.,"(M) mandatory, (O) optional, (I) informative"
S0311_recommended,S0311,PURE,2007-eirene_fun_7-2,A standard data interface should be provided to allow a computer to be connected to the radio.,provide a standard data interface for connecting a computer to the radio,recommended,The system SHOULD provide a standard data interface for connecting a computer to the radio.,The system MUST provide a standard data interface for connecting a computer to the radio.,MUST,no,0,recommended,2,0.67,"EIRENE Functional Requirements Specification, version 7",6.2.3.14,O,6 General purpose radio > 6.2 Functional requirements,6.2.3.13 (M): It shall be possible for the user to store and/or overwrite numbers and their details in the radio.,6.3.1 (I): The full environmental and physical specification of the General purpose radio is intended to be as close as possible to that of a Commercial-Off-The-Shelf (COTS) mobile whilst adhering to the specifications provided in section 4.3 and this section.,"(M) mandatory, (O) optional, (I) informative"
S0311_optional,S0311,PURE,2007-eirene_fun_7-2,A standard data interface should be provided to allow a computer to be connected to the radio.,provide a standard data interface for connecting a computer to the radio,optional,The system MAY provide a standard data interface for connecting a computer to the radio.,The system MUST provide a standard data interface for connecting a computer to the radio.,MUST,no,0,optional,1,0.33,"EIRENE Functional Requirements Specification, version 7",6.2.3.14,O,6 General purpose radio > 6.2 Functional requirements,6.2.3.13 (M): It shall be possible for the user to store and/or overwrite numbers and their details in the radio.,6.3.1 (I): The full environmental and physical specification of the General purpose radio is intended to be as close as possible to that of a Commercial-Off-The-Shelf (COTS) mobile whilst adhering to the specifications provided in section 4.3 and this section.,"(M) mandatory, (O) optional, (I) informative"
S0311_nice_to_have,S0311,PURE,2007-eirene_fun_7-2,A standard data interface should be provided to allow a computer to be connected to the radio.,provide a standard data interface for connecting a computer to the radio,nice_to_have,It would be useful if the system could provide a standard data interface for connecting a computer to the radio.,The system MUST provide a standard data interface for connecting a computer to the radio.,MUST,no,0,nice_to_have,0,0.0,"EIRENE Functional Requirements Specification, version 7",6.2.3.14,O,6 General purpose radio > 6.2 Functional requirements,6.2.3.13 (M): It shall be possible for the user to store and/or overwrite numbers and their details in the radio.,6.3.1 (I): The full environmental and physical specification of the General purpose radio is intended to be as close as possible to that of a Commercial-Off-The-Shelf (COTS) mobile whilst adhering to the specifications provided in section 4.3 and this section.,"(M) mandatory, (O) optional, (I) informative"
S0318_mandatory,S0318,PURE,2007-eirene_fun_7-2,The General purpose radio should be suitable for use with a car adapter kit.,make the General purpose radio suitable for use with a car adapter kit,mandatory,The system MUST make the General purpose radio suitable for use with a car adapter kit.,The system MUST make the General purpose radio suitable for use with a car adapter kit.,MUST,yes,1,mandatory,3,1.0,"EIRENE Functional Requirements Specification, version 7",6.3.7,O,6 General purpose radio > 6.3 Environmental and physical requirements,6.3.6 (O): Changing the battery should not result in losing data stored in the radio.,6.4.1.1 (O): The General purpose radio should comprise the man-machine interface which includes the following components:,"(M) mandatory, (O) optional, (I) informative"
S0318_recommended,S0318,PURE,2007-eirene_fun_7-2,The General purpose radio should be suitable for use with a car adapter kit.,make the General purpose radio suitable for use with a car adapter kit,recommended,The system SHOULD make the General purpose radio suitable for use with a car adapter kit.,The system MUST make the General purpose radio suitable for use with a car adapter kit.,MUST,no,0,recommended,2,0.67,"EIRENE Functional Requirements Specification, version 7",6.3.7,O,6 General purpose radio > 6.3 Environmental and physical requirements,6.3.6 (O): Changing the battery should not result in losing data stored in the radio.,6.4.1.1 (O): The General purpose radio should comprise the man-machine interface which includes the following components:,"(M) mandatory, (O) optional, (I) informative"
S0318_optional,S0318,PURE,2007-eirene_fun_7-2,The General purpose radio should be suitable for use with a car adapter kit.,make the General purpose radio suitable for use with a car adapter kit,optional,The system MAY make the General purpose radio suitable for use with a car adapter kit.,The system MUST make the General purpose radio suitable for use with a car adapter kit.,MUST,no,0,optional,1,0.33,"EIRENE Functional Requirements Specification, version 7",6.3.7,O,6 General purpose radio > 6.3 Environmental and physical requirements,6.3.6 (O): Changing the battery should not result in losing data stored in the radio.,6.4.1.1 (O): The General purpose radio should comprise the man-machine interface which includes the following components:,"(M) mandatory, (O) optional, (I) informative"
S0318_nice_to_have,S0318,PURE,2007-eirene_fun_7-2,The General purpose radio should be suitable for use with a car adapter kit.,make the General purpose radio suitable for use with a car adapter kit,nice_to_have,It would be useful if the system could make the General purpose radio suitable for use with a car adapter kit.,The system MUST make the General purpose radio suitable for use with a car adapter kit.,MUST,no,0,nice_to_have,0,0.0,"EIRENE Functional Requirements Specification, version 7",6.3.7,O,6 General purpose radio > 6.3 Environmental and physical requirements,6.3.6 (O): Changing the battery should not result in losing data stored in the radio.,6.4.1.1 (O): The General purpose radio should comprise the man-machine interface which includes the following components:,"(M) mandatory, (O) optional, (I) informative"
S0320_mandatory,S0320,PURE,2007-eirene_fun_7-2,The MMI should be suitable for use both by day and night.,make the General purpose radio MMI suitable for use by day and night,mandatory,The system MUST make the General purpose radio MMI suitable for use by day and night.,The system MUST make the General purpose radio MMI suitable for use by day and night.,MUST,yes,1,mandatory,3,1.0,"EIRENE Functional Requirements Specification, version 7",6.4.1.2,O,6 General purpose radio > 6.4 Man-machine interface > 6.4.1 General,6.4.1.1 (O): The General purpose radio should comprise the man-machine interface which includes the following components:,6.4.2.1 (O): The on/off control should be designed to prevent accidental activation/deactivation.,"(M) mandatory, (O) optional, (I) informative"
S0320_recommended,S0320,PURE,2007-eirene_fun_7-2,The MMI should be suitable for use both by day and night.,make the General purpose radio MMI suitable for use by day and night,recommended,The system SHOULD make the General purpose radio MMI suitable for use by day and night.,The system MUST make the General purpose radio MMI suitable for use by day and night.,MUST,no,0,recommended,2,0.67,"EIRENE Functional Requirements Specification, version 7",6.4.1.2,O,6 General purpose radio > 6.4 Man-machine interface > 6.4.1 General,6.4.1.1 (O): The General purpose radio should comprise the man-machine interface which includes the following components:,6.4.2.1 (O): The on/off control should be designed to prevent accidental activation/deactivation.,"(M) mandatory, (O) optional, (I) informative"
S0320_optional,S0320,PURE,2007-eirene_fun_7-2,The MMI should be suitable for use both by day and night.,make the General purpose radio MMI suitable for use by day and night,optional,The system MAY make the General purpose radio MMI suitable for use by day and night.,The system MUST make the General purpose radio MMI suitable for use by day and night.,MUST,no,0,optional,1,0.33,"EIRENE Functional Requirements Specification, version 7",6.4.1.2,O,6 General purpose radio > 6.4 Man-machine interface > 6.4.1 General,6.4.1.1 (O): The General purpose radio should comprise the man-machine interface which includes the following components:,6.4.2.1 (O): The on/off control should be designed to prevent accidental activation/deactivation.,"(M) mandatory, (O) optional, (I) informative"
S0320_nice_to_have,S0320,PURE,2007-eirene_fun_7-2,The MMI should be suitable for use both by day and night.,make the General purpose radio MMI suitable for use by day and night,nice_to_have,It would be useful if the system could make the General purpose radio MMI suitable for use by day and night.,The system MUST make the General purpose radio MMI suitable for use by day and night.,MUST,no,0,nice_to_have,0,0.0,"EIRENE Functional Requirements Specification, version 7",6.4.1.2,O,6 General purpose radio > 6.4 Man-machine interface > 6.4.1 General,6.4.1.1 (O): The General purpose radio should comprise the man-machine interface which includes the following components:,6.4.2.1 (O): The on/off control should be designed to prevent accidental activation/deactivation.,"(M) mandatory, (O) optional, (I) informative"
S0321_mandatory,S0321,PURE,2007-eirene_fun_7-2,The on/off control should be designed to prevent accidental activation/deactivation.,provide an on/off control designed to prevent accidental activation or deactivation,mandatory,The system MUST provide an on/off control designed to prevent accidental activation or deactivation.,The system MUST provide an on/off control designed to prevent accidental activation or deactivation.,MUST,yes,1,mandatory,3,1.0,"EIRENE Functional Requirements Specification, version 7",6.4.2.1,O,6 General purpose radio > 6.4 Man-machine interface > 6.4.2 Controls,6.4.1.2 (O): The MMI should be suitable for use both by day and night.,6.4.2.2 (O): Facilities should be provided to adjust the loudspeaker volume.,"(M) mandatory, (O) optional, (I) informative"
S0321_recommended,S0321,PURE,2007-eirene_fun_7-2,The on/off control should be designed to prevent accidental activation/deactivation.,provide an on/off control designed to prevent accidental activation or deactivation,recommended,The system SHOULD provide an on/off control designed to prevent accidental activation or deactivation.,The system MUST provide an on/off control designed to prevent accidental activation or deactivation.,MUST,no,0,recommended,2,0.67,"EIRENE Functional Requirements Specification, version 7",6.4.2.1,O,6 General purpose radio > 6.4 Man-machine interface > 6.4.2 Controls,6.4.1.2 (O): The MMI should be suitable for use both by day and night.,6.4.2.2 (O): Facilities should be provided to adjust the loudspeaker volume.,"(M) mandatory, (O) optional, (I) informative"
S0321_optional,S0321,PURE,2007-eirene_fun_7-2,The on/off control should be designed to prevent accidental activation/deactivation.,provide an on/off control designed to prevent accidental activation or deactivation,optional,The system MAY provide an on/off control designed to prevent accidental activation or deactivation.,The system MUST provide an on/off control designed to prevent accidental activation or deactivation.,MUST,no,0,optional,1,0.33,"EIRENE Functional Requirements Specification, version 7",6.4.2.1,O,6 General purpose radio > 6.4 Man-machine interface > 6.4.2 Controls,6.4.1.2 (O): The MMI should be suitable for use both by day and night.,6.4.2.2 (O): Facilities should be provided to adjust the loudspeaker volume.,"(M) mandatory, (O) optional, (I) informative"
S0321_nice_to_have,S0321,PURE,2007-eirene_fun_7-2,The on/off control should be designed to prevent accidental activation/deactivation.,provide an on/off control designed to prevent accidental activation or deactivation,nice_to_have,It would be useful if the system could provide an on/off control designed to prevent accidental activation or deactivation.,The system MUST provide an on/off control designed to prevent accidental activation or deactivation.,MUST,no,0,nice_to_have,0,0.0,"EIRENE Functional Requirements Specification, version 7",6.4.2.1,O,6 General purpose radio > 6.4 Man-machine interface > 6.4.2 Controls,6.4.1.2 (O): The MMI should be suitable for use both by day and night.,6.4.2.2 (O): Facilities should be provided to adjust the loudspeaker volume.,"(M) mandatory, (O) optional, (I) informative"
S0322_mandatory,S0322,PURE,2007-eirene_fun_7-2,Facilities should be provided to adjust the loudspeaker volume.,provide facilities to adjust loudspeaker volume,mandatory,The system MUST provide facilities to adjust loudspeaker volume.,The system MUST provide facilities to adjust loudspeaker volume.,MUST,yes,1,mandatory,3,1.0,"EIRENE Functional Requirements Specification, version 7",6.4.2.2,O,6 General purpose radio > 6.4 Man-machine interface > 6.4.2 Controls,6.4.2.1 (O): The on/off control should be designed to prevent accidental activation/deactivation.,6.4.2.3 (M): A Push-To-Talk function shall be provided. The Push-To-Talk function does not need to be a dedicated button.,"(M) mandatory, (O) optional, (I) informative"
S0322_recommended,S0322,PURE,2007-eirene_fun_7-2,Facilities should be provided to adjust the loudspeaker volume.,provide facilities to adjust loudspeaker volume,recommended,The system SHOULD provide facilities to adjust loudspeaker volume.,The system MUST provide facilities to adjust loudspeaker volume.,MUST,no,0,recommended,2,0.67,"EIRENE Functional Requirements Specification, version 7",6.4.2.2,O,6 General purpose radio > 6.4 Man-machine interface > 6.4.2 Controls,6.4.2.1 (O): The on/off control should be designed to prevent accidental activation/deactivation.,6.4.2.3 (M): A Push-To-Talk function shall be provided. The Push-To-Talk function does not need to be a dedicated button.,"(M) mandatory, (O) optional, (I) informative"
S0322_optional,S0322,PURE,2007-eirene_fun_7-2,Facilities should be provided to adjust the loudspeaker volume.,provide facilities to adjust loudspeaker volume,optional,The system MAY provide facilities to adjust loudspeaker volume.,The system MUST provide facilities to adjust loudspeaker volume.,MUST,no,0,optional,1,0.33,"EIRENE Functional Requirements Specification, version 7",6.4.2.2,O,6 General purpose radio > 6.4 Man-machine interface > 6.4.2 Controls,6.4.2.1 (O): The on/off control should be designed to prevent accidental activation/deactivation.,6.4.2.3 (M): A Push-To-Talk function shall be provided. The Push-To-Talk function does not need to be a dedicated button.,"(M) mandatory, (O) optional, (I) informative"
S0322_nice_to_have,S0322,PURE,2007-eirene_fun_7-2,Facilities should be provided to adjust the loudspeaker volume.,provide facilities to adjust loudspeaker volume,nice_to_have,It would be useful if the system could provide facilities to adjust loudspeaker volume.,The system MUST provide facilities to adjust loudspeaker volume.,MUST,no,0,nice_to_have,0,0.0,"EIRENE Functional Requirements Specification, version 7",6.4.2.2,O,6 General purpose radio > 6.4 Man-machine interface > 6.4.2 Controls,6.4.2.1 (O): The on/off control should be designed to prevent accidental activation/deactivation.,6.4.2.3 (M): A Push-To-Talk function shall be provided. The Push-To-Talk function does not need to be a dedicated button.,"(M) mandatory, (O) optional, (I) informative"
S0325_mandatory,S0325,PURE,2007-eirene_fun_7-2,Stored numbers and other set-up details should be protected against accidental alteration.,protect stored numbers and other set-up details against accidental alteration,mandatory,The system MUST protect stored numbers and other set-up details against accidental alteration.,The system MUST protect stored numbers and other set-up details against accidental alteration.,MUST,yes,1,mandatory,3,1.0,"EIRENE Functional Requirements Specification, version 7",6.4.2.5,O,6 General purpose radio > 6.4 Man-machine interface > 6.4.2 Controls,6.4.2.4 (O): Four buttons should be provided for designated stored numbers. These buttons need not be dedicated buttons. (This facility is required to allow calls to specified users to be initiated quickly.),"6.4.2.6 (M): If the ability to initiate Railway emergency calls is implemented in the radio, accidental initiation of a Railway emergency call shall be prevented.","(M) mandatory, (O) optional, (I) informative"
S0325_recommended,S0325,PURE,2007-eirene_fun_7-2,Stored numbers and other set-up details should be protected against accidental alteration.,protect stored numbers and other set-up details against accidental alteration,recommended,The system SHOULD protect stored numbers and other set-up details against accidental alteration.,The system MUST protect stored numbers and other set-up details against accidental alteration.,MUST,no,0,recommended,2,0.67,"EIRENE Functional Requirements Specification, version 7",6.4.2.5,O,6 General purpose radio > 6.4 Man-machine interface > 6.4.2 Controls,6.4.2.4 (O): Four buttons should be provided for designated stored numbers. These buttons need not be dedicated buttons. (This facility is required to allow calls to specified users to be initiated quickly.),"6.4.2.6 (M): If the ability to initiate Railway emergency calls is implemented in the radio, accidental initiation of a Railway emergency call shall be prevented.","(M) mandatory, (O) optional, (I) informative"
S0325_optional,S0325,PURE,2007-eirene_fun_7-2,Stored numbers and other set-up details should be protected against accidental alteration.,protect stored numbers and other set-up details against accidental alteration,optional,The system MAY protect stored numbers and other set-up details against accidental alteration.,The system MUST protect stored numbers and other set-up details against accidental alteration.,MUST,no,0,optional,1,0.33,"EIRENE Functional Requirements Specification, version 7",6.4.2.5,O,6 General purpose radio > 6.4 Man-machine interface > 6.4.2 Controls,6.4.2.4 (O): Four buttons should be provided for designated stored numbers. These buttons need not be dedicated buttons. (This facility is required to allow calls to specified users to be initiated quickly.),"6.4.2.6 (M): If the ability to initiate Railway emergency calls is implemented in the radio, accidental initiation of a Railway emergency call shall be prevented.","(M) mandatory, (O) optional, (I) informative"
S0325_nice_to_have,S0325,PURE,2007-eirene_fun_7-2,Stored numbers and other set-up details should be protected against accidental alteration.,protect stored numbers and other set-up details against accidental alteration,nice_to_have,It would be useful if the system could protect stored numbers and other set-up details against accidental alteration.,The system MUST protect stored numbers and other set-up details against accidental alteration.,MUST,no,0,nice_to_have,0,0.0,"EIRENE Functional Requirements Specification, version 7",6.4.2.5,O,6 General purpose radio > 6.4 Man-machine interface > 6.4.2 Controls,6.4.2.4 (O): Four buttons should be provided for designated stored numbers. These buttons need not be dedicated buttons. (This facility is required to allow calls to specified users to be initiated quickly.),"6.4.2.6 (M): If the ability to initiate Railway emergency calls is implemented in the radio, accidental initiation of a Railway emergency call shall be prevented.","(M) mandatory, (O) optional, (I) informative"
S0327_mandatory,S0327,PURE,2007-eirene_fun_7-2,A visual and audible indication shall be given when the remaining capacity of the battery is such as to enable only 10 minutes of full duplex call time.,provide a visual and audible indication when remaining battery capacity supports only 10 minutes of full-duplex call time,mandatory,The system MUST provide a visual and audible indication when remaining battery capacity supports only 10 minutes of full-duplex call time.,The system MUST provide a visual and audible indication when remaining battery capacity supports only 10 minutes of full-duplex call time.,MUST,yes,1,mandatory,3,1.0,"EIRENE Functional Requirements Specification, version 7",6.4.3.1,M,6 General purpose radio > 6.4 Man-machine interface > 6.4.3 Indications,"6.4.2.6 (M): If the ability to initiate Railway emergency calls is implemented in the radio, accidental initiation of a Railway emergency call shall be prevented.",6.4.3.2 (M): A network service availability indication shall be provided to the user.,"(M) mandatory, (O) optional, (I) informative"
S0327_recommended,S0327,PURE,2007-eirene_fun_7-2,A visual and audible indication shall be given when the remaining capacity of the battery is such as to enable only 10 minutes of full duplex call time.,provide a visual and audible indication when remaining battery capacity supports only 10 minutes of full-duplex call time,recommended,The system SHOULD provide a visual and audible indication when remaining battery capacity supports only 10 minutes of full-duplex call time.,The system MUST provide a visual and audible indication when remaining battery capacity supports only 10 minutes of full-duplex call time.,MUST,no,0,recommended,2,0.67,"EIRENE Functional Requirements Specification, version 7",6.4.3.1,M,6 General purpose radio > 6.4 Man-machine interface > 6.4.3 Indications,"6.4.2.6 (M): If the ability to initiate Railway emergency calls is implemented in the radio, accidental initiation of a Railway emergency call shall be prevented.",6.4.3.2 (M): A network service availability indication shall be provided to the user.,"(M) mandatory, (O) optional, (I) informative"
S0327_optional,S0327,PURE,2007-eirene_fun_7-2,A visual and audible indication shall be given when the remaining capacity of the battery is such as to enable only 10 minutes of full duplex call time.,provide a visual and audible indication when remaining battery capacity supports only 10 minutes of full-duplex call time,optional,The system MAY provide a visual and audible indication when remaining battery capacity supports only 10 minutes of full-duplex call time.,The system MUST provide a visual and audible indication when remaining battery capacity supports only 10 minutes of full-duplex call time.,MUST,no,0,optional,1,0.33,"EIRENE Functional Requirements Specification, version 7",6.4.3.1,M,6 General purpose radio > 6.4 Man-machine interface > 6.4.3 Indications,"6.4.2.6 (M): If the ability to initiate Railway emergency calls is implemented in the radio, accidental initiation of a Railway emergency call shall be prevented.",6.4.3.2 (M): A network service availability indication shall be provided to the user.,"(M) mandatory, (O) optional, (I) informative"
S0327_nice_to_have,S0327,PURE,2007-eirene_fun_7-2,A visual and audible indication shall be given when the remaining capacity of the battery is such as to enable only 10 minutes of full duplex call time.,provide a visual and audible indication when remaining battery capacity supports only 10 minutes of full-duplex call time,nice_to_have,It would be useful if the system could provide a visual and audible indication when remaining battery capacity supports only 10 minutes of full-duplex call time.,The system MUST provide a visual and audible indication when remaining battery capacity supports only 10 minutes of full-duplex call time.,MUST,no,0,nice_to_have,0,0.0,"EIRENE Functional Requirements Specification, version 7",6.4.3.1,M,6 General purpose radio > 6.4 Man-machine interface > 6.4.3 Indications,"6.4.2.6 (M): If the ability to initiate Railway emergency calls is implemented in the radio, accidental initiation of a Railway emergency call shall be prevented.",6.4.3.2 (M): A network service availability indication shall be provided to the user.,"(M) mandatory, (O) optional, (I) informative"
S0328_mandatory,S0328,PURE,2007-eirene_fun_7-2,A network service availability indication shall be provided to the user.,provide the user with a network service availability indication,mandatory,The system MUST provide the user with a network service availability indication.,The system MUST provide the user with a network service availability indication.,MUST,yes,1,mandatory,3,1.0,"EIRENE Functional Requirements Specification, version 7",6.4.3.2,M,6 General purpose radio > 6.4 Man-machine interface > 6.4.3 Indications,6.4.3.1 (M): A visual and audible indication shall be given when the remaining capacity of the battery is such as to enable only 10 minutes of full duplex call time.,6.4.3.3 (M): A visual indication shall be provided to the user if the network service is no longer available.,"(M) mandatory, (O) optional, (I) informative"
S0328_recommended,S0328,PURE,2007-eirene_fun_7-2,A network service availability indication shall be provided to the user.,provide the user with a network service availability indication,recommended,The system SHOULD provide the user with a network service availability indication.,The system MUST provide the user with a network service availability indication.,MUST,no,0,recommended,2,0.67,"EIRENE Functional Requirements Specification, version 7",6.4.3.2,M,6 General purpose radio > 6.4 Man-machine interface > 6.4.3 Indications,6.4.3.1 (M): A visual and audible indication shall be given when the remaining capacity of the battery is such as to enable only 10 minutes of full duplex call time.,6.4.3.3 (M): A visual indication shall be provided to the user if the network service is no longer available.,"(M) mandatory, (O) optional, (I) informative"
S0328_optional,S0328,PURE,2007-eirene_fun_7-2,A network service availability indication shall be provided to the user.,provide the user with a network service availability indication,optional,The system MAY provide the user with a network service availability indication.,The system MUST provide the user with a network service availability indication.,MUST,no,0,optional,1,0.33,"EIRENE Functional Requirements Specification, version 7",6.4.3.2,M,6 General purpose radio > 6.4 Man-machine interface > 6.4.3 Indications,6.4.3.1 (M): A visual and audible indication shall be given when the remaining capacity of the battery is such as to enable only 10 minutes of full duplex call time.,6.4.3.3 (M): A visual indication shall be provided to the user if the network service is no longer available.,"(M) mandatory, (O) optional, (I) informative"
S0328_nice_to_have,S0328,PURE,2007-eirene_fun_7-2,A network service availability indication shall be provided to the user.,provide the user with a network service availability indication,nice_to_have,It would be useful if the system could provide the user with a network service availability indication.,The system MUST provide the user with a network service availability indication.,MUST,no,0,nice_to_have,0,0.0,"EIRENE Functional Requirements Specification, version 7",6.4.3.2,M,6 General purpose radio > 6.4 Man-machine interface > 6.4.3 Indications,6.4.3.1 (M): A visual and audible indication shall be given when the remaining capacity of the battery is such as to enable only 10 minutes of full duplex call time.,6.4.3.3 (M): A visual indication shall be provided to the user if the network service is no longer available.,"(M) mandatory, (O) optional, (I) informative"
S0337_mandatory,S0337,PURE,2007-eirene_fun_7-2,"Once an appropriate number has been obtained, the radio shall attempt to establish a call to this number with railway operation priority.",attempt to establish a call to the obtained number with railway operation priority once an appropriate number has been obtained,mandatory,The system MUST attempt to establish a call to the obtained number with railway operation priority once an appropriate number has been obtained.,The system MUST attempt to establish a call to the obtained number with railway operation priority once an appropriate number has been obtained.,MUST,yes,1,mandatory,3,1.0,"EIRENE Functional Requirements Specification, version 7",7.2.2.4,M,7 Operational radio > 7.2 Operational radio functions,"7.2.2.3 (O): For some users, particularly for shunting team leaders, up to twenty valid numbers may be stored for one controller type. In these cases, the identities of the controllers corresponding to these valid numbers shall be displayed with an audible and visual prompt for one to be selected. The number of the controller selected shall then be used to establish the call. If no selection is made by the user within 10 seconds the radio shall abandon the call attempt.",7.2.2.5 (M): An audible and visual indication shall be provided to the user that the call is proceeding.,"(M) mandatory, (O) optional, (I) informative"
S0337_recommended,S0337,PURE,2007-eirene_fun_7-2,"Once an appropriate number has been obtained, the radio shall attempt to establish a call to this number with railway operation priority.",attempt to establish a call to the obtained number with railway operation priority once an appropriate number has been obtained,recommended,The system SHOULD attempt to establish a call to the obtained number with railway operation priority once an appropriate number has been obtained.,The system MUST attempt to establish a call to the obtained number with railway operation priority once an appropriate number has been obtained.,MUST,no,0,recommended,2,0.67,"EIRENE Functional Requirements Specification, version 7",7.2.2.4,M,7 Operational radio > 7.2 Operational radio functions,"7.2.2.3 (O): For some users, particularly for shunting team leaders, up to twenty valid numbers may be stored for one controller type. In these cases, the identities of the controllers corresponding to these valid numbers shall be displayed with an audible and visual prompt for one to be selected. The number of the controller selected shall then be used to establish the call. If no selection is made by the user within 10 seconds the radio shall abandon the call attempt.",7.2.2.5 (M): An audible and visual indication shall be provided to the user that the call is proceeding.,"(M) mandatory, (O) optional, (I) informative"
S0337_optional,S0337,PURE,2007-eirene_fun_7-2,"Once an appropriate number has been obtained, the radio shall attempt to establish a call to this number with railway operation priority.",attempt to establish a call to the obtained number with railway operation priority once an appropriate number has been obtained,optional,The system MAY attempt to establish a call to the obtained number with railway operation priority once an appropriate number has been obtained.,The system MUST attempt to establish a call to the obtained number with railway operation priority once an appropriate number has been obtained.,MUST,no,0,optional,1,0.33,"EIRENE Functional Requirements Specification, version 7",7.2.2.4,M,7 Operational radio > 7.2 Operational radio functions,"7.2.2.3 (O): For some users, particularly for shunting team leaders, up to twenty valid numbers may be stored for one controller type. In these cases, the identities of the controllers corresponding to these valid numbers shall be displayed with an audible and visual prompt for one to be selected. The number of the controller selected shall then be used to establish the call. If no selection is made by the user within 10 seconds the radio shall abandon the call attempt.",7.2.2.5 (M): An audible and visual indication shall be provided to the user that the call is proceeding.,"(M) mandatory, (O) optional, (I) informative"
S0337_nice_to_have,S0337,PURE,2007-eirene_fun_7-2,"Once an appropriate number has been obtained, the radio shall attempt to establish a call to this number with railway operation priority.",attempt to establish a call to the obtained number with railway operation priority once an appropriate number has been obtained,nice_to_have,It would be useful if the system could attempt to establish a call to the obtained number with railway operation priority once an appropriate number has been obtained.,The system MUST attempt to establish a call to the obtained number with railway operation priority once an appropriate number has been obtained.,MUST,no,0,nice_to_have,0,0.0,"EIRENE Functional Requirements Specification, version 7",7.2.2.4,M,7 Operational radio > 7.2 Operational radio functions,"7.2.2.3 (O): For some users, particularly for shunting team leaders, up to twenty valid numbers may be stored for one controller type. In these cases, the identities of the controllers corresponding to these valid numbers shall be displayed with an audible and visual prompt for one to be selected. The number of the controller selected shall then be used to establish the call. If no selection is made by the user within 10 seconds the radio shall abandon the call attempt.",7.2.2.5 (M): An audible and visual indication shall be provided to the user that the call is proceeding.,"(M) mandatory, (O) optional, (I) informative"
S0338_mandatory,S0338,PURE,2007-eirene_fun_7-2,An audible and visual indication shall be provided to the user that the call is proceeding.,provide the user with an audible and visual indication that the call to the controller is proceeding,mandatory,The system MUST provide the user with an audible and visual indication that the call to the controller is proceeding.,The system MUST provide the user with an audible and visual indication that the call to the controller is proceeding.,MUST,yes,1,mandatory,3,1.0,"EIRENE Functional Requirements Specification, version 7",7.2.2.5,M,7 Operational radio > 7.2 Operational radio functions,"7.2.2.4 (M): Once an appropriate number has been obtained, the radio shall attempt to establish a call to this number with railway operation priority.","7.2.2.6 (M): When the call is connected to the controller, an audible and visual indication shall be provided to the user.","(M) mandatory, (O) optional, (I) informative"
S0338_recommended,S0338,PURE,2007-eirene_fun_7-2,An audible and visual indication shall be provided to the user that the call is proceeding.,provide the user with an audible and visual indication that the call to the controller is proceeding,recommended,The system SHOULD provide the user with an audible and visual indication that the call to the controller is proceeding.,The system MUST provide the user with an audible and visual indication that the call to the controller is proceeding.,MUST,no,0,recommended,2,0.67,"EIRENE Functional Requirements Specification, version 7",7.2.2.5,M,7 Operational radio > 7.2 Operational radio functions,"7.2.2.4 (M): Once an appropriate number has been obtained, the radio shall attempt to establish a call to this number with railway operation priority.","7.2.2.6 (M): When the call is connected to the controller, an audible and visual indication shall be provided to the user.","(M) mandatory, (O) optional, (I) informative"
S0338_optional,S0338,PURE,2007-eirene_fun_7-2,An audible and visual indication shall be provided to the user that the call is proceeding.,provide the user with an audible and visual indication that the call to the controller is proceeding,optional,The system MAY provide the user with an audible and visual indication that the call to the controller is proceeding.,The system MUST provide the user with an audible and visual indication that the call to the controller is proceeding.,MUST,no,0,optional,1,0.33,"EIRENE Functional Requirements Specification, version 7",7.2.2.5,M,7 Operational radio > 7.2 Operational radio functions,"7.2.2.4 (M): Once an appropriate number has been obtained, the radio shall attempt to establish a call to this number with railway operation priority.","7.2.2.6 (M): When the call is connected to the controller, an audible and visual indication shall be provided to the user.","(M) mandatory, (O) optional, (I) informative"
S0338_nice_to_have,S0338,PURE,2007-eirene_fun_7-2,An audible and visual indication shall be provided to the user that the call is proceeding.,provide the user with an audible and visual indication that the call to the controller is proceeding,nice_to_have,It would be useful if the system could provide the user with an audible and visual indication that the call to the controller is proceeding.,The system MUST provide the user with an audible and visual indication that the call to the controller is proceeding.,MUST,no,0,nice_to_have,0,0.0,"EIRENE Functional Requirements Specification, version 7",7.2.2.5,M,7 Operational radio > 7.2 Operational radio functions,"7.2.2.4 (M): Once an appropriate number has been obtained, the radio shall attempt to establish a call to this number with railway operation priority.","7.2.2.6 (M): When the call is connected to the controller, an audible and visual indication shall be provided to the user.","(M) mandatory, (O) optional, (I) informative"
S0339_mandatory,S0339,PURE,2007-eirene_fun_7-2,"When the call is connected to the controller, an audible and visual indication shall be provided to the user.",provide the user with an audible and visual indication when the call connects to the controller,mandatory,The system MUST provide the user with an audible and visual indication when the call connects to the controller.,The system MUST provide the user with an audible and visual indication when the call connects to the controller.,MUST,yes,1,mandatory,3,1.0,"EIRENE Functional Requirements Specification, version 7",7.2.2.6,M,7 Operational radio > 7.2 Operational radio functions,7.2.2.5 (M): An audible and visual indication shall be provided to the user that the call is proceeding.,"7.2.2.7 (M): The functional identity of the connected party, if available, shall be displayed to the user.","(M) mandatory, (O) optional, (I) informative"
S0339_recommended,S0339,PURE,2007-eirene_fun_7-2,"When the call is connected to the controller, an audible and visual indication shall be provided to the user.",provide the user with an audible and visual indication when the call connects to the controller,recommended,The system SHOULD provide the user with an audible and visual indication when the call connects to the controller.,The system MUST provide the user with an audible and visual indication when the call connects to the controller.,MUST,no,0,recommended,2,0.67,"EIRENE Functional Requirements Specification, version 7",7.2.2.6,M,7 Operational radio > 7.2 Operational radio functions,7.2.2.5 (M): An audible and visual indication shall be provided to the user that the call is proceeding.,"7.2.2.7 (M): The functional identity of the connected party, if available, shall be displayed to the user.","(M) mandatory, (O) optional, (I) informative"
S0339_optional,S0339,PURE,2007-eirene_fun_7-2,"When the call is connected to the controller, an audible and visual indication shall be provided to the user.",provide the user with an audible and visual indication when the call connects to the controller,optional,The system MAY provide the user with an audible and visual indication when the call connects to the controller.,The system MUST provide the user with an audible and visual indication when the call connects to the controller.,MUST,no,0,optional,1,0.33,"EIRENE Functional Requirements Specification, version 7",7.2.2.6,M,7 Operational radio > 7.2 Operational radio functions,7.2.2.5 (M): An audible and visual indication shall be provided to the user that the call is proceeding.,"7.2.2.7 (M): The functional identity of the connected party, if available, shall be displayed to the user.","(M) mandatory, (O) optional, (I) informative"
S0339_nice_to_have,S0339,PURE,2007-eirene_fun_7-2,"When the call is connected to the controller, an audible and visual indication shall be provided to the user.",provide the user with an audible and visual indication when the call connects to the controller,nice_to_have,It would be useful if the system could provide the user with an audible and visual indication when the call connects to the controller.,The system MUST provide the user with an audible and visual indication when the call connects to the controller.,MUST,no,0,nice_to_have,0,0.0,"EIRENE Functional Requirements Specification, version 7",7.2.2.6,M,7 Operational radio > 7.2 Operational radio functions,7.2.2.5 (M): An audible and visual indication shall be provided to the user that the call is proceeding.,"7.2.2.7 (M): The functional identity of the connected party, if available, shall be displayed to the user.","(M) mandatory, (O) optional, (I) informative"
S0340_mandatory,S0340,PURE,2007-eirene_fun_7-2,"The functional identity of the connected party, if available, shall be displayed to the user.",display the connected party's functional identity to the user if available,mandatory,The system MUST display the connected party's functional identity to the user if available.,The system MUST display the connected party's functional identity to the user if available.,MUST,yes,1,mandatory,3,1.0,"EIRENE Functional Requirements Specification, version 7",7.2.2.7,M,7 Operational radio > 7.2 Operational radio functions,"7.2.2.6 (M): When the call is connected to the controller, an audible and visual indication shall be provided to the user.","7.2.2.8 (M): Where available, an alphanumeric description of the identity of the connected party shall be displayed.","(M) mandatory, (O) optional, (I) informative"
S0340_recommended,S0340,PURE,2007-eirene_fun_7-2,"The functional identity of the connected party, if available, shall be displayed to the user.",display the connected party's functional identity to the user if available,recommended,The system SHOULD display the connected party's functional identity to the user if available.,The system MUST display the connected party's functional identity to the user if available.,MUST,no,0,recommended,2,0.67,"EIRENE Functional Requirements Specification, version 7",7.2.2.7,M,7 Operational radio > 7.2 Operational radio functions,"7.2.2.6 (M): When the call is connected to the controller, an audible and visual indication shall be provided to the user.","7.2.2.8 (M): Where available, an alphanumeric description of the identity of the connected party shall be displayed.","(M) mandatory, (O) optional, (I) informative"
S0340_optional,S0340,PURE,2007-eirene_fun_7-2,"The functional identity of the connected party, if available, shall be displayed to the user.",display the connected party's functional identity to the user if available,optional,The system MAY display the connected party's functional identity to the user if available.,The system MUST display the connected party's functional identity to the user if available.,MUST,no,0,optional,1,0.33,"EIRENE Functional Requirements Specification, version 7",7.2.2.7,M,7 Operational radio > 7.2 Operational radio functions,"7.2.2.6 (M): When the call is connected to the controller, an audible and visual indication shall be provided to the user.","7.2.2.8 (M): Where available, an alphanumeric description of the identity of the connected party shall be displayed.","(M) mandatory, (O) optional, (I) informative"
S0340_nice_to_have,S0340,PURE,2007-eirene_fun_7-2,"The functional identity of the connected party, if available, shall be displayed to the user.",display the connected party's functional identity to the user if available,nice_to_have,It would be useful if the system could display the connected party's functional identity to the user if available.,The system MUST display the connected party's functional identity to the user if available.,MUST,no,0,nice_to_have,0,0.0,"EIRENE Functional Requirements Specification, version 7",7.2.2.7,M,7 Operational radio > 7.2 Operational radio functions,"7.2.2.6 (M): When the call is connected to the controller, an audible and visual indication shall be provided to the user.","7.2.2.8 (M): Where available, an alphanumeric description of the identity of the connected party shall be displayed.","(M) mandatory, (O) optional, (I) informative"
S0341_mandatory,S0341,PURE,2007-eirene_fun_7-2,"Where available, an alphanumeric description of the identity of the connected party shall be displayed.",display an alphanumeric description of the connected party's identity where available,mandatory,The system MUST display an alphanumeric description of the connected party's identity where available.,The system MUST display an alphanumeric description of the connected party's identity where available.,MUST,yes,1,mandatory,3,1.0,"EIRENE Functional Requirements Specification, version 7",7.2.2.8,M,7 Operational radio > 7.2 Operational radio functions,"7.2.2.7 (M): The functional identity of the connected party, if available, shall be displayed to the user.","7.2.2.9 (M): If the system is not able to connect the call, an audible and visual indication shall be provided to the user.","(M) mandatory, (O) optional, (I) informative"
S0341_recommended,S0341,PURE,2007-eirene_fun_7-2,"Where available, an alphanumeric description of the identity of the connected party shall be displayed.",display an alphanumeric description of the connected party's identity where available,recommended,The system SHOULD display an alphanumeric description of the connected party's identity where available.,The system MUST display an alphanumeric description of the connected party's identity where available.,MUST,no,0,recommended,2,0.67,"EIRENE Functional Requirements Specification, version 7",7.2.2.8,M,7 Operational radio > 7.2 Operational radio functions,"7.2.2.7 (M): The functional identity of the connected party, if available, shall be displayed to the user.","7.2.2.9 (M): If the system is not able to connect the call, an audible and visual indication shall be provided to the user.","(M) mandatory, (O) optional, (I) informative"
S0341_optional,S0341,PURE,2007-eirene_fun_7-2,"Where available, an alphanumeric description of the identity of the connected party shall be displayed.",display an alphanumeric description of the connected party's identity where available,optional,The system MAY display an alphanumeric description of the connected party's identity where available.,The system MUST display an alphanumeric description of the connected party's identity where available.,MUST,no,0,optional,1,0.33,"EIRENE Functional Requirements Specification, version 7",7.2.2.8,M,7 Operational radio > 7.2 Operational radio functions,"7.2.2.7 (M): The functional identity of the connected party, if available, shall be displayed to the user.","7.2.2.9 (M): If the system is not able to connect the call, an audible and visual indication shall be provided to the user.","(M) mandatory, (O) optional, (I) informative"
S0341_nice_to_have,S0341,PURE,2007-eirene_fun_7-2,"Where available, an alphanumeric description of the identity of the connected party shall be displayed.",display an alphanumeric description of the connected party's identity where available,nice_to_have,It would be useful if the system could display an alphanumeric description of the connected party's identity where available.,The system MUST display an alphanumeric description of the connected party's identity where available.,MUST,no,0,nice_to_have,0,0.0,"EIRENE Functional Requirements Specification, version 7",7.2.2.8,M,7 Operational radio > 7.2 Operational radio functions,"7.2.2.7 (M): The functional identity of the connected party, if available, shall be displayed to the user.","7.2.2.9 (M): If the system is not able to connect the call, an audible and visual indication shall be provided to the user.","(M) mandatory, (O) optional, (I) informative"
S0348_mandatory,S0348,PURE,2007-eirene_fun_7-2,"If shunting mode is implemented, a means to enter and leave shunting mode shall be provided.",provide a means to enter and leave shunting mode if shunting mode is implemented,mandatory,The system MUST provide a means to enter and leave shunting mode if shunting mode is implemented.,The system MUST provide a means to enter and leave shunting mode if shunting mode is implemented.,MUST,yes,1,mandatory,3,1.0,"EIRENE Functional Requirements Specification, version 7",7.2.2.26,M,7 Operational radio > 7.2 Operational radio functions,7.2.2.25 (O): The Operational radio should provide facilities to support shunting mode as described in section 14.,"7.2.2.27 (M): If shunting mode is implemented, the functionality to enter or leave shunting mode shall not be available whilst there are on-going calls involving the Operational radio.","(M) mandatory, (O) optional, (I) informative"
S0348_recommended,S0348,PURE,2007-eirene_fun_7-2,"If shunting mode is implemented, a means to enter and leave shunting mode shall be provided.",provide a means to enter and leave shunting mode if shunting mode is implemented,recommended,The system SHOULD provide a means to enter and leave shunting mode if shunting mode is implemented.,The system MUST provide a means to enter and leave shunting mode if shunting mode is implemented.,MUST,no,0,recommended,2,0.67,"EIRENE Functional Requirements Specification, version 7",7.2.2.26,M,7 Operational radio > 7.2 Operational radio functions,7.2.2.25 (O): The Operational radio should provide facilities to support shunting mode as described in section 14.,"7.2.2.27 (M): If shunting mode is implemented, the functionality to enter or leave shunting mode shall not be available whilst there are on-going calls involving the Operational radio.","(M) mandatory, (O) optional, (I) informative"
S0348_optional,S0348,PURE,2007-eirene_fun_7-2,"If shunting mode is implemented, a means to enter and leave shunting mode shall be provided.",provide a means to enter and leave shunting mode if shunting mode is implemented,optional,The system MAY provide a means to enter and leave shunting mode if shunting mode is implemented.,The system MUST provide a means to enter and leave shunting mode if shunting mode is implemented.,MUST,no,0,optional,1,0.33,"EIRENE Functional Requirements Specification, version 7",7.2.2.26,M,7 Operational radio > 7.2 Operational radio functions,7.2.2.25 (O): The Operational radio should provide facilities to support shunting mode as described in section 14.,"7.2.2.27 (M): If shunting mode is implemented, the functionality to enter or leave shunting mode shall not be available whilst there are on-going calls involving the Operational radio.","(M) mandatory, (O) optional, (I) informative"
S0348_nice_to_have,S0348,PURE,2007-eirene_fun_7-2,"If shunting mode is implemented, a means to enter and leave shunting mode shall be provided.",provide a means to enter and leave shunting mode if shunting mode is implemented,nice_to_have,It would be useful if the system could provide a means to enter and leave shunting mode if shunting mode is implemented.,The system MUST provide a means to enter and leave shunting mode if shunting mode is implemented.,MUST,no,0,nice_to_have,0,0.0,"EIRENE Functional Requirements Specification, version 7",7.2.2.26,M,7 Operational radio > 7.2 Operational radio functions,7.2.2.25 (O): The Operational radio should provide facilities to support shunting mode as described in section 14.,"7.2.2.27 (M): If shunting mode is implemented, the functionality to enter or leave shunting mode shall not be available whilst there are on-going calls involving the Operational radio.","(M) mandatory, (O) optional, (I) informative"
S0355_mandatory,S0355,PURE,2007-eirene_fun_7-2,The Operational radio shall be of a rugged design suitable for use in the railway environment by operational railway personnel.,provide an Operational radio of a rugged design suitable for use by operational railway personnel in the railway environment,mandatory,The system MUST provide an Operational radio of a rugged design suitable for use by operational railway personnel in the railway environment.,The system MUST provide an Operational radio of a rugged design suitable for use by operational railway personnel in the railway environment.,MUST,yes,1,mandatory,3,1.0,"EIRENE Functional Requirements Specification, version 7",7.3.3,M,7 Operational radio > 7.3 Environmental and physical requirements,7.3.2 (O): The Operational radio should be capable of withstanding exposure to the following extreme environmental conditions:,7.3.4 (O): The Operational radio should have a carry feature that allows the operator to instantly have both hands free without dropping the radio. It should be possible to release the carry feature instantly in the event that the radio is caught on a projecting part of a moving vehicle.,"(M) mandatory, (O) optional, (I) informative"
S0355_recommended,S0355,PURE,2007-eirene_fun_7-2,The Operational radio shall be of a rugged design suitable for use in the railway environment by operational railway personnel.,provide an Operational radio of a rugged design suitable for use by operational railway personnel in the railway environment,recommended,The system SHOULD provide an Operational radio of a rugged design suitable for use by operational railway personnel in the railway environment.,The system MUST provide an Operational radio of a rugged design suitable for use by operational railway personnel in the railway environment.,MUST,no,0,recommended,2,0.67,"EIRENE Functional Requirements Specification, version 7",7.3.3,M,7 Operational radio > 7.3 Environmental and physical requirements,7.3.2 (O): The Operational radio should be capable of withstanding exposure to the following extreme environmental conditions:,7.3.4 (O): The Operational radio should have a carry feature that allows the operator to instantly have both hands free without dropping the radio. It should be possible to release the carry feature instantly in the event that the radio is caught on a projecting part of a moving vehicle.,"(M) mandatory, (O) optional, (I) informative"
S0355_optional,S0355,PURE,2007-eirene_fun_7-2,The Operational radio shall be of a rugged design suitable for use in the railway environment by operational railway personnel.,provide an Operational radio of a rugged design suitable for use by operational railway personnel in the railway environment,optional,The system MAY provide an Operational radio of a rugged design suitable for use by operational railway personnel in the railway environment.,The system MUST provide an Operational radio of a rugged design suitable for use by operational railway personnel in the railway environment.,MUST,no,0,optional,1,0.33,"EIRENE Functional Requirements Specification, version 7",7.3.3,M,7 Operational radio > 7.3 Environmental and physical requirements,7.3.2 (O): The Operational radio should be capable of withstanding exposure to the following extreme environmental conditions:,7.3.4 (O): The Operational radio should have a carry feature that allows the operator to instantly have both hands free without dropping the radio. It should be possible to release the carry feature instantly in the event that the radio is caught on a projecting part of a moving vehicle.,"(M) mandatory, (O) optional, (I) informative"
S0355_nice_to_have,S0355,PURE,2007-eirene_fun_7-2,The Operational radio shall be of a rugged design suitable for use in the railway environment by operational railway personnel.,provide an Operational radio of a rugged design suitable for use by operational railway personnel in the railway environment,nice_to_have,It would be useful if the system could provide an Operational radio of a rugged design suitable for use by operational railway personnel in the railway environment.,The system MUST provide an Operational radio of a rugged design suitable for use by operational railway personnel in the railway environment.,MUST,no,0,nice_to_have,0,0.0,"EIRENE Functional Requirements Specification, version 7",7.3.3,M,7 Operational radio > 7.3 Environmental and physical requirements,7.3.2 (O): The Operational radio should be capable of withstanding exposure to the following extreme environmental conditions:,7.3.4 (O): The Operational radio should have a carry feature that allows the operator to instantly have both hands free without dropping the radio. It should be possible to release the carry feature instantly in the event that the radio is caught on a projecting part of a moving vehicle.,"(M) mandatory, (O) optional, (I) informative"
S0357_mandatory,S0357,PURE,2007-eirene_fun_7-2,Controls shall be designed such that they are suitable for use by people wearing gloves.,provide controls designed for use by people wearing gloves,mandatory,The system MUST provide controls designed for use by people wearing gloves.,The system MUST provide controls designed for use by people wearing gloves.,MUST,yes,1,mandatory,3,1.0,"EIRENE Functional Requirements Specification, version 7",7.3.5,M,7 Operational radio > 7.3 Environmental and physical requirements,7.3.4 (O): The Operational radio should have a carry feature that allows the operator to instantly have both hands free without dropping the radio. It should be possible to release the carry feature instantly in the event that the radio is caught on a projecting part of a moving vehicle.,"7.3.6 (M): Controls shall be designed for use in a wide range of conditions, eg splash proof and suitable for viewing in direct sunlight and in darkness.","(M) mandatory, (O) optional, (I) informative"
S0357_recommended,S0357,PURE,2007-eirene_fun_7-2,Controls shall be designed such that they are suitable for use by people wearing gloves.,provide controls designed for use by people wearing gloves,recommended,The system SHOULD provide controls designed for use by people wearing gloves.,The system MUST provide controls designed for use by people wearing gloves.,MUST,no,0,recommended,2,0.67,"EIRENE Functional Requirements Specification, version 7",7.3.5,M,7 Operational radio > 7.3 Environmental and physical requirements,7.3.4 (O): The Operational radio should have a carry feature that allows the operator to instantly have both hands free without dropping the radio. It should be possible to release the carry feature instantly in the event that the radio is caught on a projecting part of a moving vehicle.,"7.3.6 (M): Controls shall be designed for use in a wide range of conditions, eg splash proof and suitable for viewing in direct sunlight and in darkness.","(M) mandatory, (O) optional, (I) informative"
S0357_optional,S0357,PURE,2007-eirene_fun_7-2,Controls shall be designed such that they are suitable for use by people wearing gloves.,provide controls designed for use by people wearing gloves,optional,The system MAY provide controls designed for use by people wearing gloves.,The system MUST provide controls designed for use by people wearing gloves.,MUST,no,0,optional,1,0.33,"EIRENE Functional Requirements Specification, version 7",7.3.5,M,7 Operational radio > 7.3 Environmental and physical requirements,7.3.4 (O): The Operational radio should have a carry feature that allows the operator to instantly have both hands free without dropping the radio. It should be possible to release the carry feature instantly in the event that the radio is caught on a projecting part of a moving vehicle.,"7.3.6 (M): Controls shall be designed for use in a wide range of conditions, eg splash proof and suitable for viewing in direct sunlight and in darkness.","(M) mandatory, (O) optional, (I) informative"
S0357_nice_to_have,S0357,PURE,2007-eirene_fun_7-2,Controls shall be designed such that they are suitable for use by people wearing gloves.,provide controls designed for use by people wearing gloves,nice_to_have,It would be useful if the system could provide controls designed for use by people wearing gloves.,The system MUST provide controls designed for use by people wearing gloves.,MUST,no,0,nice_to_have,0,0.0,"EIRENE Functional Requirements Specification, version 7",7.3.5,M,7 Operational radio > 7.3 Environmental and physical requirements,7.3.4 (O): The Operational radio should have a carry feature that allows the operator to instantly have both hands free without dropping the radio. It should be possible to release the carry feature instantly in the event that the radio is caught on a projecting part of a moving vehicle.,"7.3.6 (M): Controls shall be designed for use in a wide range of conditions, eg splash proof and suitable for viewing in direct sunlight and in darkness.","(M) mandatory, (O) optional, (I) informative"
S0362_mandatory,S0362,PURE,2007-eirene_fun_7-2,The Operational radio should be suitable for use with a car adapter kit.,make the Operational radio suitable for use with a car adapter kit,mandatory,The system MUST make the Operational radio suitable for use with a car adapter kit.,The system MUST make the Operational radio suitable for use with a car adapter kit.,MUST,yes,1,mandatory,3,1.0,"EIRENE Functional Requirements Specification, version 7",7.3.11,O,7 Operational radio > 7.3 Environmental and physical requirements,7.3.10 (M): Operational radios shall be equipped with rechargeable batteries capable of providing a minimum of eight hours operation from a single charge based on the following cycle (see section 4.3.9):,7.4.1.1 (O): The Operational radio MMI shall comprise the following components:,"(M) mandatory, (O) optional, (I) informative"
S0362_recommended,S0362,PURE,2007-eirene_fun_7-2,The Operational radio should be suitable for use with a car adapter kit.,make the Operational radio suitable for use with a car adapter kit,recommended,The system SHOULD make the Operational radio suitable for use with a car adapter kit.,The system MUST make the Operational radio suitable for use with a car adapter kit.,MUST,no,0,recommended,2,0.67,"EIRENE Functional Requirements Specification, version 7",7.3.11,O,7 Operational radio > 7.3 Environmental and physical requirements,7.3.10 (M): Operational radios shall be equipped with rechargeable batteries capable of providing a minimum of eight hours operation from a single charge based on the following cycle (see section 4.3.9):,7.4.1.1 (O): The Operational radio MMI shall comprise the following components:,"(M) mandatory, (O) optional, (I) informative"
S0362_optional,S0362,PURE,2007-eirene_fun_7-2,The Operational radio should be suitable for use with a car adapter kit.,make the Operational radio suitable for use with a car adapter kit,optional,The system MAY make the Operational radio suitable for use with a car adapter kit.,The system MUST make the Operational radio suitable for use with a car adapter kit.,MUST,no,0,optional,1,0.33,"EIRENE Functional Requirements Specification, version 7",7.3.11,O,7 Operational radio > 7.3 Environmental and physical requirements,7.3.10 (M): Operational radios shall be equipped with rechargeable batteries capable of providing a minimum of eight hours operation from a single charge based on the following cycle (see section 4.3.9):,7.4.1.1 (O): The Operational radio MMI shall comprise the following components:,"(M) mandatory, (O) optional, (I) informative"
S0362_nice_to_have,S0362,PURE,2007-eirene_fun_7-2,The Operational radio should be suitable for use with a car adapter kit.,make the Operational radio suitable for use with a car adapter kit,nice_to_have,It would be useful if the system could make the Operational radio suitable for use with a car adapter kit.,The system MUST make the Operational radio suitable for use with a car adapter kit.,MUST,no,0,nice_to_have,0,0.0,"EIRENE Functional Requirements Specification, version 7",7.3.11,O,7 Operational radio > 7.3 Environmental and physical requirements,7.3.10 (M): Operational radios shall be equipped with rechargeable batteries capable of providing a minimum of eight hours operation from a single charge based on the following cycle (see section 4.3.9):,7.4.1.1 (O): The Operational radio MMI shall comprise the following components:,"(M) mandatory, (O) optional, (I) informative"
S0364_mandatory,S0364,PURE,2007-eirene_fun_7-2,The MMI shall be suitable for use by day and night.,make the Operational radio MMI suitable for use by day and night,mandatory,The system MUST make the Operational radio MMI suitable for use by day and night.,The system MUST make the Operational radio MMI suitable for use by day and night.,MUST,yes,1,mandatory,3,1.0,"EIRENE Functional Requirements Specification, version 7",7.4.1.2,O,7 Operational radio > 7.4 Operational radio man-machine interface > 7.4.1 Introduction,7.4.1.1 (O): The Operational radio MMI shall comprise the following components:,"7.4.2.1: The display shall be capable of displaying at least 6 lines, each of 20 characters. (M )","(M) mandatory, (O) optional, (I) informative"
S0364_recommended,S0364,PURE,2007-eirene_fun_7-2,The MMI shall be suitable for use by day and night.,make the Operational radio MMI suitable for use by day and night,recommended,The system SHOULD make the Operational radio MMI suitable for use by day and night.,The system MUST make the Operational radio MMI suitable for use by day and night.,MUST,no,0,recommended,2,0.67,"EIRENE Functional Requirements Specification, version 7",7.4.1.2,O,7 Operational radio > 7.4 Operational radio man-machine interface > 7.4.1 Introduction,7.4.1.1 (O): The Operational radio MMI shall comprise the following components:,"7.4.2.1: The display shall be capable of displaying at least 6 lines, each of 20 characters. (M )","(M) mandatory, (O) optional, (I) informative"
S0364_optional,S0364,PURE,2007-eirene_fun_7-2,The MMI shall be suitable for use by day and night.,make the Operational radio MMI suitable for use by day and night,optional,The system MAY make the Operational radio MMI suitable for use by day and night.,The system MUST make the Operational radio MMI suitable for use by day and night.,MUST,no,0,optional,1,0.33,"EIRENE Functional Requirements Specification, version 7",7.4.1.2,O,7 Operational radio > 7.4 Operational radio man-machine interface > 7.4.1 Introduction,7.4.1.1 (O): The Operational radio MMI shall comprise the following components:,"7.4.2.1: The display shall be capable of displaying at least 6 lines, each of 20 characters. (M )","(M) mandatory, (O) optional, (I) informative"
S0364_nice_to_have,S0364,PURE,2007-eirene_fun_7-2,The MMI shall be suitable for use by day and night.,make the Operational radio MMI suitable for use by day and night,nice_to_have,It would be useful if the system could make the Operational radio MMI suitable for use by day and night.,The system MUST make the Operational radio MMI suitable for use by day and night.,MUST,no,0,nice_to_have,0,0.0,"EIRENE Functional Requirements Specification, version 7",7.4.1.2,O,7 Operational radio > 7.4 Operational radio man-machine interface > 7.4.1 Introduction,7.4.1.1 (O): The Operational radio MMI shall comprise the following components:,"7.4.2.1: The display shall be capable of displaying at least 6 lines, each of 20 characters. (M )","(M) mandatory, (O) optional, (I) informative"
S0367_mandatory,S0367,PURE,2007-eirene_fun_7-2,The emergency button shall be designed to avoid accidental use.,provide an emergency button designed to avoid accidental use,mandatory,The system MUST provide an emergency button designed to avoid accidental use.,The system MUST provide an emergency button designed to avoid accidental use.,MUST,yes,1,mandatory,3,1.0,"EIRENE Functional Requirements Specification, version 7",7.4.3.2,M,7 Operational radio > 7.4 Operational radio man-machine interface > 7.4.3 Controls,"7.4.3.1 (O): Four buttons should be provided for designated stored numbers. (This facility is required for calls to local controllers, etc.)","7.4.3.3 (M): If shunting mode is implemented, the link assurance button shall be designed to avoid accidental use.","(M) mandatory, (O) optional, (I) informative"
S0367_recommended,S0367,PURE,2007-eirene_fun_7-2,The emergency button shall be designed to avoid accidental use.,provide an emergency button designed to avoid accidental use,recommended,The system SHOULD provide an emergency button designed to avoid accidental use.,The system MUST provide an emergency button designed to avoid accidental use.,MUST,no,0,recommended,2,0.67,"EIRENE Functional Requirements Specification, version 7",7.4.3.2,M,7 Operational radio > 7.4 Operational radio man-machine interface > 7.4.3 Controls,"7.4.3.1 (O): Four buttons should be provided for designated stored numbers. (This facility is required for calls to local controllers, etc.)","7.4.3.3 (M): If shunting mode is implemented, the link assurance button shall be designed to avoid accidental use.","(M) mandatory, (O) optional, (I) informative"
S0367_optional,S0367,PURE,2007-eirene_fun_7-2,The emergency button shall be designed to avoid accidental use.,provide an emergency button designed to avoid accidental use,optional,The system MAY provide an emergency button designed to avoid accidental use.,The system MUST provide an emergency button designed to avoid accidental use.,MUST,no,0,optional,1,0.33,"EIRENE Functional Requirements Specification, version 7",7.4.3.2,M,7 Operational radio > 7.4 Operational radio man-machine interface > 7.4.3 Controls,"7.4.3.1 (O): Four buttons should be provided for designated stored numbers. (This facility is required for calls to local controllers, etc.)","7.4.3.3 (M): If shunting mode is implemented, the link assurance button shall be designed to avoid accidental use.","(M) mandatory, (O) optional, (I) informative"
S0367_nice_to_have,S0367,PURE,2007-eirene_fun_7-2,The emergency button shall be designed to avoid accidental use.,provide an emergency button designed to avoid accidental use,nice_to_have,It would be useful if the system could provide an emergency button designed to avoid accidental use.,The system MUST provide an emergency button designed to avoid accidental use.,MUST,no,0,nice_to_have,0,0.0,"EIRENE Functional Requirements Specification, version 7",7.4.3.2,M,7 Operational radio > 7.4 Operational radio man-machine interface > 7.4.3 Controls,"7.4.3.1 (O): Four buttons should be provided for designated stored numbers. (This facility is required for calls to local controllers, etc.)","7.4.3.3 (M): If shunting mode is implemented, the link assurance button shall be designed to avoid accidental use.","(M) mandatory, (O) optional, (I) informative"
S0368_mandatory,S0368,PURE,2007-eirene_fun_7-2,"If shunting mode is implemented, the link assurance button shall be designed to avoid accidental use.",provide a link assurance button designed to avoid accidental use if shunting mode is implemented,mandatory,The system MUST provide a link assurance button designed to avoid accidental use if shunting mode is implemented.,The system MUST provide a link assurance button designed to avoid accidental use if shunting mode is implemented.,MUST,yes,1,mandatory,3,1.0,"EIRENE Functional Requirements Specification, version 7",7.4.3.3,M,7 Operational radio > 7.4 Operational radio man-machine interface > 7.4.3 Controls,7.4.3.2 (M): The emergency button shall be designed to avoid accidental use.,7.4.3.4 (M): A dedicated Push-To-Talk button shall be provided.,"(M) mandatory, (O) optional, (I) informative"
S0368_recommended,S0368,PURE,2007-eirene_fun_7-2,"If shunting mode is implemented, the link assurance button shall be designed to avoid accidental use.",provide a link assurance button designed to avoid accidental use if shunting mode is implemented,recommended,The system SHOULD provide a link assurance button designed to avoid accidental use if shunting mode is implemented.,The system MUST provide a link assurance button designed to avoid accidental use if shunting mode is implemented.,MUST,no,0,recommended,2,0.67,"EIRENE Functional Requirements Specification, version 7",7.4.3.3,M,7 Operational radio > 7.4 Operational radio man-machine interface > 7.4.3 Controls,7.4.3.2 (M): The emergency button shall be designed to avoid accidental use.,7.4.3.4 (M): A dedicated Push-To-Talk button shall be provided.,"(M) mandatory, (O) optional, (I) informative"
S0368_optional,S0368,PURE,2007-eirene_fun_7-2,"If shunting mode is implemented, the link assurance button shall be designed to avoid accidental use.",provide a link assurance button designed to avoid accidental use if shunting mode is implemented,optional,The system MAY provide a link assurance button designed to avoid accidental use if shunting mode is implemented.,The system MUST provide a link assurance button designed to avoid accidental use if shunting mode is implemented.,MUST,no,0,optional,1,0.33,"EIRENE Functional Requirements Specification, version 7",7.4.3.3,M,7 Operational radio > 7.4 Operational radio man-machine interface > 7.4.3 Controls,7.4.3.2 (M): The emergency button shall be designed to avoid accidental use.,7.4.3.4 (M): A dedicated Push-To-Talk button shall be provided.,"(M) mandatory, (O) optional, (I) informative"
S0368_nice_to_have,S0368,PURE,2007-eirene_fun_7-2,"If shunting mode is implemented, the link assurance button shall be designed to avoid accidental use.",provide a link assurance button designed to avoid accidental use if shunting mode is implemented,nice_to_have,It would be useful if the system could provide a link assurance button designed to avoid accidental use if shunting mode is implemented.,The system MUST provide a link assurance button designed to avoid accidental use if shunting mode is implemented.,MUST,no,0,nice_to_have,0,0.0,"EIRENE Functional Requirements Specification, version 7",7.4.3.3,M,7 Operational radio > 7.4 Operational radio man-machine interface > 7.4.3 Controls,7.4.3.2 (M): The emergency button shall be designed to avoid accidental use.,7.4.3.4 (M): A dedicated Push-To-Talk button shall be provided.,"(M) mandatory, (O) optional, (I) informative"
S0369_mandatory,S0369,PURE,2007-eirene_fun_7-2,A dedicated Push-To-Talk button shall be provided.,provide a dedicated Push-To-Talk button,mandatory,The system MUST provide a dedicated Push-To-Talk button.,The system MUST provide a dedicated Push-To-Talk button.,MUST,yes,1,mandatory,3,1.0,"EIRENE Functional Requirements Specification, version 7",7.4.3.4,M,7 Operational radio > 7.4 Operational radio man-machine interface > 7.4.3 Controls,"7.4.3.3 (M): If shunting mode is implemented, the link assurance button shall be designed to avoid accidental use.",7.4.4.1 (M): A visual and audible alarm shall be given when the remaining capacity of the battery is such as to enable only 10 minutes of full duplex call time.,"(M) mandatory, (O) optional, (I) informative"
S0369_recommended,S0369,PURE,2007-eirene_fun_7-2,A dedicated Push-To-Talk button shall be provided.,provide a dedicated Push-To-Talk button,recommended,The system SHOULD provide a dedicated Push-To-Talk button.,The system MUST provide a dedicated Push-To-Talk button.,MUST,no,0,recommended,2,0.67,"EIRENE Functional Requirements Specification, version 7",7.4.3.4,M,7 Operational radio > 7.4 Operational radio man-machine interface > 7.4.3 Controls,"7.4.3.3 (M): If shunting mode is implemented, the link assurance button shall be designed to avoid accidental use.",7.4.4.1 (M): A visual and audible alarm shall be given when the remaining capacity of the battery is such as to enable only 10 minutes of full duplex call time.,"(M) mandatory, (O) optional, (I) informative"
S0369_optional,S0369,PURE,2007-eirene_fun_7-2,A dedicated Push-To-Talk button shall be provided.,provide a dedicated Push-To-Talk button,optional,The system MAY provide a dedicated Push-To-Talk button.,The system MUST provide a dedicated Push-To-Talk button.,MUST,no,0,optional,1,0.33,"EIRENE Functional Requirements Specification, version 7",7.4.3.4,M,7 Operational radio > 7.4 Operational radio man-machine interface > 7.4.3 Controls,"7.4.3.3 (M): If shunting mode is implemented, the link assurance button shall be designed to avoid accidental use.",7.4.4.1 (M): A visual and audible alarm shall be given when the remaining capacity of the battery is such as to enable only 10 minutes of full duplex call time.,"(M) mandatory, (O) optional, (I) informative"
S0369_nice_to_have,S0369,PURE,2007-eirene_fun_7-2,A dedicated Push-To-Talk button shall be provided.,provide a dedicated Push-To-Talk button,nice_to_have,It would be useful if the system could provide a dedicated Push-To-Talk button.,The system MUST provide a dedicated Push-To-Talk button.,MUST,no,0,nice_to_have,0,0.0,"EIRENE Functional Requirements Specification, version 7",7.4.3.4,M,7 Operational radio > 7.4 Operational radio man-machine interface > 7.4.3 Controls,"7.4.3.3 (M): If shunting mode is implemented, the link assurance button shall be designed to avoid accidental use.",7.4.4.1 (M): A visual and audible alarm shall be given when the remaining capacity of the battery is such as to enable only 10 minutes of full duplex call time.,"(M) mandatory, (O) optional, (I) informative"
S0370_mandatory,S0370,PURE,2007-eirene_fun_7-2,A visual and audible alarm shall be given when the remaining capacity of the battery is such as to enable only 10 minutes of full duplex call time.,provide a visual and audible alarm when remaining battery capacity supports only 10 minutes of full-duplex call time,mandatory,The system MUST provide a visual and audible alarm when remaining battery capacity supports only 10 minutes of full-duplex call time.,The system MUST provide a visual and audible alarm when remaining battery capacity supports only 10 minutes of full-duplex call time.,MUST,yes,1,mandatory,3,1.0,"EIRENE Functional Requirements Specification, version 7",7.4.4.1,M,7 Operational radio > 7.4 Operational radio man-machine interface > 7.4.4 Indications,7.4.3.4 (M): A dedicated Push-To-Talk button shall be provided.,7.4.4.2 (M): A visual indication shall be provided to the user if the network service is no longer available.,"(M) mandatory, (O) optional, (I) informative"
S0370_recommended,S0370,PURE,2007-eirene_fun_7-2,A visual and audible alarm shall be given when the remaining capacity of the battery is such as to enable only 10 minutes of full duplex call time.,provide a visual and audible alarm when remaining battery capacity supports only 10 minutes of full-duplex call time,recommended,The system SHOULD provide a visual and audible alarm when remaining battery capacity supports only 10 minutes of full-duplex call time.,The system MUST provide a visual and audible alarm when remaining battery capacity supports only 10 minutes of full-duplex call time.,MUST,no,0,recommended,2,0.67,"EIRENE Functional Requirements Specification, version 7",7.4.4.1,M,7 Operational radio > 7.4 Operational radio man-machine interface > 7.4.4 Indications,7.4.3.4 (M): A dedicated Push-To-Talk button shall be provided.,7.4.4.2 (M): A visual indication shall be provided to the user if the network service is no longer available.,"(M) mandatory, (O) optional, (I) informative"
S0370_optional,S0370,PURE,2007-eirene_fun_7-2,A visual and audible alarm shall be given when the remaining capacity of the battery is such as to enable only 10 minutes of full duplex call time.,provide a visual and audible alarm when remaining battery capacity supports only 10 minutes of full-duplex call time,optional,The system MAY provide a visual and audible alarm when remaining battery capacity supports only 10 minutes of full-duplex call time.,The system MUST provide a visual and audible alarm when remaining battery capacity supports only 10 minutes of full-duplex call time.,MUST,no,0,optional,1,0.33,"EIRENE Functional Requirements Specification, version 7",7.4.4.1,M,7 Operational radio > 7.4 Operational radio man-machine interface > 7.4.4 Indications,7.4.3.4 (M): A dedicated Push-To-Talk button shall be provided.,7.4.4.2 (M): A visual indication shall be provided to the user if the network service is no longer available.,"(M) mandatory, (O) optional, (I) informative"
S0370_nice_to_have,S0370,PURE,2007-eirene_fun_7-2,A visual and audible alarm shall be given when the remaining capacity of the battery is such as to enable only 10 minutes of full duplex call time.,provide a visual and audible alarm when remaining battery capacity supports only 10 minutes of full-duplex call time,nice_to_have,It would be useful if the system could provide a visual and audible alarm when remaining battery capacity supports only 10 minutes of full-duplex call time.,The system MUST provide a visual and audible alarm when remaining battery capacity supports only 10 minutes of full-duplex call time.,MUST,no,0,nice_to_have,0,0.0,"EIRENE Functional Requirements Specification, version 7",7.4.4.1,M,7 Operational radio > 7.4 Operational radio man-machine interface > 7.4.4 Indications,7.4.3.4 (M): A dedicated Push-To-Talk button shall be provided.,7.4.4.2 (M): A visual indication shall be provided to the user if the network service is no longer available.,"(M) mandatory, (O) optional, (I) informative"
S0384_mandatory,S0384,PURE,2007-eirene_fun_7-2,The EIRENE system shall enable users to originate and receive calls by functional number.,enable EIRENE users to originate and receive calls by functional number,mandatory,The system MUST enable EIRENE users to originate and receive calls by functional number.,The system MUST enable EIRENE users to originate and receive calls by functional number.,MUST,yes,1,mandatory,3,1.0,"EIRENE Functional Requirements Specification, version 7",9.2.1.1,M,9 Numbering plan > 9.2 Numbering plan requirements > 9.2.1 General,9.1.2 (I): This section addresses the following:,9.2.1.2 (M): Each mobile shall be identified by a unique telephone number.,"(M) mandatory, (O) optional, (I) informative"
S0384_recommended,S0384,PURE,2007-eirene_fun_7-2,The EIRENE system shall enable users to originate and receive calls by functional number.,enable EIRENE users to originate and receive calls by functional number,recommended,The system SHOULD enable EIRENE users to originate and receive calls by functional number.,The system MUST enable EIRENE users to originate and receive calls by functional number.,MUST,no,0,recommended,2,0.67,"EIRENE Functional Requirements Specification, version 7",9.2.1.1,M,9 Numbering plan > 9.2 Numbering plan requirements > 9.2.1 General,9.1.2 (I): This section addresses the following:,9.2.1.2 (M): Each mobile shall be identified by a unique telephone number.,"(M) mandatory, (O) optional, (I) informative"
S0384_optional,S0384,PURE,2007-eirene_fun_7-2,The EIRENE system shall enable users to originate and receive calls by functional number.,enable EIRENE users to originate and receive calls by functional number,optional,The system MAY enable EIRENE users to originate and receive calls by functional number.,The system MUST enable EIRENE users to originate and receive calls by functional number.,MUST,no,0,optional,1,0.33,"EIRENE Functional Requirements Specification, version 7",9.2.1.1,M,9 Numbering plan > 9.2 Numbering plan requirements > 9.2.1 General,9.1.2 (I): This section addresses the following:,9.2.1.2 (M): Each mobile shall be identified by a unique telephone number.,"(M) mandatory, (O) optional, (I) informative"
S0384_nice_to_have,S0384,PURE,2007-eirene_fun_7-2,The EIRENE system shall enable users to originate and receive calls by functional number.,enable EIRENE users to originate and receive calls by functional number,nice_to_have,It would be useful if the system could enable EIRENE users to originate and receive calls by functional number.,The system MUST enable EIRENE users to originate and receive calls by functional number.,MUST,no,0,nice_to_have,0,0.0,"EIRENE Functional Requirements Specification, version 7",9.2.1.1,M,9 Numbering plan > 9.2 Numbering plan requirements > 9.2.1 General,9.1.2 (I): This section addresses the following:,9.2.1.2 (M): Each mobile shall be identified by a unique telephone number.,"(M) mandatory, (O) optional, (I) informative"
S0385_mandatory,S0385,PURE,2007-eirene_fun_7-2,Each mobile shall be identified by a unique telephone number.,identify each mobile by a unique telephone number,mandatory,The system MUST identify each mobile by a unique telephone number.,The system MUST identify each mobile by a unique telephone number.,MUST,yes,1,mandatory,3,1.0,"EIRENE Functional Requirements Specification, version 7",9.2.1.2,M,9 Numbering plan > 9.2 Numbering plan requirements > 9.2.1 General,9.2.1.1 (M): The EIRENE system shall enable users to originate and receive calls by functional number.,9.2.2.1 (I): The use of train numbers to address trains shall not result in any ambiguities.,"(M) mandatory, (O) optional, (I) informative"
S0385_recommended,S0385,PURE,2007-eirene_fun_7-2,Each mobile shall be identified by a unique telephone number.,identify each mobile by a unique telephone number,recommended,The system SHOULD identify each mobile by a unique telephone number.,The system MUST identify each mobile by a unique telephone number.,MUST,no,0,recommended,2,0.67,"EIRENE Functional Requirements Specification, version 7",9.2.1.2,M,9 Numbering plan > 9.2 Numbering plan requirements > 9.2.1 General,9.2.1.1 (M): The EIRENE system shall enable users to originate and receive calls by functional number.,9.2.2.1 (I): The use of train numbers to address trains shall not result in any ambiguities.,"(M) mandatory, (O) optional, (I) informative"
S0385_optional,S0385,PURE,2007-eirene_fun_7-2,Each mobile shall be identified by a unique telephone number.,identify each mobile by a unique telephone number,optional,The system MAY identify each mobile by a unique telephone number.,The system MUST identify each mobile by a unique telephone number.,MUST,no,0,optional,1,0.33,"EIRENE Functional Requirements Specification, version 7",9.2.1.2,M,9 Numbering plan > 9.2 Numbering plan requirements > 9.2.1 General,9.2.1.1 (M): The EIRENE system shall enable users to originate and receive calls by functional number.,9.2.2.1 (I): The use of train numbers to address trains shall not result in any ambiguities.,"(M) mandatory, (O) optional, (I) informative"
S0385_nice_to_have,S0385,PURE,2007-eirene_fun_7-2,Each mobile shall be identified by a unique telephone number.,identify each mobile by a unique telephone number,nice_to_have,It would be useful if the system could identify each mobile by a unique telephone number.,The system MUST identify each mobile by a unique telephone number.,MUST,no,0,nice_to_have,0,0.0,"EIRENE Functional Requirements Specification, version 7",9.2.1.2,M,9 Numbering plan > 9.2 Numbering plan requirements > 9.2.1 General,9.2.1.1 (M): The EIRENE system shall enable users to originate and receive calls by functional number.,9.2.2.1 (I): The use of train numbers to address trains shall not result in any ambiguities.,"(M) mandatory, (O) optional, (I) informative"
S0387_mandatory,S0387,PURE,2007-eirene_fun_7-2,Every on-train function shall be identified by a unique standard number.,identify every on-train function by a unique standard number,mandatory,The system MUST identify every on-train function by a unique standard number.,The system MUST identify every on-train function by a unique standard number.,MUST,yes,1,mandatory,3,1.0,"EIRENE Functional Requirements Specification, version 7",9.2.2.2,M,9 Numbering plan > 9.2 Numbering plan requirements > 9.2.2 Use of train number,9.2.2.1 (I): The use of train numbers to address trains shall not result in any ambiguities.,9.2.3.1 (I): The use of engine/coach numbers to address trains shall not result in any ambiguities.,"(M) mandatory, (O) optional, (I) informative"
S0387_recommended,S0387,PURE,2007-eirene_fun_7-2,Every on-train function shall be identified by a unique standard number.,identify every on-train function by a unique standard number,recommended,The system SHOULD identify every on-train function by a unique standard number.,The system MUST identify every on-train function by a unique standard number.,MUST,no,0,recommended,2,0.67,"EIRENE Functional Requirements Specification, version 7",9.2.2.2,M,9 Numbering plan > 9.2 Numbering plan requirements > 9.2.2 Use of train number,9.2.2.1 (I): The use of train numbers to address trains shall not result in any ambiguities.,9.2.3.1 (I): The use of engine/coach numbers to address trains shall not result in any ambiguities.,"(M) mandatory, (O) optional, (I) informative"
S0387_optional,S0387,PURE,2007-eirene_fun_7-2,Every on-train function shall be identified by a unique standard number.,identify every on-train function by a unique standard number,optional,The system MAY identify every on-train function by a unique standard number.,The system MUST identify every on-train function by a unique standard number.,MUST,no,0,optional,1,0.33,"EIRENE Functional Requirements Specification, version 7",9.2.2.2,M,9 Numbering plan > 9.2 Numbering plan requirements > 9.2.2 Use of train number,9.2.2.1 (I): The use of train numbers to address trains shall not result in any ambiguities.,9.2.3.1 (I): The use of engine/coach numbers to address trains shall not result in any ambiguities.,"(M) mandatory, (O) optional, (I) informative"
S0387_nice_to_have,S0387,PURE,2007-eirene_fun_7-2,Every on-train function shall be identified by a unique standard number.,identify every on-train function by a unique standard number,nice_to_have,It would be useful if the system could identify every on-train function by a unique standard number.,The system MUST identify every on-train function by a unique standard number.,MUST,no,0,nice_to_have,0,0.0,"EIRENE Functional Requirements Specification, version 7",9.2.2.2,M,9 Numbering plan > 9.2 Numbering plan requirements > 9.2.2 Use of train number,9.2.2.1 (I): The use of train numbers to address trains shall not result in any ambiguities.,9.2.3.1 (I): The use of engine/coach numbers to address trains shall not result in any ambiguities.,"(M) mandatory, (O) optional, (I) informative"
S0389_mandatory,S0389,PURE,2007-eirene_fun_7-2,Every on-engine/coach function shall be identified by a unique standard number.,identify every on-engine/coach function by a unique standard number,mandatory,The system MUST identify every on-engine/coach function by a unique standard number.,The system MUST identify every on-engine/coach function by a unique standard number.,MUST,yes,1,mandatory,3,1.0,"EIRENE Functional Requirements Specification, version 7",9.2.3.2,M,9 Numbering plan > 9.2 Numbering plan requirements > 9.2.3 Use of engine/coach number,9.2.3.1 (I): The use of engine/coach numbers to address trains shall not result in any ambiguities.,9.2.4.1 (M): Every shunting team number shall be based on an association of:,"(M) mandatory, (O) optional, (I) informative"
S0389_recommended,S0389,PURE,2007-eirene_fun_7-2,Every on-engine/coach function shall be identified by a unique standard number.,identify every on-engine/coach function by a unique standard number,recommended,The system SHOULD identify every on-engine/coach function by a unique standard number.,The system MUST identify every on-engine/coach function by a unique standard number.,MUST,no,0,recommended,2,0.67,"EIRENE Functional Requirements Specification, version 7",9.2.3.2,M,9 Numbering plan > 9.2 Numbering plan requirements > 9.2.3 Use of engine/coach number,9.2.3.1 (I): The use of engine/coach numbers to address trains shall not result in any ambiguities.,9.2.4.1 (M): Every shunting team number shall be based on an association of:,"(M) mandatory, (O) optional, (I) informative"
S0389_optional,S0389,PURE,2007-eirene_fun_7-2,Every on-engine/coach function shall be identified by a unique standard number.,identify every on-engine/coach function by a unique standard number,optional,The system MAY identify every on-engine/coach function by a unique standard number.,The system MUST identify every on-engine/coach function by a unique standard number.,MUST,no,0,optional,1,0.33,"EIRENE Functional Requirements Specification, version 7",9.2.3.2,M,9 Numbering plan > 9.2 Numbering plan requirements > 9.2.3 Use of engine/coach number,9.2.3.1 (I): The use of engine/coach numbers to address trains shall not result in any ambiguities.,9.2.4.1 (M): Every shunting team number shall be based on an association of:,"(M) mandatory, (O) optional, (I) informative"
S0389_nice_to_have,S0389,PURE,2007-eirene_fun_7-2,Every on-engine/coach function shall be identified by a unique standard number.,identify every on-engine/coach function by a unique standard number,nice_to_have,It would be useful if the system could identify every on-engine/coach function by a unique standard number.,The system MUST identify every on-engine/coach function by a unique standard number.,MUST,no,0,nice_to_have,0,0.0,"EIRENE Functional Requirements Specification, version 7",9.2.3.2,M,9 Numbering plan > 9.2 Numbering plan requirements > 9.2.3 Use of engine/coach number,9.2.3.1 (I): The use of engine/coach numbers to address trains shall not result in any ambiguities.,9.2.4.1 (M): Every shunting team number shall be based on an association of:,"(M) mandatory, (O) optional, (I) informative"
S0394_mandatory,S0394,PURE,2007-eirene_fun_7-2,Group call service areas shall be freely configurable within the operational responsibility of each railway network.,allow group call service areas to be freely configured within each railway network's operational responsibility,mandatory,The system MUST allow group call service areas to be freely configured within each railway network's operational responsibility.,The system MUST allow group call service areas to be freely configured within each railway network's operational responsibility.,MUST,yes,1,mandatory,3,1.0,"EIRENE Functional Requirements Specification, version 7",9.2.5.1,M,9 Numbering plan > 9.2 Numbering plan requirements > 9.2.5 Use of group calls,9.2.4.4 (M): The numbering for other teams shall be treated in the same way as maintenance teams in 9.2.4.2.,"9.2.6.1 (I): In some countries, train numbers are alphanumeric. Support for such numbers is not required for interoperability.","(M) mandatory, (O) optional, (I) informative"
S0394_recommended,S0394,PURE,2007-eirene_fun_7-2,Group call service areas shall be freely configurable within the operational responsibility of each railway network.,allow group call service areas to be freely configured within each railway network's operational responsibility,recommended,The system SHOULD allow group call service areas to be freely configured within each railway network's operational responsibility.,The system MUST allow group call service areas to be freely configured within each railway network's operational responsibility.,MUST,no,0,recommended,2,0.67,"EIRENE Functional Requirements Specification, version 7",9.2.5.1,M,9 Numbering plan > 9.2 Numbering plan requirements > 9.2.5 Use of group calls,9.2.4.4 (M): The numbering for other teams shall be treated in the same way as maintenance teams in 9.2.4.2.,"9.2.6.1 (I): In some countries, train numbers are alphanumeric. Support for such numbers is not required for interoperability.","(M) mandatory, (O) optional, (I) informative"
S0394_optional,S0394,PURE,2007-eirene_fun_7-2,Group call service areas shall be freely configurable within the operational responsibility of each railway network.,allow group call service areas to be freely configured within each railway network's operational responsibility,optional,The system MAY allow group call service areas to be freely configured within each railway network's operational responsibility.,The system MUST allow group call service areas to be freely configured within each railway network's operational responsibility.,MUST,no,0,optional,1,0.33,"EIRENE Functional Requirements Specification, version 7",9.2.5.1,M,9 Numbering plan > 9.2 Numbering plan requirements > 9.2.5 Use of group calls,9.2.4.4 (M): The numbering for other teams shall be treated in the same way as maintenance teams in 9.2.4.2.,"9.2.6.1 (I): In some countries, train numbers are alphanumeric. Support for such numbers is not required for interoperability.","(M) mandatory, (O) optional, (I) informative"
S0394_nice_to_have,S0394,PURE,2007-eirene_fun_7-2,Group call service areas shall be freely configurable within the operational responsibility of each railway network.,allow group call service areas to be freely configured within each railway network's operational responsibility,nice_to_have,It would be useful if the system could allow group call service areas to be freely configured within each railway network's operational responsibility.,The system MUST allow group call service areas to be freely configured within each railway network's operational responsibility.,MUST,no,0,nice_to_have,0,0.0,"EIRENE Functional Requirements Specification, version 7",9.2.5.1,M,9 Numbering plan > 9.2 Numbering plan requirements > 9.2.5 Use of group calls,9.2.4.4 (M): The numbering for other teams shall be treated in the same way as maintenance teams in 9.2.4.2.,"9.2.6.1 (I): In some countries, train numbers are alphanumeric. Support for such numbers is not required for interoperability.","(M) mandatory, (O) optional, (I) informative"
S0399_mandatory,S0399,PURE,2007-eirene_fun_7-2,"In network boundary areas, the pre-defined local area shall be allocated on a bilateral basis.",allocate the pre-defined local area for group calls on a bilateral basis in network boundary areas,mandatory,The system MUST allocate the pre-defined local area for group calls on a bilateral basis in network boundary areas.,The system MUST allocate the pre-defined local area for group calls on a bilateral basis in network boundary areas.,MUST,yes,1,mandatory,3,1.0,"EIRENE Functional Requirements Specification, version 7",9.4.2,M,9 Numbering plan > 9.4 Group numbers,"9.4.1 (I): To provide interoperability between the fixed railway networks within the EIRENE network, standardisation of UIC group numbering will be required.",9.5.1 (M): Authorised users within the EIRENE network shall be able to receive calls from calling parties outside the EIRENE network.,"(M) mandatory, (O) optional, (I) informative"
S0399_recommended,S0399,PURE,2007-eirene_fun_7-2,"In network boundary areas, the pre-defined local area shall be allocated on a bilateral basis.",allocate the pre-defined local area for group calls on a bilateral basis in network boundary areas,recommended,The system SHOULD allocate the pre-defined local area for group calls on a bilateral basis in network boundary areas.,The system MUST allocate the pre-defined local area for group calls on a bilateral basis in network boundary areas.,MUST,no,0,recommended,2,0.67,"EIRENE Functional Requirements Specification, version 7",9.4.2,M,9 Numbering plan > 9.4 Group numbers,"9.4.1 (I): To provide interoperability between the fixed railway networks within the EIRENE network, standardisation of UIC group numbering will be required.",9.5.1 (M): Authorised users within the EIRENE network shall be able to receive calls from calling parties outside the EIRENE network.,"(M) mandatory, (O) optional, (I) informative"
S0399_optional,S0399,PURE,2007-eirene_fun_7-2,"In network boundary areas, the pre-defined local area shall be allocated on a bilateral basis.",allocate the pre-defined local area for group calls on a bilateral basis in network boundary areas,optional,The system MAY allocate the pre-defined local area for group calls on a bilateral basis in network boundary areas.,The system MUST allocate the pre-defined local area for group calls on a bilateral basis in network boundary areas.,MUST,no,0,optional,1,0.33,"EIRENE Functional Requirements Specification, version 7",9.4.2,M,9 Numbering plan > 9.4 Group numbers,"9.4.1 (I): To provide interoperability between the fixed railway networks within the EIRENE network, standardisation of UIC group numbering will be required.",9.5.1 (M): Authorised users within the EIRENE network shall be able to receive calls from calling parties outside the EIRENE network.,"(M) mandatory, (O) optional, (I) informative"
S0399_nice_to_have,S0399,PURE,2007-eirene_fun_7-2,"In network boundary areas, the pre-defined local area shall be allocated on a bilateral basis.",allocate the pre-defined local area for group calls on a bilateral basis in network boundary areas,nice_to_have,It would be useful if the system could allocate the pre-defined local area for group calls on a bilateral basis in network boundary areas.,The system MUST allocate the pre-defined local area for group calls on a bilateral basis in network boundary areas.,MUST,no,0,nice_to_have,0,0.0,"EIRENE Functional Requirements Specification, version 7",9.4.2,M,9 Numbering plan > 9.4 Group numbers,"9.4.1 (I): To provide interoperability between the fixed railway networks within the EIRENE network, standardisation of UIC group numbering will be required.",9.5.1 (M): Authorised users within the EIRENE network shall be able to receive calls from calling parties outside the EIRENE network.,"(M) mandatory, (O) optional, (I) informative"
S0400_mandatory,S0400,PURE,2007-eirene_fun_7-2,Authorised users within the EIRENE network shall be able to receive calls from calling parties outside the EIRENE network.,allow authorised EIRENE users to receive calls from parties outside the EIRENE network,mandatory,The system MUST allow authorised EIRENE users to receive calls from parties outside the EIRENE network.,The system MUST allow authorised EIRENE users to receive calls from parties outside the EIRENE network.,MUST,yes,1,mandatory,3,1.0,"EIRENE Functional Requirements Specification, version 7",9.5.1,M,9 Numbering plan > 9.5 Calls from external networks to the EIRENE network,"9.4.2 (M): In network boundary areas, the pre-defined local area shall be allocated on a bilateral basis.","10.1.1 (I): In order to provide a consistent level of service in each railway network and, in particular, to ensure interoperability for train drivers and other users roaming between networks, it is important to harmonise subscription details and other information stored in the network.","(M) mandatory, (O) optional, (I) informative"
S0400_recommended,S0400,PURE,2007-eirene_fun_7-2,Authorised users within the EIRENE network shall be able to receive calls from calling parties outside the EIRENE network.,allow authorised EIRENE users to receive calls from parties outside the EIRENE network,recommended,The system SHOULD allow authorised EIRENE users to receive calls from parties outside the EIRENE network.,The system MUST allow authorised EIRENE users to receive calls from parties outside the EIRENE network.,MUST,no,0,recommended,2,0.67,"EIRENE Functional Requirements Specification, version 7",9.5.1,M,9 Numbering plan > 9.5 Calls from external networks to the EIRENE network,"9.4.2 (M): In network boundary areas, the pre-defined local area shall be allocated on a bilateral basis.","10.1.1 (I): In order to provide a consistent level of service in each railway network and, in particular, to ensure interoperability for train drivers and other users roaming between networks, it is important to harmonise subscription details and other information stored in the network.","(M) mandatory, (O) optional, (I) informative"
S0400_optional,S0400,PURE,2007-eirene_fun_7-2,Authorised users within the EIRENE network shall be able to receive calls from calling parties outside the EIRENE network.,allow authorised EIRENE users to receive calls from parties outside the EIRENE network,optional,The system MAY allow authorised EIRENE users to receive calls from parties outside the EIRENE network.,The system MUST allow authorised EIRENE users to receive calls from parties outside the EIRENE network.,MUST,no,0,optional,1,0.33,"EIRENE Functional Requirements Specification, version 7",9.5.1,M,9 Numbering plan > 9.5 Calls from external networks to the EIRENE network,"9.4.2 (M): In network boundary areas, the pre-defined local area shall be allocated on a bilateral basis.","10.1.1 (I): In order to provide a consistent level of service in each railway network and, in particular, to ensure interoperability for train drivers and other users roaming between networks, it is important to harmonise subscription details and other information stored in the network.","(M) mandatory, (O) optional, (I) informative"
S0400_nice_to_have,S0400,PURE,2007-eirene_fun_7-2,Authorised users within the EIRENE network shall be able to receive calls from calling parties outside the EIRENE network.,allow authorised EIRENE users to receive calls from parties outside the EIRENE network,nice_to_have,It would be useful if the system could allow authorised EIRENE users to receive calls from parties outside the EIRENE network.,The system MUST allow authorised EIRENE users to receive calls from parties outside the EIRENE network.,MUST,no,0,nice_to_have,0,0.0,"EIRENE Functional Requirements Specification, version 7",9.5.1,M,9 Numbering plan > 9.5 Calls from external networks to the EIRENE network,"9.4.2 (M): In network boundary areas, the pre-defined local area shall be allocated on a bilateral basis.","10.1.1 (I): In order to provide a consistent level of service in each railway network and, in particular, to ensure interoperability for train drivers and other users roaming between networks, it is important to harmonise subscription details and other information stored in the network.","(M) mandatory, (O) optional, (I) informative"
S0405_mandatory,S0405,PURE,2007-eirene_fun_7-2,The lowest priority ongoing call shall be pre-empted before that of a higher priority.,pre-empt the lowest-priority ongoing call before a higher-priority call,mandatory,The system MUST pre-empt the lowest-priority ongoing call before a higher-priority call.,The system MUST pre-empt the lowest-priority ongoing call before a higher-priority call.,MUST,yes,1,mandatory,3,1.0,"EIRENE Functional Requirements Specification, version 7",10.2.3,M,10 Subscriber management > 10.2 Allocation of priorities,"10.2.2 (M): In order to provide interoperability, priorities shall be allocated consistently across all EIRENE networks, as shown in the following table.","10.2.4 (I): In the case where an EIRENE mobile attempts to make a Railway emergency call over a public network, the ability to pre-empt lower priority calls (particularly public emergency calls) may be inhibited, unless a special agreement is in place.","(M) mandatory, (O) optional, (I) informative"
S0405_recommended,S0405,PURE,2007-eirene_fun_7-2,The lowest priority ongoing call shall be pre-empted before that of a higher priority.,pre-empt the lowest-priority ongoing call before a higher-priority call,recommended,The system SHOULD pre-empt the lowest-priority ongoing call before a higher-priority call.,The system MUST pre-empt the lowest-priority ongoing call before a higher-priority call.,MUST,no,0,recommended,2,0.67,"EIRENE Functional Requirements Specification, version 7",10.2.3,M,10 Subscriber management > 10.2 Allocation of priorities,"10.2.2 (M): In order to provide interoperability, priorities shall be allocated consistently across all EIRENE networks, as shown in the following table.","10.2.4 (I): In the case where an EIRENE mobile attempts to make a Railway emergency call over a public network, the ability to pre-empt lower priority calls (particularly public emergency calls) may be inhibited, unless a special agreement is in place.","(M) mandatory, (O) optional, (I) informative"
S0405_optional,S0405,PURE,2007-eirene_fun_7-2,The lowest priority ongoing call shall be pre-empted before that of a higher priority.,pre-empt the lowest-priority ongoing call before a higher-priority call,optional,The system MAY pre-empt the lowest-priority ongoing call before a higher-priority call.,The system MUST pre-empt the lowest-priority ongoing call before a higher-priority call.,MUST,no,0,optional,1,0.33,"EIRENE Functional Requirements Specification, version 7",10.2.3,M,10 Subscriber management > 10.2 Allocation of priorities,"10.2.2 (M): In order to provide interoperability, priorities shall be allocated consistently across all EIRENE networks, as shown in the following table.","10.2.4 (I): In the case where an EIRENE mobile attempts to make a Railway emergency call over a public network, the ability to pre-empt lower priority calls (particularly public emergency calls) may be inhibited, unless a special agreement is in place.","(M) mandatory, (O) optional, (I) informative"
S0405_nice_to_have,S0405,PURE,2007-eirene_fun_7-2,The lowest priority ongoing call shall be pre-empted before that of a higher priority.,pre-empt the lowest-priority ongoing call before a higher-priority call,nice_to_have,It would be useful if the system could pre-empt the lowest-priority ongoing call before a higher-priority call.,The system MUST pre-empt the lowest-priority ongoing call before a higher-priority call.,MUST,no,0,nice_to_have,0,0.0,"EIRENE Functional Requirements Specification, version 7",10.2.3,M,10 Subscriber management > 10.2 Allocation of priorities,"10.2.2 (M): In order to provide interoperability, priorities shall be allocated consistently across all EIRENE networks, as shown in the following table.","10.2.4 (I): In the case where an EIRENE mobile attempts to make a Railway emergency call over a public network, the ability to pre-empt lower priority calls (particularly public emergency calls) may be inhibited, unless a special agreement is in place.","(M) mandatory, (O) optional, (I) informative"
S0411_mandatory,S0411,PURE,2007-eirene_fun_7-2,Deactivating a group on the mobile shall prevent a user receiving calls from that group.,prevent the user from receiving calls from a group after that group is deactivated on the mobile,mandatory,The system MUST prevent the user from receiving calls from a group after that group is deactivated on the mobile.,The system MUST prevent the user from receiving calls from a group after that group is deactivated on the mobile.,MUST,yes,1,mandatory,3,1.0,"EIRENE Functional Requirements Specification, version 7",10.4.3,M,10 Subscriber management > 10.4 Group membership,10.4.2 (M): Activating a group on the mobile shall allow a user to receive a call from that group.,"10.4.4: In order to provide interoperability, Cab radios will be members of a number of standard groups: Railway emergency call; (M) all train drivers; (M) shunting team; (M) trackside worker. (O)","(M) mandatory, (O) optional, (I) informative"
S0411_recommended,S0411,PURE,2007-eirene_fun_7-2,Deactivating a group on the mobile shall prevent a user receiving calls from that group.,prevent the user from receiving calls from a group after that group is deactivated on the mobile,recommended,The system SHOULD prevent the user from receiving calls from a group after that group is deactivated on the mobile.,The system MUST prevent the user from receiving calls from a group after that group is deactivated on the mobile.,MUST,no,0,recommended,2,0.67,"EIRENE Functional Requirements Specification, version 7",10.4.3,M,10 Subscriber management > 10.4 Group membership,10.4.2 (M): Activating a group on the mobile shall allow a user to receive a call from that group.,"10.4.4: In order to provide interoperability, Cab radios will be members of a number of standard groups: Railway emergency call; (M) all train drivers; (M) shunting team; (M) trackside worker. (O)","(M) mandatory, (O) optional, (I) informative"
S0411_optional,S0411,PURE,2007-eirene_fun_7-2,Deactivating a group on the mobile shall prevent a user receiving calls from that group.,prevent the user from receiving calls from a group after that group is deactivated on the mobile,optional,The system MAY prevent the user from receiving calls from a group after that group is deactivated on the mobile.,The system MUST prevent the user from receiving calls from a group after that group is deactivated on the mobile.,MUST,no,0,optional,1,0.33,"EIRENE Functional Requirements Specification, version 7",10.4.3,M,10 Subscriber management > 10.4 Group membership,10.4.2 (M): Activating a group on the mobile shall allow a user to receive a call from that group.,"10.4.4: In order to provide interoperability, Cab radios will be members of a number of standard groups: Railway emergency call; (M) all train drivers; (M) shunting team; (M) trackside worker. (O)","(M) mandatory, (O) optional, (I) informative"
S0411_nice_to_have,S0411,PURE,2007-eirene_fun_7-2,Deactivating a group on the mobile shall prevent a user receiving calls from that group.,prevent the user from receiving calls from a group after that group is deactivated on the mobile,nice_to_have,It would be useful if the system could prevent the user from receiving calls from a group after that group is deactivated on the mobile.,The system MUST prevent the user from receiving calls from a group after that group is deactivated on the mobile.,MUST,no,0,nice_to_have,0,0.0,"EIRENE Functional Requirements Specification, version 7",10.4.3,M,10 Subscriber management > 10.4 Group membership,10.4.2 (M): Activating a group on the mobile shall allow a user to receive a call from that group.,"10.4.4: In order to provide interoperability, Cab radios will be members of a number of standard groups: Railway emergency call; (M) all train drivers; (M) shunting team; (M) trackside worker. (O)","(M) mandatory, (O) optional, (I) informative"
S0413_mandatory,S0413,PURE,2007-eirene_fun_7-2,All mobiles with Railway emergency group call subscription(s) shall be prevented from deactivating the emergency group(s) whilst operational.,prevent mobiles with Railway emergency group call subscriptions from deactivating emergency groups while operational,mandatory,The system MUST prevent mobiles with Railway emergency group call subscriptions from deactivating emergency groups while operational.,The system MUST prevent mobiles with Railway emergency group call subscriptions from deactivating emergency groups while operational.,MUST,yes,1,mandatory,3,1.0,"EIRENE Functional Requirements Specification, version 7",10.4.5,M,10 Subscriber management > 10.4 Group membership,"10.4.4: In order to provide interoperability, Cab radios will be members of a number of standard groups: Railway emergency call; (M) all train drivers; (M) shunting team; (M) trackside worker. (O)",10.5.1 (M): Authorised networks shall be listed (or automatically selected if automatic selection has been enabled) in the following order:,"(M) mandatory, (O) optional, (I) informative"
S0413_recommended,S0413,PURE,2007-eirene_fun_7-2,All mobiles with Railway emergency group call subscription(s) shall be prevented from deactivating the emergency group(s) whilst operational.,prevent mobiles with Railway emergency group call subscriptions from deactivating emergency groups while operational,recommended,The system SHOULD prevent mobiles with Railway emergency group call subscriptions from deactivating emergency groups while operational.,The system MUST prevent mobiles with Railway emergency group call subscriptions from deactivating emergency groups while operational.,MUST,no,0,recommended,2,0.67,"EIRENE Functional Requirements Specification, version 7",10.4.5,M,10 Subscriber management > 10.4 Group membership,"10.4.4: In order to provide interoperability, Cab radios will be members of a number of standard groups: Railway emergency call; (M) all train drivers; (M) shunting team; (M) trackside worker. (O)",10.5.1 (M): Authorised networks shall be listed (or automatically selected if automatic selection has been enabled) in the following order:,"(M) mandatory, (O) optional, (I) informative"
S0413_optional,S0413,PURE,2007-eirene_fun_7-2,All mobiles with Railway emergency group call subscription(s) shall be prevented from deactivating the emergency group(s) whilst operational.,prevent mobiles with Railway emergency group call subscriptions from deactivating emergency groups while operational,optional,The system MAY prevent mobiles with Railway emergency group call subscriptions from deactivating emergency groups while operational.,The system MUST prevent mobiles with Railway emergency group call subscriptions from deactivating emergency groups while operational.,MUST,no,0,optional,1,0.33,"EIRENE Functional Requirements Specification, version 7",10.4.5,M,10 Subscriber management > 10.4 Group membership,"10.4.4: In order to provide interoperability, Cab radios will be members of a number of standard groups: Railway emergency call; (M) all train drivers; (M) shunting team; (M) trackside worker. (O)",10.5.1 (M): Authorised networks shall be listed (or automatically selected if automatic selection has been enabled) in the following order:,"(M) mandatory, (O) optional, (I) informative"
S0413_nice_to_have,S0413,PURE,2007-eirene_fun_7-2,All mobiles with Railway emergency group call subscription(s) shall be prevented from deactivating the emergency group(s) whilst operational.,prevent mobiles with Railway emergency group call subscriptions from deactivating emergency groups while operational,nice_to_have,It would be useful if the system could prevent mobiles with Railway emergency group call subscriptions from deactivating emergency groups while operational.,The system MUST prevent mobiles with Railway emergency group call subscriptions from deactivating emergency groups while operational.,MUST,no,0,nice_to_have,0,0.0,"EIRENE Functional Requirements Specification, version 7",10.4.5,M,10 Subscriber management > 10.4 Group membership,"10.4.4: In order to provide interoperability, Cab radios will be members of a number of standard groups: Railway emergency call; (M) all train drivers; (M) shunting team; (M) trackside worker. (O)",10.5.1 (M): Authorised networks shall be listed (or automatically selected if automatic selection has been enabled) in the following order:,"(M) mandatory, (O) optional, (I) informative"
S0418_mandatory,S0418,PURE,2007-eirene_fun_7-2,"If required, a railway may make additional restrictions to the access matrix.",allow a railway to impose additional restrictions on the access matrix if required,mandatory,The system MUST allow a railway to impose additional restrictions on the access matrix if required.,The system MUST allow a railway to impose additional restrictions on the access matrix if required.,MUST,yes,1,mandatory,3,1.0,"EIRENE Functional Requirements Specification, version 7",10.6.3,O,10 Subscriber management > 10.6 Access matrix,10.6.2 (M): Yes indicates that the network shall allow a call from the stated initiating party to the stated receiving party. Yes* indicates that the call shall be allowed at least for users on the same train. Open indicates that permissions for calls of this type are to be assigned by the implementing railway according to their specific communication requirements. Shaded cells on the access matrix mean that this call is outside the scope of the EIRENE specifications. The access matrix is shown in table 10-2.,11.1.1 (I): There is a requirement to be able to address communications to a functional number rather than a telephone number. Such numbers are generally only associated with a user for a limited period of time.,"(M) mandatory, (O) optional, (I) informative"
S0418_recommended,S0418,PURE,2007-eirene_fun_7-2,"If required, a railway may make additional restrictions to the access matrix.",allow a railway to impose additional restrictions on the access matrix if required,recommended,The system SHOULD allow a railway to impose additional restrictions on the access matrix if required.,The system MUST allow a railway to impose additional restrictions on the access matrix if required.,MUST,no,0,recommended,2,0.67,"EIRENE Functional Requirements Specification, version 7",10.6.3,O,10 Subscriber management > 10.6 Access matrix,10.6.2 (M): Yes indicates that the network shall allow a call from the stated initiating party to the stated receiving party. Yes* indicates that the call shall be allowed at least for users on the same train. Open indicates that permissions for calls of this type are to be assigned by the implementing railway according to their specific communication requirements. Shaded cells on the access matrix mean that this call is outside the scope of the EIRENE specifications. The access matrix is shown in table 10-2.,11.1.1 (I): There is a requirement to be able to address communications to a functional number rather than a telephone number. Such numbers are generally only associated with a user for a limited period of time.,"(M) mandatory, (O) optional, (I) informative"
S0418_optional,S0418,PURE,2007-eirene_fun_7-2,"If required, a railway may make additional restrictions to the access matrix.",allow a railway to impose additional restrictions on the access matrix if required,optional,The system MAY allow a railway to impose additional restrictions on the access matrix if required.,The system MUST allow a railway to impose additional restrictions on the access matrix if required.,MUST,no,0,optional,1,0.33,"EIRENE Functional Requirements Specification, version 7",10.6.3,O,10 Subscriber management > 10.6 Access matrix,10.6.2 (M): Yes indicates that the network shall allow a call from the stated initiating party to the stated receiving party. Yes* indicates that the call shall be allowed at least for users on the same train. Open indicates that permissions for calls of this type are to be assigned by the implementing railway according to their specific communication requirements. Shaded cells on the access matrix mean that this call is outside the scope of the EIRENE specifications. The access matrix is shown in table 10-2.,11.1.1 (I): There is a requirement to be able to address communications to a functional number rather than a telephone number. Such numbers are generally only associated with a user for a limited period of time.,"(M) mandatory, (O) optional, (I) informative"
S0418_nice_to_have,S0418,PURE,2007-eirene_fun_7-2,"If required, a railway may make additional restrictions to the access matrix.",allow a railway to impose additional restrictions on the access matrix if required,nice_to_have,It would be useful if the system could allow a railway to impose additional restrictions on the access matrix if required.,The system MUST allow a railway to impose additional restrictions on the access matrix if required.,MUST,no,0,nice_to_have,0,0.0,"EIRENE Functional Requirements Specification, version 7",10.6.3,O,10 Subscriber management > 10.6 Access matrix,10.6.2 (M): Yes indicates that the network shall allow a call from the stated initiating party to the stated receiving party. Yes* indicates that the call shall be allowed at least for users on the same train. Open indicates that permissions for calls of this type are to be assigned by the implementing railway according to their specific communication requirements. Shaded cells on the access matrix mean that this call is outside the scope of the EIRENE specifications. The access matrix is shown in table 10-2.,11.1.1 (I): There is a requirement to be able to address communications to a functional number rather than a telephone number. Such numbers are generally only associated with a user for a limited period of time.,"(M) mandatory, (O) optional, (I) informative"
S0421_mandatory,S0421,PURE,2007-eirene_fun_7-2,An addressing scheme shall be provided which permits users to be identified by numbers corresponding to their functional roles rather than by numbers tied to the terminal equipment that they are using.,provide an addressing scheme that identifies users by numbers corresponding to their functional roles rather than numbers tied to the terminal equipment they use,mandatory,The system MUST provide an addressing scheme that identifies users by numbers corresponding to their functional roles rather than numbers tied to the terminal equipment they use.,The system MUST provide an addressing scheme that identifies users by numbers corresponding to their functional roles rather than numbers tied to the terminal equipment they use.,MUST,yes,1,mandatory,3,1.0,"EIRENE Functional Requirements Specification, version 7",11.2.1.1,M,11.2 Functional addressing > 11.2.1 Principles,11.1.2 (I): The addressing scheme can be divided into two areas:,11.2.1.2 (I): The primary usage of functional addressing will be for controllers to establish communications with train drivers by making use of the train number. The train number will vary between journeys although EIRENE equipment in the cab is unlikely to change.,"(M) mandatory, (O) optional, (I) informative"
S0421_recommended,S0421,PURE,2007-eirene_fun_7-2,An addressing scheme shall be provided which permits users to be identified by numbers corresponding to their functional roles rather than by numbers tied to the terminal equipment that they are using.,provide an addressing scheme that identifies users by numbers corresponding to their functional roles rather than numbers tied to the terminal equipment they use,recommended,The system SHOULD provide an addressing scheme that identifies users by numbers corresponding to their functional roles rather than numbers tied to the terminal equipment they use.,The system MUST provide an addressing scheme that identifies users by numbers corresponding to their functional roles rather than numbers tied to the terminal equipment they use.,MUST,no,0,recommended,2,0.67,"EIRENE Functional Requirements Specification, version 7",11.2.1.1,M,11.2 Functional addressing > 11.2.1 Principles,11.1.2 (I): The addressing scheme can be divided into two areas:,11.2.1.2 (I): The primary usage of functional addressing will be for controllers to establish communications with train drivers by making use of the train number. The train number will vary between journeys although EIRENE equipment in the cab is unlikely to change.,"(M) mandatory, (O) optional, (I) informative"
S0421_optional,S0421,PURE,2007-eirene_fun_7-2,An addressing scheme shall be provided which permits users to be identified by numbers corresponding to their functional roles rather than by numbers tied to the terminal equipment that they are using.,provide an addressing scheme that identifies users by numbers corresponding to their functional roles rather than numbers tied to the terminal equipment they use,optional,The system MAY provide an addressing scheme that identifies users by numbers corresponding to their functional roles rather than numbers tied to the terminal equipment they use.,The system MUST provide an addressing scheme that identifies users by numbers corresponding to their functional roles rather than numbers tied to the terminal equipment they use.,MUST,no,0,optional,1,0.33,"EIRENE Functional Requirements Specification, version 7",11.2.1.1,M,11.2 Functional addressing > 11.2.1 Principles,11.1.2 (I): The addressing scheme can be divided into two areas:,11.2.1.2 (I): The primary usage of functional addressing will be for controllers to establish communications with train drivers by making use of the train number. The train number will vary between journeys although EIRENE equipment in the cab is unlikely to change.,"(M) mandatory, (O) optional, (I) informative"
S0421_nice_to_have,S0421,PURE,2007-eirene_fun_7-2,An addressing scheme shall be provided which permits users to be identified by numbers corresponding to their functional roles rather than by numbers tied to the terminal equipment that they are using.,provide an addressing scheme that identifies users by numbers corresponding to their functional roles rather than numbers tied to the terminal equipment they use,nice_to_have,It would be useful if the system could provide an addressing scheme that identifies users by numbers corresponding to their functional roles rather than numbers tied to the terminal equipment they use.,The system MUST provide an addressing scheme that identifies users by numbers corresponding to their functional roles rather than numbers tied to the terminal equipment they use.,MUST,no,0,nice_to_have,0,0.0,"EIRENE Functional Requirements Specification, version 7",11.2.1.1,M,11.2 Functional addressing > 11.2.1 Principles,11.1.2 (I): The addressing scheme can be divided into two areas:,11.2.1.2 (I): The primary usage of functional addressing will be for controllers to establish communications with train drivers by making use of the train number. The train number will vary between journeys although EIRENE equipment in the cab is unlikely to change.,"(M) mandatory, (O) optional, (I) informative"
S0426_mandatory,S0426,PURE,2007-eirene_fun_7-2,"A user shall be able to set up a functional number on one network, and cancel the number from another network.",allow a user to set up a functional number on one network and cancel it from another,mandatory,The system MUST allow a user to set up a functional number on one network and cancel it from another.,The system MUST allow a user to set up a functional number on one network and cancel it from another.,MUST,yes,1,mandatory,3,1.0,"EIRENE Functional Requirements Specification, version 7",11.2.1.7,M,11.2 Functional addressing > 11.2.1 Principles,11.2.1.6: Deleted.,11.2.1.8 (M): The functional number shall remain valid as a user roams from one network to another.,"(M) mandatory, (O) optional, (I) informative"
S0426_recommended,S0426,PURE,2007-eirene_fun_7-2,"A user shall be able to set up a functional number on one network, and cancel the number from another network.",allow a user to set up a functional number on one network and cancel it from another,recommended,The system SHOULD allow a user to set up a functional number on one network and cancel it from another.,The system MUST allow a user to set up a functional number on one network and cancel it from another.,MUST,no,0,recommended,2,0.67,"EIRENE Functional Requirements Specification, version 7",11.2.1.7,M,11.2 Functional addressing > 11.2.1 Principles,11.2.1.6: Deleted.,11.2.1.8 (M): The functional number shall remain valid as a user roams from one network to another.,"(M) mandatory, (O) optional, (I) informative"
S0426_optional,S0426,PURE,2007-eirene_fun_7-2,"A user shall be able to set up a functional number on one network, and cancel the number from another network.",allow a user to set up a functional number on one network and cancel it from another,optional,The system MAY allow a user to set up a functional number on one network and cancel it from another.,The system MUST allow a user to set up a functional number on one network and cancel it from another.,MUST,no,0,optional,1,0.33,"EIRENE Functional Requirements Specification, version 7",11.2.1.7,M,11.2 Functional addressing > 11.2.1 Principles,11.2.1.6: Deleted.,11.2.1.8 (M): The functional number shall remain valid as a user roams from one network to another.,"(M) mandatory, (O) optional, (I) informative"
S0426_nice_to_have,S0426,PURE,2007-eirene_fun_7-2,"A user shall be able to set up a functional number on one network, and cancel the number from another network.",allow a user to set up a functional number on one network and cancel it from another,nice_to_have,It would be useful if the system could allow a user to set up a functional number on one network and cancel it from another.,The system MUST allow a user to set up a functional number on one network and cancel it from another.,MUST,no,0,nice_to_have,0,0.0,"EIRENE Functional Requirements Specification, version 7",11.2.1.7,M,11.2 Functional addressing > 11.2.1 Principles,11.2.1.6: Deleted.,11.2.1.8 (M): The functional number shall remain valid as a user roams from one network to another.,"(M) mandatory, (O) optional, (I) informative"
S0444_mandatory,S0444,PURE,2007-eirene_fun_7-2,The registration procedure shall provide a means to prevent mis-allocation of functional numbers during registration.,provide a registration procedure with a means to prevent mis-allocation of functional numbers,mandatory,The system MUST provide a registration procedure with a means to prevent mis-allocation of functional numbers.,The system MUST provide a registration procedure with a means to prevent mis-allocation of functional numbers.,MUST,yes,1,mandatory,3,1.0,"EIRENE Functional Requirements Specification, version 7",11.3.2.4,M,11.3 Functional addressing registration procedures principles > 11.3.2 Registration,11.3.2.3 (M): It shall be possible to register up to ten functional numbers to items of equipment physically connected to the Cab radio within 30 seconds.,11.3.2.5 (M): Duplicate functional numbers (eg two trains with the same train number) shall be prevented.,"(M) mandatory, (O) optional, (I) informative"
S0444_recommended,S0444,PURE,2007-eirene_fun_7-2,The registration procedure shall provide a means to prevent mis-allocation of functional numbers during registration.,provide a registration procedure with a means to prevent mis-allocation of functional numbers,recommended,The system SHOULD provide a registration procedure with a means to prevent mis-allocation of functional numbers.,The system MUST provide a registration procedure with a means to prevent mis-allocation of functional numbers.,MUST,no,0,recommended,2,0.67,"EIRENE Functional Requirements Specification, version 7",11.3.2.4,M,11.3 Functional addressing registration procedures principles > 11.3.2 Registration,11.3.2.3 (M): It shall be possible to register up to ten functional numbers to items of equipment physically connected to the Cab radio within 30 seconds.,11.3.2.5 (M): Duplicate functional numbers (eg two trains with the same train number) shall be prevented.,"(M) mandatory, (O) optional, (I) informative"
S0444_optional,S0444,PURE,2007-eirene_fun_7-2,The registration procedure shall provide a means to prevent mis-allocation of functional numbers during registration.,provide a registration procedure with a means to prevent mis-allocation of functional numbers,optional,The system MAY provide a registration procedure with a means to prevent mis-allocation of functional numbers.,The system MUST provide a registration procedure with a means to prevent mis-allocation of functional numbers.,MUST,no,0,optional,1,0.33,"EIRENE Functional Requirements Specification, version 7",11.3.2.4,M,11.3 Functional addressing registration procedures principles > 11.3.2 Registration,11.3.2.3 (M): It shall be possible to register up to ten functional numbers to items of equipment physically connected to the Cab radio within 30 seconds.,11.3.2.5 (M): Duplicate functional numbers (eg two trains with the same train number) shall be prevented.,"(M) mandatory, (O) optional, (I) informative"
S0444_nice_to_have,S0444,PURE,2007-eirene_fun_7-2,The registration procedure shall provide a means to prevent mis-allocation of functional numbers during registration.,provide a registration procedure with a means to prevent mis-allocation of functional numbers,nice_to_have,It would be useful if the system could provide a registration procedure with a means to prevent mis-allocation of functional numbers.,The system MUST provide a registration procedure with a means to prevent mis-allocation of functional numbers.,MUST,no,0,nice_to_have,0,0.0,"EIRENE Functional Requirements Specification, version 7",11.3.2.4,M,11.3 Functional addressing registration procedures principles > 11.3.2 Registration,11.3.2.3 (M): It shall be possible to register up to ten functional numbers to items of equipment physically connected to the Cab radio within 30 seconds.,11.3.2.5 (M): Duplicate functional numbers (eg two trains with the same train number) shall be prevented.,"(M) mandatory, (O) optional, (I) informative"
S0451_mandatory,S0451,PURE,2007-eirene_fun_7-2,An EIRENE mobile shall remove the displayed functional number and provide an indication to the user that deregistration has taken place.,remove the displayed functional number on the EIRENE mobile and indicate to the user that deregistration has occurred,mandatory,The system MUST remove the displayed functional number on the EIRENE mobile and indicate to the user that deregistration has occurred.,The system MUST remove the displayed functional number on the EIRENE mobile and indicate to the user that deregistration has occurred.,MUST,yes,1,mandatory,3,1.0,"EIRENE Functional Requirements Specification, version 7",11.3.3.5,M,11.3 Functional addressing registration procedures principles > 11.3.3 Deregistration,"11.3.3.4 (M): In addition, a given set of users shall also be allowed to:","11.3.4.1 (M): To allow roaming between EIRENE networks, the system shall support a procedure for the re-registration of functional numbers after selection of a new network.","(M) mandatory, (O) optional, (I) informative"
S0451_recommended,S0451,PURE,2007-eirene_fun_7-2,An EIRENE mobile shall remove the displayed functional number and provide an indication to the user that deregistration has taken place.,remove the displayed functional number on the EIRENE mobile and indicate to the user that deregistration has occurred,recommended,The system SHOULD remove the displayed functional number on the EIRENE mobile and indicate to the user that deregistration has occurred.,The system MUST remove the displayed functional number on the EIRENE mobile and indicate to the user that deregistration has occurred.,MUST,no,0,recommended,2,0.67,"EIRENE Functional Requirements Specification, version 7",11.3.3.5,M,11.3 Functional addressing registration procedures principles > 11.3.3 Deregistration,"11.3.3.4 (M): In addition, a given set of users shall also be allowed to:","11.3.4.1 (M): To allow roaming between EIRENE networks, the system shall support a procedure for the re-registration of functional numbers after selection of a new network.","(M) mandatory, (O) optional, (I) informative"
S0451_optional,S0451,PURE,2007-eirene_fun_7-2,An EIRENE mobile shall remove the displayed functional number and provide an indication to the user that deregistration has taken place.,remove the displayed functional number on the EIRENE mobile and indicate to the user that deregistration has occurred,optional,The system MAY remove the displayed functional number on the EIRENE mobile and indicate to the user that deregistration has occurred.,The system MUST remove the displayed functional number on the EIRENE mobile and indicate to the user that deregistration has occurred.,MUST,no,0,optional,1,0.33,"EIRENE Functional Requirements Specification, version 7",11.3.3.5,M,11.3 Functional addressing registration procedures principles > 11.3.3 Deregistration,"11.3.3.4 (M): In addition, a given set of users shall also be allowed to:","11.3.4.1 (M): To allow roaming between EIRENE networks, the system shall support a procedure for the re-registration of functional numbers after selection of a new network.","(M) mandatory, (O) optional, (I) informative"
S0451_nice_to_have,S0451,PURE,2007-eirene_fun_7-2,An EIRENE mobile shall remove the displayed functional number and provide an indication to the user that deregistration has taken place.,remove the displayed functional number on the EIRENE mobile and indicate to the user that deregistration has occurred,nice_to_have,It would be useful if the system could remove the displayed functional number on the EIRENE mobile and indicate to the user that deregistration has occurred.,The system MUST remove the displayed functional number on the EIRENE mobile and indicate to the user that deregistration has occurred.,MUST,no,0,nice_to_have,0,0.0,"EIRENE Functional Requirements Specification, version 7",11.3.3.5,M,11.3 Functional addressing registration procedures principles > 11.3.3 Deregistration,"11.3.3.4 (M): In addition, a given set of users shall also be allowed to:","11.3.4.1 (M): To allow roaming between EIRENE networks, the system shall support a procedure for the re-registration of functional numbers after selection of a new network.","(M) mandatory, (O) optional, (I) informative"
S0452_mandatory,S0452,PURE,2007-eirene_fun_7-2,"To allow roaming between EIRENE networks, the system shall support a procedure for the re-registration of functional numbers after selection of a new network.",support re-registration of functional numbers after selection of a new network to allow roaming between EIRENE networks,mandatory,The system MUST support re-registration of functional numbers after selection of a new network to allow roaming between EIRENE networks.,The system MUST support re-registration of functional numbers after selection of a new network to allow roaming between EIRENE networks.,MUST,yes,1,mandatory,3,1.0,"EIRENE Functional Requirements Specification, version 7",11.3.4.1,M,11.3 Functional addressing registration procedures principles > 11.3.4 Re-registration,11.3.3.5 (M): An EIRENE mobile shall remove the displayed functional number and provide an indication to the user that deregistration has taken place.,11.3.4.2 (M): This procedure shall be carried out without manual intervention.,"(M) mandatory, (O) optional, (I) informative"
S0452_recommended,S0452,PURE,2007-eirene_fun_7-2,"To allow roaming between EIRENE networks, the system shall support a procedure for the re-registration of functional numbers after selection of a new network.",support re-registration of functional numbers after selection of a new network to allow roaming between EIRENE networks,recommended,The system SHOULD support re-registration of functional numbers after selection of a new network to allow roaming between EIRENE networks.,The system MUST support re-registration of functional numbers after selection of a new network to allow roaming between EIRENE networks.,MUST,no,0,recommended,2,0.67,"EIRENE Functional Requirements Specification, version 7",11.3.4.1,M,11.3 Functional addressing registration procedures principles > 11.3.4 Re-registration,11.3.3.5 (M): An EIRENE mobile shall remove the displayed functional number and provide an indication to the user that deregistration has taken place.,11.3.4.2 (M): This procedure shall be carried out without manual intervention.,"(M) mandatory, (O) optional, (I) informative"
S0452_optional,S0452,PURE,2007-eirene_fun_7-2,"To allow roaming between EIRENE networks, the system shall support a procedure for the re-registration of functional numbers after selection of a new network.",support re-registration of functional numbers after selection of a new network to allow roaming between EIRENE networks,optional,The system MAY support re-registration of functional numbers after selection of a new network to allow roaming between EIRENE networks.,The system MUST support re-registration of functional numbers after selection of a new network to allow roaming between EIRENE networks.,MUST,no,0,optional,1,0.33,"EIRENE Functional Requirements Specification, version 7",11.3.4.1,M,11.3 Functional addressing registration procedures principles > 11.3.4 Re-registration,11.3.3.5 (M): An EIRENE mobile shall remove the displayed functional number and provide an indication to the user that deregistration has taken place.,11.3.4.2 (M): This procedure shall be carried out without manual intervention.,"(M) mandatory, (O) optional, (I) informative"
S0452_nice_to_have,S0452,PURE,2007-eirene_fun_7-2,"To allow roaming between EIRENE networks, the system shall support a procedure for the re-registration of functional numbers after selection of a new network.",support re-registration of functional numbers after selection of a new network to allow roaming between EIRENE networks,nice_to_have,It would be useful if the system could support re-registration of functional numbers after selection of a new network to allow roaming between EIRENE networks.,The system MUST support re-registration of functional numbers after selection of a new network to allow roaming between EIRENE networks.,MUST,no,0,nice_to_have,0,0.0,"EIRENE Functional Requirements Specification, version 7",11.3.4.1,M,11.3 Functional addressing registration procedures principles > 11.3.4 Re-registration,11.3.3.5 (M): An EIRENE mobile shall remove the displayed functional number and provide an indication to the user that deregistration has taken place.,11.3.4.2 (M): This procedure shall be carried out without manual intervention.,"(M) mandatory, (O) optional, (I) informative"
S0454_mandatory,S0454,PURE,2007-eirene_fun_7-2,"After automatic re-registration is performed, the new registration details shall be displayed to the user.",display the new registration details to the user after automatic re-registration,mandatory,The system MUST display the new registration details to the user after automatic re-registration.,The system MUST display the new registration details to the user after automatic re-registration.,MUST,yes,1,mandatory,3,1.0,"EIRENE Functional Requirements Specification, version 7",11.3.4.3,M,11.3 Functional addressing registration procedures principles > 11.3.4 Re-registration,11.3.4.2 (M): This procedure shall be carried out without manual intervention.,11.4.1 (M): Location dependent addressing shall be provided to route calls for a given function to a destination number that is dependent upon the users location.,"(M) mandatory, (O) optional, (I) informative"
S0454_recommended,S0454,PURE,2007-eirene_fun_7-2,"After automatic re-registration is performed, the new registration details shall be displayed to the user.",display the new registration details to the user after automatic re-registration,recommended,The system SHOULD display the new registration details to the user after automatic re-registration.,The system MUST display the new registration details to the user after automatic re-registration.,MUST,no,0,recommended,2,0.67,"EIRENE Functional Requirements Specification, version 7",11.3.4.3,M,11.3 Functional addressing registration procedures principles > 11.3.4 Re-registration,11.3.4.2 (M): This procedure shall be carried out without manual intervention.,11.4.1 (M): Location dependent addressing shall be provided to route calls for a given function to a destination number that is dependent upon the users location.,"(M) mandatory, (O) optional, (I) informative"
S0454_optional,S0454,PURE,2007-eirene_fun_7-2,"After automatic re-registration is performed, the new registration details shall be displayed to the user.",display the new registration details to the user after automatic re-registration,optional,The system MAY display the new registration details to the user after automatic re-registration.,The system MUST display the new registration details to the user after automatic re-registration.,MUST,no,0,optional,1,0.33,"EIRENE Functional Requirements Specification, version 7",11.3.4.3,M,11.3 Functional addressing registration procedures principles > 11.3.4 Re-registration,11.3.4.2 (M): This procedure shall be carried out without manual intervention.,11.4.1 (M): Location dependent addressing shall be provided to route calls for a given function to a destination number that is dependent upon the users location.,"(M) mandatory, (O) optional, (I) informative"
S0454_nice_to_have,S0454,PURE,2007-eirene_fun_7-2,"After automatic re-registration is performed, the new registration details shall be displayed to the user.",display the new registration details to the user after automatic re-registration,nice_to_have,It would be useful if the system could display the new registration details to the user after automatic re-registration.,The system MUST display the new registration details to the user after automatic re-registration.,MUST,no,0,nice_to_have,0,0.0,"EIRENE Functional Requirements Specification, version 7",11.3.4.3,M,11.3 Functional addressing registration procedures principles > 11.3.4 Re-registration,11.3.4.2 (M): This procedure shall be carried out without manual intervention.,11.4.1 (M): Location dependent addressing shall be provided to route calls for a given function to a destination number that is dependent upon the users location.,"(M) mandatory, (O) optional, (I) informative"
S0455_mandatory,S0455,PURE,2007-eirene_fun_7-2,Location dependent addressing shall be provided to route calls for a given function to a destination number that is dependent upon the users location.,provide location-dependent addressing that routes calls for a function to a destination number determined by the user's location,mandatory,The system MUST provide location-dependent addressing that routes calls for a function to a destination number determined by the user's location.,The system MUST provide location-dependent addressing that routes calls for a function to a destination number determined by the user's location.,MUST,yes,1,mandatory,3,1.0,"EIRENE Functional Requirements Specification, version 7",11.4.1,M,11.4 Location dependent addressing,"11.3.4.3 (M): After automatic re-registration is performed, the new registration details shall be displayed to the user.",11.4.2 (M): The functions to which calls shall be routed based upon the location of the mobile shall include:,"(M) mandatory, (O) optional, (I) informative"
S0455_recommended,S0455,PURE,2007-eirene_fun_7-2,Location dependent addressing shall be provided to route calls for a given function to a destination number that is dependent upon the users location.,provide location-dependent addressing that routes calls for a function to a destination number determined by the user's location,recommended,The system SHOULD provide location-dependent addressing that routes calls for a function to a destination number determined by the user's location.,The system MUST provide location-dependent addressing that routes calls for a function to a destination number determined by the user's location.,MUST,no,0,recommended,2,0.67,"EIRENE Functional Requirements Specification, version 7",11.4.1,M,11.4 Location dependent addressing,"11.3.4.3 (M): After automatic re-registration is performed, the new registration details shall be displayed to the user.",11.4.2 (M): The functions to which calls shall be routed based upon the location of the mobile shall include:,"(M) mandatory, (O) optional, (I) informative"
S0455_optional,S0455,PURE,2007-eirene_fun_7-2,Location dependent addressing shall be provided to route calls for a given function to a destination number that is dependent upon the users location.,provide location-dependent addressing that routes calls for a function to a destination number determined by the user's location,optional,The system MAY provide location-dependent addressing that routes calls for a function to a destination number determined by the user's location.,The system MUST provide location-dependent addressing that routes calls for a function to a destination number determined by the user's location.,MUST,no,0,optional,1,0.33,"EIRENE Functional Requirements Specification, version 7",11.4.1,M,11.4 Location dependent addressing,"11.3.4.3 (M): After automatic re-registration is performed, the new registration details shall be displayed to the user.",11.4.2 (M): The functions to which calls shall be routed based upon the location of the mobile shall include:,"(M) mandatory, (O) optional, (I) informative"
S0455_nice_to_have,S0455,PURE,2007-eirene_fun_7-2,Location dependent addressing shall be provided to route calls for a given function to a destination number that is dependent upon the users location.,provide location-dependent addressing that routes calls for a function to a destination number determined by the user's location,nice_to_have,It would be useful if the system could provide location-dependent addressing that routes calls for a function to a destination number determined by the user's location.,The system MUST provide location-dependent addressing that routes calls for a function to a destination number determined by the user's location.,MUST,no,0,nice_to_have,0,0.0,"EIRENE Functional Requirements Specification, version 7",11.4.1,M,11.4 Location dependent addressing,"11.3.4.3 (M): After automatic re-registration is performed, the new registration details shall be displayed to the user.",11.4.2 (M): The functions to which calls shall be routed based upon the location of the mobile shall include:,"(M) mandatory, (O) optional, (I) informative"
S0459_mandatory,S0459,PURE,2007-eirene_fun_7-2,The location dependent addressing scheme shall be available to all mobiles.,make the location-dependent addressing scheme available to all mobiles,mandatory,The system MUST make the location-dependent addressing scheme available to all mobiles.,The system MUST make the location-dependent addressing scheme available to all mobiles.,MUST,yes,1,mandatory,3,1.0,"EIRENE Functional Requirements Specification, version 7",11.4.5,M,11.4 Location dependent addressing,"11.4.4 (M): When operating with location dependent addressing, no manual action shall be required to update the system when a mobile moves between locations.","11.4.6 (M): As a minimum, the location information used by the EIRENE system shall be derived from that available from the network itself (eg current cell or base station serving the mobile).","(M) mandatory, (O) optional, (I) informative"
S0459_recommended,S0459,PURE,2007-eirene_fun_7-2,The location dependent addressing scheme shall be available to all mobiles.,make the location-dependent addressing scheme available to all mobiles,recommended,The system SHOULD make the location-dependent addressing scheme available to all mobiles.,The system MUST make the location-dependent addressing scheme available to all mobiles.,MUST,no,0,recommended,2,0.67,"EIRENE Functional Requirements Specification, version 7",11.4.5,M,11.4 Location dependent addressing,"11.4.4 (M): When operating with location dependent addressing, no manual action shall be required to update the system when a mobile moves between locations.","11.4.6 (M): As a minimum, the location information used by the EIRENE system shall be derived from that available from the network itself (eg current cell or base station serving the mobile).","(M) mandatory, (O) optional, (I) informative"
S0459_optional,S0459,PURE,2007-eirene_fun_7-2,The location dependent addressing scheme shall be available to all mobiles.,make the location-dependent addressing scheme available to all mobiles,optional,The system MAY make the location-dependent addressing scheme available to all mobiles.,The system MUST make the location-dependent addressing scheme available to all mobiles.,MUST,no,0,optional,1,0.33,"EIRENE Functional Requirements Specification, version 7",11.4.5,M,11.4 Location dependent addressing,"11.4.4 (M): When operating with location dependent addressing, no manual action shall be required to update the system when a mobile moves between locations.","11.4.6 (M): As a minimum, the location information used by the EIRENE system shall be derived from that available from the network itself (eg current cell or base station serving the mobile).","(M) mandatory, (O) optional, (I) informative"
S0459_nice_to_have,S0459,PURE,2007-eirene_fun_7-2,The location dependent addressing scheme shall be available to all mobiles.,make the location-dependent addressing scheme available to all mobiles,nice_to_have,It would be useful if the system could make the location-dependent addressing scheme available to all mobiles.,The system MUST make the location-dependent addressing scheme available to all mobiles.,MUST,no,0,nice_to_have,0,0.0,"EIRENE Functional Requirements Specification, version 7",11.4.5,M,11.4 Location dependent addressing,"11.4.4 (M): When operating with location dependent addressing, no manual action shall be required to update the system when a mobile moves between locations.","11.4.6 (M): As a minimum, the location information used by the EIRENE system shall be derived from that available from the network itself (eg current cell or base station serving the mobile).","(M) mandatory, (O) optional, (I) informative"
S0460_mandatory,S0460,PURE,2007-eirene_fun_7-2,"As a minimum, the location information used by the EIRENE system shall be derived from that available from the network itself (eg current cell or base station serving the mobile).",derive the EIRENE system's location information at least from network information such as the current cell or base station serving the mobile,mandatory,The system MUST derive the EIRENE system's location information at least from network information such as the current cell or base station serving the mobile.,The system MUST derive the EIRENE system's location information at least from network information such as the current cell or base station serving the mobile.,MUST,yes,1,mandatory,3,1.0,"EIRENE Functional Requirements Specification, version 7",11.4.6,M,11.4 Location dependent addressing,11.4.5 (M): The location dependent addressing scheme shall be available to all mobiles.,"11.4.7 (O): Where greater accuracy for location dependent addressing is required, additional location information may be provided by systems external to EIRENE. Sources of such information may include:","(M) mandatory, (O) optional, (I) informative"
S0460_recommended,S0460,PURE,2007-eirene_fun_7-2,"As a minimum, the location information used by the EIRENE system shall be derived from that available from the network itself (eg current cell or base station serving the mobile).",derive the EIRENE system's location information at least from network information such as the current cell or base station serving the mobile,recommended,The system SHOULD derive the EIRENE system's location information at least from network information such as the current cell or base station serving the mobile.,The system MUST derive the EIRENE system's location information at least from network information such as the current cell or base station serving the mobile.,MUST,no,0,recommended,2,0.67,"EIRENE Functional Requirements Specification, version 7",11.4.6,M,11.4 Location dependent addressing,11.4.5 (M): The location dependent addressing scheme shall be available to all mobiles.,"11.4.7 (O): Where greater accuracy for location dependent addressing is required, additional location information may be provided by systems external to EIRENE. Sources of such information may include:","(M) mandatory, (O) optional, (I) informative"
S0460_optional,S0460,PURE,2007-eirene_fun_7-2,"As a minimum, the location information used by the EIRENE system shall be derived from that available from the network itself (eg current cell or base station serving the mobile).",derive the EIRENE system's location information at least from network information such as the current cell or base station serving the mobile,optional,The system MAY derive the EIRENE system's location information at least from network information such as the current cell or base station serving the mobile.,The system MUST derive the EIRENE system's location information at least from network information such as the current cell or base station serving the mobile.,MUST,no,0,optional,1,0.33,"EIRENE Functional Requirements Specification, version 7",11.4.6,M,11.4 Location dependent addressing,11.4.5 (M): The location dependent addressing scheme shall be available to all mobiles.,"11.4.7 (O): Where greater accuracy for location dependent addressing is required, additional location information may be provided by systems external to EIRENE. Sources of such information may include:","(M) mandatory, (O) optional, (I) informative"
S0460_nice_to_have,S0460,PURE,2007-eirene_fun_7-2,"As a minimum, the location information used by the EIRENE system shall be derived from that available from the network itself (eg current cell or base station serving the mobile).",derive the EIRENE system's location information at least from network information such as the current cell or base station serving the mobile,nice_to_have,It would be useful if the system could derive the EIRENE system's location information at least from network information such as the current cell or base station serving the mobile.,The system MUST derive the EIRENE system's location information at least from network information such as the current cell or base station serving the mobile.,MUST,no,0,nice_to_have,0,0.0,"EIRENE Functional Requirements Specification, version 7",11.4.6,M,11.4 Location dependent addressing,11.4.5 (M): The location dependent addressing scheme shall be available to all mobiles.,"11.4.7 (O): Where greater accuracy for location dependent addressing is required, additional location information may be provided by systems external to EIRENE. Sources of such information may include:","(M) mandatory, (O) optional, (I) informative"
S0471_mandatory,S0471,PURE,2007-eirene_fun_7-2,A standard data interface between the mobile and the application module shall be provided.,provide a standard data interface between the mobile and the application module,mandatory,The system MUST provide a standard data interface between the mobile and the application module.,The system MUST provide a standard data interface between the mobile and the application module.,MUST,yes,1,mandatory,3,1.0,"EIRENE Functional Requirements Specification, version 7",12.4.1,M,12 Text messaging > 12.4 Interface,12.3.3 (M): The text message facility shall not interfere with the ability of users to use the radio.,13.1.1 (I): This section covers the use of the EIRENE radio system for Railway emergency calls. This section also describes the facility for confirmation of such emergency calls and storage of confirmation for post-incident analysis.,"(M) mandatory, (O) optional, (I) informative"
S0471_recommended,S0471,PURE,2007-eirene_fun_7-2,A standard data interface between the mobile and the application module shall be provided.,provide a standard data interface between the mobile and the application module,recommended,The system SHOULD provide a standard data interface between the mobile and the application module.,The system MUST provide a standard data interface between the mobile and the application module.,MUST,no,0,recommended,2,0.67,"EIRENE Functional Requirements Specification, version 7",12.4.1,M,12 Text messaging > 12.4 Interface,12.3.3 (M): The text message facility shall not interfere with the ability of users to use the radio.,13.1.1 (I): This section covers the use of the EIRENE radio system for Railway emergency calls. This section also describes the facility for confirmation of such emergency calls and storage of confirmation for post-incident analysis.,"(M) mandatory, (O) optional, (I) informative"
S0471_optional,S0471,PURE,2007-eirene_fun_7-2,A standard data interface between the mobile and the application module shall be provided.,provide a standard data interface between the mobile and the application module,optional,The system MAY provide a standard data interface between the mobile and the application module.,The system MUST provide a standard data interface between the mobile and the application module.,MUST,no,0,optional,1,0.33,"EIRENE Functional Requirements Specification, version 7",12.4.1,M,12 Text messaging > 12.4 Interface,12.3.3 (M): The text message facility shall not interfere with the ability of users to use the radio.,13.1.1 (I): This section covers the use of the EIRENE radio system for Railway emergency calls. This section also describes the facility for confirmation of such emergency calls and storage of confirmation for post-incident analysis.,"(M) mandatory, (O) optional, (I) informative"
S0471_nice_to_have,S0471,PURE,2007-eirene_fun_7-2,A standard data interface between the mobile and the application module shall be provided.,provide a standard data interface between the mobile and the application module,nice_to_have,It would be useful if the system could provide a standard data interface between the mobile and the application module.,The system MUST provide a standard data interface between the mobile and the application module.,MUST,no,0,nice_to_have,0,0.0,"EIRENE Functional Requirements Specification, version 7",12.4.1,M,12 Text messaging > 12.4 Interface,12.3.3 (M): The text message facility shall not interfere with the ability of users to use the radio.,13.1.1 (I): This section covers the use of the EIRENE radio system for Railway emergency calls. This section also describes the facility for confirmation of such emergency calls and storage of confirmation for post-incident analysis.,"(M) mandatory, (O) optional, (I) informative"
S0475_mandatory,S0475,PURE,2007-eirene_fun_7-2,"The type of call initiated shall be determined automatically, based upon the mode of operation of the radio.",determine the type of Railway emergency call automatically from the radio's mode of operation,mandatory,The system MUST determine the type of Railway emergency call automatically from the radio's mode of operation.,The system MUST determine the type of Railway emergency call automatically from the radio's mode of operation.,MUST,yes,1,mandatory,3,1.0,"EIRENE Functional Requirements Specification, version 7",13.1.4,M,13 Railway emergency calls > 13.1 Introduction,13.1.3 (I): There are two types of Railway emergency call:,"13.1.5 (M): If the mobile is in shunting mode, the emergency call button shall initiate a shunting emergency call, otherwise the call shall be a Train emergency call.","(M) mandatory, (O) optional, (I) informative"
S0475_recommended,S0475,PURE,2007-eirene_fun_7-2,"The type of call initiated shall be determined automatically, based upon the mode of operation of the radio.",determine the type of Railway emergency call automatically from the radio's mode of operation,recommended,The system SHOULD determine the type of Railway emergency call automatically from the radio's mode of operation.,The system MUST determine the type of Railway emergency call automatically from the radio's mode of operation.,MUST,no,0,recommended,2,0.67,"EIRENE Functional Requirements Specification, version 7",13.1.4,M,13 Railway emergency calls > 13.1 Introduction,13.1.3 (I): There are two types of Railway emergency call:,"13.1.5 (M): If the mobile is in shunting mode, the emergency call button shall initiate a shunting emergency call, otherwise the call shall be a Train emergency call.","(M) mandatory, (O) optional, (I) informative"
S0475_optional,S0475,PURE,2007-eirene_fun_7-2,"The type of call initiated shall be determined automatically, based upon the mode of operation of the radio.",determine the type of Railway emergency call automatically from the radio's mode of operation,optional,The system MAY determine the type of Railway emergency call automatically from the radio's mode of operation.,The system MUST determine the type of Railway emergency call automatically from the radio's mode of operation.,MUST,no,0,optional,1,0.33,"EIRENE Functional Requirements Specification, version 7",13.1.4,M,13 Railway emergency calls > 13.1 Introduction,13.1.3 (I): There are two types of Railway emergency call:,"13.1.5 (M): If the mobile is in shunting mode, the emergency call button shall initiate a shunting emergency call, otherwise the call shall be a Train emergency call.","(M) mandatory, (O) optional, (I) informative"
S0475_nice_to_have,S0475,PURE,2007-eirene_fun_7-2,"The type of call initiated shall be determined automatically, based upon the mode of operation of the radio.",determine the type of Railway emergency call automatically from the radio's mode of operation,nice_to_have,It would be useful if the system could determine the type of Railway emergency call automatically from the radio's mode of operation.,The system MUST determine the type of Railway emergency call automatically from the radio's mode of operation.,MUST,no,0,nice_to_have,0,0.0,"EIRENE Functional Requirements Specification, version 7",13.1.4,M,13 Railway emergency calls > 13.1 Introduction,13.1.3 (I): There are two types of Railway emergency call:,"13.1.5 (M): If the mobile is in shunting mode, the emergency call button shall initiate a shunting emergency call, otherwise the call shall be a Train emergency call.","(M) mandatory, (O) optional, (I) informative"
S0478_mandatory,S0478,PURE,2007-eirene_fun_7-2,The appropriate ERTMS/ETCS RBC should be informed when a Train emergency call is initiated.,inform the appropriate ERTMS/ETCS RBC when a Train emergency call is initiated,mandatory,The system MUST inform the appropriate ERTMS/ETCS RBC when a Train emergency call is initiated.,The system MUST inform the appropriate ERTMS/ETCS RBC when a Train emergency call is initiated.,MUST,yes,1,mandatory,3,1.0,"EIRENE Functional Requirements Specification, version 7",13.1.6i,O,13 Railway emergency calls > 13.1 Introduction,"13.1.6 (M): The Train emergency call shall be sent to all drivers and controller(s) within an area, which is pre-defined to meet operational requirements. The predefined areas for emergency calls shall include, where necessary, parts of one or more network(s).",13.1.7 (M): The Shunting emergency call shall be sent to all users involved in shunting operations in the shunting area.,"(M) mandatory, (O) optional, (I) informative"
S0478_recommended,S0478,PURE,2007-eirene_fun_7-2,The appropriate ERTMS/ETCS RBC should be informed when a Train emergency call is initiated.,inform the appropriate ERTMS/ETCS RBC when a Train emergency call is initiated,recommended,The system SHOULD inform the appropriate ERTMS/ETCS RBC when a Train emergency call is initiated.,The system MUST inform the appropriate ERTMS/ETCS RBC when a Train emergency call is initiated.,MUST,no,0,recommended,2,0.67,"EIRENE Functional Requirements Specification, version 7",13.1.6i,O,13 Railway emergency calls > 13.1 Introduction,"13.1.6 (M): The Train emergency call shall be sent to all drivers and controller(s) within an area, which is pre-defined to meet operational requirements. The predefined areas for emergency calls shall include, where necessary, parts of one or more network(s).",13.1.7 (M): The Shunting emergency call shall be sent to all users involved in shunting operations in the shunting area.,"(M) mandatory, (O) optional, (I) informative"
S0478_optional,S0478,PURE,2007-eirene_fun_7-2,The appropriate ERTMS/ETCS RBC should be informed when a Train emergency call is initiated.,inform the appropriate ERTMS/ETCS RBC when a Train emergency call is initiated,optional,The system MAY inform the appropriate ERTMS/ETCS RBC when a Train emergency call is initiated.,The system MUST inform the appropriate ERTMS/ETCS RBC when a Train emergency call is initiated.,MUST,no,0,optional,1,0.33,"EIRENE Functional Requirements Specification, version 7",13.1.6i,O,13 Railway emergency calls > 13.1 Introduction,"13.1.6 (M): The Train emergency call shall be sent to all drivers and controller(s) within an area, which is pre-defined to meet operational requirements. The predefined areas for emergency calls shall include, where necessary, parts of one or more network(s).",13.1.7 (M): The Shunting emergency call shall be sent to all users involved in shunting operations in the shunting area.,"(M) mandatory, (O) optional, (I) informative"
S0478_nice_to_have,S0478,PURE,2007-eirene_fun_7-2,The appropriate ERTMS/ETCS RBC should be informed when a Train emergency call is initiated.,inform the appropriate ERTMS/ETCS RBC when a Train emergency call is initiated,nice_to_have,It would be useful if the system could inform the appropriate ERTMS/ETCS RBC when a Train emergency call is initiated.,The system MUST inform the appropriate ERTMS/ETCS RBC when a Train emergency call is initiated.,MUST,no,0,nice_to_have,0,0.0,"EIRENE Functional Requirements Specification, version 7",13.1.6i,O,13 Railway emergency calls > 13.1 Introduction,"13.1.6 (M): The Train emergency call shall be sent to all drivers and controller(s) within an area, which is pre-defined to meet operational requirements. The predefined areas for emergency calls shall include, where necessary, parts of one or more network(s).",13.1.7 (M): The Shunting emergency call shall be sent to all users involved in shunting operations in the shunting area.,"(M) mandatory, (O) optional, (I) informative"
S0479_mandatory,S0479,PURE,2007-eirene_fun_7-2,The Shunting emergency call shall be sent to all users involved in shunting operations in the shunting area.,send the Shunting emergency call to all users involved in shunting operations in the shunting area,mandatory,The system MUST send the Shunting emergency call to all users involved in shunting operations in the shunting area.,The system MUST send the Shunting emergency call to all users involved in shunting operations in the shunting area.,MUST,yes,1,mandatory,3,1.0,"EIRENE Functional Requirements Specification, version 7",13.1.7,M,13 Railway emergency calls > 13.1 Introduction,13.1.6i (O): The appropriate ERTMS/ETCS RBC should be informed when a Train emergency call is initiated.,13.1.8 (M): The Shunting emergency call shall automatically take priority over the link assurance signal.,"(M) mandatory, (O) optional, (I) informative"
S0479_recommended,S0479,PURE,2007-eirene_fun_7-2,The Shunting emergency call shall be sent to all users involved in shunting operations in the shunting area.,send the Shunting emergency call to all users involved in shunting operations in the shunting area,recommended,The system SHOULD send the Shunting emergency call to all users involved in shunting operations in the shunting area.,The system MUST send the Shunting emergency call to all users involved in shunting operations in the shunting area.,MUST,no,0,recommended,2,0.67,"EIRENE Functional Requirements Specification, version 7",13.1.7,M,13 Railway emergency calls > 13.1 Introduction,13.1.6i (O): The appropriate ERTMS/ETCS RBC should be informed when a Train emergency call is initiated.,13.1.8 (M): The Shunting emergency call shall automatically take priority over the link assurance signal.,"(M) mandatory, (O) optional, (I) informative"
S0479_optional,S0479,PURE,2007-eirene_fun_7-2,The Shunting emergency call shall be sent to all users involved in shunting operations in the shunting area.,send the Shunting emergency call to all users involved in shunting operations in the shunting area,optional,The system MAY send the Shunting emergency call to all users involved in shunting operations in the shunting area.,The system MUST send the Shunting emergency call to all users involved in shunting operations in the shunting area.,MUST,no,0,optional,1,0.33,"EIRENE Functional Requirements Specification, version 7",13.1.7,M,13 Railway emergency calls > 13.1 Introduction,13.1.6i (O): The appropriate ERTMS/ETCS RBC should be informed when a Train emergency call is initiated.,13.1.8 (M): The Shunting emergency call shall automatically take priority over the link assurance signal.,"(M) mandatory, (O) optional, (I) informative"
S0479_nice_to_have,S0479,PURE,2007-eirene_fun_7-2,The Shunting emergency call shall be sent to all users involved in shunting operations in the shunting area.,send the Shunting emergency call to all users involved in shunting operations in the shunting area,nice_to_have,It would be useful if the system could send the Shunting emergency call to all users involved in shunting operations in the shunting area.,The system MUST send the Shunting emergency call to all users involved in shunting operations in the shunting area.,MUST,no,0,nice_to_have,0,0.0,"EIRENE Functional Requirements Specification, version 7",13.1.7,M,13 Railway emergency calls > 13.1 Introduction,13.1.6i (O): The appropriate ERTMS/ETCS RBC should be informed when a Train emergency call is initiated.,13.1.8 (M): The Shunting emergency call shall automatically take priority over the link assurance signal.,"(M) mandatory, (O) optional, (I) informative"
S0480_mandatory,S0480,PURE,2007-eirene_fun_7-2,The Shunting emergency call shall automatically take priority over the link assurance signal.,automatically prioritise the Shunting emergency call over the link assurance signal,mandatory,The system MUST automatically prioritise the Shunting emergency call over the link assurance signal.,The system MUST automatically prioritise the Shunting emergency call over the link assurance signal.,MUST,yes,1,mandatory,3,1.0,"EIRENE Functional Requirements Specification, version 7",13.1.8,M,13 Railway emergency calls > 13.1 Introduction,13.1.7 (M): The Shunting emergency call shall be sent to all users involved in shunting operations in the shunting area.,13.2.1.1 (I): A Railway emergency call may be defined in three distinct phases. These are:,"(M) mandatory, (O) optional, (I) informative"
S0480_recommended,S0480,PURE,2007-eirene_fun_7-2,The Shunting emergency call shall automatically take priority over the link assurance signal.,automatically prioritise the Shunting emergency call over the link assurance signal,recommended,The system SHOULD automatically prioritise the Shunting emergency call over the link assurance signal.,The system MUST automatically prioritise the Shunting emergency call over the link assurance signal.,MUST,no,0,recommended,2,0.67,"EIRENE Functional Requirements Specification, version 7",13.1.8,M,13 Railway emergency calls > 13.1 Introduction,13.1.7 (M): The Shunting emergency call shall be sent to all users involved in shunting operations in the shunting area.,13.2.1.1 (I): A Railway emergency call may be defined in three distinct phases. These are:,"(M) mandatory, (O) optional, (I) informative"
S0480_optional,S0480,PURE,2007-eirene_fun_7-2,The Shunting emergency call shall automatically take priority over the link assurance signal.,automatically prioritise the Shunting emergency call over the link assurance signal,optional,The system MAY automatically prioritise the Shunting emergency call over the link assurance signal.,The system MUST automatically prioritise the Shunting emergency call over the link assurance signal.,MUST,no,0,optional,1,0.33,"EIRENE Functional Requirements Specification, version 7",13.1.8,M,13 Railway emergency calls > 13.1 Introduction,13.1.7 (M): The Shunting emergency call shall be sent to all users involved in shunting operations in the shunting area.,13.2.1.1 (I): A Railway emergency call may be defined in three distinct phases. These are:,"(M) mandatory, (O) optional, (I) informative"
S0480_nice_to_have,S0480,PURE,2007-eirene_fun_7-2,The Shunting emergency call shall automatically take priority over the link assurance signal.,automatically prioritise the Shunting emergency call over the link assurance signal,nice_to_have,It would be useful if the system could automatically prioritise the Shunting emergency call over the link assurance signal.,The system MUST automatically prioritise the Shunting emergency call over the link assurance signal.,MUST,no,0,nice_to_have,0,0.0,"EIRENE Functional Requirements Specification, version 7",13.1.8,M,13 Railway emergency calls > 13.1 Introduction,13.1.7 (M): The Shunting emergency call shall be sent to all users involved in shunting operations in the shunting area.,13.2.1.1 (I): A Railway emergency call may be defined in three distinct phases. These are:,"(M) mandatory, (O) optional, (I) informative"
S0482_mandatory,S0482,PURE,2007-eirene_fun_7-2,A Railway emergency call shall be able to be initiated by using a simple MMI action (eg a single MMI action for the Cab and Operational radios).,allow a Railway emergency call to be initiated through a simple MMI action such as a single action on Cab and Operational radios,mandatory,The system MUST allow a Railway emergency call to be initiated through a simple MMI action such as a single action on Cab and Operational radios.,The system MUST allow a Railway emergency call to be initiated through a simple MMI action such as a single action on Cab and Operational radios.,MUST,yes,1,mandatory,3,1.0,"EIRENE Functional Requirements Specification, version 7",13.2.2.1,M,13 Railway emergency calls > 13.2 Management of Railway emergency calls > 13.2.2 Stage 1: Warning,13.2.1.1 (I): A Railway emergency call may be defined in three distinct phases. These are:,13.2.2.2 (M): A connection of Railway emergency priority (see section 10.2) shall be established to a pre-determined set of receiving mobiles and controller(s).,"(M) mandatory, (O) optional, (I) informative"
S0482_recommended,S0482,PURE,2007-eirene_fun_7-2,A Railway emergency call shall be able to be initiated by using a simple MMI action (eg a single MMI action for the Cab and Operational radios).,allow a Railway emergency call to be initiated through a simple MMI action such as a single action on Cab and Operational radios,recommended,The system SHOULD allow a Railway emergency call to be initiated through a simple MMI action such as a single action on Cab and Operational radios.,The system MUST allow a Railway emergency call to be initiated through a simple MMI action such as a single action on Cab and Operational radios.,MUST,no,0,recommended,2,0.67,"EIRENE Functional Requirements Specification, version 7",13.2.2.1,M,13 Railway emergency calls > 13.2 Management of Railway emergency calls > 13.2.2 Stage 1: Warning,13.2.1.1 (I): A Railway emergency call may be defined in three distinct phases. These are:,13.2.2.2 (M): A connection of Railway emergency priority (see section 10.2) shall be established to a pre-determined set of receiving mobiles and controller(s).,"(M) mandatory, (O) optional, (I) informative"
S0482_optional,S0482,PURE,2007-eirene_fun_7-2,A Railway emergency call shall be able to be initiated by using a simple MMI action (eg a single MMI action for the Cab and Operational radios).,allow a Railway emergency call to be initiated through a simple MMI action such as a single action on Cab and Operational radios,optional,The system MAY allow a Railway emergency call to be initiated through a simple MMI action such as a single action on Cab and Operational radios.,The system MUST allow a Railway emergency call to be initiated through a simple MMI action such as a single action on Cab and Operational radios.,MUST,no,0,optional,1,0.33,"EIRENE Functional Requirements Specification, version 7",13.2.2.1,M,13 Railway emergency calls > 13.2 Management of Railway emergency calls > 13.2.2 Stage 1: Warning,13.2.1.1 (I): A Railway emergency call may be defined in three distinct phases. These are:,13.2.2.2 (M): A connection of Railway emergency priority (see section 10.2) shall be established to a pre-determined set of receiving mobiles and controller(s).,"(M) mandatory, (O) optional, (I) informative"
S0482_nice_to_have,S0482,PURE,2007-eirene_fun_7-2,A Railway emergency call shall be able to be initiated by using a simple MMI action (eg a single MMI action for the Cab and Operational radios).,allow a Railway emergency call to be initiated through a simple MMI action such as a single action on Cab and Operational radios,nice_to_have,It would be useful if the system could allow a Railway emergency call to be initiated through a simple MMI action such as a single action on Cab and Operational radios.,The system MUST allow a Railway emergency call to be initiated through a simple MMI action such as a single action on Cab and Operational radios.,MUST,no,0,nice_to_have,0,0.0,"EIRENE Functional Requirements Specification, version 7",13.2.2.1,M,13 Railway emergency calls > 13.2 Management of Railway emergency calls > 13.2.2 Stage 1: Warning,13.2.1.1 (I): A Railway emergency call may be defined in three distinct phases. These are:,13.2.2.2 (M): A connection of Railway emergency priority (see section 10.2) shall be established to a pre-determined set of receiving mobiles and controller(s).,"(M) mandatory, (O) optional, (I) informative"
S0485_mandatory,S0485,PURE,2007-eirene_fun_7-2,During this period the user shall be provided with an audible and visual indication that the system is trying to connect the call.,provide the user with an audible and visual indication of connection attempts during the 30-second automatic retry period for an unconnected Railway emergency call,mandatory,The system MUST provide the user with an audible and visual indication of connection attempts during the 30-second automatic retry period for an unconnected Railway emergency call.,The system MUST provide the user with an audible and visual indication of connection attempts during the 30-second automatic retry period for an unconnected Railway emergency call.,MUST,yes,1,mandatory,3,1.0,"EIRENE Functional Requirements Specification, version 7",13.2.2.3i,M,13 Railway emergency calls > 13.2 Management of Railway emergency calls > 13.2.2 Stage 1: Warning,"13.2.2.3 (M): If the system is not able to connect the call, the system shall automatically keep trying to connect the call for 30 seconds.","13.2.2.3ii (M): 13.2.2.3ii After the 30 second period, if the connection was unsuccessful, the system shall provide another audible and visual indication that it was unable to connect the call.","(M) mandatory, (O) optional, (I) informative"
S0485_recommended,S0485,PURE,2007-eirene_fun_7-2,During this period the user shall be provided with an audible and visual indication that the system is trying to connect the call.,provide the user with an audible and visual indication of connection attempts during the 30-second automatic retry period for an unconnected Railway emergency call,recommended,The system SHOULD provide the user with an audible and visual indication of connection attempts during the 30-second automatic retry period for an unconnected Railway emergency call.,The system MUST provide the user with an audible and visual indication of connection attempts during the 30-second automatic retry period for an unconnected Railway emergency call.,MUST,no,0,recommended,2,0.67,"EIRENE Functional Requirements Specification, version 7",13.2.2.3i,M,13 Railway emergency calls > 13.2 Management of Railway emergency calls > 13.2.2 Stage 1: Warning,"13.2.2.3 (M): If the system is not able to connect the call, the system shall automatically keep trying to connect the call for 30 seconds.","13.2.2.3ii (M): 13.2.2.3ii After the 30 second period, if the connection was unsuccessful, the system shall provide another audible and visual indication that it was unable to connect the call.","(M) mandatory, (O) optional, (I) informative"
S0485_optional,S0485,PURE,2007-eirene_fun_7-2,During this period the user shall be provided with an audible and visual indication that the system is trying to connect the call.,provide the user with an audible and visual indication of connection attempts during the 30-second automatic retry period for an unconnected Railway emergency call,optional,The system MAY provide the user with an audible and visual indication of connection attempts during the 30-second automatic retry period for an unconnected Railway emergency call.,The system MUST provide the user with an audible and visual indication of connection attempts during the 30-second automatic retry period for an unconnected Railway emergency call.,MUST,no,0,optional,1,0.33,"EIRENE Functional Requirements Specification, version 7",13.2.2.3i,M,13 Railway emergency calls > 13.2 Management of Railway emergency calls > 13.2.2 Stage 1: Warning,"13.2.2.3 (M): If the system is not able to connect the call, the system shall automatically keep trying to connect the call for 30 seconds.","13.2.2.3ii (M): 13.2.2.3ii After the 30 second period, if the connection was unsuccessful, the system shall provide another audible and visual indication that it was unable to connect the call.","(M) mandatory, (O) optional, (I) informative"
S0485_nice_to_have,S0485,PURE,2007-eirene_fun_7-2,During this period the user shall be provided with an audible and visual indication that the system is trying to connect the call.,provide the user with an audible and visual indication of connection attempts during the 30-second automatic retry period for an unconnected Railway emergency call,nice_to_have,It would be useful if the system could provide the user with an audible and visual indication of connection attempts during the 30-second automatic retry period for an unconnected Railway emergency call.,The system MUST provide the user with an audible and visual indication of connection attempts during the 30-second automatic retry period for an unconnected Railway emergency call.,MUST,no,0,nice_to_have,0,0.0,"EIRENE Functional Requirements Specification, version 7",13.2.2.3i,M,13 Railway emergency calls > 13.2 Management of Railway emergency calls > 13.2.2 Stage 1: Warning,"13.2.2.3 (M): If the system is not able to connect the call, the system shall automatically keep trying to connect the call for 30 seconds.","13.2.2.3ii (M): 13.2.2.3ii After the 30 second period, if the connection was unsuccessful, the system shall provide another audible and visual indication that it was unable to connect the call.","(M) mandatory, (O) optional, (I) informative"
S0488_mandatory,S0488,PURE,2007-eirene_fun_7-2,Different indications at the originating and receiving terminal may be provided.,provide different emergency-function activation indications at the originating and receiving terminals,mandatory,The system MUST provide different emergency-function activation indications at the originating and receiving terminals.,The system MUST provide different emergency-function activation indications at the originating and receiving terminals.,MUST,yes,1,mandatory,3,1.0,"EIRENE Functional Requirements Specification, version 7",13.2.2.5,O,13 Railway emergency calls > 13.2 Management of Railway emergency calls > 13.2.2 Stage 1: Warning,13.2.2.4 (M): An audible indication of 5 seconds (to be confirmed by trials) shall be provided to originating and receiving users that the emergency function has been activated.,13.2.2.6 (M): A continuous visual indication that the emergency function has been activated shall be provided at the originating and all receiving terminals.,"(M) mandatory, (O) optional, (I) informative"
S0488_recommended,S0488,PURE,2007-eirene_fun_7-2,Different indications at the originating and receiving terminal may be provided.,provide different emergency-function activation indications at the originating and receiving terminals,recommended,The system SHOULD provide different emergency-function activation indications at the originating and receiving terminals.,The system MUST provide different emergency-function activation indications at the originating and receiving terminals.,MUST,no,0,recommended,2,0.67,"EIRENE Functional Requirements Specification, version 7",13.2.2.5,O,13 Railway emergency calls > 13.2 Management of Railway emergency calls > 13.2.2 Stage 1: Warning,13.2.2.4 (M): An audible indication of 5 seconds (to be confirmed by trials) shall be provided to originating and receiving users that the emergency function has been activated.,13.2.2.6 (M): A continuous visual indication that the emergency function has been activated shall be provided at the originating and all receiving terminals.,"(M) mandatory, (O) optional, (I) informative"
S0488_optional,S0488,PURE,2007-eirene_fun_7-2,Different indications at the originating and receiving terminal may be provided.,provide different emergency-function activation indications at the originating and receiving terminals,optional,The system MAY provide different emergency-function activation indications at the originating and receiving terminals.,The system MUST provide different emergency-function activation indications at the originating and receiving terminals.,MUST,no,0,optional,1,0.33,"EIRENE Functional Requirements Specification, version 7",13.2.2.5,O,13 Railway emergency calls > 13.2 Management of Railway emergency calls > 13.2.2 Stage 1: Warning,13.2.2.4 (M): An audible indication of 5 seconds (to be confirmed by trials) shall be provided to originating and receiving users that the emergency function has been activated.,13.2.2.6 (M): A continuous visual indication that the emergency function has been activated shall be provided at the originating and all receiving terminals.,"(M) mandatory, (O) optional, (I) informative"
S0488_nice_to_have,S0488,PURE,2007-eirene_fun_7-2,Different indications at the originating and receiving terminal may be provided.,provide different emergency-function activation indications at the originating and receiving terminals,nice_to_have,It would be useful if the system could provide different emergency-function activation indications at the originating and receiving terminals.,The system MUST provide different emergency-function activation indications at the originating and receiving terminals.,MUST,no,0,nice_to_have,0,0.0,"EIRENE Functional Requirements Specification, version 7",13.2.2.5,O,13 Railway emergency calls > 13.2 Management of Railway emergency calls > 13.2.2 Stage 1: Warning,13.2.2.4 (M): An audible indication of 5 seconds (to be confirmed by trials) shall be provided to originating and receiving users that the emergency function has been activated.,13.2.2.6 (M): A continuous visual indication that the emergency function has been activated shall be provided at the originating and all receiving terminals.,"(M) mandatory, (O) optional, (I) informative"
S0489_mandatory,S0489,PURE,2007-eirene_fun_7-2,A continuous visual indication that the emergency function has been activated shall be provided at the originating and all receiving terminals.,provide a continuous visual indication of emergency-function activation at the originating and all receiving terminals,mandatory,The system MUST provide a continuous visual indication of emergency-function activation at the originating and all receiving terminals.,The system MUST provide a continuous visual indication of emergency-function activation at the originating and all receiving terminals.,MUST,yes,1,mandatory,3,1.0,"EIRENE Functional Requirements Specification, version 7",13.2.2.6,M,13 Railway emergency calls > 13.2 Management of Railway emergency calls > 13.2.2 Stage 1: Warning,13.2.2.5 (O): Different indications at the originating and receiving terminal may be provided.,"13.2.2.7 (M): In the event that a train enters the affected area after the warning stage is complete, the same audible and visual indications shall be provided.","(M) mandatory, (O) optional, (I) informative"
S0489_recommended,S0489,PURE,2007-eirene_fun_7-2,A continuous visual indication that the emergency function has been activated shall be provided at the originating and all receiving terminals.,provide a continuous visual indication of emergency-function activation at the originating and all receiving terminals,recommended,The system SHOULD provide a continuous visual indication of emergency-function activation at the originating and all receiving terminals.,The system MUST provide a continuous visual indication of emergency-function activation at the originating and all receiving terminals.,MUST,no,0,recommended,2,0.67,"EIRENE Functional Requirements Specification, version 7",13.2.2.6,M,13 Railway emergency calls > 13.2 Management of Railway emergency calls > 13.2.2 Stage 1: Warning,13.2.2.5 (O): Different indications at the originating and receiving terminal may be provided.,"13.2.2.7 (M): In the event that a train enters the affected area after the warning stage is complete, the same audible and visual indications shall be provided.","(M) mandatory, (O) optional, (I) informative"
S0489_optional,S0489,PURE,2007-eirene_fun_7-2,A continuous visual indication that the emergency function has been activated shall be provided at the originating and all receiving terminals.,provide a continuous visual indication of emergency-function activation at the originating and all receiving terminals,optional,The system MAY provide a continuous visual indication of emergency-function activation at the originating and all receiving terminals.,The system MUST provide a continuous visual indication of emergency-function activation at the originating and all receiving terminals.,MUST,no,0,optional,1,0.33,"EIRENE Functional Requirements Specification, version 7",13.2.2.6,M,13 Railway emergency calls > 13.2 Management of Railway emergency calls > 13.2.2 Stage 1: Warning,13.2.2.5 (O): Different indications at the originating and receiving terminal may be provided.,"13.2.2.7 (M): In the event that a train enters the affected area after the warning stage is complete, the same audible and visual indications shall be provided.","(M) mandatory, (O) optional, (I) informative"
S0489_nice_to_have,S0489,PURE,2007-eirene_fun_7-2,A continuous visual indication that the emergency function has been activated shall be provided at the originating and all receiving terminals.,provide a continuous visual indication of emergency-function activation at the originating and all receiving terminals,nice_to_have,It would be useful if the system could provide a continuous visual indication of emergency-function activation at the originating and all receiving terminals.,The system MUST provide a continuous visual indication of emergency-function activation at the originating and all receiving terminals.,MUST,no,0,nice_to_have,0,0.0,"EIRENE Functional Requirements Specification, version 7",13.2.2.6,M,13 Railway emergency calls > 13.2 Management of Railway emergency calls > 13.2.2 Stage 1: Warning,13.2.2.5 (O): Different indications at the originating and receiving terminal may be provided.,"13.2.2.7 (M): In the event that a train enters the affected area after the warning stage is complete, the same audible and visual indications shall be provided.","(M) mandatory, (O) optional, (I) informative"
S0491_mandatory,S0491,PURE,2007-eirene_fun_7-2,"A speech connection shall be established immediately following the warning tone, to allow the originator of the emergency call, to give information concerning the nature of the emergency.",establish a speech connection immediately after the warning tone to allow the emergency-call originator to describe the emergency,mandatory,The system MUST establish a speech connection immediately after the warning tone to allow the emergency-call originator to describe the emergency.,The system MUST establish a speech connection immediately after the warning tone to allow the emergency-call originator to describe the emergency.,MUST,yes,1,mandatory,3,1.0,"EIRENE Functional Requirements Specification, version 7",13.2.3.1,M,13 Railway emergency calls > 13.2 Management of Railway emergency calls > 13.2.3 Stage 2: Information,"13.2.2.7 (M): In the event that a train enters the affected area after the warning stage is complete, the same audible and visual indications shall be provided.",13.2.3.1i (O): Speech should be possible to allow a controller receiving the warning tone to give information.,"(M) mandatory, (O) optional, (I) informative"
S0491_recommended,S0491,PURE,2007-eirene_fun_7-2,"A speech connection shall be established immediately following the warning tone, to allow the originator of the emergency call, to give information concerning the nature of the emergency.",establish a speech connection immediately after the warning tone to allow the emergency-call originator to describe the emergency,recommended,The system SHOULD establish a speech connection immediately after the warning tone to allow the emergency-call originator to describe the emergency.,The system MUST establish a speech connection immediately after the warning tone to allow the emergency-call originator to describe the emergency.,MUST,no,0,recommended,2,0.67,"EIRENE Functional Requirements Specification, version 7",13.2.3.1,M,13 Railway emergency calls > 13.2 Management of Railway emergency calls > 13.2.3 Stage 2: Information,"13.2.2.7 (M): In the event that a train enters the affected area after the warning stage is complete, the same audible and visual indications shall be provided.",13.2.3.1i (O): Speech should be possible to allow a controller receiving the warning tone to give information.,"(M) mandatory, (O) optional, (I) informative"
S0491_optional,S0491,PURE,2007-eirene_fun_7-2,"A speech connection shall be established immediately following the warning tone, to allow the originator of the emergency call, to give information concerning the nature of the emergency.",establish a speech connection immediately after the warning tone to allow the emergency-call originator to describe the emergency,optional,The system MAY establish a speech connection immediately after the warning tone to allow the emergency-call originator to describe the emergency.,The system MUST establish a speech connection immediately after the warning tone to allow the emergency-call originator to describe the emergency.,MUST,no,0,optional,1,0.33,"EIRENE Functional Requirements Specification, version 7",13.2.3.1,M,13 Railway emergency calls > 13.2 Management of Railway emergency calls > 13.2.3 Stage 2: Information,"13.2.2.7 (M): In the event that a train enters the affected area after the warning stage is complete, the same audible and visual indications shall be provided.",13.2.3.1i (O): Speech should be possible to allow a controller receiving the warning tone to give information.,"(M) mandatory, (O) optional, (I) informative"
S0491_nice_to_have,S0491,PURE,2007-eirene_fun_7-2,"A speech connection shall be established immediately following the warning tone, to allow the originator of the emergency call, to give information concerning the nature of the emergency.",establish a speech connection immediately after the warning tone to allow the emergency-call originator to describe the emergency,nice_to_have,It would be useful if the system could establish a speech connection immediately after the warning tone to allow the emergency-call originator to describe the emergency.,The system MUST establish a speech connection immediately after the warning tone to allow the emergency-call originator to describe the emergency.,MUST,no,0,nice_to_have,0,0.0,"EIRENE Functional Requirements Specification, version 7",13.2.3.1,M,13 Railway emergency calls > 13.2 Management of Railway emergency calls > 13.2.3 Stage 2: Information,"13.2.2.7 (M): In the event that a train enters the affected area after the warning stage is complete, the same audible and visual indications shall be provided.",13.2.3.1i (O): Speech should be possible to allow a controller receiving the warning tone to give information.,"(M) mandatory, (O) optional, (I) informative"
S0494_mandatory,S0494,PURE,2007-eirene_fun_7-2,The information shall be received by the same set of users who received the warning tone.,deliver spoken emergency information to the same users who received the warning tone,mandatory,The system MUST deliver spoken emergency information to the same users who received the warning tone.,The system MUST deliver spoken emergency information to the same users who received the warning tone.,MUST,yes,1,mandatory,3,1.0,"EIRENE Functional Requirements Specification, version 7",13.2.3.3,M,13 Railway emergency calls > 13.2 Management of Railway emergency calls > 13.2.3 Stage 2: Information,"13.2.3.2 (O): Additionally, speech should be possible to allow other mobile users receiving the warning tone to give information.",13.2.4.1 (M): A Railway emergency call may only be terminated by:,"(M) mandatory, (O) optional, (I) informative"
S0494_recommended,S0494,PURE,2007-eirene_fun_7-2,The information shall be received by the same set of users who received the warning tone.,deliver spoken emergency information to the same users who received the warning tone,recommended,The system SHOULD deliver spoken emergency information to the same users who received the warning tone.,The system MUST deliver spoken emergency information to the same users who received the warning tone.,MUST,no,0,recommended,2,0.67,"EIRENE Functional Requirements Specification, version 7",13.2.3.3,M,13 Railway emergency calls > 13.2 Management of Railway emergency calls > 13.2.3 Stage 2: Information,"13.2.3.2 (O): Additionally, speech should be possible to allow other mobile users receiving the warning tone to give information.",13.2.4.1 (M): A Railway emergency call may only be terminated by:,"(M) mandatory, (O) optional, (I) informative"
S0494_optional,S0494,PURE,2007-eirene_fun_7-2,The information shall be received by the same set of users who received the warning tone.,deliver spoken emergency information to the same users who received the warning tone,optional,The system MAY deliver spoken emergency information to the same users who received the warning tone.,The system MUST deliver spoken emergency information to the same users who received the warning tone.,MUST,no,0,optional,1,0.33,"EIRENE Functional Requirements Specification, version 7",13.2.3.3,M,13 Railway emergency calls > 13.2 Management of Railway emergency calls > 13.2.3 Stage 2: Information,"13.2.3.2 (O): Additionally, speech should be possible to allow other mobile users receiving the warning tone to give information.",13.2.4.1 (M): A Railway emergency call may only be terminated by:,"(M) mandatory, (O) optional, (I) informative"
S0494_nice_to_have,S0494,PURE,2007-eirene_fun_7-2,The information shall be received by the same set of users who received the warning tone.,deliver spoken emergency information to the same users who received the warning tone,nice_to_have,It would be useful if the system could deliver spoken emergency information to the same users who received the warning tone.,The system MUST deliver spoken emergency information to the same users who received the warning tone.,MUST,no,0,nice_to_have,0,0.0,"EIRENE Functional Requirements Specification, version 7",13.2.3.3,M,13 Railway emergency calls > 13.2 Management of Railway emergency calls > 13.2.3 Stage 2: Information,"13.2.3.2 (O): Additionally, speech should be possible to allow other mobile users receiving the warning tone to give information.",13.2.4.1 (M): A Railway emergency call may only be terminated by:,"(M) mandatory, (O) optional, (I) informative"
S0501_mandatory,S0501,PURE,2007-eirene_fun_7-2,The confirmation message shall commence at the end of the call or if the radio moves out of the call area.,start the Railway emergency-call confirmation message at the end of the emergency call or when the radio moves out of the call area,mandatory,The system MUST start the Railway emergency-call confirmation message at the end of the emergency call or when the radio moves out of the call area.,The system MUST start the Railway emergency-call confirmation message at the end of the emergency call or when the radio moves out of the call area.,MUST,yes,1,mandatory,3,1.0,"EIRENE Functional Requirements Specification, version 7",13.4.3,M,13 Railway emergency calls > 13.4 Confirmation of Railway emergency calls,13.4.2 (M): The confirmation shall be generated automatically without input from the user.,"13.4.4 (M): If the radio loses contact with the network, the mechanism shall commence as soon as possible on regaining communications, for up to a maximum of 5 minutes without achieving contact.","(M) mandatory, (O) optional, (I) informative"
S0501_recommended,S0501,PURE,2007-eirene_fun_7-2,The confirmation message shall commence at the end of the call or if the radio moves out of the call area.,start the Railway emergency-call confirmation message at the end of the emergency call or when the radio moves out of the call area,recommended,The system SHOULD start the Railway emergency-call confirmation message at the end of the emergency call or when the radio moves out of the call area.,The system MUST start the Railway emergency-call confirmation message at the end of the emergency call or when the radio moves out of the call area.,MUST,no,0,recommended,2,0.67,"EIRENE Functional Requirements Specification, version 7",13.4.3,M,13 Railway emergency calls > 13.4 Confirmation of Railway emergency calls,13.4.2 (M): The confirmation shall be generated automatically without input from the user.,"13.4.4 (M): If the radio loses contact with the network, the mechanism shall commence as soon as possible on regaining communications, for up to a maximum of 5 minutes without achieving contact.","(M) mandatory, (O) optional, (I) informative"
S0501_optional,S0501,PURE,2007-eirene_fun_7-2,The confirmation message shall commence at the end of the call or if the radio moves out of the call area.,start the Railway emergency-call confirmation message at the end of the emergency call or when the radio moves out of the call area,optional,The system MAY start the Railway emergency-call confirmation message at the end of the emergency call or when the radio moves out of the call area.,The system MUST start the Railway emergency-call confirmation message at the end of the emergency call or when the radio moves out of the call area.,MUST,no,0,optional,1,0.33,"EIRENE Functional Requirements Specification, version 7",13.4.3,M,13 Railway emergency calls > 13.4 Confirmation of Railway emergency calls,13.4.2 (M): The confirmation shall be generated automatically without input from the user.,"13.4.4 (M): If the radio loses contact with the network, the mechanism shall commence as soon as possible on regaining communications, for up to a maximum of 5 minutes without achieving contact.","(M) mandatory, (O) optional, (I) informative"
S0501_nice_to_have,S0501,PURE,2007-eirene_fun_7-2,The confirmation message shall commence at the end of the call or if the radio moves out of the call area.,start the Railway emergency-call confirmation message at the end of the emergency call or when the radio moves out of the call area,nice_to_have,It would be useful if the system could start the Railway emergency-call confirmation message at the end of the emergency call or when the radio moves out of the call area.,The system MUST start the Railway emergency-call confirmation message at the end of the emergency call or when the radio moves out of the call area.,MUST,no,0,nice_to_have,0,0.0,"EIRENE Functional Requirements Specification, version 7",13.4.3,M,13 Railway emergency calls > 13.4 Confirmation of Railway emergency calls,13.4.2 (M): The confirmation shall be generated automatically without input from the user.,"13.4.4 (M): If the radio loses contact with the network, the mechanism shall commence as soon as possible on regaining communications, for up to a maximum of 5 minutes without achieving contact.","(M) mandatory, (O) optional, (I) informative"
S0512_mandatory,S0512,PURE,2007-eirene_fun_7-2,"During the transmission of the link assurance signal, only the originator of the link assurance signal shall be able to speak to all other members using the PTT function.",allow only the link-assurance-signal originator to speak to all other shunting group members using the PTT function during signal transmission,mandatory,The system MUST allow only the link-assurance-signal originator to speak to all other shunting group members using the PTT function during signal transmission.,The system MUST allow only the link-assurance-signal originator to speak to all other shunting group members using the PTT function during signal transmission.,MUST,yes,1,mandatory,3,1.0,"EIRENE Functional Requirements Specification, version 7",14.2.2i,M,14 Shunting mode > 14.2 Functional requirements,"14.2.2 (M): Throughout the duration of the shunting group call, it shall be possible for any member of the shunting group to speak to all other members of the group, using the PTT function (as described in sections 5.2.2.53, 6.2.2.12 and 7.2.2.20), except during transmission of the link assurance signal.",14.2.3 (M): The shunting communication shall be protected from unintentional and unauthorised access.,"(M) mandatory, (O) optional, (I) informative"
S0512_recommended,S0512,PURE,2007-eirene_fun_7-2,"During the transmission of the link assurance signal, only the originator of the link assurance signal shall be able to speak to all other members using the PTT function.",allow only the link-assurance-signal originator to speak to all other shunting group members using the PTT function during signal transmission,recommended,The system SHOULD allow only the link-assurance-signal originator to speak to all other shunting group members using the PTT function during signal transmission.,The system MUST allow only the link-assurance-signal originator to speak to all other shunting group members using the PTT function during signal transmission.,MUST,no,0,recommended,2,0.67,"EIRENE Functional Requirements Specification, version 7",14.2.2i,M,14 Shunting mode > 14.2 Functional requirements,"14.2.2 (M): Throughout the duration of the shunting group call, it shall be possible for any member of the shunting group to speak to all other members of the group, using the PTT function (as described in sections 5.2.2.53, 6.2.2.12 and 7.2.2.20), except during transmission of the link assurance signal.",14.2.3 (M): The shunting communication shall be protected from unintentional and unauthorised access.,"(M) mandatory, (O) optional, (I) informative"
S0512_optional,S0512,PURE,2007-eirene_fun_7-2,"During the transmission of the link assurance signal, only the originator of the link assurance signal shall be able to speak to all other members using the PTT function.",allow only the link-assurance-signal originator to speak to all other shunting group members using the PTT function during signal transmission,optional,The system MAY allow only the link-assurance-signal originator to speak to all other shunting group members using the PTT function during signal transmission.,The system MUST allow only the link-assurance-signal originator to speak to all other shunting group members using the PTT function during signal transmission.,MUST,no,0,optional,1,0.33,"EIRENE Functional Requirements Specification, version 7",14.2.2i,M,14 Shunting mode > 14.2 Functional requirements,"14.2.2 (M): Throughout the duration of the shunting group call, it shall be possible for any member of the shunting group to speak to all other members of the group, using the PTT function (as described in sections 5.2.2.53, 6.2.2.12 and 7.2.2.20), except during transmission of the link assurance signal.",14.2.3 (M): The shunting communication shall be protected from unintentional and unauthorised access.,"(M) mandatory, (O) optional, (I) informative"
S0512_nice_to_have,S0512,PURE,2007-eirene_fun_7-2,"During the transmission of the link assurance signal, only the originator of the link assurance signal shall be able to speak to all other members using the PTT function.",allow only the link-assurance-signal originator to speak to all other shunting group members using the PTT function during signal transmission,nice_to_have,It would be useful if the system could allow only the link-assurance-signal originator to speak to all other shunting group members using the PTT function during signal transmission.,The system MUST allow only the link-assurance-signal originator to speak to all other shunting group members using the PTT function during signal transmission.,MUST,no,0,nice_to_have,0,0.0,"EIRENE Functional Requirements Specification, version 7",14.2.2i,M,14 Shunting mode > 14.2 Functional requirements,"14.2.2 (M): Throughout the duration of the shunting group call, it shall be possible for any member of the shunting group to speak to all other members of the group, using the PTT function (as described in sections 5.2.2.53, 6.2.2.12 and 7.2.2.20), except during transmission of the link assurance signal.",14.2.3 (M): The shunting communication shall be protected from unintentional and unauthorised access.,"(M) mandatory, (O) optional, (I) informative"
S0516_mandatory,S0516,PURE,2007-eirene_fun_7-2,Operational radios used for shunting shall enable the link assurance signal to be activated and de-activated by the shunting group member.,enable the shunting group member to activate and deactivate the link assurance signal on Operational radios used for shunting,mandatory,The system MUST enable the shunting group member to activate and deactivate the link assurance signal on Operational radios used for shunting.,The system MUST enable the shunting group member to activate and deactivate the link assurance signal on Operational radios used for shunting.,MUST,yes,1,mandatory,3,1.0,"EIRENE Functional Requirements Specification, version 7",14.2.6,M,14 Shunting mode > 14.2 Functional requirements,"14.2.5 (M): Within the shunting group, it shall be possible for only one member of the group to transmit the link assurance signal at any time.",14.2.7 (O): The link assurance signal should be used to reassure the driver of the integrity of the member at the head of the shunting movement.,"(M) mandatory, (O) optional, (I) informative"
S0516_recommended,S0516,PURE,2007-eirene_fun_7-2,Operational radios used for shunting shall enable the link assurance signal to be activated and de-activated by the shunting group member.,enable the shunting group member to activate and deactivate the link assurance signal on Operational radios used for shunting,recommended,The system SHOULD enable the shunting group member to activate and deactivate the link assurance signal on Operational radios used for shunting.,The system MUST enable the shunting group member to activate and deactivate the link assurance signal on Operational radios used for shunting.,MUST,no,0,recommended,2,0.67,"EIRENE Functional Requirements Specification, version 7",14.2.6,M,14 Shunting mode > 14.2 Functional requirements,"14.2.5 (M): Within the shunting group, it shall be possible for only one member of the group to transmit the link assurance signal at any time.",14.2.7 (O): The link assurance signal should be used to reassure the driver of the integrity of the member at the head of the shunting movement.,"(M) mandatory, (O) optional, (I) informative"
S0516_optional,S0516,PURE,2007-eirene_fun_7-2,Operational radios used for shunting shall enable the link assurance signal to be activated and de-activated by the shunting group member.,enable the shunting group member to activate and deactivate the link assurance signal on Operational radios used for shunting,optional,The system MAY enable the shunting group member to activate and deactivate the link assurance signal on Operational radios used for shunting.,The system MUST enable the shunting group member to activate and deactivate the link assurance signal on Operational radios used for shunting.,MUST,no,0,optional,1,0.33,"EIRENE Functional Requirements Specification, version 7",14.2.6,M,14 Shunting mode > 14.2 Functional requirements,"14.2.5 (M): Within the shunting group, it shall be possible for only one member of the group to transmit the link assurance signal at any time.",14.2.7 (O): The link assurance signal should be used to reassure the driver of the integrity of the member at the head of the shunting movement.,"(M) mandatory, (O) optional, (I) informative"
S0516_nice_to_have,S0516,PURE,2007-eirene_fun_7-2,Operational radios used for shunting shall enable the link assurance signal to be activated and de-activated by the shunting group member.,enable the shunting group member to activate and deactivate the link assurance signal on Operational radios used for shunting,nice_to_have,It would be useful if the system could enable the shunting group member to activate and deactivate the link assurance signal on Operational radios used for shunting.,The system MUST enable the shunting group member to activate and deactivate the link assurance signal on Operational radios used for shunting.,MUST,no,0,nice_to_have,0,0.0,"EIRENE Functional Requirements Specification, version 7",14.2.6,M,14 Shunting mode > 14.2 Functional requirements,"14.2.5 (M): Within the shunting group, it shall be possible for only one member of the group to transmit the link assurance signal at any time.",14.2.7 (O): The link assurance signal should be used to reassure the driver of the integrity of the member at the head of the shunting movement.,"(M) mandatory, (O) optional, (I) informative"
S0517_mandatory,S0517,PURE,2007-eirene_fun_7-2,The link assurance signal should be used to reassure the driver of the integrity of the member at the head of the shunting movement.,use the link assurance signal to reassure the driver of the integrity of the member at the head of the shunting movement,mandatory,The system MUST use the link assurance signal to reassure the driver of the integrity of the member at the head of the shunting movement.,The system MUST use the link assurance signal to reassure the driver of the integrity of the member at the head of the shunting movement.,MUST,yes,1,mandatory,3,1.0,"EIRENE Functional Requirements Specification, version 7",14.2.7,O,14 Shunting mode > 14.2 Functional requirements,14.2.6 (M): Operational radios used for shunting shall enable the link assurance signal to be activated and de-activated by the shunting group member.,14.2.8 (M): Operational radios used for shunting shall be able to be switched between the following two operating modes by a maintenance function:,"(M) mandatory, (O) optional, (I) informative"
S0517_recommended,S0517,PURE,2007-eirene_fun_7-2,The link assurance signal should be used to reassure the driver of the integrity of the member at the head of the shunting movement.,use the link assurance signal to reassure the driver of the integrity of the member at the head of the shunting movement,recommended,The system SHOULD use the link assurance signal to reassure the driver of the integrity of the member at the head of the shunting movement.,The system MUST use the link assurance signal to reassure the driver of the integrity of the member at the head of the shunting movement.,MUST,no,0,recommended,2,0.67,"EIRENE Functional Requirements Specification, version 7",14.2.7,O,14 Shunting mode > 14.2 Functional requirements,14.2.6 (M): Operational radios used for shunting shall enable the link assurance signal to be activated and de-activated by the shunting group member.,14.2.8 (M): Operational radios used for shunting shall be able to be switched between the following two operating modes by a maintenance function:,"(M) mandatory, (O) optional, (I) informative"
S0517_optional,S0517,PURE,2007-eirene_fun_7-2,The link assurance signal should be used to reassure the driver of the integrity of the member at the head of the shunting movement.,use the link assurance signal to reassure the driver of the integrity of the member at the head of the shunting movement,optional,The system MAY use the link assurance signal to reassure the driver of the integrity of the member at the head of the shunting movement.,The system MUST use the link assurance signal to reassure the driver of the integrity of the member at the head of the shunting movement.,MUST,no,0,optional,1,0.33,"EIRENE Functional Requirements Specification, version 7",14.2.7,O,14 Shunting mode > 14.2 Functional requirements,14.2.6 (M): Operational radios used for shunting shall enable the link assurance signal to be activated and de-activated by the shunting group member.,14.2.8 (M): Operational radios used for shunting shall be able to be switched between the following two operating modes by a maintenance function:,"(M) mandatory, (O) optional, (I) informative"
S0517_nice_to_have,S0517,PURE,2007-eirene_fun_7-2,The link assurance signal should be used to reassure the driver of the integrity of the member at the head of the shunting movement.,use the link assurance signal to reassure the driver of the integrity of the member at the head of the shunting movement,nice_to_have,It would be useful if the system could use the link assurance signal to reassure the driver of the integrity of the member at the head of the shunting movement.,The system MUST use the link assurance signal to reassure the driver of the integrity of the member at the head of the shunting movement.,MUST,no,0,nice_to_have,0,0.0,"EIRENE Functional Requirements Specification, version 7",14.2.7,O,14 Shunting mode > 14.2 Functional requirements,14.2.6 (M): Operational radios used for shunting shall enable the link assurance signal to be activated and de-activated by the shunting group member.,14.2.8 (M): Operational radios used for shunting shall be able to be switched between the following two operating modes by a maintenance function:,"(M) mandatory, (O) optional, (I) informative"
S0541_mandatory,S0541,PURE,2007-ertms,ETCS shall provide the driver with information to allow him to drive the train safely.,provide the driver with ETCS information for driving the train safely,mandatory,The system MUST provide the driver with ETCS information for driving the train safely.,The system MUST provide the driver with ETCS information for driving the train safely.,MUST,yes,1,mandatory,3,1.0,"ERTMS/ETCS Functional Requirements Specification, version 5.0",3.1.1.1a,M,General requirements > Basic functioning,,3.1.1.1b (M): ETCS shall be able to supervise train and shunting movements.,"(M) mandatory, (O) optional"
S0541_recommended,S0541,PURE,2007-ertms,ETCS shall provide the driver with information to allow him to drive the train safely.,provide the driver with ETCS information for driving the train safely,recommended,The system SHOULD provide the driver with ETCS information for driving the train safely.,The system MUST provide the driver with ETCS information for driving the train safely.,MUST,no,0,recommended,2,0.67,"ERTMS/ETCS Functional Requirements Specification, version 5.0",3.1.1.1a,M,General requirements > Basic functioning,,3.1.1.1b (M): ETCS shall be able to supervise train and shunting movements.,"(M) mandatory, (O) optional"
S0541_optional,S0541,PURE,2007-ertms,ETCS shall provide the driver with information to allow him to drive the train safely.,provide the driver with ETCS information for driving the train safely,optional,The system MAY provide the driver with ETCS information for driving the train safely.,The system MUST provide the driver with ETCS information for driving the train safely.,MUST,no,0,optional,1,0.33,"ERTMS/ETCS Functional Requirements Specification, version 5.0",3.1.1.1a,M,General requirements > Basic functioning,,3.1.1.1b (M): ETCS shall be able to supervise train and shunting movements.,"(M) mandatory, (O) optional"
S0541_nice_to_have,S0541,PURE,2007-ertms,ETCS shall provide the driver with information to allow him to drive the train safely.,provide the driver with ETCS information for driving the train safely,nice_to_have,It would be useful if the system could provide the driver with ETCS information for driving the train safely.,The system MUST provide the driver with ETCS information for driving the train safely.,MUST,no,0,nice_to_have,0,0.0,"ERTMS/ETCS Functional Requirements Specification, version 5.0",3.1.1.1a,M,General requirements > Basic functioning,,3.1.1.1b (M): ETCS shall be able to supervise train and shunting movements.,"(M) mandatory, (O) optional"
S0544_mandatory,S0544,PURE,2007-ertms,ETCS is required to be functional to a maximum train speed of 500 km/h.,support ETCS operation up to a maximum train speed of 500 km/h,mandatory,The system MUST support ETCS operation up to a maximum train speed of 500 km/h.,The system MUST support ETCS operation up to a maximum train speed of 500 km/h.,MUST,yes,1,mandatory,3,1.0,"ERTMS/ETCS Functional Requirements Specification, version 5.0",3.1.1.10,M,General requirements > Basic functioning,3.1.1.1c (M): If the supervision is performed by a RBC it shall be possible to prevent movements of a traction unit in its area if not authorised by the RBC.,"3.2.1.3a (M): The following definitions shall apply for the ETCS application levels: Level 0: ETCS active for limited train control function; trackside not fitted with any train control system or fitted with a train control system for which no STM is available onboard. Level 1: Basic track to train information via intermittent transmission media, e.g. balises. This information can be supported by infill, transmitted via balise, loop or radio. Level 2: Basic track to train and train to track information via continuous transmission media, i.e. radio. The train detection is provided by trackside. Level 3: Same as level 2 except that train integrity is provided by onboard and therefore trackside. train detection is optional. Level STM (Specific Transmission Module): Track to train information provided by national system. Onboard functions provided by national system (STM) in co-operation with onboard ETCS.","(M) mandatory, (O) optional"
S0544_recommended,S0544,PURE,2007-ertms,ETCS is required to be functional to a maximum train speed of 500 km/h.,support ETCS operation up to a maximum train speed of 500 km/h,recommended,The system SHOULD support ETCS operation up to a maximum train speed of 500 km/h.,The system MUST support ETCS operation up to a maximum train speed of 500 km/h.,MUST,no,0,recommended,2,0.67,"ERTMS/ETCS Functional Requirements Specification, version 5.0",3.1.1.10,M,General requirements > Basic functioning,3.1.1.1c (M): If the supervision is performed by a RBC it shall be possible to prevent movements of a traction unit in its area if not authorised by the RBC.,"3.2.1.3a (M): The following definitions shall apply for the ETCS application levels: Level 0: ETCS active for limited train control function; trackside not fitted with any train control system or fitted with a train control system for which no STM is available onboard. Level 1: Basic track to train information via intermittent transmission media, e.g. balises. This information can be supported by infill, transmitted via balise, loop or radio. Level 2: Basic track to train and train to track information via continuous transmission media, i.e. radio. The train detection is provided by trackside. Level 3: Same as level 2 except that train integrity is provided by onboard and therefore trackside. train detection is optional. Level STM (Specific Transmission Module): Track to train information provided by national system. Onboard functions provided by national system (STM) in co-operation with onboard ETCS.","(M) mandatory, (O) optional"
S0544_optional,S0544,PURE,2007-ertms,ETCS is required to be functional to a maximum train speed of 500 km/h.,support ETCS operation up to a maximum train speed of 500 km/h,optional,The system MAY support ETCS operation up to a maximum train speed of 500 km/h.,The system MUST support ETCS operation up to a maximum train speed of 500 km/h.,MUST,no,0,optional,1,0.33,"ERTMS/ETCS Functional Requirements Specification, version 5.0",3.1.1.10,M,General requirements > Basic functioning,3.1.1.1c (M): If the supervision is performed by a RBC it shall be possible to prevent movements of a traction unit in its area if not authorised by the RBC.,"3.2.1.3a (M): The following definitions shall apply for the ETCS application levels: Level 0: ETCS active for limited train control function; trackside not fitted with any train control system or fitted with a train control system for which no STM is available onboard. Level 1: Basic track to train information via intermittent transmission media, e.g. balises. This information can be supported by infill, transmitted via balise, loop or radio. Level 2: Basic track to train and train to track information via continuous transmission media, i.e. radio. The train detection is provided by trackside. Level 3: Same as level 2 except that train integrity is provided by onboard and therefore trackside. train detection is optional. Level STM (Specific Transmission Module): Track to train information provided by national system. Onboard functions provided by national system (STM) in co-operation with onboard ETCS.","(M) mandatory, (O) optional"
S0544_nice_to_have,S0544,PURE,2007-ertms,ETCS is required to be functional to a maximum train speed of 500 km/h.,support ETCS operation up to a maximum train speed of 500 km/h,nice_to_have,It would be useful if the system could support ETCS operation up to a maximum train speed of 500 km/h.,The system MUST support ETCS operation up to a maximum train speed of 500 km/h.,MUST,no,0,nice_to_have,0,0.0,"ERTMS/ETCS Functional Requirements Specification, version 5.0",3.1.1.10,M,General requirements > Basic functioning,3.1.1.1c (M): If the supervision is performed by a RBC it shall be possible to prevent movements of a traction unit in its area if not authorised by the RBC.,"3.2.1.3a (M): The following definitions shall apply for the ETCS application levels: Level 0: ETCS active for limited train control function; trackside not fitted with any train control system or fitted with a train control system for which no STM is available onboard. Level 1: Basic track to train information via intermittent transmission media, e.g. balises. This information can be supported by infill, transmitted via balise, loop or radio. Level 2: Basic track to train and train to track information via continuous transmission media, i.e. radio. The train detection is provided by trackside. Level 3: Same as level 2 except that train integrity is provided by onboard and therefore trackside. train detection is optional. Level STM (Specific Transmission Module): Track to train information provided by national system. Onboard functions provided by national system (STM) in co-operation with onboard ETCS.","(M) mandatory, (O) optional"
S0560_mandatory,S0560,PURE,2007-ertms,The current operational status shall be indicated to the driver on the DMI,indicate the current operational status to the driver on the DMI,mandatory,The system MUST indicate the current operational status to the driver on the DMI.,The system MUST indicate the current operational status to the driver on the DMI.,MUST,yes,1,mandatory,3,1.0,"ERTMS/ETCS Functional Requirements Specification, version 5.0",3.9.1.6,M,General requirements > Operational states,"3.9.1.5 (M): If an ETCS equipped train passes a level transition to one or more levels for which it is not equipped, ETCS shall initiate a brake application.",3.10.1.1 (M): The ETCS on-board shall be capable of receiving National values from the trackside to adapt to National requirements,"(M) mandatory, (O) optional"
S0560_recommended,S0560,PURE,2007-ertms,The current operational status shall be indicated to the driver on the DMI,indicate the current operational status to the driver on the DMI,recommended,The system SHOULD indicate the current operational status to the driver on the DMI.,The system MUST indicate the current operational status to the driver on the DMI.,MUST,no,0,recommended,2,0.67,"ERTMS/ETCS Functional Requirements Specification, version 5.0",3.9.1.6,M,General requirements > Operational states,"3.9.1.5 (M): If an ETCS equipped train passes a level transition to one or more levels for which it is not equipped, ETCS shall initiate a brake application.",3.10.1.1 (M): The ETCS on-board shall be capable of receiving National values from the trackside to adapt to National requirements,"(M) mandatory, (O) optional"
S0560_optional,S0560,PURE,2007-ertms,The current operational status shall be indicated to the driver on the DMI,indicate the current operational status to the driver on the DMI,optional,The system MAY indicate the current operational status to the driver on the DMI.,The system MUST indicate the current operational status to the driver on the DMI.,MUST,no,0,optional,1,0.33,"ERTMS/ETCS Functional Requirements Specification, version 5.0",3.9.1.6,M,General requirements > Operational states,"3.9.1.5 (M): If an ETCS equipped train passes a level transition to one or more levels for which it is not equipped, ETCS shall initiate a brake application.",3.10.1.1 (M): The ETCS on-board shall be capable of receiving National values from the trackside to adapt to National requirements,"(M) mandatory, (O) optional"
S0560_nice_to_have,S0560,PURE,2007-ertms,The current operational status shall be indicated to the driver on the DMI,indicate the current operational status to the driver on the DMI,nice_to_have,It would be useful if the system could indicate the current operational status to the driver on the DMI.,The system MUST indicate the current operational status to the driver on the DMI.,MUST,no,0,nice_to_have,0,0.0,"ERTMS/ETCS Functional Requirements Specification, version 5.0",3.9.1.6,M,General requirements > Operational states,"3.9.1.5 (M): If an ETCS equipped train passes a level transition to one or more levels for which it is not equipped, ETCS shall initiate a brake application.",3.10.1.1 (M): The ETCS on-board shall be capable of receiving National values from the trackside to adapt to National requirements,"(M) mandatory, (O) optional"
S0562_mandatory,S0562,PURE,2007-ertms,National values shall be applicable to a defined area,apply national values to a defined area,mandatory,The system MUST apply national values to a defined area.,The system MUST apply national values to a defined area.,MUST,yes,1,mandatory,3,1.0,"ERTMS/ETCS Functional Requirements Specification, version 5.0",3.10.1.3,M,General requirements > National values,3.10.1.1 (M): The ETCS on-board shall be capable of receiving National values from the trackside to adapt to National requirements,3.10.1.6 (M): Once received onboard the national values shall remain valid even if the onboard equipment is switched off,"(M) mandatory, (O) optional"
S0562_recommended,S0562,PURE,2007-ertms,National values shall be applicable to a defined area,apply national values to a defined area,recommended,The system SHOULD apply national values to a defined area.,The system MUST apply national values to a defined area.,MUST,no,0,recommended,2,0.67,"ERTMS/ETCS Functional Requirements Specification, version 5.0",3.10.1.3,M,General requirements > National values,3.10.1.1 (M): The ETCS on-board shall be capable of receiving National values from the trackside to adapt to National requirements,3.10.1.6 (M): Once received onboard the national values shall remain valid even if the onboard equipment is switched off,"(M) mandatory, (O) optional"
S0562_optional,S0562,PURE,2007-ertms,National values shall be applicable to a defined area,apply national values to a defined area,optional,The system MAY apply national values to a defined area.,The system MUST apply national values to a defined area.,MUST,no,0,optional,1,0.33,"ERTMS/ETCS Functional Requirements Specification, version 5.0",3.10.1.3,M,General requirements > National values,3.10.1.1 (M): The ETCS on-board shall be capable of receiving National values from the trackside to adapt to National requirements,3.10.1.6 (M): Once received onboard the national values shall remain valid even if the onboard equipment is switched off,"(M) mandatory, (O) optional"
S0562_nice_to_have,S0562,PURE,2007-ertms,National values shall be applicable to a defined area,apply national values to a defined area,nice_to_have,It would be useful if the system could apply national values to a defined area.,The system MUST apply national values to a defined area.,MUST,no,0,nice_to_have,0,0.0,"ERTMS/ETCS Functional Requirements Specification, version 5.0",3.10.1.3,M,General requirements > National values,3.10.1.1 (M): The ETCS on-board shall be capable of receiving National values from the trackside to adapt to National requirements,3.10.1.6 (M): Once received onboard the national values shall remain valid even if the onboard equipment is switched off,"(M) mandatory, (O) optional"
S0563_mandatory,S0563,PURE,2007-ertms,Once received onboard the national values shall remain valid even if the onboard equipment is switched off,retain the validity of national values received onboard even if the onboard equipment is switched off,mandatory,The system MUST retain the validity of national values received onboard even if the onboard equipment is switched off.,The system MUST retain the validity of national values received onboard even if the onboard equipment is switched off.,MUST,yes,1,mandatory,3,1.0,"ERTMS/ETCS Functional Requirements Specification, version 5.0",3.10.1.6,M,General requirements > National values,3.10.1.3 (M): National values shall be applicable to a defined area,"3.10.1.1 (M): If the on-board has no valid national values for the current location, default values shall be used by the onboard equipment.","(M) mandatory, (O) optional"
S0563_recommended,S0563,PURE,2007-ertms,Once received onboard the national values shall remain valid even if the onboard equipment is switched off,retain the validity of national values received onboard even if the onboard equipment is switched off,recommended,The system SHOULD retain the validity of national values received onboard even if the onboard equipment is switched off.,The system MUST retain the validity of national values received onboard even if the onboard equipment is switched off.,MUST,no,0,recommended,2,0.67,"ERTMS/ETCS Functional Requirements Specification, version 5.0",3.10.1.6,M,General requirements > National values,3.10.1.3 (M): National values shall be applicable to a defined area,"3.10.1.1 (M): If the on-board has no valid national values for the current location, default values shall be used by the onboard equipment.","(M) mandatory, (O) optional"
S0563_optional,S0563,PURE,2007-ertms,Once received onboard the national values shall remain valid even if the onboard equipment is switched off,retain the validity of national values received onboard even if the onboard equipment is switched off,optional,The system MAY retain the validity of national values received onboard even if the onboard equipment is switched off.,The system MUST retain the validity of national values received onboard even if the onboard equipment is switched off.,MUST,no,0,optional,1,0.33,"ERTMS/ETCS Functional Requirements Specification, version 5.0",3.10.1.6,M,General requirements > National values,3.10.1.3 (M): National values shall be applicable to a defined area,"3.10.1.1 (M): If the on-board has no valid national values for the current location, default values shall be used by the onboard equipment.","(M) mandatory, (O) optional"
S0563_nice_to_have,S0563,PURE,2007-ertms,Once received onboard the national values shall remain valid even if the onboard equipment is switched off,retain the validity of national values received onboard even if the onboard equipment is switched off,nice_to_have,It would be useful if the system could retain the validity of national values received onboard even if the onboard equipment is switched off.,The system MUST retain the validity of national values received onboard even if the onboard equipment is switched off.,MUST,no,0,nice_to_have,0,0.0,"ERTMS/ETCS Functional Requirements Specification, version 5.0",3.10.1.6,M,General requirements > National values,3.10.1.3 (M): National values shall be applicable to a defined area,"3.10.1.1 (M): If the on-board has no valid national values for the current location, default values shall be used by the onboard equipment.","(M) mandatory, (O) optional"
S0565_mandatory,S0565,PURE,2007-ertms,"Default values shall be harmonised values, permanently stored in all ERTMS/ETCS on board equipment",permanently store harmonised default values in all ERTMS/ETCS onboard equipment,mandatory,The system MUST permanently store harmonised default values in all ERTMS/ETCS onboard equipment.,The system MUST permanently store harmonised default values in all ERTMS/ETCS onboard equipment.,MUST,yes,1,mandatory,3,1.0,"ERTMS/ETCS Functional Requirements Specification, version 5.0",3.10.1.2,M,General requirements > Default values for the national values,"3.10.1.1 (M): If the on-board has no valid national values for the current location, default values shall be used by the onboard equipment.","4.1.1.3a (M): At Start Up, the on board equipment shall perform an automatic self-test.","(M) mandatory, (O) optional"
S0565_recommended,S0565,PURE,2007-ertms,"Default values shall be harmonised values, permanently stored in all ERTMS/ETCS on board equipment",permanently store harmonised default values in all ERTMS/ETCS onboard equipment,recommended,The system SHOULD permanently store harmonised default values in all ERTMS/ETCS onboard equipment.,The system MUST permanently store harmonised default values in all ERTMS/ETCS onboard equipment.,MUST,no,0,recommended,2,0.67,"ERTMS/ETCS Functional Requirements Specification, version 5.0",3.10.1.2,M,General requirements > Default values for the national values,"3.10.1.1 (M): If the on-board has no valid national values for the current location, default values shall be used by the onboard equipment.","4.1.1.3a (M): At Start Up, the on board equipment shall perform an automatic self-test.","(M) mandatory, (O) optional"
S0565_optional,S0565,PURE,2007-ertms,"Default values shall be harmonised values, permanently stored in all ERTMS/ETCS on board equipment",permanently store harmonised default values in all ERTMS/ETCS onboard equipment,optional,The system MAY permanently store harmonised default values in all ERTMS/ETCS onboard equipment.,The system MUST permanently store harmonised default values in all ERTMS/ETCS onboard equipment.,MUST,no,0,optional,1,0.33,"ERTMS/ETCS Functional Requirements Specification, version 5.0",3.10.1.2,M,General requirements > Default values for the national values,"3.10.1.1 (M): If the on-board has no valid national values for the current location, default values shall be used by the onboard equipment.","4.1.1.3a (M): At Start Up, the on board equipment shall perform an automatic self-test.","(M) mandatory, (O) optional"
S0565_nice_to_have,S0565,PURE,2007-ertms,"Default values shall be harmonised values, permanently stored in all ERTMS/ETCS on board equipment",permanently store harmonised default values in all ERTMS/ETCS onboard equipment,nice_to_have,It would be useful if the system could permanently store harmonised default values in all ERTMS/ETCS onboard equipment.,The system MUST permanently store harmonised default values in all ERTMS/ETCS onboard equipment.,MUST,no,0,nice_to_have,0,0.0,"ERTMS/ETCS Functional Requirements Specification, version 5.0",3.10.1.2,M,General requirements > Default values for the national values,"3.10.1.1 (M): If the on-board has no valid national values for the current location, default values shall be used by the onboard equipment.","4.1.1.3a (M): At Start Up, the on board equipment shall perform an automatic self-test.","(M) mandatory, (O) optional"
S0568_mandatory,S0568,PURE,2007-ertms,The DMI shall indicate the result of the self-test.,indicate the self-test result on the DMI,mandatory,The system MUST indicate the self-test result on the DMI.,The system MUST indicate the self-test result on the DMI.,MUST,yes,1,mandatory,3,1.0,"ERTMS/ETCS Functional Requirements Specification, version 5.0",4.1.1.4c,M,Functions > Operational Functions > On Board Equipment self Test,4.1.1.4b (M): The test shall require no action on the part of the driver.,4.1.2.1a (M): Train data shall be entered before the on-board ETCS equipment allows train movement.,"(M) mandatory, (O) optional"
S0568_recommended,S0568,PURE,2007-ertms,The DMI shall indicate the result of the self-test.,indicate the self-test result on the DMI,recommended,The system SHOULD indicate the self-test result on the DMI.,The system MUST indicate the self-test result on the DMI.,MUST,no,0,recommended,2,0.67,"ERTMS/ETCS Functional Requirements Specification, version 5.0",4.1.1.4c,M,Functions > Operational Functions > On Board Equipment self Test,4.1.1.4b (M): The test shall require no action on the part of the driver.,4.1.2.1a (M): Train data shall be entered before the on-board ETCS equipment allows train movement.,"(M) mandatory, (O) optional"
S0568_optional,S0568,PURE,2007-ertms,The DMI shall indicate the result of the self-test.,indicate the self-test result on the DMI,optional,The system MAY indicate the self-test result on the DMI.,The system MUST indicate the self-test result on the DMI.,MUST,no,0,optional,1,0.33,"ERTMS/ETCS Functional Requirements Specification, version 5.0",4.1.1.4c,M,Functions > Operational Functions > On Board Equipment self Test,4.1.1.4b (M): The test shall require no action on the part of the driver.,4.1.2.1a (M): Train data shall be entered before the on-board ETCS equipment allows train movement.,"(M) mandatory, (O) optional"
S0568_nice_to_have,S0568,PURE,2007-ertms,The DMI shall indicate the result of the self-test.,indicate the self-test result on the DMI,nice_to_have,It would be useful if the system could indicate the self-test result on the DMI.,The system MUST indicate the self-test result on the DMI.,MUST,no,0,nice_to_have,0,0.0,"ERTMS/ETCS Functional Requirements Specification, version 5.0",4.1.1.4c,M,Functions > Operational Functions > On Board Equipment self Test,4.1.1.4b (M): The test shall require no action on the part of the driver.,4.1.2.1a (M): Train data shall be entered before the on-board ETCS equipment allows train movement.,"(M) mandatory, (O) optional"
S0569_mandatory,S0569,PURE,2007-ertms,Train data shall be entered before the on-board ETCS equipment allows train movement.,require train-data entry before the onboard ETCS equipment allows train movement,mandatory,The system MUST require train-data entry before the onboard ETCS equipment allows train movement.,The system MUST require train-data entry before the onboard ETCS equipment allows train movement.,MUST,yes,1,mandatory,3,1.0,"ERTMS/ETCS Functional Requirements Specification, version 5.0",4.1.2.1a,M,Functions > Operational Functions > Train and driver Data Entry,4.1.1.4c (M): The DMI shall indicate the result of the self-test.,4.1.2.2 (M): The driver shall be able to select Train Data Entry on the DMI.,"(M) mandatory, (O) optional"
S0569_recommended,S0569,PURE,2007-ertms,Train data shall be entered before the on-board ETCS equipment allows train movement.,require train-data entry before the onboard ETCS equipment allows train movement,recommended,The system SHOULD require train-data entry before the onboard ETCS equipment allows train movement.,The system MUST require train-data entry before the onboard ETCS equipment allows train movement.,MUST,no,0,recommended,2,0.67,"ERTMS/ETCS Functional Requirements Specification, version 5.0",4.1.2.1a,M,Functions > Operational Functions > Train and driver Data Entry,4.1.1.4c (M): The DMI shall indicate the result of the self-test.,4.1.2.2 (M): The driver shall be able to select Train Data Entry on the DMI.,"(M) mandatory, (O) optional"
S0569_optional,S0569,PURE,2007-ertms,Train data shall be entered before the on-board ETCS equipment allows train movement.,require train-data entry before the onboard ETCS equipment allows train movement,optional,The system MAY require train-data entry before the onboard ETCS equipment allows train movement.,The system MUST require train-data entry before the onboard ETCS equipment allows train movement.,MUST,no,0,optional,1,0.33,"ERTMS/ETCS Functional Requirements Specification, version 5.0",4.1.2.1a,M,Functions > Operational Functions > Train and driver Data Entry,4.1.1.4c (M): The DMI shall indicate the result of the self-test.,4.1.2.2 (M): The driver shall be able to select Train Data Entry on the DMI.,"(M) mandatory, (O) optional"
S0569_nice_to_have,S0569,PURE,2007-ertms,Train data shall be entered before the on-board ETCS equipment allows train movement.,require train-data entry before the onboard ETCS equipment allows train movement,nice_to_have,It would be useful if the system could require train-data entry before the onboard ETCS equipment allows train movement.,The system MUST require train-data entry before the onboard ETCS equipment allows train movement.,MUST,no,0,nice_to_have,0,0.0,"ERTMS/ETCS Functional Requirements Specification, version 5.0",4.1.2.1a,M,Functions > Operational Functions > Train and driver Data Entry,4.1.1.4c (M): The DMI shall indicate the result of the self-test.,4.1.2.2 (M): The driver shall be able to select Train Data Entry on the DMI.,"(M) mandatory, (O) optional"
S0571_mandatory,S0571,PURE,2007-ertms,Entering or overwriting data manually by the driver shall be possible but only when stationary.,allow the driver to enter or overwrite data manually only when the train is stationary,mandatory,The system MUST allow the driver to enter or overwrite data manually only when the train is stationary.,The system MUST allow the driver to enter or overwrite data manually only when the train is stationary.,MUST,yes,1,mandatory,3,1.0,"ERTMS/ETCS Functional Requirements Specification, version 5.0",4.1.2.3a,M,Functions > Operational Functions > Train and driver Data Entry,4.1.2.2 (M): The driver shall be able to select Train Data Entry on the DMI.,4.1.2.5a (O): Train data may be entered automatically from a railway management system or from train memory.,"(M) mandatory, (O) optional"
S0571_recommended,S0571,PURE,2007-ertms,Entering or overwriting data manually by the driver shall be possible but only when stationary.,allow the driver to enter or overwrite data manually only when the train is stationary,recommended,The system SHOULD allow the driver to enter or overwrite data manually only when the train is stationary.,The system MUST allow the driver to enter or overwrite data manually only when the train is stationary.,MUST,no,0,recommended,2,0.67,"ERTMS/ETCS Functional Requirements Specification, version 5.0",4.1.2.3a,M,Functions > Operational Functions > Train and driver Data Entry,4.1.2.2 (M): The driver shall be able to select Train Data Entry on the DMI.,4.1.2.5a (O): Train data may be entered automatically from a railway management system or from train memory.,"(M) mandatory, (O) optional"
S0571_optional,S0571,PURE,2007-ertms,Entering or overwriting data manually by the driver shall be possible but only when stationary.,allow the driver to enter or overwrite data manually only when the train is stationary,optional,The system MAY allow the driver to enter or overwrite data manually only when the train is stationary.,The system MUST allow the driver to enter or overwrite data manually only when the train is stationary.,MUST,no,0,optional,1,0.33,"ERTMS/ETCS Functional Requirements Specification, version 5.0",4.1.2.3a,M,Functions > Operational Functions > Train and driver Data Entry,4.1.2.2 (M): The driver shall be able to select Train Data Entry on the DMI.,4.1.2.5a (O): Train data may be entered automatically from a railway management system or from train memory.,"(M) mandatory, (O) optional"
S0571_nice_to_have,S0571,PURE,2007-ertms,Entering or overwriting data manually by the driver shall be possible but only when stationary.,allow the driver to enter or overwrite data manually only when the train is stationary,nice_to_have,It would be useful if the system could allow the driver to enter or overwrite data manually only when the train is stationary.,The system MUST allow the driver to enter or overwrite data manually only when the train is stationary.,MUST,no,0,nice_to_have,0,0.0,"ERTMS/ETCS Functional Requirements Specification, version 5.0",4.1.2.3a,M,Functions > Operational Functions > Train and driver Data Entry,4.1.2.2 (M): The driver shall be able to select Train Data Entry on the DMI.,4.1.2.5a (O): Train data may be entered automatically from a railway management system or from train memory.,"(M) mandatory, (O) optional"
S0572_mandatory,S0572,PURE,2007-ertms,Train data may be entered automatically from a railway management system or from train memory.,accept automatic train-data entry from a railway management system or train memory,mandatory,The system MUST accept automatic train-data entry from a railway management system or train memory.,The system MUST accept automatic train-data entry from a railway management system or train memory.,MUST,yes,1,mandatory,3,1.0,"ERTMS/ETCS Functional Requirements Specification, version 5.0",4.1.2.5a,O,Functions > Operational Functions > Train and driver Data Entry,4.1.2.3a (M): Entering or overwriting data manually by the driver shall be possible but only when stationary.,4.1.2.9 (M): The driver shall be able to consult train data when the train is stationary or moving.,"(M) mandatory, (O) optional"
S0572_recommended,S0572,PURE,2007-ertms,Train data may be entered automatically from a railway management system or from train memory.,accept automatic train-data entry from a railway management system or train memory,recommended,The system SHOULD accept automatic train-data entry from a railway management system or train memory.,The system MUST accept automatic train-data entry from a railway management system or train memory.,MUST,no,0,recommended,2,0.67,"ERTMS/ETCS Functional Requirements Specification, version 5.0",4.1.2.5a,O,Functions > Operational Functions > Train and driver Data Entry,4.1.2.3a (M): Entering or overwriting data manually by the driver shall be possible but only when stationary.,4.1.2.9 (M): The driver shall be able to consult train data when the train is stationary or moving.,"(M) mandatory, (O) optional"
S0572_optional,S0572,PURE,2007-ertms,Train data may be entered automatically from a railway management system or from train memory.,accept automatic train-data entry from a railway management system or train memory,optional,The system MAY accept automatic train-data entry from a railway management system or train memory.,The system MUST accept automatic train-data entry from a railway management system or train memory.,MUST,no,0,optional,1,0.33,"ERTMS/ETCS Functional Requirements Specification, version 5.0",4.1.2.5a,O,Functions > Operational Functions > Train and driver Data Entry,4.1.2.3a (M): Entering or overwriting data manually by the driver shall be possible but only when stationary.,4.1.2.9 (M): The driver shall be able to consult train data when the train is stationary or moving.,"(M) mandatory, (O) optional"
S0572_nice_to_have,S0572,PURE,2007-ertms,Train data may be entered automatically from a railway management system or from train memory.,accept automatic train-data entry from a railway management system or train memory,nice_to_have,It would be useful if the system could accept automatic train-data entry from a railway management system or train memory.,The system MUST accept automatic train-data entry from a railway management system or train memory.,MUST,no,0,nice_to_have,0,0.0,"ERTMS/ETCS Functional Requirements Specification, version 5.0",4.1.2.5a,O,Functions > Operational Functions > Train and driver Data Entry,4.1.2.3a (M): Entering or overwriting data manually by the driver shall be possible but only when stationary.,4.1.2.9 (M): The driver shall be able to consult train data when the train is stationary or moving.,"(M) mandatory, (O) optional"
S0577_mandatory,S0577,PURE,2007-ertms,The entry of driver identification and the selection of the language shall be possible.,allow entry of driver identification and selection of the language,mandatory,The system MUST allow entry of driver identification and selection of the language.,The system MUST allow entry of driver identification and selection of the language.,MUST,yes,1,mandatory,3,1.0,"ERTMS/ETCS Functional Requirements Specification, version 5.0",4.1.2.14a,M,Functions > Operational Functions > Train and driver Data Entry,"4.1.2.13 (M): The system for Train Data Entry shall provide for the input of other data required by STMs connected to ETCS. This may require additional items, not required for ETCS, to be entered.",4.1.2.14b (M): The change of driver identification during a journey or a Train Running Number shall be possible,"(M) mandatory, (O) optional"
S0577_recommended,S0577,PURE,2007-ertms,The entry of driver identification and the selection of the language shall be possible.,allow entry of driver identification and selection of the language,recommended,The system SHOULD allow entry of driver identification and selection of the language.,The system MUST allow entry of driver identification and selection of the language.,MUST,no,0,recommended,2,0.67,"ERTMS/ETCS Functional Requirements Specification, version 5.0",4.1.2.14a,M,Functions > Operational Functions > Train and driver Data Entry,"4.1.2.13 (M): The system for Train Data Entry shall provide for the input of other data required by STMs connected to ETCS. This may require additional items, not required for ETCS, to be entered.",4.1.2.14b (M): The change of driver identification during a journey or a Train Running Number shall be possible,"(M) mandatory, (O) optional"
S0577_optional,S0577,PURE,2007-ertms,The entry of driver identification and the selection of the language shall be possible.,allow entry of driver identification and selection of the language,optional,The system MAY allow entry of driver identification and selection of the language.,The system MUST allow entry of driver identification and selection of the language.,MUST,no,0,optional,1,0.33,"ERTMS/ETCS Functional Requirements Specification, version 5.0",4.1.2.14a,M,Functions > Operational Functions > Train and driver Data Entry,"4.1.2.13 (M): The system for Train Data Entry shall provide for the input of other data required by STMs connected to ETCS. This may require additional items, not required for ETCS, to be entered.",4.1.2.14b (M): The change of driver identification during a journey or a Train Running Number shall be possible,"(M) mandatory, (O) optional"
S0577_nice_to_have,S0577,PURE,2007-ertms,The entry of driver identification and the selection of the language shall be possible.,allow entry of driver identification and selection of the language,nice_to_have,It would be useful if the system could allow entry of driver identification and selection of the language.,The system MUST allow entry of driver identification and selection of the language.,MUST,no,0,nice_to_have,0,0.0,"ERTMS/ETCS Functional Requirements Specification, version 5.0",4.1.2.14a,M,Functions > Operational Functions > Train and driver Data Entry,"4.1.2.13 (M): The system for Train Data Entry shall provide for the input of other data required by STMs connected to ETCS. This may require additional items, not required for ETCS, to be entered.",4.1.2.14b (M): The change of driver identification during a journey or a Train Running Number shall be possible,"(M) mandatory, (O) optional"
S0578_mandatory,S0578,PURE,2007-ertms,The change of driver identification during a journey or a Train Running Number shall be possible,allow changes to driver identification during a journey or to a Train Running Number,mandatory,The system MUST allow changes to driver identification during a journey or to a Train Running Number.,The system MUST allow changes to driver identification during a journey or to a Train Running Number.,MUST,yes,1,mandatory,3,1.0,"ERTMS/ETCS Functional Requirements Specification, version 5.0",4.1.2.14b,M,Functions > Operational Functions > Train and driver Data Entry,4.1.2.14a (M): The entry of driver identification and the selection of the language shall be possible.,"4.1.2.15 (M): Following successful completion of Train Data Entry, the driver shall be able to perform shunting movements or train movements.","(M) mandatory, (O) optional"
S0578_recommended,S0578,PURE,2007-ertms,The change of driver identification during a journey or a Train Running Number shall be possible,allow changes to driver identification during a journey or to a Train Running Number,recommended,The system SHOULD allow changes to driver identification during a journey or to a Train Running Number.,The system MUST allow changes to driver identification during a journey or to a Train Running Number.,MUST,no,0,recommended,2,0.67,"ERTMS/ETCS Functional Requirements Specification, version 5.0",4.1.2.14b,M,Functions > Operational Functions > Train and driver Data Entry,4.1.2.14a (M): The entry of driver identification and the selection of the language shall be possible.,"4.1.2.15 (M): Following successful completion of Train Data Entry, the driver shall be able to perform shunting movements or train movements.","(M) mandatory, (O) optional"
S0578_optional,S0578,PURE,2007-ertms,The change of driver identification during a journey or a Train Running Number shall be possible,allow changes to driver identification during a journey or to a Train Running Number,optional,The system MAY allow changes to driver identification during a journey or to a Train Running Number.,The system MUST allow changes to driver identification during a journey or to a Train Running Number.,MUST,no,0,optional,1,0.33,"ERTMS/ETCS Functional Requirements Specification, version 5.0",4.1.2.14b,M,Functions > Operational Functions > Train and driver Data Entry,4.1.2.14a (M): The entry of driver identification and the selection of the language shall be possible.,"4.1.2.15 (M): Following successful completion of Train Data Entry, the driver shall be able to perform shunting movements or train movements.","(M) mandatory, (O) optional"
S0578_nice_to_have,S0578,PURE,2007-ertms,The change of driver identification during a journey or a Train Running Number shall be possible,allow changes to driver identification during a journey or to a Train Running Number,nice_to_have,It would be useful if the system could allow changes to driver identification during a journey or to a Train Running Number.,The system MUST allow changes to driver identification during a journey or to a Train Running Number.,MUST,no,0,nice_to_have,0,0.0,"ERTMS/ETCS Functional Requirements Specification, version 5.0",4.1.2.14b,M,Functions > Operational Functions > Train and driver Data Entry,4.1.2.14a (M): The entry of driver identification and the selection of the language shall be possible.,"4.1.2.15 (M): Following successful completion of Train Data Entry, the driver shall be able to perform shunting movements or train movements.","(M) mandatory, (O) optional"
S0579_mandatory,S0579,PURE,2007-ertms,"Following successful completion of Train Data Entry, the driver shall be able to perform shunting movements or train movements.",allow the driver to perform shunting or train movements after successful Train Data Entry,mandatory,The system MUST allow the driver to perform shunting or train movements after successful Train Data Entry.,The system MUST allow the driver to perform shunting or train movements after successful Train Data Entry.,MUST,yes,1,mandatory,3,1.0,"ERTMS/ETCS Functional Requirements Specification, version 5.0",4.1.2.15,M,Functions > Operational Functions > Train and driver Data Entry,4.1.2.14b (M): The change of driver identification during a journey or a Train Running Number shall be possible,"4.1.2.16 (M): The following data may be entered manually by the driver or from train memory: Driver identification Train identification (train number) STM ready for use Data required for brake calculation Maximum train speed Train length Status of air tight system Type of electric power accepted Data additional required for STM (if any) International train category Train gauge Maximum axle load of the train with a resolution of 0,5 t","(M) mandatory, (O) optional"
S0579_recommended,S0579,PURE,2007-ertms,"Following successful completion of Train Data Entry, the driver shall be able to perform shunting movements or train movements.",allow the driver to perform shunting or train movements after successful Train Data Entry,recommended,The system SHOULD allow the driver to perform shunting or train movements after successful Train Data Entry.,The system MUST allow the driver to perform shunting or train movements after successful Train Data Entry.,MUST,no,0,recommended,2,0.67,"ERTMS/ETCS Functional Requirements Specification, version 5.0",4.1.2.15,M,Functions > Operational Functions > Train and driver Data Entry,4.1.2.14b (M): The change of driver identification during a journey or a Train Running Number shall be possible,"4.1.2.16 (M): The following data may be entered manually by the driver or from train memory: Driver identification Train identification (train number) STM ready for use Data required for brake calculation Maximum train speed Train length Status of air tight system Type of electric power accepted Data additional required for STM (if any) International train category Train gauge Maximum axle load of the train with a resolution of 0,5 t","(M) mandatory, (O) optional"
S0579_optional,S0579,PURE,2007-ertms,"Following successful completion of Train Data Entry, the driver shall be able to perform shunting movements or train movements.",allow the driver to perform shunting or train movements after successful Train Data Entry,optional,The system MAY allow the driver to perform shunting or train movements after successful Train Data Entry.,The system MUST allow the driver to perform shunting or train movements after successful Train Data Entry.,MUST,no,0,optional,1,0.33,"ERTMS/ETCS Functional Requirements Specification, version 5.0",4.1.2.15,M,Functions > Operational Functions > Train and driver Data Entry,4.1.2.14b (M): The change of driver identification during a journey or a Train Running Number shall be possible,"4.1.2.16 (M): The following data may be entered manually by the driver or from train memory: Driver identification Train identification (train number) STM ready for use Data required for brake calculation Maximum train speed Train length Status of air tight system Type of electric power accepted Data additional required for STM (if any) International train category Train gauge Maximum axle load of the train with a resolution of 0,5 t","(M) mandatory, (O) optional"
S0579_nice_to_have,S0579,PURE,2007-ertms,"Following successful completion of Train Data Entry, the driver shall be able to perform shunting movements or train movements.",allow the driver to perform shunting or train movements after successful Train Data Entry,nice_to_have,It would be useful if the system could allow the driver to perform shunting or train movements after successful Train Data Entry.,The system MUST allow the driver to perform shunting or train movements after successful Train Data Entry.,MUST,no,0,nice_to_have,0,0.0,"ERTMS/ETCS Functional Requirements Specification, version 5.0",4.1.2.15,M,Functions > Operational Functions > Train and driver Data Entry,4.1.2.14b (M): The change of driver identification during a journey or a Train Running Number shall be possible,"4.1.2.16 (M): The following data may be entered manually by the driver or from train memory: Driver identification Train identification (train number) STM ready for use Data required for brake calculation Maximum train speed Train length Status of air tight system Type of electric power accepted Data additional required for STM (if any) International train category Train gauge Maximum axle load of the train with a resolution of 0,5 t","(M) mandatory, (O) optional"
S0582_mandatory,S0582,PURE,2007-ertms,If the onboard fails to contact the RBC when awakening the driver shall be asked to enter the RBC contact details,ask the driver to enter RBC contact details if the onboard equipment fails to contact the RBC when awakening,mandatory,The system MUST ask the driver to enter RBC contact details if the onboard equipment fails to contact the RBC when awakening.,The system MUST ask the driver to enter RBC contact details if the onboard equipment fails to contact the RBC when awakening.,MUST,yes,1,mandatory,3,1.0,"ERTMS/ETCS Functional Requirements Specification, version 5.0",4.1.2.17,M,Functions > Operational Functions > Train and driver Data Entry,"4.1.2.16 (O): The following data may be entered manually by the driver provided by external sources : Driver identification Train identification (train number) STM ready for use Data required for brake calculation Maximum train speed Train length Status of air tight system Type of electric power accepted Data additional required for STM (if any) International train category Train gauge Maximum axle load of the train with a resolution of 0,5 t","4.1.3.1 (M): An ETCS equipped traction unit shall be capable of being moved in Shunting without train data, track data or movement authority.","(M) mandatory, (O) optional"
S0582_recommended,S0582,PURE,2007-ertms,If the onboard fails to contact the RBC when awakening the driver shall be asked to enter the RBC contact details,ask the driver to enter RBC contact details if the onboard equipment fails to contact the RBC when awakening,recommended,The system SHOULD ask the driver to enter RBC contact details if the onboard equipment fails to contact the RBC when awakening.,The system MUST ask the driver to enter RBC contact details if the onboard equipment fails to contact the RBC when awakening.,MUST,no,0,recommended,2,0.67,"ERTMS/ETCS Functional Requirements Specification, version 5.0",4.1.2.17,M,Functions > Operational Functions > Train and driver Data Entry,"4.1.2.16 (O): The following data may be entered manually by the driver provided by external sources : Driver identification Train identification (train number) STM ready for use Data required for brake calculation Maximum train speed Train length Status of air tight system Type of electric power accepted Data additional required for STM (if any) International train category Train gauge Maximum axle load of the train with a resolution of 0,5 t","4.1.3.1 (M): An ETCS equipped traction unit shall be capable of being moved in Shunting without train data, track data or movement authority.","(M) mandatory, (O) optional"
S0582_optional,S0582,PURE,2007-ertms,If the onboard fails to contact the RBC when awakening the driver shall be asked to enter the RBC contact details,ask the driver to enter RBC contact details if the onboard equipment fails to contact the RBC when awakening,optional,The system MAY ask the driver to enter RBC contact details if the onboard equipment fails to contact the RBC when awakening.,The system MUST ask the driver to enter RBC contact details if the onboard equipment fails to contact the RBC when awakening.,MUST,no,0,optional,1,0.33,"ERTMS/ETCS Functional Requirements Specification, version 5.0",4.1.2.17,M,Functions > Operational Functions > Train and driver Data Entry,"4.1.2.16 (O): The following data may be entered manually by the driver provided by external sources : Driver identification Train identification (train number) STM ready for use Data required for brake calculation Maximum train speed Train length Status of air tight system Type of electric power accepted Data additional required for STM (if any) International train category Train gauge Maximum axle load of the train with a resolution of 0,5 t","4.1.3.1 (M): An ETCS equipped traction unit shall be capable of being moved in Shunting without train data, track data or movement authority.","(M) mandatory, (O) optional"
S0582_nice_to_have,S0582,PURE,2007-ertms,If the onboard fails to contact the RBC when awakening the driver shall be asked to enter the RBC contact details,ask the driver to enter RBC contact details if the onboard equipment fails to contact the RBC when awakening,nice_to_have,It would be useful if the system could ask the driver to enter RBC contact details if the onboard equipment fails to contact the RBC when awakening.,The system MUST ask the driver to enter RBC contact details if the onboard equipment fails to contact the RBC when awakening.,MUST,no,0,nice_to_have,0,0.0,"ERTMS/ETCS Functional Requirements Specification, version 5.0",4.1.2.17,M,Functions > Operational Functions > Train and driver Data Entry,"4.1.2.16 (O): The following data may be entered manually by the driver provided by external sources : Driver identification Train identification (train number) STM ready for use Data required for brake calculation Maximum train speed Train length Status of air tight system Type of electric power accepted Data additional required for STM (if any) International train category Train gauge Maximum axle load of the train with a resolution of 0,5 t","4.1.3.1 (M): An ETCS equipped traction unit shall be capable of being moved in Shunting without train data, track data or movement authority.","(M) mandatory, (O) optional"
S0584_mandatory,S0584,PURE,2007-ertms,Transfer to Shunting on driver’s selection shall only be possible when stationary.,allow transfer to Shunting on the driver's selection only when the train is stationary,mandatory,The system MUST allow transfer to Shunting on the driver's selection only when the train is stationary.,The system MUST allow transfer to Shunting on the driver's selection only when the train is stationary.,MUST,yes,1,mandatory,3,1.0,"ERTMS/ETCS Functional Requirements Specification, version 5.0",4.1.3.2a,M,Functions > Operational Functions > Shunting operation,"4.1.3.1 (M): An ETCS equipped traction unit shall be capable of being moved in Shunting without train data, track data or movement authority.",4.1.3.2c (M): To prevent unauthorised use of the function permission shall be obtained from the RBC if the train is operating under the control of the RBC.,"(M) mandatory, (O) optional"
S0584_recommended,S0584,PURE,2007-ertms,Transfer to Shunting on driver’s selection shall only be possible when stationary.,allow transfer to Shunting on the driver's selection only when the train is stationary,recommended,The system SHOULD allow transfer to Shunting on the driver's selection only when the train is stationary.,The system MUST allow transfer to Shunting on the driver's selection only when the train is stationary.,MUST,no,0,recommended,2,0.67,"ERTMS/ETCS Functional Requirements Specification, version 5.0",4.1.3.2a,M,Functions > Operational Functions > Shunting operation,"4.1.3.1 (M): An ETCS equipped traction unit shall be capable of being moved in Shunting without train data, track data or movement authority.",4.1.3.2c (M): To prevent unauthorised use of the function permission shall be obtained from the RBC if the train is operating under the control of the RBC.,"(M) mandatory, (O) optional"
S0584_optional,S0584,PURE,2007-ertms,Transfer to Shunting on driver’s selection shall only be possible when stationary.,allow transfer to Shunting on the driver's selection only when the train is stationary,optional,The system MAY allow transfer to Shunting on the driver's selection only when the train is stationary.,The system MUST allow transfer to Shunting on the driver's selection only when the train is stationary.,MUST,no,0,optional,1,0.33,"ERTMS/ETCS Functional Requirements Specification, version 5.0",4.1.3.2a,M,Functions > Operational Functions > Shunting operation,"4.1.3.1 (M): An ETCS equipped traction unit shall be capable of being moved in Shunting without train data, track data or movement authority.",4.1.3.2c (M): To prevent unauthorised use of the function permission shall be obtained from the RBC if the train is operating under the control of the RBC.,"(M) mandatory, (O) optional"
S0584_nice_to_have,S0584,PURE,2007-ertms,Transfer to Shunting on driver’s selection shall only be possible when stationary.,allow transfer to Shunting on the driver's selection only when the train is stationary,nice_to_have,It would be useful if the system could allow transfer to Shunting on the driver's selection only when the train is stationary.,The system MUST allow transfer to Shunting on the driver's selection only when the train is stationary.,MUST,no,0,nice_to_have,0,0.0,"ERTMS/ETCS Functional Requirements Specification, version 5.0",4.1.3.2a,M,Functions > Operational Functions > Shunting operation,"4.1.3.1 (M): An ETCS equipped traction unit shall be capable of being moved in Shunting without train data, track data or movement authority.",4.1.3.2c (M): To prevent unauthorised use of the function permission shall be obtained from the RBC if the train is operating under the control of the RBC.,"(M) mandatory, (O) optional"
S0585_mandatory,S0585,PURE,2007-ertms,To prevent unauthorised use of the function permission shall be obtained from the RBC if the train is operating under the control of the RBC.,obtain RBC permission for transfer to Shunting when the train operates under RBC control to prevent unauthorised use,mandatory,The system MUST obtain RBC permission for transfer to Shunting when the train operates under RBC control to prevent unauthorised use.,The system MUST obtain RBC permission for transfer to Shunting when the train operates under RBC control to prevent unauthorised use.,MUST,yes,1,mandatory,3,1.0,"ERTMS/ETCS Functional Requirements Specification, version 5.0",4.1.3.2c,M,Functions > Operational Functions > Shunting operation,4.1.3.2a (M): Transfer to Shunting on driver’s selection shall only be possible when stationary.,4.1.3.2d (M): Permission received shall be indicated to the driver.,"(M) mandatory, (O) optional"
S0585_recommended,S0585,PURE,2007-ertms,To prevent unauthorised use of the function permission shall be obtained from the RBC if the train is operating under the control of the RBC.,obtain RBC permission for transfer to Shunting when the train operates under RBC control to prevent unauthorised use,recommended,The system SHOULD obtain RBC permission for transfer to Shunting when the train operates under RBC control to prevent unauthorised use.,The system MUST obtain RBC permission for transfer to Shunting when the train operates under RBC control to prevent unauthorised use.,MUST,no,0,recommended,2,0.67,"ERTMS/ETCS Functional Requirements Specification, version 5.0",4.1.3.2c,M,Functions > Operational Functions > Shunting operation,4.1.3.2a (M): Transfer to Shunting on driver’s selection shall only be possible when stationary.,4.1.3.2d (M): Permission received shall be indicated to the driver.,"(M) mandatory, (O) optional"
S0585_optional,S0585,PURE,2007-ertms,To prevent unauthorised use of the function permission shall be obtained from the RBC if the train is operating under the control of the RBC.,obtain RBC permission for transfer to Shunting when the train operates under RBC control to prevent unauthorised use,optional,The system MAY obtain RBC permission for transfer to Shunting when the train operates under RBC control to prevent unauthorised use.,The system MUST obtain RBC permission for transfer to Shunting when the train operates under RBC control to prevent unauthorised use.,MUST,no,0,optional,1,0.33,"ERTMS/ETCS Functional Requirements Specification, version 5.0",4.1.3.2c,M,Functions > Operational Functions > Shunting operation,4.1.3.2a (M): Transfer to Shunting on driver’s selection shall only be possible when stationary.,4.1.3.2d (M): Permission received shall be indicated to the driver.,"(M) mandatory, (O) optional"
S0585_nice_to_have,S0585,PURE,2007-ertms,To prevent unauthorised use of the function permission shall be obtained from the RBC if the train is operating under the control of the RBC.,obtain RBC permission for transfer to Shunting when the train operates under RBC control to prevent unauthorised use,nice_to_have,It would be useful if the system could obtain RBC permission for transfer to Shunting when the train operates under RBC control to prevent unauthorised use.,The system MUST obtain RBC permission for transfer to Shunting when the train operates under RBC control to prevent unauthorised use.,MUST,no,0,nice_to_have,0,0.0,"ERTMS/ETCS Functional Requirements Specification, version 5.0",4.1.3.2c,M,Functions > Operational Functions > Shunting operation,4.1.3.2a (M): Transfer to Shunting on driver’s selection shall only be possible when stationary.,4.1.3.2d (M): Permission received shall be indicated to the driver.,"(M) mandatory, (O) optional"
S0586_mandatory,S0586,PURE,2007-ertms,Permission received shall be indicated to the driver.,indicate received RBC permission for transfer to Shunting to the driver,mandatory,The system MUST indicate received RBC permission for transfer to Shunting to the driver.,The system MUST indicate received RBC permission for transfer to Shunting to the driver.,MUST,yes,1,mandatory,3,1.0,"ERTMS/ETCS Functional Requirements Specification, version 5.0",4.1.3.2d,M,Functions > Operational Functions > Shunting operation,4.1.3.2c (M): To prevent unauthorised use of the function permission shall be obtained from the RBC if the train is operating under the control of the RBC.,"4.1.3.3 (M): It shall be possible to manually select Shunting from Stand By operation, Full Supervision operation or Partial Supervision operation","(M) mandatory, (O) optional"
S0586_recommended,S0586,PURE,2007-ertms,Permission received shall be indicated to the driver.,indicate received RBC permission for transfer to Shunting to the driver,recommended,The system SHOULD indicate received RBC permission for transfer to Shunting to the driver.,The system MUST indicate received RBC permission for transfer to Shunting to the driver.,MUST,no,0,recommended,2,0.67,"ERTMS/ETCS Functional Requirements Specification, version 5.0",4.1.3.2d,M,Functions > Operational Functions > Shunting operation,4.1.3.2c (M): To prevent unauthorised use of the function permission shall be obtained from the RBC if the train is operating under the control of the RBC.,"4.1.3.3 (M): It shall be possible to manually select Shunting from Stand By operation, Full Supervision operation or Partial Supervision operation","(M) mandatory, (O) optional"
S0586_optional,S0586,PURE,2007-ertms,Permission received shall be indicated to the driver.,indicate received RBC permission for transfer to Shunting to the driver,optional,The system MAY indicate received RBC permission for transfer to Shunting to the driver.,The system MUST indicate received RBC permission for transfer to Shunting to the driver.,MUST,no,0,optional,1,0.33,"ERTMS/ETCS Functional Requirements Specification, version 5.0",4.1.3.2d,M,Functions > Operational Functions > Shunting operation,4.1.3.2c (M): To prevent unauthorised use of the function permission shall be obtained from the RBC if the train is operating under the control of the RBC.,"4.1.3.3 (M): It shall be possible to manually select Shunting from Stand By operation, Full Supervision operation or Partial Supervision operation","(M) mandatory, (O) optional"
S0586_nice_to_have,S0586,PURE,2007-ertms,Permission received shall be indicated to the driver.,indicate received RBC permission for transfer to Shunting to the driver,nice_to_have,It would be useful if the system could indicate received RBC permission for transfer to Shunting to the driver.,The system MUST indicate received RBC permission for transfer to Shunting to the driver.,MUST,no,0,nice_to_have,0,0.0,"ERTMS/ETCS Functional Requirements Specification, version 5.0",4.1.3.2d,M,Functions > Operational Functions > Shunting operation,4.1.3.2c (M): To prevent unauthorised use of the function permission shall be obtained from the RBC if the train is operating under the control of the RBC.,"4.1.3.3 (M): It shall be possible to manually select Shunting from Stand By operation, Full Supervision operation or Partial Supervision operation","(M) mandatory, (O) optional"
S0590_mandatory,S0590,PURE,2007-ertms,ETCS shall supervise Shunting operation to a permitted national speed value.,supervise Shunting operation with ETCS up to the permitted national speed value,mandatory,The system MUST supervise Shunting operation with ETCS up to the permitted national speed value.,The system MUST supervise Shunting operation with ETCS up to the permitted national speed value.,MUST,yes,1,mandatory,3,1.0,"ERTMS/ETCS Functional Requirements Specification, version 5.0",4.1.3.5a,M,Functions > Operational Functions > Shunting operation,"4.1.3.4b (M): Before authomatic transition to Shunting, ETCS shall request confirmation from the driver.",4.1.3.5b (M): The supervised Shunting speed shall be indicated to the driver on request.,"(M) mandatory, (O) optional"
S0590_recommended,S0590,PURE,2007-ertms,ETCS shall supervise Shunting operation to a permitted national speed value.,supervise Shunting operation with ETCS up to the permitted national speed value,recommended,The system SHOULD supervise Shunting operation with ETCS up to the permitted national speed value.,The system MUST supervise Shunting operation with ETCS up to the permitted national speed value.,MUST,no,0,recommended,2,0.67,"ERTMS/ETCS Functional Requirements Specification, version 5.0",4.1.3.5a,M,Functions > Operational Functions > Shunting operation,"4.1.3.4b (M): Before authomatic transition to Shunting, ETCS shall request confirmation from the driver.",4.1.3.5b (M): The supervised Shunting speed shall be indicated to the driver on request.,"(M) mandatory, (O) optional"
S0590_optional,S0590,PURE,2007-ertms,ETCS shall supervise Shunting operation to a permitted national speed value.,supervise Shunting operation with ETCS up to the permitted national speed value,optional,The system MAY supervise Shunting operation with ETCS up to the permitted national speed value.,The system MUST supervise Shunting operation with ETCS up to the permitted national speed value.,MUST,no,0,optional,1,0.33,"ERTMS/ETCS Functional Requirements Specification, version 5.0",4.1.3.5a,M,Functions > Operational Functions > Shunting operation,"4.1.3.4b (M): Before authomatic transition to Shunting, ETCS shall request confirmation from the driver.",4.1.3.5b (M): The supervised Shunting speed shall be indicated to the driver on request.,"(M) mandatory, (O) optional"
S0590_nice_to_have,S0590,PURE,2007-ertms,ETCS shall supervise Shunting operation to a permitted national speed value.,supervise Shunting operation with ETCS up to the permitted national speed value,nice_to_have,It would be useful if the system could supervise Shunting operation with ETCS up to the permitted national speed value.,The system MUST supervise Shunting operation with ETCS up to the permitted national speed value.,MUST,no,0,nice_to_have,0,0.0,"ERTMS/ETCS Functional Requirements Specification, version 5.0",4.1.3.5a,M,Functions > Operational Functions > Shunting operation,"4.1.3.4b (M): Before authomatic transition to Shunting, ETCS shall request confirmation from the driver.",4.1.3.5b (M): The supervised Shunting speed shall be indicated to the driver on request.,"(M) mandatory, (O) optional"
S0593_mandatory,S0593,PURE,2007-ertms,Exit from Shunting shall only be possible when the train is stationary.,allow exit from Shunting only when the train is stationary,mandatory,The system MUST allow exit from Shunting only when the train is stationary.,The system MUST allow exit from Shunting only when the train is stationary.,MUST,yes,1,mandatory,3,1.0,"ERTMS/ETCS Functional Requirements Specification, version 5.0",4.1.3.8a,M,Functions > Operational Functions > Shunting operation,"4.1.3.6 (M): It shall be possible to apply the train trip function, if the shunting movement passes a signal showing ""danger for shunting"".",4.1.3.8b (M): Exit from Shunting shall take place when the driver selects exit from shunting.,"(M) mandatory, (O) optional"
S0593_recommended,S0593,PURE,2007-ertms,Exit from Shunting shall only be possible when the train is stationary.,allow exit from Shunting only when the train is stationary,recommended,The system SHOULD allow exit from Shunting only when the train is stationary.,The system MUST allow exit from Shunting only when the train is stationary.,MUST,no,0,recommended,2,0.67,"ERTMS/ETCS Functional Requirements Specification, version 5.0",4.1.3.8a,M,Functions > Operational Functions > Shunting operation,"4.1.3.6 (M): It shall be possible to apply the train trip function, if the shunting movement passes a signal showing ""danger for shunting"".",4.1.3.8b (M): Exit from Shunting shall take place when the driver selects exit from shunting.,"(M) mandatory, (O) optional"
S0593_optional,S0593,PURE,2007-ertms,Exit from Shunting shall only be possible when the train is stationary.,allow exit from Shunting only when the train is stationary,optional,The system MAY allow exit from Shunting only when the train is stationary.,The system MUST allow exit from Shunting only when the train is stationary.,MUST,no,0,optional,1,0.33,"ERTMS/ETCS Functional Requirements Specification, version 5.0",4.1.3.8a,M,Functions > Operational Functions > Shunting operation,"4.1.3.6 (M): It shall be possible to apply the train trip function, if the shunting movement passes a signal showing ""danger for shunting"".",4.1.3.8b (M): Exit from Shunting shall take place when the driver selects exit from shunting.,"(M) mandatory, (O) optional"
S0593_nice_to_have,S0593,PURE,2007-ertms,Exit from Shunting shall only be possible when the train is stationary.,allow exit from Shunting only when the train is stationary,nice_to_have,It would be useful if the system could allow exit from Shunting only when the train is stationary.,The system MUST allow exit from Shunting only when the train is stationary.,MUST,no,0,nice_to_have,0,0.0,"ERTMS/ETCS Functional Requirements Specification, version 5.0",4.1.3.8a,M,Functions > Operational Functions > Shunting operation,"4.1.3.6 (M): It shall be possible to apply the train trip function, if the shunting movement passes a signal showing ""danger for shunting"".",4.1.3.8b (M): Exit from Shunting shall take place when the driver selects exit from shunting.,"(M) mandatory, (O) optional"
S0597_mandatory,S0597,PURE,2007-ertms,Partial Supervision shall be indicated on the DMI.,indicate Partial Supervision on the DMI,mandatory,The system MUST indicate Partial Supervision on the DMI.,The system MUST indicate Partial Supervision on the DMI.,MUST,yes,1,mandatory,3,1.0,"ERTMS/ETCS Functional Requirements Specification, version 5.0",4.1.4.3,M,Functions > Operational Functions > Partial Supervision,4.1.4.2a (M): If acknowledgement is specified the driver shall acknowledge transfer from Full Supervision to Partial Supervision within 5 seconds,4.1.4.4a (M): In Partial Supervision the train shall be supervised according to train speed and distance data available.,"(M) mandatory, (O) optional"
S0597_recommended,S0597,PURE,2007-ertms,Partial Supervision shall be indicated on the DMI.,indicate Partial Supervision on the DMI,recommended,The system SHOULD indicate Partial Supervision on the DMI.,The system MUST indicate Partial Supervision on the DMI.,MUST,no,0,recommended,2,0.67,"ERTMS/ETCS Functional Requirements Specification, version 5.0",4.1.4.3,M,Functions > Operational Functions > Partial Supervision,4.1.4.2a (M): If acknowledgement is specified the driver shall acknowledge transfer from Full Supervision to Partial Supervision within 5 seconds,4.1.4.4a (M): In Partial Supervision the train shall be supervised according to train speed and distance data available.,"(M) mandatory, (O) optional"
S0597_optional,S0597,PURE,2007-ertms,Partial Supervision shall be indicated on the DMI.,indicate Partial Supervision on the DMI,optional,The system MAY indicate Partial Supervision on the DMI.,The system MUST indicate Partial Supervision on the DMI.,MUST,no,0,optional,1,0.33,"ERTMS/ETCS Functional Requirements Specification, version 5.0",4.1.4.3,M,Functions > Operational Functions > Partial Supervision,4.1.4.2a (M): If acknowledgement is specified the driver shall acknowledge transfer from Full Supervision to Partial Supervision within 5 seconds,4.1.4.4a (M): In Partial Supervision the train shall be supervised according to train speed and distance data available.,"(M) mandatory, (O) optional"
S0597_nice_to_have,S0597,PURE,2007-ertms,Partial Supervision shall be indicated on the DMI.,indicate Partial Supervision on the DMI,nice_to_have,It would be useful if the system could indicate Partial Supervision on the DMI.,The system MUST indicate Partial Supervision on the DMI.,MUST,no,0,nice_to_have,0,0.0,"ERTMS/ETCS Functional Requirements Specification, version 5.0",4.1.4.3,M,Functions > Operational Functions > Partial Supervision,4.1.4.2a (M): If acknowledgement is specified the driver shall acknowledge transfer from Full Supervision to Partial Supervision within 5 seconds,4.1.4.4a (M): In Partial Supervision the train shall be supervised according to train speed and distance data available.,"(M) mandatory, (O) optional"
S0599_mandatory,S0599,PURE,2007-ertms,The train shall have the capability of being supervised to a ceiling speed.,allow the train to be supervised to a ceiling speed during Partial Supervision,mandatory,The system MUST allow the train to be supervised to a ceiling speed during Partial Supervision.,The system MUST allow the train to be supervised to a ceiling speed during Partial Supervision.,MUST,yes,1,mandatory,3,1.0,"ERTMS/ETCS Functional Requirements Specification, version 5.0",4.1.4.4b,M,Functions > Operational Functions > Partial Supervision,4.1.4.4a (M): In Partial Supervision the train shall be supervised according to train speed and distance data available.,4.1.4.4c (M): This ceiling speed shall not be shown continually on the DMI but may be shown momentarily when selected by the driver.,"(M) mandatory, (O) optional"
S0599_recommended,S0599,PURE,2007-ertms,The train shall have the capability of being supervised to a ceiling speed.,allow the train to be supervised to a ceiling speed during Partial Supervision,recommended,The system SHOULD allow the train to be supervised to a ceiling speed during Partial Supervision.,The system MUST allow the train to be supervised to a ceiling speed during Partial Supervision.,MUST,no,0,recommended,2,0.67,"ERTMS/ETCS Functional Requirements Specification, version 5.0",4.1.4.4b,M,Functions > Operational Functions > Partial Supervision,4.1.4.4a (M): In Partial Supervision the train shall be supervised according to train speed and distance data available.,4.1.4.4c (M): This ceiling speed shall not be shown continually on the DMI but may be shown momentarily when selected by the driver.,"(M) mandatory, (O) optional"
S0599_optional,S0599,PURE,2007-ertms,The train shall have the capability of being supervised to a ceiling speed.,allow the train to be supervised to a ceiling speed during Partial Supervision,optional,The system MAY allow the train to be supervised to a ceiling speed during Partial Supervision.,The system MUST allow the train to be supervised to a ceiling speed during Partial Supervision.,MUST,no,0,optional,1,0.33,"ERTMS/ETCS Functional Requirements Specification, version 5.0",4.1.4.4b,M,Functions > Operational Functions > Partial Supervision,4.1.4.4a (M): In Partial Supervision the train shall be supervised according to train speed and distance data available.,4.1.4.4c (M): This ceiling speed shall not be shown continually on the DMI but may be shown momentarily when selected by the driver.,"(M) mandatory, (O) optional"
S0599_nice_to_have,S0599,PURE,2007-ertms,The train shall have the capability of being supervised to a ceiling speed.,allow the train to be supervised to a ceiling speed during Partial Supervision,nice_to_have,It would be useful if the system could allow the train to be supervised to a ceiling speed during Partial Supervision.,The system MUST allow the train to be supervised to a ceiling speed during Partial Supervision.,MUST,no,0,nice_to_have,0,0.0,"ERTMS/ETCS Functional Requirements Specification, version 5.0",4.1.4.4b,M,Functions > Operational Functions > Partial Supervision,4.1.4.4a (M): In Partial Supervision the train shall be supervised according to train speed and distance data available.,4.1.4.4c (M): This ceiling speed shall not be shown continually on the DMI but may be shown momentarily when selected by the driver.,"(M) mandatory, (O) optional"
S0603_mandatory,S0603,PURE,2007-ertms,Transferring to Full Supervision shall occur automatically when a movement authority and all other necessary information is received through track-to-train transmission.,transfer to Full Supervision automatically when movement authority and all other necessary information arrive through track-to-train transmission,mandatory,The system MUST transfer to Full Supervision automatically when movement authority and all other necessary information arrive through track-to-train transmission.,The system MUST transfer to Full Supervision automatically when movement authority and all other necessary information arrive through track-to-train transmission.,MUST,yes,1,mandatory,3,1.0,"ERTMS/ETCS Functional Requirements Specification, version 5.0",4.1.5.1a,M,Functions > Operational Functions > Full Supervision operation,4.1.4.7 (M): It shall be possible to order a train trip when passing a stop signal,4.1.5.1b (M): It shall be possible for the trackside to ask a driver for confirmation about the occupancy of the track ahead before sending a Full Supervision movement authority.,"(M) mandatory, (O) optional"
S0603_recommended,S0603,PURE,2007-ertms,Transferring to Full Supervision shall occur automatically when a movement authority and all other necessary information is received through track-to-train transmission.,transfer to Full Supervision automatically when movement authority and all other necessary information arrive through track-to-train transmission,recommended,The system SHOULD transfer to Full Supervision automatically when movement authority and all other necessary information arrive through track-to-train transmission.,The system MUST transfer to Full Supervision automatically when movement authority and all other necessary information arrive through track-to-train transmission.,MUST,no,0,recommended,2,0.67,"ERTMS/ETCS Functional Requirements Specification, version 5.0",4.1.5.1a,M,Functions > Operational Functions > Full Supervision operation,4.1.4.7 (M): It shall be possible to order a train trip when passing a stop signal,4.1.5.1b (M): It shall be possible for the trackside to ask a driver for confirmation about the occupancy of the track ahead before sending a Full Supervision movement authority.,"(M) mandatory, (O) optional"
S0603_optional,S0603,PURE,2007-ertms,Transferring to Full Supervision shall occur automatically when a movement authority and all other necessary information is received through track-to-train transmission.,transfer to Full Supervision automatically when movement authority and all other necessary information arrive through track-to-train transmission,optional,The system MAY transfer to Full Supervision automatically when movement authority and all other necessary information arrive through track-to-train transmission.,The system MUST transfer to Full Supervision automatically when movement authority and all other necessary information arrive through track-to-train transmission.,MUST,no,0,optional,1,0.33,"ERTMS/ETCS Functional Requirements Specification, version 5.0",4.1.5.1a,M,Functions > Operational Functions > Full Supervision operation,4.1.4.7 (M): It shall be possible to order a train trip when passing a stop signal,4.1.5.1b (M): It shall be possible for the trackside to ask a driver for confirmation about the occupancy of the track ahead before sending a Full Supervision movement authority.,"(M) mandatory, (O) optional"
S0603_nice_to_have,S0603,PURE,2007-ertms,Transferring to Full Supervision shall occur automatically when a movement authority and all other necessary information is received through track-to-train transmission.,transfer to Full Supervision automatically when movement authority and all other necessary information arrive through track-to-train transmission,nice_to_have,It would be useful if the system could transfer to Full Supervision automatically when movement authority and all other necessary information arrive through track-to-train transmission.,The system MUST transfer to Full Supervision automatically when movement authority and all other necessary information arrive through track-to-train transmission.,MUST,no,0,nice_to_have,0,0.0,"ERTMS/ETCS Functional Requirements Specification, version 5.0",4.1.5.1a,M,Functions > Operational Functions > Full Supervision operation,4.1.4.7 (M): It shall be possible to order a train trip when passing a stop signal,4.1.5.1b (M): It shall be possible for the trackside to ask a driver for confirmation about the occupancy of the track ahead before sending a Full Supervision movement authority.,"(M) mandatory, (O) optional"
S0605_mandatory,S0605,PURE,2007-ertms,Full Supervision shall provide supervision of speed and distance.,provide speed and distance supervision in Full Supervision,mandatory,The system MUST provide speed and distance supervision in Full Supervision.,The system MUST provide speed and distance supervision in Full Supervision.,MUST,yes,1,mandatory,3,1.0,"ERTMS/ETCS Functional Requirements Specification, version 5.0",4.1.5.4,M,Functions > Operational Functions > Full Supervision operation,4.1.5.1b (M): It shall be possible for the trackside to ask a driver for confirmation about the occupancy of the track ahead before sending a Full Supervision movement authority.,"4.1.5.5 (M): The trainborne equipment shall remain in Full Supervision until the trainborne equipment is not active any longer, when Shunting is selected or when Partial Supervision information is received.","(M) mandatory, (O) optional"
S0605_recommended,S0605,PURE,2007-ertms,Full Supervision shall provide supervision of speed and distance.,provide speed and distance supervision in Full Supervision,recommended,The system SHOULD provide speed and distance supervision in Full Supervision.,The system MUST provide speed and distance supervision in Full Supervision.,MUST,no,0,recommended,2,0.67,"ERTMS/ETCS Functional Requirements Specification, version 5.0",4.1.5.4,M,Functions > Operational Functions > Full Supervision operation,4.1.5.1b (M): It shall be possible for the trackside to ask a driver for confirmation about the occupancy of the track ahead before sending a Full Supervision movement authority.,"4.1.5.5 (M): The trainborne equipment shall remain in Full Supervision until the trainborne equipment is not active any longer, when Shunting is selected or when Partial Supervision information is received.","(M) mandatory, (O) optional"
S0605_optional,S0605,PURE,2007-ertms,Full Supervision shall provide supervision of speed and distance.,provide speed and distance supervision in Full Supervision,optional,The system MAY provide speed and distance supervision in Full Supervision.,The system MUST provide speed and distance supervision in Full Supervision.,MUST,no,0,optional,1,0.33,"ERTMS/ETCS Functional Requirements Specification, version 5.0",4.1.5.4,M,Functions > Operational Functions > Full Supervision operation,4.1.5.1b (M): It shall be possible for the trackside to ask a driver for confirmation about the occupancy of the track ahead before sending a Full Supervision movement authority.,"4.1.5.5 (M): The trainborne equipment shall remain in Full Supervision until the trainborne equipment is not active any longer, when Shunting is selected or when Partial Supervision information is received.","(M) mandatory, (O) optional"
S0605_nice_to_have,S0605,PURE,2007-ertms,Full Supervision shall provide supervision of speed and distance.,provide speed and distance supervision in Full Supervision,nice_to_have,It would be useful if the system could provide speed and distance supervision in Full Supervision.,The system MUST provide speed and distance supervision in Full Supervision.,MUST,no,0,nice_to_have,0,0.0,"ERTMS/ETCS Functional Requirements Specification, version 5.0",4.1.5.4,M,Functions > Operational Functions > Full Supervision operation,4.1.5.1b (M): It shall be possible for the trackside to ask a driver for confirmation about the occupancy of the track ahead before sending a Full Supervision movement authority.,"4.1.5.5 (M): The trainborne equipment shall remain in Full Supervision until the trainborne equipment is not active any longer, when Shunting is selected or when Partial Supervision information is received.","(M) mandatory, (O) optional"
S0612_mandatory,S0612,PURE,2007-ertms,Unfitted operation shall be possible if ordered by trackside,allow Unfitted operation if ordered by trackside,mandatory,The system MUST allow Unfitted operation if ordered by trackside.,The system MUST allow Unfitted operation if ordered by trackside.,MUST,yes,1,mandatory,3,1.0,"ERTMS/ETCS Functional Requirements Specification, version 5.0",4.1.8.1,M,Functions > Operational Functions > Unfitted Line Operation,4.1.7.2 (M): The DMI shall display or be compatible with information from national train control systems. This may mean displaying the information shown by the national system.,4.1.8.2 (M): Unfitted operation shall be possible if selected by the driver at start up,"(M) mandatory, (O) optional"
S0612_recommended,S0612,PURE,2007-ertms,Unfitted operation shall be possible if ordered by trackside,allow Unfitted operation if ordered by trackside,recommended,The system SHOULD allow Unfitted operation if ordered by trackside.,The system MUST allow Unfitted operation if ordered by trackside.,MUST,no,0,recommended,2,0.67,"ERTMS/ETCS Functional Requirements Specification, version 5.0",4.1.8.1,M,Functions > Operational Functions > Unfitted Line Operation,4.1.7.2 (M): The DMI shall display or be compatible with information from national train control systems. This may mean displaying the information shown by the national system.,4.1.8.2 (M): Unfitted operation shall be possible if selected by the driver at start up,"(M) mandatory, (O) optional"
S0612_optional,S0612,PURE,2007-ertms,Unfitted operation shall be possible if ordered by trackside,allow Unfitted operation if ordered by trackside,optional,The system MAY allow Unfitted operation if ordered by trackside.,The system MUST allow Unfitted operation if ordered by trackside.,MUST,no,0,optional,1,0.33,"ERTMS/ETCS Functional Requirements Specification, version 5.0",4.1.8.1,M,Functions > Operational Functions > Unfitted Line Operation,4.1.7.2 (M): The DMI shall display or be compatible with information from national train control systems. This may mean displaying the information shown by the national system.,4.1.8.2 (M): Unfitted operation shall be possible if selected by the driver at start up,"(M) mandatory, (O) optional"
S0612_nice_to_have,S0612,PURE,2007-ertms,Unfitted operation shall be possible if ordered by trackside,allow Unfitted operation if ordered by trackside,nice_to_have,It would be useful if the system could allow Unfitted operation if ordered by trackside.,The system MUST allow Unfitted operation if ordered by trackside.,MUST,no,0,nice_to_have,0,0.0,"ERTMS/ETCS Functional Requirements Specification, version 5.0",4.1.8.1,M,Functions > Operational Functions > Unfitted Line Operation,4.1.7.2 (M): The DMI shall display or be compatible with information from national train control systems. This may mean displaying the information shown by the national system.,4.1.8.2 (M): Unfitted operation shall be possible if selected by the driver at start up,"(M) mandatory, (O) optional"
S0613_mandatory,S0613,PURE,2007-ertms,Unfitted operation shall be possible if selected by the driver at start up,allow Unfitted operation if selected by the driver at start-up,mandatory,The system MUST allow Unfitted operation if selected by the driver at start-up.,The system MUST allow Unfitted operation if selected by the driver at start-up.,MUST,yes,1,mandatory,3,1.0,"ERTMS/ETCS Functional Requirements Specification, version 5.0",4.1.8.2,M,Functions > Operational Functions > Unfitted Line Operation,4.1.8.1 (M): Unfitted operation shall be possible if ordered by trackside,4.1.8.3 (M): The on board shall supervise the train against a ceiling speed,"(M) mandatory, (O) optional"
S0613_recommended,S0613,PURE,2007-ertms,Unfitted operation shall be possible if selected by the driver at start up,allow Unfitted operation if selected by the driver at start-up,recommended,The system SHOULD allow Unfitted operation if selected by the driver at start-up.,The system MUST allow Unfitted operation if selected by the driver at start-up.,MUST,no,0,recommended,2,0.67,"ERTMS/ETCS Functional Requirements Specification, version 5.0",4.1.8.2,M,Functions > Operational Functions > Unfitted Line Operation,4.1.8.1 (M): Unfitted operation shall be possible if ordered by trackside,4.1.8.3 (M): The on board shall supervise the train against a ceiling speed,"(M) mandatory, (O) optional"
S0613_optional,S0613,PURE,2007-ertms,Unfitted operation shall be possible if selected by the driver at start up,allow Unfitted operation if selected by the driver at start-up,optional,The system MAY allow Unfitted operation if selected by the driver at start-up.,The system MUST allow Unfitted operation if selected by the driver at start-up.,MUST,no,0,optional,1,0.33,"ERTMS/ETCS Functional Requirements Specification, version 5.0",4.1.8.2,M,Functions > Operational Functions > Unfitted Line Operation,4.1.8.1 (M): Unfitted operation shall be possible if ordered by trackside,4.1.8.3 (M): The on board shall supervise the train against a ceiling speed,"(M) mandatory, (O) optional"
S0613_nice_to_have,S0613,PURE,2007-ertms,Unfitted operation shall be possible if selected by the driver at start up,allow Unfitted operation if selected by the driver at start-up,nice_to_have,It would be useful if the system could allow Unfitted operation if selected by the driver at start-up.,The system MUST allow Unfitted operation if selected by the driver at start-up.,MUST,no,0,nice_to_have,0,0.0,"ERTMS/ETCS Functional Requirements Specification, version 5.0",4.1.8.2,M,Functions > Operational Functions > Unfitted Line Operation,4.1.8.1 (M): Unfitted operation shall be possible if ordered by trackside,4.1.8.3 (M): The on board shall supervise the train against a ceiling speed,"(M) mandatory, (O) optional"
S0619_mandatory,S0619,PURE,2007-ertms,"It shall also be possible, to allow the driver to change the adhesion conditions; in this case information from trackside has priority.",allow the driver to change adhesion-condition information while giving priority to trackside information,mandatory,The system MUST allow the driver to change adhesion-condition information while giving priority to trackside information.,The system MUST allow the driver to change adhesion-condition information while giving priority to trackside information.,MUST,yes,1,mandatory,3,1.0,"ERTMS/ETCS Functional Requirements Specification, version 5.0",4.1.1.3b,M,Functions > Infrastructure Functions,4.1.1.3a (M): It shall be possible to send information on adhesion conditions from trackside.,4.1.1.4a (M): The trackside shall be able to send information for the calculation of speed profiles.,"(M) mandatory, (O) optional"
S0619_recommended,S0619,PURE,2007-ertms,"It shall also be possible, to allow the driver to change the adhesion conditions; in this case information from trackside has priority.",allow the driver to change adhesion-condition information while giving priority to trackside information,recommended,The system SHOULD allow the driver to change adhesion-condition information while giving priority to trackside information.,The system MUST allow the driver to change adhesion-condition information while giving priority to trackside information.,MUST,no,0,recommended,2,0.67,"ERTMS/ETCS Functional Requirements Specification, version 5.0",4.1.1.3b,M,Functions > Infrastructure Functions,4.1.1.3a (M): It shall be possible to send information on adhesion conditions from trackside.,4.1.1.4a (M): The trackside shall be able to send information for the calculation of speed profiles.,"(M) mandatory, (O) optional"
S0619_optional,S0619,PURE,2007-ertms,"It shall also be possible, to allow the driver to change the adhesion conditions; in this case information from trackside has priority.",allow the driver to change adhesion-condition information while giving priority to trackside information,optional,The system MAY allow the driver to change adhesion-condition information while giving priority to trackside information.,The system MUST allow the driver to change adhesion-condition information while giving priority to trackside information.,MUST,no,0,optional,1,0.33,"ERTMS/ETCS Functional Requirements Specification, version 5.0",4.1.1.3b,M,Functions > Infrastructure Functions,4.1.1.3a (M): It shall be possible to send information on adhesion conditions from trackside.,4.1.1.4a (M): The trackside shall be able to send information for the calculation of speed profiles.,"(M) mandatory, (O) optional"
S0619_nice_to_have,S0619,PURE,2007-ertms,"It shall also be possible, to allow the driver to change the adhesion conditions; in this case information from trackside has priority.",allow the driver to change adhesion-condition information while giving priority to trackside information,nice_to_have,It would be useful if the system could allow the driver to change adhesion-condition information while giving priority to trackside information.,The system MUST allow the driver to change adhesion-condition information while giving priority to trackside information.,MUST,no,0,nice_to_have,0,0.0,"ERTMS/ETCS Functional Requirements Specification, version 5.0",4.1.1.3b,M,Functions > Infrastructure Functions,4.1.1.3a (M): It shall be possible to send information on adhesion conditions from trackside.,4.1.1.4a (M): The trackside shall be able to send information for the calculation of speed profiles.,"(M) mandatory, (O) optional"
S0620_mandatory,S0620,PURE,2007-ertms,The trackside shall be able to send information for the calculation of speed profiles.,enable trackside transmission of information for calculating speed profiles,mandatory,The system MUST enable trackside transmission of information for calculating speed profiles.,The system MUST enable trackside transmission of information for calculating speed profiles.,MUST,yes,1,mandatory,3,1.0,"ERTMS/ETCS Functional Requirements Specification, version 5.0",4.1.1.4a,M,Functions > Infrastructure Functions,"4.1.1.3b (M): It shall also be possible, to allow the driver to change the adhesion conditions; in this case information from trackside has priority.","4.1.1.4b (M): If track data at least to the location where the relevant movement authority ends are not available on-board, the movement authority shall be rejected.","(M) mandatory, (O) optional"
S0620_recommended,S0620,PURE,2007-ertms,The trackside shall be able to send information for the calculation of speed profiles.,enable trackside transmission of information for calculating speed profiles,recommended,The system SHOULD enable trackside transmission of information for calculating speed profiles.,The system MUST enable trackside transmission of information for calculating speed profiles.,MUST,no,0,recommended,2,0.67,"ERTMS/ETCS Functional Requirements Specification, version 5.0",4.1.1.4a,M,Functions > Infrastructure Functions,"4.1.1.3b (M): It shall also be possible, to allow the driver to change the adhesion conditions; in this case information from trackside has priority.","4.1.1.4b (M): If track data at least to the location where the relevant movement authority ends are not available on-board, the movement authority shall be rejected.","(M) mandatory, (O) optional"
S0620_optional,S0620,PURE,2007-ertms,The trackside shall be able to send information for the calculation of speed profiles.,enable trackside transmission of information for calculating speed profiles,optional,The system MAY enable trackside transmission of information for calculating speed profiles.,The system MUST enable trackside transmission of information for calculating speed profiles.,MUST,no,0,optional,1,0.33,"ERTMS/ETCS Functional Requirements Specification, version 5.0",4.1.1.4a,M,Functions > Infrastructure Functions,"4.1.1.3b (M): It shall also be possible, to allow the driver to change the adhesion conditions; in this case information from trackside has priority.","4.1.1.4b (M): If track data at least to the location where the relevant movement authority ends are not available on-board, the movement authority shall be rejected.","(M) mandatory, (O) optional"
S0620_nice_to_have,S0620,PURE,2007-ertms,The trackside shall be able to send information for the calculation of speed profiles.,enable trackside transmission of information for calculating speed profiles,nice_to_have,It would be useful if the system could enable trackside transmission of information for calculating speed profiles.,The system MUST enable trackside transmission of information for calculating speed profiles.,MUST,no,0,nice_to_have,0,0.0,"ERTMS/ETCS Functional Requirements Specification, version 5.0",4.1.1.4a,M,Functions > Infrastructure Functions,"4.1.1.3b (M): It shall also be possible, to allow the driver to change the adhesion conditions; in this case information from trackside has priority.","4.1.1.4b (M): If track data at least to the location where the relevant movement authority ends are not available on-board, the movement authority shall be rejected.","(M) mandatory, (O) optional"
S0622_mandatory,S0622,PURE,2007-ertms,Track to train transmission shall provide the capability to send different speed profiles for specific train categories.,provide track-to-train transmission of different speed profiles for specific train categories,mandatory,The system MUST provide track-to-train transmission of different speed profiles for specific train categories.,The system MUST provide track-to-train transmission of different speed profiles for specific train categories.,MUST,yes,1,mandatory,3,1.0,"ERTMS/ETCS Functional Requirements Specification, version 5.0",4.1.1.5,M,Functions > Infrastructure Functions,"4.1.1.4b (M): If track data at least to the location where the relevant movement authority ends are not available on-board, the movement authority shall be rejected.","4.2.2.1 (M): The ETCS trainborne equipment shall supervise the end of movement authority, if this information is available on-board.","(M) mandatory, (O) optional"
S0622_recommended,S0622,PURE,2007-ertms,Track to train transmission shall provide the capability to send different speed profiles for specific train categories.,provide track-to-train transmission of different speed profiles for specific train categories,recommended,The system SHOULD provide track-to-train transmission of different speed profiles for specific train categories.,The system MUST provide track-to-train transmission of different speed profiles for specific train categories.,MUST,no,0,recommended,2,0.67,"ERTMS/ETCS Functional Requirements Specification, version 5.0",4.1.1.5,M,Functions > Infrastructure Functions,"4.1.1.4b (M): If track data at least to the location where the relevant movement authority ends are not available on-board, the movement authority shall be rejected.","4.2.2.1 (M): The ETCS trainborne equipment shall supervise the end of movement authority, if this information is available on-board.","(M) mandatory, (O) optional"
S0622_optional,S0622,PURE,2007-ertms,Track to train transmission shall provide the capability to send different speed profiles for specific train categories.,provide track-to-train transmission of different speed profiles for specific train categories,optional,The system MAY provide track-to-train transmission of different speed profiles for specific train categories.,The system MUST provide track-to-train transmission of different speed profiles for specific train categories.,MUST,no,0,optional,1,0.33,"ERTMS/ETCS Functional Requirements Specification, version 5.0",4.1.1.5,M,Functions > Infrastructure Functions,"4.1.1.4b (M): If track data at least to the location where the relevant movement authority ends are not available on-board, the movement authority shall be rejected.","4.2.2.1 (M): The ETCS trainborne equipment shall supervise the end of movement authority, if this information is available on-board.","(M) mandatory, (O) optional"
S0622_nice_to_have,S0622,PURE,2007-ertms,Track to train transmission shall provide the capability to send different speed profiles for specific train categories.,provide track-to-train transmission of different speed profiles for specific train categories,nice_to_have,It would be useful if the system could provide track-to-train transmission of different speed profiles for specific train categories.,The system MUST provide track-to-train transmission of different speed profiles for specific train categories.,MUST,no,0,nice_to_have,0,0.0,"ERTMS/ETCS Functional Requirements Specification, version 5.0",4.1.1.5,M,Functions > Infrastructure Functions,"4.1.1.4b (M): If track data at least to the location where the relevant movement authority ends are not available on-board, the movement authority shall be rejected.","4.2.2.1 (M): The ETCS trainborne equipment shall supervise the end of movement authority, if this information is available on-board.","(M) mandatory, (O) optional"
S0623_mandatory,S0623,PURE,2007-ertms,"The ETCS trainborne equipment shall supervise the end of movement authority, if this information is available on-board.",supervise the end of movement authority with the ETCS trainborne equipment if that information is available onboard,mandatory,The system MUST supervise the end of movement authority with the ETCS trainborne equipment if that information is available onboard.,The system MUST supervise the end of movement authority with the ETCS trainborne equipment if that information is available onboard.,MUST,yes,1,mandatory,3,1.0,"ERTMS/ETCS Functional Requirements Specification, version 5.0",4.2.2.1,M,Functions > Infrastructure Functions > End of movement authority,4.1.1.5 (M): Track to train transmission shall provide the capability to send different speed profiles for specific train categories.,4.2.2.2 (M): The target distance to be displayed on the DMI shall be based on the most restrictive braking curve.,"(M) mandatory, (O) optional"
S0623_recommended,S0623,PURE,2007-ertms,"The ETCS trainborne equipment shall supervise the end of movement authority, if this information is available on-board.",supervise the end of movement authority with the ETCS trainborne equipment if that information is available onboard,recommended,The system SHOULD supervise the end of movement authority with the ETCS trainborne equipment if that information is available onboard.,The system MUST supervise the end of movement authority with the ETCS trainborne equipment if that information is available onboard.,MUST,no,0,recommended,2,0.67,"ERTMS/ETCS Functional Requirements Specification, version 5.0",4.2.2.1,M,Functions > Infrastructure Functions > End of movement authority,4.1.1.5 (M): Track to train transmission shall provide the capability to send different speed profiles for specific train categories.,4.2.2.2 (M): The target distance to be displayed on the DMI shall be based on the most restrictive braking curve.,"(M) mandatory, (O) optional"
S0623_optional,S0623,PURE,2007-ertms,"The ETCS trainborne equipment shall supervise the end of movement authority, if this information is available on-board.",supervise the end of movement authority with the ETCS trainborne equipment if that information is available onboard,optional,The system MAY supervise the end of movement authority with the ETCS trainborne equipment if that information is available onboard.,The system MUST supervise the end of movement authority with the ETCS trainborne equipment if that information is available onboard.,MUST,no,0,optional,1,0.33,"ERTMS/ETCS Functional Requirements Specification, version 5.0",4.2.2.1,M,Functions > Infrastructure Functions > End of movement authority,4.1.1.5 (M): Track to train transmission shall provide the capability to send different speed profiles for specific train categories.,4.2.2.2 (M): The target distance to be displayed on the DMI shall be based on the most restrictive braking curve.,"(M) mandatory, (O) optional"
S0623_nice_to_have,S0623,PURE,2007-ertms,"The ETCS trainborne equipment shall supervise the end of movement authority, if this information is available on-board.",supervise the end of movement authority with the ETCS trainborne equipment if that information is available onboard,nice_to_have,It would be useful if the system could supervise the end of movement authority with the ETCS trainborne equipment if that information is available onboard.,The system MUST supervise the end of movement authority with the ETCS trainborne equipment if that information is available onboard.,MUST,no,0,nice_to_have,0,0.0,"ERTMS/ETCS Functional Requirements Specification, version 5.0",4.2.2.1,M,Functions > Infrastructure Functions > End of movement authority,4.1.1.5 (M): Track to train transmission shall provide the capability to send different speed profiles for specific train categories.,4.2.2.2 (M): The target distance to be displayed on the DMI shall be based on the most restrictive braking curve.,"(M) mandatory, (O) optional"
S0627_mandatory,S0627,PURE,2007-ertms,The ceiling speed level for the movement authority shall be defined as data National Value.,define the ceiling speed level for an On Sight movement authority as a National Value,mandatory,The system MUST define the ceiling speed level for an On Sight movement authority as a National Value.,The system MUST define the ceiling speed level for an On Sight movement authority as a National Value.,MUST,yes,1,mandatory,3,1.0,"ERTMS/ETCS Functional Requirements Specification, version 5.0",4.2.3.2,M,Functions > Infrastructure Functions > Supervision of driving into a section of track which could be occupied (On Sight operation),"4.2.3.1 (M): Using train data and infrastructure data, braking curves shall be calculated taking into account the target information but not the location of vehicles occupying the track.","4.2.3.4 (M): Before entering an occupied track, a driver acknowledgement shall be requested.","(M) mandatory, (O) optional"
S0627_recommended,S0627,PURE,2007-ertms,The ceiling speed level for the movement authority shall be defined as data National Value.,define the ceiling speed level for an On Sight movement authority as a National Value,recommended,The system SHOULD define the ceiling speed level for an On Sight movement authority as a National Value.,The system MUST define the ceiling speed level for an On Sight movement authority as a National Value.,MUST,no,0,recommended,2,0.67,"ERTMS/ETCS Functional Requirements Specification, version 5.0",4.2.3.2,M,Functions > Infrastructure Functions > Supervision of driving into a section of track which could be occupied (On Sight operation),"4.2.3.1 (M): Using train data and infrastructure data, braking curves shall be calculated taking into account the target information but not the location of vehicles occupying the track.","4.2.3.4 (M): Before entering an occupied track, a driver acknowledgement shall be requested.","(M) mandatory, (O) optional"
S0627_optional,S0627,PURE,2007-ertms,The ceiling speed level for the movement authority shall be defined as data National Value.,define the ceiling speed level for an On Sight movement authority as a National Value,optional,The system MAY define the ceiling speed level for an On Sight movement authority as a National Value.,The system MUST define the ceiling speed level for an On Sight movement authority as a National Value.,MUST,no,0,optional,1,0.33,"ERTMS/ETCS Functional Requirements Specification, version 5.0",4.2.3.2,M,Functions > Infrastructure Functions > Supervision of driving into a section of track which could be occupied (On Sight operation),"4.2.3.1 (M): Using train data and infrastructure data, braking curves shall be calculated taking into account the target information but not the location of vehicles occupying the track.","4.2.3.4 (M): Before entering an occupied track, a driver acknowledgement shall be requested.","(M) mandatory, (O) optional"
S0627_nice_to_have,S0627,PURE,2007-ertms,The ceiling speed level for the movement authority shall be defined as data National Value.,define the ceiling speed level for an On Sight movement authority as a National Value,nice_to_have,It would be useful if the system could define the ceiling speed level for an On Sight movement authority as a National Value.,The system MUST define the ceiling speed level for an On Sight movement authority as a National Value.,MUST,no,0,nice_to_have,0,0.0,"ERTMS/ETCS Functional Requirements Specification, version 5.0",4.2.3.2,M,Functions > Infrastructure Functions > Supervision of driving into a section of track which could be occupied (On Sight operation),"4.2.3.1 (M): Using train data and infrastructure data, braking curves shall be calculated taking into account the target information but not the location of vehicles occupying the track.","4.2.3.4 (M): Before entering an occupied track, a driver acknowledgement shall be requested.","(M) mandatory, (O) optional"
S0628_mandatory,S0628,PURE,2007-ertms,"Before entering an occupied track, a driver acknowledgement shall be requested.",request driver acknowledgement before the train enters an occupied track,mandatory,The system MUST request driver acknowledgement before the train enters an occupied track.,The system MUST request driver acknowledgement before the train enters an occupied track.,MUST,yes,1,mandatory,3,1.0,"ERTMS/ETCS Functional Requirements Specification, version 5.0",4.2.3.4,M,Functions > Infrastructure Functions > Supervision of driving into a section of track which could be occupied (On Sight operation),4.2.3.2 (M): The ceiling speed level for the movement authority shall be defined as data National Value.,4.2.3.6a (M): The train shall be supervised according to train speed data available.,"(M) mandatory, (O) optional"
S0628_recommended,S0628,PURE,2007-ertms,"Before entering an occupied track, a driver acknowledgement shall be requested.",request driver acknowledgement before the train enters an occupied track,recommended,The system SHOULD request driver acknowledgement before the train enters an occupied track.,The system MUST request driver acknowledgement before the train enters an occupied track.,MUST,no,0,recommended,2,0.67,"ERTMS/ETCS Functional Requirements Specification, version 5.0",4.2.3.4,M,Functions > Infrastructure Functions > Supervision of driving into a section of track which could be occupied (On Sight operation),4.2.3.2 (M): The ceiling speed level for the movement authority shall be defined as data National Value.,4.2.3.6a (M): The train shall be supervised according to train speed data available.,"(M) mandatory, (O) optional"
S0628_optional,S0628,PURE,2007-ertms,"Before entering an occupied track, a driver acknowledgement shall be requested.",request driver acknowledgement before the train enters an occupied track,optional,The system MAY request driver acknowledgement before the train enters an occupied track.,The system MUST request driver acknowledgement before the train enters an occupied track.,MUST,no,0,optional,1,0.33,"ERTMS/ETCS Functional Requirements Specification, version 5.0",4.2.3.4,M,Functions > Infrastructure Functions > Supervision of driving into a section of track which could be occupied (On Sight operation),4.2.3.2 (M): The ceiling speed level for the movement authority shall be defined as data National Value.,4.2.3.6a (M): The train shall be supervised according to train speed data available.,"(M) mandatory, (O) optional"
S0628_nice_to_have,S0628,PURE,2007-ertms,"Before entering an occupied track, a driver acknowledgement shall be requested.",request driver acknowledgement before the train enters an occupied track,nice_to_have,It would be useful if the system could request driver acknowledgement before the train enters an occupied track.,The system MUST request driver acknowledgement before the train enters an occupied track.,MUST,no,0,nice_to_have,0,0.0,"ERTMS/ETCS Functional Requirements Specification, version 5.0",4.2.3.4,M,Functions > Infrastructure Functions > Supervision of driving into a section of track which could be occupied (On Sight operation),4.2.3.2 (M): The ceiling speed level for the movement authority shall be defined as data National Value.,4.2.3.6a (M): The train shall be supervised according to train speed data available.,"(M) mandatory, (O) optional"
S0629_mandatory,S0629,PURE,2007-ertms,The train shall be supervised according to train speed data available.,supervise the train according to available train-speed data during On Sight operation,mandatory,The system MUST supervise the train according to available train-speed data during On Sight operation.,The system MUST supervise the train according to available train-speed data during On Sight operation.,MUST,yes,1,mandatory,3,1.0,"ERTMS/ETCS Functional Requirements Specification, version 5.0",4.2.3.6a,M,Functions > Infrastructure Functions > Supervision of driving into a section of track which could be occupied (On Sight operation),"4.2.3.4 (M): Before entering an occupied track, a driver acknowledgement shall be requested.","4.2.3.6b (M): The train shall, as a minimum, be supervised to a ceiling speed; the supervised speed shall not be shown on the DMI unless selected by the driver.","(M) mandatory, (O) optional"
S0629_recommended,S0629,PURE,2007-ertms,The train shall be supervised according to train speed data available.,supervise the train according to available train-speed data during On Sight operation,recommended,The system SHOULD supervise the train according to available train-speed data during On Sight operation.,The system MUST supervise the train according to available train-speed data during On Sight operation.,MUST,no,0,recommended,2,0.67,"ERTMS/ETCS Functional Requirements Specification, version 5.0",4.2.3.6a,M,Functions > Infrastructure Functions > Supervision of driving into a section of track which could be occupied (On Sight operation),"4.2.3.4 (M): Before entering an occupied track, a driver acknowledgement shall be requested.","4.2.3.6b (M): The train shall, as a minimum, be supervised to a ceiling speed; the supervised speed shall not be shown on the DMI unless selected by the driver.","(M) mandatory, (O) optional"
S0629_optional,S0629,PURE,2007-ertms,The train shall be supervised according to train speed data available.,supervise the train according to available train-speed data during On Sight operation,optional,The system MAY supervise the train according to available train-speed data during On Sight operation.,The system MUST supervise the train according to available train-speed data during On Sight operation.,MUST,no,0,optional,1,0.33,"ERTMS/ETCS Functional Requirements Specification, version 5.0",4.2.3.6a,M,Functions > Infrastructure Functions > Supervision of driving into a section of track which could be occupied (On Sight operation),"4.2.3.4 (M): Before entering an occupied track, a driver acknowledgement shall be requested.","4.2.3.6b (M): The train shall, as a minimum, be supervised to a ceiling speed; the supervised speed shall not be shown on the DMI unless selected by the driver.","(M) mandatory, (O) optional"
S0629_nice_to_have,S0629,PURE,2007-ertms,The train shall be supervised according to train speed data available.,supervise the train according to available train-speed data during On Sight operation,nice_to_have,It would be useful if the system could supervise the train according to available train-speed data during On Sight operation.,The system MUST supervise the train according to available train-speed data during On Sight operation.,MUST,no,0,nice_to_have,0,0.0,"ERTMS/ETCS Functional Requirements Specification, version 5.0",4.2.3.6a,M,Functions > Infrastructure Functions > Supervision of driving into a section of track which could be occupied (On Sight operation),"4.2.3.4 (M): Before entering an occupied track, a driver acknowledgement shall be requested.","4.2.3.6b (M): The train shall, as a minimum, be supervised to a ceiling speed; the supervised speed shall not be shown on the DMI unless selected by the driver.","(M) mandatory, (O) optional"
S0637_mandatory,S0637,PURE,2007-ertms,"Based on all relevant data, the ETCS shall calculate an emergency braking curve and a service braking curve",calculate ETCS emergency and service braking curves based on all relevant data,mandatory,The system MUST calculate ETCS emergency and service braking curves based on all relevant data.,The system MUST calculate ETCS emergency and service braking curves based on all relevant data.,MUST,yes,1,mandatory,3,1.0,"ERTMS/ETCS Functional Requirements Specification, version 5.0",4.3.2.1a,M,Functions > Trainborne Functions > Dynamic train speed profile calculation,4.3.1.4a (M): The ETCS trainborne equipment calculates the static train speed profile on the basis of infrastructure data and train data.,"4.3.2.1b (M): Based on all relevant data, the ETCS shall calculate an emergency braking curve and a service braking curve","(M) mandatory, (O) optional"
S0637_recommended,S0637,PURE,2007-ertms,"Based on all relevant data, the ETCS shall calculate an emergency braking curve and a service braking curve",calculate ETCS emergency and service braking curves based on all relevant data,recommended,The system SHOULD calculate ETCS emergency and service braking curves based on all relevant data.,The system MUST calculate ETCS emergency and service braking curves based on all relevant data.,MUST,no,0,recommended,2,0.67,"ERTMS/ETCS Functional Requirements Specification, version 5.0",4.3.2.1a,M,Functions > Trainborne Functions > Dynamic train speed profile calculation,4.3.1.4a (M): The ETCS trainborne equipment calculates the static train speed profile on the basis of infrastructure data and train data.,"4.3.2.1b (M): Based on all relevant data, the ETCS shall calculate an emergency braking curve and a service braking curve","(M) mandatory, (O) optional"
S0637_optional,S0637,PURE,2007-ertms,"Based on all relevant data, the ETCS shall calculate an emergency braking curve and a service braking curve",calculate ETCS emergency and service braking curves based on all relevant data,optional,The system MAY calculate ETCS emergency and service braking curves based on all relevant data.,The system MUST calculate ETCS emergency and service braking curves based on all relevant data.,MUST,no,0,optional,1,0.33,"ERTMS/ETCS Functional Requirements Specification, version 5.0",4.3.2.1a,M,Functions > Trainborne Functions > Dynamic train speed profile calculation,4.3.1.4a (M): The ETCS trainborne equipment calculates the static train speed profile on the basis of infrastructure data and train data.,"4.3.2.1b (M): Based on all relevant data, the ETCS shall calculate an emergency braking curve and a service braking curve","(M) mandatory, (O) optional"
S0637_nice_to_have,S0637,PURE,2007-ertms,"Based on all relevant data, the ETCS shall calculate an emergency braking curve and a service braking curve",calculate ETCS emergency and service braking curves based on all relevant data,nice_to_have,It would be useful if the system could calculate ETCS emergency and service braking curves based on all relevant data.,The system MUST calculate ETCS emergency and service braking curves based on all relevant data.,MUST,no,0,nice_to_have,0,0.0,"ERTMS/ETCS Functional Requirements Specification, version 5.0",4.3.2.1a,M,Functions > Trainborne Functions > Dynamic train speed profile calculation,4.3.1.4a (M): The ETCS trainborne equipment calculates the static train speed profile on the basis of infrastructure data and train data.,"4.3.2.1b (M): Based on all relevant data, the ETCS shall calculate an emergency braking curve and a service braking curve","(M) mandatory, (O) optional"
S0638_mandatory,S0638,PURE,2007-ertms,"When changing to a lower speed level, the front end of the train shall respect the dynamic train speed profile.",make the train's front end respect the dynamic train-speed profile when changing to a lower speed level,mandatory,The system MUST make the train's front end respect the dynamic train-speed profile when changing to a lower speed level.,The system MUST make the train's front end respect the dynamic train-speed profile when changing to a lower speed level.,MUST,yes,1,mandatory,3,1.0,"ERTMS/ETCS Functional Requirements Specification, version 5.0",4.3.2.2a,M,Functions > Trainborne Functions > Dynamic train speed profile calculation,"4.3.2.1b (M): Based on all relevant data, the ETCS shall calculate an emergency braking curve and a service braking curve",4.3.2.2b (M): When changing to a higher speed level the rear end of the train shall respect the static train speed profile.,"(M) mandatory, (O) optional"
S0638_recommended,S0638,PURE,2007-ertms,"When changing to a lower speed level, the front end of the train shall respect the dynamic train speed profile.",make the train's front end respect the dynamic train-speed profile when changing to a lower speed level,recommended,The system SHOULD make the train's front end respect the dynamic train-speed profile when changing to a lower speed level.,The system MUST make the train's front end respect the dynamic train-speed profile when changing to a lower speed level.,MUST,no,0,recommended,2,0.67,"ERTMS/ETCS Functional Requirements Specification, version 5.0",4.3.2.2a,M,Functions > Trainborne Functions > Dynamic train speed profile calculation,"4.3.2.1b (M): Based on all relevant data, the ETCS shall calculate an emergency braking curve and a service braking curve",4.3.2.2b (M): When changing to a higher speed level the rear end of the train shall respect the static train speed profile.,"(M) mandatory, (O) optional"
S0638_optional,S0638,PURE,2007-ertms,"When changing to a lower speed level, the front end of the train shall respect the dynamic train speed profile.",make the train's front end respect the dynamic train-speed profile when changing to a lower speed level,optional,The system MAY make the train's front end respect the dynamic train-speed profile when changing to a lower speed level.,The system MUST make the train's front end respect the dynamic train-speed profile when changing to a lower speed level.,MUST,no,0,optional,1,0.33,"ERTMS/ETCS Functional Requirements Specification, version 5.0",4.3.2.2a,M,Functions > Trainborne Functions > Dynamic train speed profile calculation,"4.3.2.1b (M): Based on all relevant data, the ETCS shall calculate an emergency braking curve and a service braking curve",4.3.2.2b (M): When changing to a higher speed level the rear end of the train shall respect the static train speed profile.,"(M) mandatory, (O) optional"
S0638_nice_to_have,S0638,PURE,2007-ertms,"When changing to a lower speed level, the front end of the train shall respect the dynamic train speed profile.",make the train's front end respect the dynamic train-speed profile when changing to a lower speed level,nice_to_have,It would be useful if the system could make the train's front end respect the dynamic train-speed profile when changing to a lower speed level.,The system MUST make the train's front end respect the dynamic train-speed profile when changing to a lower speed level.,MUST,no,0,nice_to_have,0,0.0,"ERTMS/ETCS Functional Requirements Specification, version 5.0",4.3.2.2a,M,Functions > Trainborne Functions > Dynamic train speed profile calculation,"4.3.2.1b (M): Based on all relevant data, the ETCS shall calculate an emergency braking curve and a service braking curve",4.3.2.2b (M): When changing to a higher speed level the rear end of the train shall respect the static train speed profile.,"(M) mandatory, (O) optional"
S0639_mandatory,S0639,PURE,2007-ertms,When changing to a higher speed level the rear end of the train shall respect the static train speed profile.,make the train's rear end respect the static train-speed profile when changing to a higher speed level,mandatory,The system MUST make the train's rear end respect the static train-speed profile when changing to a higher speed level.,The system MUST make the train's rear end respect the static train-speed profile when changing to a higher speed level.,MUST,yes,1,mandatory,3,1.0,"ERTMS/ETCS Functional Requirements Specification, version 5.0",4.3.2.2b,M,Functions > Trainborne Functions > Dynamic train speed profile calculation,"4.3.2.2a (M): When changing to a lower speed level, the front end of the train shall respect the dynamic train speed profile.",4.3.2.3 (M): It shall be possible to define certain locations (e.g. tunnels) where speed increase is related to the front of the train.,"(M) mandatory, (O) optional"
S0639_recommended,S0639,PURE,2007-ertms,When changing to a higher speed level the rear end of the train shall respect the static train speed profile.,make the train's rear end respect the static train-speed profile when changing to a higher speed level,recommended,The system SHOULD make the train's rear end respect the static train-speed profile when changing to a higher speed level.,The system MUST make the train's rear end respect the static train-speed profile when changing to a higher speed level.,MUST,no,0,recommended,2,0.67,"ERTMS/ETCS Functional Requirements Specification, version 5.0",4.3.2.2b,M,Functions > Trainborne Functions > Dynamic train speed profile calculation,"4.3.2.2a (M): When changing to a lower speed level, the front end of the train shall respect the dynamic train speed profile.",4.3.2.3 (M): It shall be possible to define certain locations (e.g. tunnels) where speed increase is related to the front of the train.,"(M) mandatory, (O) optional"
S0639_optional,S0639,PURE,2007-ertms,When changing to a higher speed level the rear end of the train shall respect the static train speed profile.,make the train's rear end respect the static train-speed profile when changing to a higher speed level,optional,The system MAY make the train's rear end respect the static train-speed profile when changing to a higher speed level.,The system MUST make the train's rear end respect the static train-speed profile when changing to a higher speed level.,MUST,no,0,optional,1,0.33,"ERTMS/ETCS Functional Requirements Specification, version 5.0",4.3.2.2b,M,Functions > Trainborne Functions > Dynamic train speed profile calculation,"4.3.2.2a (M): When changing to a lower speed level, the front end of the train shall respect the dynamic train speed profile.",4.3.2.3 (M): It shall be possible to define certain locations (e.g. tunnels) where speed increase is related to the front of the train.,"(M) mandatory, (O) optional"
S0639_nice_to_have,S0639,PURE,2007-ertms,When changing to a higher speed level the rear end of the train shall respect the static train speed profile.,make the train's rear end respect the static train-speed profile when changing to a higher speed level,nice_to_have,It would be useful if the system could make the train's rear end respect the static train-speed profile when changing to a higher speed level.,The system MUST make the train's rear end respect the static train-speed profile when changing to a higher speed level.,MUST,no,0,nice_to_have,0,0.0,"ERTMS/ETCS Functional Requirements Specification, version 5.0",4.3.2.2b,M,Functions > Trainborne Functions > Dynamic train speed profile calculation,"4.3.2.2a (M): When changing to a lower speed level, the front end of the train shall respect the dynamic train speed profile.",4.3.2.3 (M): It shall be possible to define certain locations (e.g. tunnels) where speed increase is related to the front of the train.,"(M) mandatory, (O) optional"
S0641_mandatory,S0641,PURE,2007-ertms,The braking curves shall ensure that the train complies with its speed requirements.,provide braking curves that ensure the train complies with its speed requirements,mandatory,The system MUST provide braking curves that ensure the train complies with its speed requirements.,The system MUST provide braking curves that ensure the train complies with its speed requirements.,MUST,yes,1,mandatory,3,1.0,"ERTMS/ETCS Functional Requirements Specification, version 5.0",4.3.2.5,M,Functions > Trainborne Functions > Dynamic train speed profile calculation,4.3.2.3 (M): It shall be possible to define certain locations (e.g. tunnels) where speed increase is related to the front of the train.,4.3.2.7 (M): Where failure to apply the full service brake is detected the emergency brake shall stop the train in rear of the danger point.,"(M) mandatory, (O) optional"
S0641_recommended,S0641,PURE,2007-ertms,The braking curves shall ensure that the train complies with its speed requirements.,provide braking curves that ensure the train complies with its speed requirements,recommended,The system SHOULD provide braking curves that ensure the train complies with its speed requirements.,The system MUST provide braking curves that ensure the train complies with its speed requirements.,MUST,no,0,recommended,2,0.67,"ERTMS/ETCS Functional Requirements Specification, version 5.0",4.3.2.5,M,Functions > Trainborne Functions > Dynamic train speed profile calculation,4.3.2.3 (M): It shall be possible to define certain locations (e.g. tunnels) where speed increase is related to the front of the train.,4.3.2.7 (M): Where failure to apply the full service brake is detected the emergency brake shall stop the train in rear of the danger point.,"(M) mandatory, (O) optional"
S0641_optional,S0641,PURE,2007-ertms,The braking curves shall ensure that the train complies with its speed requirements.,provide braking curves that ensure the train complies with its speed requirements,optional,The system MAY provide braking curves that ensure the train complies with its speed requirements.,The system MUST provide braking curves that ensure the train complies with its speed requirements.,MUST,no,0,optional,1,0.33,"ERTMS/ETCS Functional Requirements Specification, version 5.0",4.3.2.5,M,Functions > Trainborne Functions > Dynamic train speed profile calculation,4.3.2.3 (M): It shall be possible to define certain locations (e.g. tunnels) where speed increase is related to the front of the train.,4.3.2.7 (M): Where failure to apply the full service brake is detected the emergency brake shall stop the train in rear of the danger point.,"(M) mandatory, (O) optional"
S0641_nice_to_have,S0641,PURE,2007-ertms,The braking curves shall ensure that the train complies with its speed requirements.,provide braking curves that ensure the train complies with its speed requirements,nice_to_have,It would be useful if the system could provide braking curves that ensure the train complies with its speed requirements.,The system MUST provide braking curves that ensure the train complies with its speed requirements.,MUST,no,0,nice_to_have,0,0.0,"ERTMS/ETCS Functional Requirements Specification, version 5.0",4.3.2.5,M,Functions > Trainborne Functions > Dynamic train speed profile calculation,4.3.2.3 (M): It shall be possible to define certain locations (e.g. tunnels) where speed increase is related to the front of the train.,4.3.2.7 (M): Where failure to apply the full service brake is detected the emergency brake shall stop the train in rear of the danger point.,"(M) mandatory, (O) optional"
S0644_mandatory,S0644,PURE,2007-ertms,The release speed shall be indicated on the DMI.,indicate the release speed on the DMI,mandatory,The system MUST indicate the release speed on the DMI.,The system MUST indicate the release speed on the DMI.,MUST,yes,1,mandatory,3,1.0,"ERTMS/ETCS Functional Requirements Specification, version 5.0",4.3.3.2c,M,Functions > Trainborne Functions > Release speed calculation,"4.3.3.1 (M): The release speed shall be calculated on board, based on either: safety distance and overlap accuracy of odometry deceleration performance of the train, etc or given from the trackside. The release speed given from the trackside shall take priority over the release speed calculated on board.",4.3.3.2d (M): If the release speed is calculated on board it shall ensure that the train will stop before reaching the danger point,"(M) mandatory, (O) optional"
S0644_recommended,S0644,PURE,2007-ertms,The release speed shall be indicated on the DMI.,indicate the release speed on the DMI,recommended,The system SHOULD indicate the release speed on the DMI.,The system MUST indicate the release speed on the DMI.,MUST,no,0,recommended,2,0.67,"ERTMS/ETCS Functional Requirements Specification, version 5.0",4.3.3.2c,M,Functions > Trainborne Functions > Release speed calculation,"4.3.3.1 (M): The release speed shall be calculated on board, based on either: safety distance and overlap accuracy of odometry deceleration performance of the train, etc or given from the trackside. The release speed given from the trackside shall take priority over the release speed calculated on board.",4.3.3.2d (M): If the release speed is calculated on board it shall ensure that the train will stop before reaching the danger point,"(M) mandatory, (O) optional"
S0644_optional,S0644,PURE,2007-ertms,The release speed shall be indicated on the DMI.,indicate the release speed on the DMI,optional,The system MAY indicate the release speed on the DMI.,The system MUST indicate the release speed on the DMI.,MUST,no,0,optional,1,0.33,"ERTMS/ETCS Functional Requirements Specification, version 5.0",4.3.3.2c,M,Functions > Trainborne Functions > Release speed calculation,"4.3.3.1 (M): The release speed shall be calculated on board, based on either: safety distance and overlap accuracy of odometry deceleration performance of the train, etc or given from the trackside. The release speed given from the trackside shall take priority over the release speed calculated on board.",4.3.3.2d (M): If the release speed is calculated on board it shall ensure that the train will stop before reaching the danger point,"(M) mandatory, (O) optional"
S0644_nice_to_have,S0644,PURE,2007-ertms,The release speed shall be indicated on the DMI.,indicate the release speed on the DMI,nice_to_have,It would be useful if the system could indicate the release speed on the DMI.,The system MUST indicate the release speed on the DMI.,MUST,no,0,nice_to_have,0,0.0,"ERTMS/ETCS Functional Requirements Specification, version 5.0",4.3.3.2c,M,Functions > Trainborne Functions > Release speed calculation,"4.3.3.1 (M): The release speed shall be calculated on board, based on either: safety distance and overlap accuracy of odometry deceleration performance of the train, etc or given from the trackside. The release speed given from the trackside shall take priority over the release speed calculated on board.",4.3.3.2d (M): If the release speed is calculated on board it shall ensure that the train will stop before reaching the danger point,"(M) mandatory, (O) optional"
S0647_mandatory,S0647,PURE,2007-ertms,Each railway shall have the possibility of allowing a different release speed for every signal.,allow each railway to set a different release speed for every signal,mandatory,The system MUST allow each railway to set a different release speed for every signal.,The system MUST allow each railway to set a different release speed for every signal.,MUST,yes,1,mandatory,3,1.0,"ERTMS/ETCS Functional Requirements Specification, version 5.0",4.3.3.4,M,Functions > Trainborne Functions > Release speed calculation,"4.3.3.3 (M): When the train is stationary or after a certain time (e.g. the time for ""route releasing"" of the overlap, the release speed calculation shall be based on the distance to the danger point (if calculated on-board). The condition for this change shall be defined for each target as infrastructure data.",4.3.4.1 (M): The ETCS trainborne equipment shall be able to determine the location of the entire train.,"(M) mandatory, (O) optional"
S0647_recommended,S0647,PURE,2007-ertms,Each railway shall have the possibility of allowing a different release speed for every signal.,allow each railway to set a different release speed for every signal,recommended,The system SHOULD allow each railway to set a different release speed for every signal.,The system MUST allow each railway to set a different release speed for every signal.,MUST,no,0,recommended,2,0.67,"ERTMS/ETCS Functional Requirements Specification, version 5.0",4.3.3.4,M,Functions > Trainborne Functions > Release speed calculation,"4.3.3.3 (M): When the train is stationary or after a certain time (e.g. the time for ""route releasing"" of the overlap, the release speed calculation shall be based on the distance to the danger point (if calculated on-board). The condition for this change shall be defined for each target as infrastructure data.",4.3.4.1 (M): The ETCS trainborne equipment shall be able to determine the location of the entire train.,"(M) mandatory, (O) optional"
S0647_optional,S0647,PURE,2007-ertms,Each railway shall have the possibility of allowing a different release speed for every signal.,allow each railway to set a different release speed for every signal,optional,The system MAY allow each railway to set a different release speed for every signal.,The system MUST allow each railway to set a different release speed for every signal.,MUST,no,0,optional,1,0.33,"ERTMS/ETCS Functional Requirements Specification, version 5.0",4.3.3.4,M,Functions > Trainborne Functions > Release speed calculation,"4.3.3.3 (M): When the train is stationary or after a certain time (e.g. the time for ""route releasing"" of the overlap, the release speed calculation shall be based on the distance to the danger point (if calculated on-board). The condition for this change shall be defined for each target as infrastructure data.",4.3.4.1 (M): The ETCS trainborne equipment shall be able to determine the location of the entire train.,"(M) mandatory, (O) optional"
S0647_nice_to_have,S0647,PURE,2007-ertms,Each railway shall have the possibility of allowing a different release speed for every signal.,allow each railway to set a different release speed for every signal,nice_to_have,It would be useful if the system could allow each railway to set a different release speed for every signal.,The system MUST allow each railway to set a different release speed for every signal.,MUST,no,0,nice_to_have,0,0.0,"ERTMS/ETCS Functional Requirements Specification, version 5.0",4.3.3.4,M,Functions > Trainborne Functions > Release speed calculation,"4.3.3.3 (M): When the train is stationary or after a certain time (e.g. the time for ""route releasing"" of the overlap, the release speed calculation shall be based on the distance to the danger point (if calculated on-board). The condition for this change shall be defined for each target as infrastructure data.",4.3.4.1 (M): The ETCS trainborne equipment shall be able to determine the location of the entire train.,"(M) mandatory, (O) optional"
S0648_mandatory,S0648,PURE,2007-ertms,The ETCS trainborne equipment shall be able to determine the location of the entire train.,determine the entire train's location with the ETCS trainborne equipment,mandatory,The system MUST determine the entire train's location with the ETCS trainborne equipment.,The system MUST determine the entire train's location with the ETCS trainborne equipment.,MUST,yes,1,mandatory,3,1.0,"ERTMS/ETCS Functional Requirements Specification, version 5.0",4.3.4.1,M,Functions > Trainborne Functions > Train location,4.3.3.4 (M): Each railway shall have the possibility of allowing a different release speed for every signal.,"4.3.4.2 (M): On lines fitted with RBC, the ETCS trainborne equipment shall be able to transmit the location of the entire train to the RBC.","(M) mandatory, (O) optional"
S0648_recommended,S0648,PURE,2007-ertms,The ETCS trainborne equipment shall be able to determine the location of the entire train.,determine the entire train's location with the ETCS trainborne equipment,recommended,The system SHOULD determine the entire train's location with the ETCS trainborne equipment.,The system MUST determine the entire train's location with the ETCS trainborne equipment.,MUST,no,0,recommended,2,0.67,"ERTMS/ETCS Functional Requirements Specification, version 5.0",4.3.4.1,M,Functions > Trainborne Functions > Train location,4.3.3.4 (M): Each railway shall have the possibility of allowing a different release speed for every signal.,"4.3.4.2 (M): On lines fitted with RBC, the ETCS trainborne equipment shall be able to transmit the location of the entire train to the RBC.","(M) mandatory, (O) optional"
S0648_optional,S0648,PURE,2007-ertms,The ETCS trainborne equipment shall be able to determine the location of the entire train.,determine the entire train's location with the ETCS trainborne equipment,optional,The system MAY determine the entire train's location with the ETCS trainborne equipment.,The system MUST determine the entire train's location with the ETCS trainborne equipment.,MUST,no,0,optional,1,0.33,"ERTMS/ETCS Functional Requirements Specification, version 5.0",4.3.4.1,M,Functions > Trainborne Functions > Train location,4.3.3.4 (M): Each railway shall have the possibility of allowing a different release speed for every signal.,"4.3.4.2 (M): On lines fitted with RBC, the ETCS trainborne equipment shall be able to transmit the location of the entire train to the RBC.","(M) mandatory, (O) optional"
S0648_nice_to_have,S0648,PURE,2007-ertms,The ETCS trainborne equipment shall be able to determine the location of the entire train.,determine the entire train's location with the ETCS trainborne equipment,nice_to_have,It would be useful if the system could determine the entire train's location with the ETCS trainborne equipment.,The system MUST determine the entire train's location with the ETCS trainborne equipment.,MUST,no,0,nice_to_have,0,0.0,"ERTMS/ETCS Functional Requirements Specification, version 5.0",4.3.4.1,M,Functions > Trainborne Functions > Train location,4.3.3.4 (M): Each railway shall have the possibility of allowing a different release speed for every signal.,"4.3.4.2 (M): On lines fitted with RBC, the ETCS trainborne equipment shall be able to transmit the location of the entire train to the RBC.","(M) mandatory, (O) optional"
S0649_mandatory,S0649,PURE,2007-ertms,"On lines fitted with RBC, the ETCS trainborne equipment shall be able to transmit the location of the entire train to the RBC.",transmit the entire train's location from ETCS trainborne equipment to the RBC on lines fitted with RBC,mandatory,The system MUST transmit the entire train's location from ETCS trainborne equipment to the RBC on lines fitted with RBC.,The system MUST transmit the entire train's location from ETCS trainborne equipment to the RBC on lines fitted with RBC.,MUST,yes,1,mandatory,3,1.0,"ERTMS/ETCS Functional Requirements Specification, version 5.0",4.3.4.2,M,Functions > Trainborne Functions > Train location,4.3.4.1 (M): The ETCS trainborne equipment shall be able to determine the location of the entire train.,4.3.4.3 (M): The train location calculation shall take into account error of odometry.,"(M) mandatory, (O) optional"
S0649_recommended,S0649,PURE,2007-ertms,"On lines fitted with RBC, the ETCS trainborne equipment shall be able to transmit the location of the entire train to the RBC.",transmit the entire train's location from ETCS trainborne equipment to the RBC on lines fitted with RBC,recommended,The system SHOULD transmit the entire train's location from ETCS trainborne equipment to the RBC on lines fitted with RBC.,The system MUST transmit the entire train's location from ETCS trainborne equipment to the RBC on lines fitted with RBC.,MUST,no,0,recommended,2,0.67,"ERTMS/ETCS Functional Requirements Specification, version 5.0",4.3.4.2,M,Functions > Trainborne Functions > Train location,4.3.4.1 (M): The ETCS trainborne equipment shall be able to determine the location of the entire train.,4.3.4.3 (M): The train location calculation shall take into account error of odometry.,"(M) mandatory, (O) optional"
S0649_optional,S0649,PURE,2007-ertms,"On lines fitted with RBC, the ETCS trainborne equipment shall be able to transmit the location of the entire train to the RBC.",transmit the entire train's location from ETCS trainborne equipment to the RBC on lines fitted with RBC,optional,The system MAY transmit the entire train's location from ETCS trainborne equipment to the RBC on lines fitted with RBC.,The system MUST transmit the entire train's location from ETCS trainborne equipment to the RBC on lines fitted with RBC.,MUST,no,0,optional,1,0.33,"ERTMS/ETCS Functional Requirements Specification, version 5.0",4.3.4.2,M,Functions > Trainborne Functions > Train location,4.3.4.1 (M): The ETCS trainborne equipment shall be able to determine the location of the entire train.,4.3.4.3 (M): The train location calculation shall take into account error of odometry.,"(M) mandatory, (O) optional"
S0649_nice_to_have,S0649,PURE,2007-ertms,"On lines fitted with RBC, the ETCS trainborne equipment shall be able to transmit the location of the entire train to the RBC.",transmit the entire train's location from ETCS trainborne equipment to the RBC on lines fitted with RBC,nice_to_have,It would be useful if the system could transmit the entire train's location from ETCS trainborne equipment to the RBC on lines fitted with RBC.,The system MUST transmit the entire train's location from ETCS trainborne equipment to the RBC on lines fitted with RBC.,MUST,no,0,nice_to_have,0,0.0,"ERTMS/ETCS Functional Requirements Specification, version 5.0",4.3.4.2,M,Functions > Trainborne Functions > Train location,4.3.4.1 (M): The ETCS trainborne equipment shall be able to determine the location of the entire train.,4.3.4.3 (M): The train location calculation shall take into account error of odometry.,"(M) mandatory, (O) optional"
S0650_mandatory,S0650,PURE,2007-ertms,The train location calculation shall take into account error of odometry.,account for odometry error in train-location calculations,mandatory,The system MUST account for odometry error in train-location calculations.,The system MUST account for odometry error in train-location calculations.,MUST,yes,1,mandatory,3,1.0,"ERTMS/ETCS Functional Requirements Specification, version 5.0",4.3.4.3,M,Functions > Trainborne Functions > Train location,"4.3.4.2 (M): On lines fitted with RBC, the ETCS trainborne equipment shall be able to transmit the location of the entire train to the RBC.",4.3.51a (M): Actual speed shall be indicated on the DMI,"(M) mandatory, (O) optional"
S0650_recommended,S0650,PURE,2007-ertms,The train location calculation shall take into account error of odometry.,account for odometry error in train-location calculations,recommended,The system SHOULD account for odometry error in train-location calculations.,The system MUST account for odometry error in train-location calculations.,MUST,no,0,recommended,2,0.67,"ERTMS/ETCS Functional Requirements Specification, version 5.0",4.3.4.3,M,Functions > Trainborne Functions > Train location,"4.3.4.2 (M): On lines fitted with RBC, the ETCS trainborne equipment shall be able to transmit the location of the entire train to the RBC.",4.3.51a (M): Actual speed shall be indicated on the DMI,"(M) mandatory, (O) optional"
S0650_optional,S0650,PURE,2007-ertms,The train location calculation shall take into account error of odometry.,account for odometry error in train-location calculations,optional,The system MAY account for odometry error in train-location calculations.,The system MUST account for odometry error in train-location calculations.,MUST,no,0,optional,1,0.33,"ERTMS/ETCS Functional Requirements Specification, version 5.0",4.3.4.3,M,Functions > Trainborne Functions > Train location,"4.3.4.2 (M): On lines fitted with RBC, the ETCS trainborne equipment shall be able to transmit the location of the entire train to the RBC.",4.3.51a (M): Actual speed shall be indicated on the DMI,"(M) mandatory, (O) optional"
S0650_nice_to_have,S0650,PURE,2007-ertms,The train location calculation shall take into account error of odometry.,account for odometry error in train-location calculations,nice_to_have,It would be useful if the system could account for odometry error in train-location calculations.,The system MUST account for odometry error in train-location calculations.,MUST,no,0,nice_to_have,0,0.0,"ERTMS/ETCS Functional Requirements Specification, version 5.0",4.3.4.3,M,Functions > Trainborne Functions > Train location,"4.3.4.2 (M): On lines fitted with RBC, the ETCS trainborne equipment shall be able to transmit the location of the entire train to the RBC.",4.3.51a (M): Actual speed shall be indicated on the DMI,"(M) mandatory, (O) optional"
S0651_mandatory,S0651,PURE,2007-ertms,Actual speed shall be indicated on the DMI,indicate actual speed on the DMI,mandatory,The system MUST indicate actual speed on the DMI.,The system MUST indicate actual speed on the DMI.,MUST,yes,1,mandatory,3,1.0,"ERTMS/ETCS Functional Requirements Specification, version 5.0",4.3.51a,M,Functions > Trainborne Functions > Speed calculation and indication,4.3.4.3 (M): The train location calculation shall take into account error of odometry.,"4.3.5.2 (M): There shall be no discrepancy between the speed shown to the driver and the speed used for supervision of movement authorities and speed limits, function 4.3.7","(M) mandatory, (O) optional"
S0651_recommended,S0651,PURE,2007-ertms,Actual speed shall be indicated on the DMI,indicate actual speed on the DMI,recommended,The system SHOULD indicate actual speed on the DMI.,The system MUST indicate actual speed on the DMI.,MUST,no,0,recommended,2,0.67,"ERTMS/ETCS Functional Requirements Specification, version 5.0",4.3.51a,M,Functions > Trainborne Functions > Speed calculation and indication,4.3.4.3 (M): The train location calculation shall take into account error of odometry.,"4.3.5.2 (M): There shall be no discrepancy between the speed shown to the driver and the speed used for supervision of movement authorities and speed limits, function 4.3.7","(M) mandatory, (O) optional"
S0651_optional,S0651,PURE,2007-ertms,Actual speed shall be indicated on the DMI,indicate actual speed on the DMI,optional,The system MAY indicate actual speed on the DMI.,The system MUST indicate actual speed on the DMI.,MUST,no,0,optional,1,0.33,"ERTMS/ETCS Functional Requirements Specification, version 5.0",4.3.51a,M,Functions > Trainborne Functions > Speed calculation and indication,4.3.4.3 (M): The train location calculation shall take into account error of odometry.,"4.3.5.2 (M): There shall be no discrepancy between the speed shown to the driver and the speed used for supervision of movement authorities and speed limits, function 4.3.7","(M) mandatory, (O) optional"
S0651_nice_to_have,S0651,PURE,2007-ertms,Actual speed shall be indicated on the DMI,indicate actual speed on the DMI,nice_to_have,It would be useful if the system could indicate actual speed on the DMI.,The system MUST indicate actual speed on the DMI.,MUST,no,0,nice_to_have,0,0.0,"ERTMS/ETCS Functional Requirements Specification, version 5.0",4.3.51a,M,Functions > Trainborne Functions > Speed calculation and indication,4.3.4.3 (M): The train location calculation shall take into account error of odometry.,"4.3.5.2 (M): There shall be no discrepancy between the speed shown to the driver and the speed used for supervision of movement authorities and speed limits, function 4.3.7","(M) mandatory, (O) optional"
S0657_mandatory,S0657,PURE,2007-ertms,A train shall be supervised to its static and dynamic train speed profiles.,supervise a train against its static and dynamic train-speed profiles,mandatory,The system MUST supervise a train against its static and dynamic train-speed profiles.,The system MUST supervise a train against its static and dynamic train-speed profiles.,MUST,yes,1,mandatory,3,1.0,"ERTMS/ETCS Functional Requirements Specification, version 5.0",4.3.7.1,M,Functions > Trainborne Functions > Indication displayed on the DMI > Supervision of movement authorities and speed limits,"4.3.6.6 (M): The driver shall have the possibility to select the language, this does not concern non pre-defined texts sent from the trackside.","4.3.7.2 (M): Within the braking curve area, a warning shall be given to the driver to enable him to react and avoid intervention from ETCS equipment at least 5 sec. before the intervention.","(M) mandatory, (O) optional"
S0657_recommended,S0657,PURE,2007-ertms,A train shall be supervised to its static and dynamic train speed profiles.,supervise a train against its static and dynamic train-speed profiles,recommended,The system SHOULD supervise a train against its static and dynamic train-speed profiles.,The system MUST supervise a train against its static and dynamic train-speed profiles.,MUST,no,0,recommended,2,0.67,"ERTMS/ETCS Functional Requirements Specification, version 5.0",4.3.7.1,M,Functions > Trainborne Functions > Indication displayed on the DMI > Supervision of movement authorities and speed limits,"4.3.6.6 (M): The driver shall have the possibility to select the language, this does not concern non pre-defined texts sent from the trackside.","4.3.7.2 (M): Within the braking curve area, a warning shall be given to the driver to enable him to react and avoid intervention from ETCS equipment at least 5 sec. before the intervention.","(M) mandatory, (O) optional"
S0657_optional,S0657,PURE,2007-ertms,A train shall be supervised to its static and dynamic train speed profiles.,supervise a train against its static and dynamic train-speed profiles,optional,The system MAY supervise a train against its static and dynamic train-speed profiles.,The system MUST supervise a train against its static and dynamic train-speed profiles.,MUST,no,0,optional,1,0.33,"ERTMS/ETCS Functional Requirements Specification, version 5.0",4.3.7.1,M,Functions > Trainborne Functions > Indication displayed on the DMI > Supervision of movement authorities and speed limits,"4.3.6.6 (M): The driver shall have the possibility to select the language, this does not concern non pre-defined texts sent from the trackside.","4.3.7.2 (M): Within the braking curve area, a warning shall be given to the driver to enable him to react and avoid intervention from ETCS equipment at least 5 sec. before the intervention.","(M) mandatory, (O) optional"
S0657_nice_to_have,S0657,PURE,2007-ertms,A train shall be supervised to its static and dynamic train speed profiles.,supervise a train against its static and dynamic train-speed profiles,nice_to_have,It would be useful if the system could supervise a train against its static and dynamic train-speed profiles.,The system MUST supervise a train against its static and dynamic train-speed profiles.,MUST,no,0,nice_to_have,0,0.0,"ERTMS/ETCS Functional Requirements Specification, version 5.0",4.3.7.1,M,Functions > Trainborne Functions > Indication displayed on the DMI > Supervision of movement authorities and speed limits,"4.3.6.6 (M): The driver shall have the possibility to select the language, this does not concern non pre-defined texts sent from the trackside.","4.3.7.2 (M): Within the braking curve area, a warning shall be given to the driver to enable him to react and avoid intervention from ETCS equipment at least 5 sec. before the intervention.","(M) mandatory, (O) optional"
S0660_mandatory,S0660,PURE,2007-ertms,The driver shall be able to release an ETCS emergency brake application when stationary.,allow the driver to release an ETCS emergency-brake application when the train is stationary,mandatory,The system MUST allow the driver to release an ETCS emergency-brake application when the train is stationary.,The system MUST allow the driver to release an ETCS emergency-brake application when the train is stationary.,MUST,yes,1,mandatory,3,1.0,"ERTMS/ETCS Functional Requirements Specification, version 5.0",4.3.7.4b,M,Functions > Trainborne Functions > Indication displayed on the DMI > Supervision of movement authorities and speed limits,"4.3.7.3 (M): If the train or the shunting movement exceeds the permitted ceiling speed by a certain harmonised margin, the trainborne equipment shall execute a brake intervention until the actual speed does not exceed permitted speed; then the driver shall be able to release the brake","4.3.7.4c (M): If decided by a national value, the driver may release the ETCS emergency brake when the actual speed is below the permitted speed.","(M) mandatory, (O) optional"
S0660_recommended,S0660,PURE,2007-ertms,The driver shall be able to release an ETCS emergency brake application when stationary.,allow the driver to release an ETCS emergency-brake application when the train is stationary,recommended,The system SHOULD allow the driver to release an ETCS emergency-brake application when the train is stationary.,The system MUST allow the driver to release an ETCS emergency-brake application when the train is stationary.,MUST,no,0,recommended,2,0.67,"ERTMS/ETCS Functional Requirements Specification, version 5.0",4.3.7.4b,M,Functions > Trainborne Functions > Indication displayed on the DMI > Supervision of movement authorities and speed limits,"4.3.7.3 (M): If the train or the shunting movement exceeds the permitted ceiling speed by a certain harmonised margin, the trainborne equipment shall execute a brake intervention until the actual speed does not exceed permitted speed; then the driver shall be able to release the brake","4.3.7.4c (M): If decided by a national value, the driver may release the ETCS emergency brake when the actual speed is below the permitted speed.","(M) mandatory, (O) optional"
S0660_optional,S0660,PURE,2007-ertms,The driver shall be able to release an ETCS emergency brake application when stationary.,allow the driver to release an ETCS emergency-brake application when the train is stationary,optional,The system MAY allow the driver to release an ETCS emergency-brake application when the train is stationary.,The system MUST allow the driver to release an ETCS emergency-brake application when the train is stationary.,MUST,no,0,optional,1,0.33,"ERTMS/ETCS Functional Requirements Specification, version 5.0",4.3.7.4b,M,Functions > Trainborne Functions > Indication displayed on the DMI > Supervision of movement authorities and speed limits,"4.3.7.3 (M): If the train or the shunting movement exceeds the permitted ceiling speed by a certain harmonised margin, the trainborne equipment shall execute a brake intervention until the actual speed does not exceed permitted speed; then the driver shall be able to release the brake","4.3.7.4c (M): If decided by a national value, the driver may release the ETCS emergency brake when the actual speed is below the permitted speed.","(M) mandatory, (O) optional"
S0660_nice_to_have,S0660,PURE,2007-ertms,The driver shall be able to release an ETCS emergency brake application when stationary.,allow the driver to release an ETCS emergency-brake application when the train is stationary,nice_to_have,It would be useful if the system could allow the driver to release an ETCS emergency-brake application when the train is stationary.,The system MUST allow the driver to release an ETCS emergency-brake application when the train is stationary.,MUST,no,0,nice_to_have,0,0.0,"ERTMS/ETCS Functional Requirements Specification, version 5.0",4.3.7.4b,M,Functions > Trainborne Functions > Indication displayed on the DMI > Supervision of movement authorities and speed limits,"4.3.7.3 (M): If the train or the shunting movement exceeds the permitted ceiling speed by a certain harmonised margin, the trainborne equipment shall execute a brake intervention until the actual speed does not exceed permitted speed; then the driver shall be able to release the brake","4.3.7.4c (M): If decided by a national value, the driver may release the ETCS emergency brake when the actual speed is below the permitted speed.","(M) mandatory, (O) optional"
S0661_mandatory,S0661,PURE,2007-ertms,"If decided by a national value, the driver may release the ETCS emergency brake when the actual speed is below the permitted speed.",allow the driver to release the ETCS emergency brake below the permitted speed if authorised by a national value,mandatory,The system MUST allow the driver to release the ETCS emergency brake below the permitted speed if authorised by a national value.,The system MUST allow the driver to release the ETCS emergency brake below the permitted speed if authorised by a national value.,MUST,yes,1,mandatory,3,1.0,"ERTMS/ETCS Functional Requirements Specification, version 5.0",4.3.7.4c,M,Functions > Trainborne Functions > Indication displayed on the DMI > Supervision of movement authorities and speed limits,4.3.7.4b (M): The driver shall be able to release an ETCS emergency brake application when stationary.,4.3.9.1a (M): To protect a traction unit from roll away and unwanted reverse movements the trainborne equipment shall monitor the direction of movement in relation to the permitted direction.,"(M) mandatory, (O) optional"
S0661_recommended,S0661,PURE,2007-ertms,"If decided by a national value, the driver may release the ETCS emergency brake when the actual speed is below the permitted speed.",allow the driver to release the ETCS emergency brake below the permitted speed if authorised by a national value,recommended,The system SHOULD allow the driver to release the ETCS emergency brake below the permitted speed if authorised by a national value.,The system MUST allow the driver to release the ETCS emergency brake below the permitted speed if authorised by a national value.,MUST,no,0,recommended,2,0.67,"ERTMS/ETCS Functional Requirements Specification, version 5.0",4.3.7.4c,M,Functions > Trainborne Functions > Indication displayed on the DMI > Supervision of movement authorities and speed limits,4.3.7.4b (M): The driver shall be able to release an ETCS emergency brake application when stationary.,4.3.9.1a (M): To protect a traction unit from roll away and unwanted reverse movements the trainborne equipment shall monitor the direction of movement in relation to the permitted direction.,"(M) mandatory, (O) optional"
S0661_optional,S0661,PURE,2007-ertms,"If decided by a national value, the driver may release the ETCS emergency brake when the actual speed is below the permitted speed.",allow the driver to release the ETCS emergency brake below the permitted speed if authorised by a national value,optional,The system MAY allow the driver to release the ETCS emergency brake below the permitted speed if authorised by a national value.,The system MUST allow the driver to release the ETCS emergency brake below the permitted speed if authorised by a national value.,MUST,no,0,optional,1,0.33,"ERTMS/ETCS Functional Requirements Specification, version 5.0",4.3.7.4c,M,Functions > Trainborne Functions > Indication displayed on the DMI > Supervision of movement authorities and speed limits,4.3.7.4b (M): The driver shall be able to release an ETCS emergency brake application when stationary.,4.3.9.1a (M): To protect a traction unit from roll away and unwanted reverse movements the trainborne equipment shall monitor the direction of movement in relation to the permitted direction.,"(M) mandatory, (O) optional"
S0661_nice_to_have,S0661,PURE,2007-ertms,"If decided by a national value, the driver may release the ETCS emergency brake when the actual speed is below the permitted speed.",allow the driver to release the ETCS emergency brake below the permitted speed if authorised by a national value,nice_to_have,It would be useful if the system could allow the driver to release the ETCS emergency brake below the permitted speed if authorised by a national value.,The system MUST allow the driver to release the ETCS emergency brake below the permitted speed if authorised by a national value.,MUST,no,0,nice_to_have,0,0.0,"ERTMS/ETCS Functional Requirements Specification, version 5.0",4.3.7.4c,M,Functions > Trainborne Functions > Indication displayed on the DMI > Supervision of movement authorities and speed limits,4.3.7.4b (M): The driver shall be able to release an ETCS emergency brake application when stationary.,4.3.9.1a (M): To protect a traction unit from roll away and unwanted reverse movements the trainborne equipment shall monitor the direction of movement in relation to the permitted direction.,"(M) mandatory, (O) optional"
S0662_mandatory,S0662,PURE,2007-ertms,To protect a traction unit from roll away and unwanted reverse movements the trainborne equipment shall monitor the direction of movement in relation to the permitted direction.,monitor the traction unit's movement direction against the permitted direction to protect against roll-away and unwanted reverse movements,mandatory,The system MUST monitor the traction unit's movement direction against the permitted direction to protect against roll-away and unwanted reverse movements.,The system MUST monitor the traction unit's movement direction against the permitted direction to protect against roll-away and unwanted reverse movements.,MUST,yes,1,mandatory,3,1.0,"ERTMS/ETCS Functional Requirements Specification, version 5.0",4.3.9.1a,M,Functions > Trainborne Functions > Indication displayed on the DMI > Roll away and reverse movement protection,"4.3.7.4c (M): If decided by a national value, the driver may release the ETCS emergency brake when the actual speed is below the permitted speed.","4.3.9.1b (M): The trainborne equipment shall apply the emergency brake after a distance, defined by a national value, is travelled by the train.","(M) mandatory, (O) optional"
S0662_recommended,S0662,PURE,2007-ertms,To protect a traction unit from roll away and unwanted reverse movements the trainborne equipment shall monitor the direction of movement in relation to the permitted direction.,monitor the traction unit's movement direction against the permitted direction to protect against roll-away and unwanted reverse movements,recommended,The system SHOULD monitor the traction unit's movement direction against the permitted direction to protect against roll-away and unwanted reverse movements.,The system MUST monitor the traction unit's movement direction against the permitted direction to protect against roll-away and unwanted reverse movements.,MUST,no,0,recommended,2,0.67,"ERTMS/ETCS Functional Requirements Specification, version 5.0",4.3.9.1a,M,Functions > Trainborne Functions > Indication displayed on the DMI > Roll away and reverse movement protection,"4.3.7.4c (M): If decided by a national value, the driver may release the ETCS emergency brake when the actual speed is below the permitted speed.","4.3.9.1b (M): The trainborne equipment shall apply the emergency brake after a distance, defined by a national value, is travelled by the train.","(M) mandatory, (O) optional"
S0662_optional,S0662,PURE,2007-ertms,To protect a traction unit from roll away and unwanted reverse movements the trainborne equipment shall monitor the direction of movement in relation to the permitted direction.,monitor the traction unit's movement direction against the permitted direction to protect against roll-away and unwanted reverse movements,optional,The system MAY monitor the traction unit's movement direction against the permitted direction to protect against roll-away and unwanted reverse movements.,The system MUST monitor the traction unit's movement direction against the permitted direction to protect against roll-away and unwanted reverse movements.,MUST,no,0,optional,1,0.33,"ERTMS/ETCS Functional Requirements Specification, version 5.0",4.3.9.1a,M,Functions > Trainborne Functions > Indication displayed on the DMI > Roll away and reverse movement protection,"4.3.7.4c (M): If decided by a national value, the driver may release the ETCS emergency brake when the actual speed is below the permitted speed.","4.3.9.1b (M): The trainborne equipment shall apply the emergency brake after a distance, defined by a national value, is travelled by the train.","(M) mandatory, (O) optional"
S0662_nice_to_have,S0662,PURE,2007-ertms,To protect a traction unit from roll away and unwanted reverse movements the trainborne equipment shall monitor the direction of movement in relation to the permitted direction.,monitor the traction unit's movement direction against the permitted direction to protect against roll-away and unwanted reverse movements,nice_to_have,It would be useful if the system could monitor the traction unit's movement direction against the permitted direction to protect against roll-away and unwanted reverse movements.,The system MUST monitor the traction unit's movement direction against the permitted direction to protect against roll-away and unwanted reverse movements.,MUST,no,0,nice_to_have,0,0.0,"ERTMS/ETCS Functional Requirements Specification, version 5.0",4.3.9.1a,M,Functions > Trainborne Functions > Indication displayed on the DMI > Roll away and reverse movement protection,"4.3.7.4c (M): If decided by a national value, the driver may release the ETCS emergency brake when the actual speed is below the permitted speed.","4.3.9.1b (M): The trainborne equipment shall apply the emergency brake after a distance, defined by a national value, is travelled by the train.","(M) mandatory, (O) optional"
S0663_mandatory,S0663,PURE,2007-ertms,"The trainborne equipment shall apply the emergency brake after a distance, defined by a national value, is travelled by the train.",apply the emergency brake with the trainborne equipment after the train travels the distance defined by a national value during roll-away or unwanted reverse movement,mandatory,The system MUST apply the emergency brake with the trainborne equipment after the train travels the distance defined by a national value during roll-away or unwanted reverse movement.,The system MUST apply the emergency brake with the trainborne equipment after the train travels the distance defined by a national value during roll-away or unwanted reverse movement.,MUST,yes,1,mandatory,3,1.0,"ERTMS/ETCS Functional Requirements Specification, version 5.0",4.3.9.1b,M,Functions > Trainborne Functions > Indication displayed on the DMI > Roll away and reverse movement protection,4.3.9.1a (M): To protect a traction unit from roll away and unwanted reverse movements the trainborne equipment shall monitor the direction of movement in relation to the permitted direction.,4.3.9.1c (M): The roll away/reverse movement intervention shall be indicated on the DMI.,"(M) mandatory, (O) optional"
S0663_recommended,S0663,PURE,2007-ertms,"The trainborne equipment shall apply the emergency brake after a distance, defined by a national value, is travelled by the train.",apply the emergency brake with the trainborne equipment after the train travels the distance defined by a national value during roll-away or unwanted reverse movement,recommended,The system SHOULD apply the emergency brake with the trainborne equipment after the train travels the distance defined by a national value during roll-away or unwanted reverse movement.,The system MUST apply the emergency brake with the trainborne equipment after the train travels the distance defined by a national value during roll-away or unwanted reverse movement.,MUST,no,0,recommended,2,0.67,"ERTMS/ETCS Functional Requirements Specification, version 5.0",4.3.9.1b,M,Functions > Trainborne Functions > Indication displayed on the DMI > Roll away and reverse movement protection,4.3.9.1a (M): To protect a traction unit from roll away and unwanted reverse movements the trainborne equipment shall monitor the direction of movement in relation to the permitted direction.,4.3.9.1c (M): The roll away/reverse movement intervention shall be indicated on the DMI.,"(M) mandatory, (O) optional"
S0663_optional,S0663,PURE,2007-ertms,"The trainborne equipment shall apply the emergency brake after a distance, defined by a national value, is travelled by the train.",apply the emergency brake with the trainborne equipment after the train travels the distance defined by a national value during roll-away or unwanted reverse movement,optional,The system MAY apply the emergency brake with the trainborne equipment after the train travels the distance defined by a national value during roll-away or unwanted reverse movement.,The system MUST apply the emergency brake with the trainborne equipment after the train travels the distance defined by a national value during roll-away or unwanted reverse movement.,MUST,no,0,optional,1,0.33,"ERTMS/ETCS Functional Requirements Specification, version 5.0",4.3.9.1b,M,Functions > Trainborne Functions > Indication displayed on the DMI > Roll away and reverse movement protection,4.3.9.1a (M): To protect a traction unit from roll away and unwanted reverse movements the trainborne equipment shall monitor the direction of movement in relation to the permitted direction.,4.3.9.1c (M): The roll away/reverse movement intervention shall be indicated on the DMI.,"(M) mandatory, (O) optional"
S0663_nice_to_have,S0663,PURE,2007-ertms,"The trainborne equipment shall apply the emergency brake after a distance, defined by a national value, is travelled by the train.",apply the emergency brake with the trainborne equipment after the train travels the distance defined by a national value during roll-away or unwanted reverse movement,nice_to_have,It would be useful if the system could apply the emergency brake with the trainborne equipment after the train travels the distance defined by a national value during roll-away or unwanted reverse movement.,The system MUST apply the emergency brake with the trainborne equipment after the train travels the distance defined by a national value during roll-away or unwanted reverse movement.,MUST,no,0,nice_to_have,0,0.0,"ERTMS/ETCS Functional Requirements Specification, version 5.0",4.3.9.1b,M,Functions > Trainborne Functions > Indication displayed on the DMI > Roll away and reverse movement protection,4.3.9.1a (M): To protect a traction unit from roll away and unwanted reverse movements the trainborne equipment shall monitor the direction of movement in relation to the permitted direction.,4.3.9.1c (M): The roll away/reverse movement intervention shall be indicated on the DMI.,"(M) mandatory, (O) optional"
S0665_mandatory,S0665,PURE,2007-ertms,"When the traction unit has come to a standstill, the driver shall be able to release the emergency brake.",allow the driver to release the emergency brake applied for roll-away or unwanted reverse movement once the traction unit is at a standstill,mandatory,The system MUST allow the driver to release the emergency brake applied for roll-away or unwanted reverse movement once the traction unit is at a standstill.,The system MUST allow the driver to release the emergency brake applied for roll-away or unwanted reverse movement once the traction unit is at a standstill.,MUST,yes,1,mandatory,3,1.0,"ERTMS/ETCS Functional Requirements Specification, version 5.0",4.3.9.2,M,Functions > Trainborne Functions > Indication displayed on the DMI > Roll away and reverse movement protection,4.3.9.1c (M): The roll away/reverse movement intervention shall be indicated on the DMI.,4.3.9.3 (M): After releasing the emergency brake ETCS will provide the supervision appertaining when roll away protection was initiated,"(M) mandatory, (O) optional"
S0665_recommended,S0665,PURE,2007-ertms,"When the traction unit has come to a standstill, the driver shall be able to release the emergency brake.",allow the driver to release the emergency brake applied for roll-away or unwanted reverse movement once the traction unit is at a standstill,recommended,The system SHOULD allow the driver to release the emergency brake applied for roll-away or unwanted reverse movement once the traction unit is at a standstill.,The system MUST allow the driver to release the emergency brake applied for roll-away or unwanted reverse movement once the traction unit is at a standstill.,MUST,no,0,recommended,2,0.67,"ERTMS/ETCS Functional Requirements Specification, version 5.0",4.3.9.2,M,Functions > Trainborne Functions > Indication displayed on the DMI > Roll away and reverse movement protection,4.3.9.1c (M): The roll away/reverse movement intervention shall be indicated on the DMI.,4.3.9.3 (M): After releasing the emergency brake ETCS will provide the supervision appertaining when roll away protection was initiated,"(M) mandatory, (O) optional"
S0665_optional,S0665,PURE,2007-ertms,"When the traction unit has come to a standstill, the driver shall be able to release the emergency brake.",allow the driver to release the emergency brake applied for roll-away or unwanted reverse movement once the traction unit is at a standstill,optional,The system MAY allow the driver to release the emergency brake applied for roll-away or unwanted reverse movement once the traction unit is at a standstill.,The system MUST allow the driver to release the emergency brake applied for roll-away or unwanted reverse movement once the traction unit is at a standstill.,MUST,no,0,optional,1,0.33,"ERTMS/ETCS Functional Requirements Specification, version 5.0",4.3.9.2,M,Functions > Trainborne Functions > Indication displayed on the DMI > Roll away and reverse movement protection,4.3.9.1c (M): The roll away/reverse movement intervention shall be indicated on the DMI.,4.3.9.3 (M): After releasing the emergency brake ETCS will provide the supervision appertaining when roll away protection was initiated,"(M) mandatory, (O) optional"
S0665_nice_to_have,S0665,PURE,2007-ertms,"When the traction unit has come to a standstill, the driver shall be able to release the emergency brake.",allow the driver to release the emergency brake applied for roll-away or unwanted reverse movement once the traction unit is at a standstill,nice_to_have,It would be useful if the system could allow the driver to release the emergency brake applied for roll-away or unwanted reverse movement once the traction unit is at a standstill.,The system MUST allow the driver to release the emergency brake applied for roll-away or unwanted reverse movement once the traction unit is at a standstill.,MUST,no,0,nice_to_have,0,0.0,"ERTMS/ETCS Functional Requirements Specification, version 5.0",4.3.9.2,M,Functions > Trainborne Functions > Indication displayed on the DMI > Roll away and reverse movement protection,4.3.9.1c (M): The roll away/reverse movement intervention shall be indicated on the DMI.,4.3.9.3 (M): After releasing the emergency brake ETCS will provide the supervision appertaining when roll away protection was initiated,"(M) mandatory, (O) optional"
S0667_mandatory,S0667,PURE,2007-ertms,When using more than one traction unit this function shall be disabled in all but the leading traction unit.,disable roll-away and reverse-movement protection in all but the leading traction unit when more than one traction unit is used,mandatory,The system MUST disable roll-away and reverse-movement protection in all but the leading traction unit when more than one traction unit is used.,The system MUST disable roll-away and reverse-movement protection in all but the leading traction unit when more than one traction unit is used.,MUST,yes,1,mandatory,3,1.0,"ERTMS/ETCS Functional Requirements Specification, version 5.0",4.3.9.4,M,Functions > Trainborne Functions > Indication displayed on the DMI > Roll away and reverse movement protection,4.3.9.3 (M): After releasing the emergency brake ETCS will provide the supervision appertaining when roll away protection was initiated,"4.3.10.2 (M): All data entered, received or indicated to the driver shall be recorded onboard. All data shall be related to UTC (Universal Time Corrected) and a reference point.","(M) mandatory, (O) optional"
S0667_recommended,S0667,PURE,2007-ertms,When using more than one traction unit this function shall be disabled in all but the leading traction unit.,disable roll-away and reverse-movement protection in all but the leading traction unit when more than one traction unit is used,recommended,The system SHOULD disable roll-away and reverse-movement protection in all but the leading traction unit when more than one traction unit is used.,The system MUST disable roll-away and reverse-movement protection in all but the leading traction unit when more than one traction unit is used.,MUST,no,0,recommended,2,0.67,"ERTMS/ETCS Functional Requirements Specification, version 5.0",4.3.9.4,M,Functions > Trainborne Functions > Indication displayed on the DMI > Roll away and reverse movement protection,4.3.9.3 (M): After releasing the emergency brake ETCS will provide the supervision appertaining when roll away protection was initiated,"4.3.10.2 (M): All data entered, received or indicated to the driver shall be recorded onboard. All data shall be related to UTC (Universal Time Corrected) and a reference point.","(M) mandatory, (O) optional"
S0667_optional,S0667,PURE,2007-ertms,When using more than one traction unit this function shall be disabled in all but the leading traction unit.,disable roll-away and reverse-movement protection in all but the leading traction unit when more than one traction unit is used,optional,The system MAY disable roll-away and reverse-movement protection in all but the leading traction unit when more than one traction unit is used.,The system MUST disable roll-away and reverse-movement protection in all but the leading traction unit when more than one traction unit is used.,MUST,no,0,optional,1,0.33,"ERTMS/ETCS Functional Requirements Specification, version 5.0",4.3.9.4,M,Functions > Trainborne Functions > Indication displayed on the DMI > Roll away and reverse movement protection,4.3.9.3 (M): After releasing the emergency brake ETCS will provide the supervision appertaining when roll away protection was initiated,"4.3.10.2 (M): All data entered, received or indicated to the driver shall be recorded onboard. All data shall be related to UTC (Universal Time Corrected) and a reference point.","(M) mandatory, (O) optional"
S0667_nice_to_have,S0667,PURE,2007-ertms,When using more than one traction unit this function shall be disabled in all but the leading traction unit.,disable roll-away and reverse-movement protection in all but the leading traction unit when more than one traction unit is used,nice_to_have,It would be useful if the system could disable roll-away and reverse-movement protection in all but the leading traction unit when more than one traction unit is used.,The system MUST disable roll-away and reverse-movement protection in all but the leading traction unit when more than one traction unit is used.,MUST,no,0,nice_to_have,0,0.0,"ERTMS/ETCS Functional Requirements Specification, version 5.0",4.3.9.4,M,Functions > Trainborne Functions > Indication displayed on the DMI > Roll away and reverse movement protection,4.3.9.3 (M): After releasing the emergency brake ETCS will provide the supervision appertaining when roll away protection was initiated,"4.3.10.2 (M): All data entered, received or indicated to the driver shall be recorded onboard. All data shall be related to UTC (Universal Time Corrected) and a reference point.","(M) mandatory, (O) optional"
S0669_mandatory,S0669,PURE,2007-ertms,Information shall be recorded to an accuracy which enables a clear view of the functioning of ETCS and way the traction unit has been driven.,record information accurately enough to provide a clear view of ETCS functioning and how the traction unit was driven,mandatory,The system MUST record information accurately enough to provide a clear view of ETCS functioning and how the traction unit was driven.,The system MUST record information accurately enough to provide a clear view of ETCS functioning and how the traction unit was driven.,MUST,yes,1,mandatory,3,1.0,"ERTMS/ETCS Functional Requirements Specification, version 5.0",4.3.10.3,M,Functions > Trainborne Functions > Indication displayed on the DMI > Recording the ETCS information,"4.3.10.2 (M): All data entered, received or indicated to the driver shall be recorded onboard. All data shall be related to UTC (Universal Time Corrected) and a reference point.",4.3.10.4a (M): Standardised output interfaces shall enable transmission of information recorded to other media for investigation,"(M) mandatory, (O) optional"
S0669_recommended,S0669,PURE,2007-ertms,Information shall be recorded to an accuracy which enables a clear view of the functioning of ETCS and way the traction unit has been driven.,record information accurately enough to provide a clear view of ETCS functioning and how the traction unit was driven,recommended,The system SHOULD record information accurately enough to provide a clear view of ETCS functioning and how the traction unit was driven.,The system MUST record information accurately enough to provide a clear view of ETCS functioning and how the traction unit was driven.,MUST,no,0,recommended,2,0.67,"ERTMS/ETCS Functional Requirements Specification, version 5.0",4.3.10.3,M,Functions > Trainborne Functions > Indication displayed on the DMI > Recording the ETCS information,"4.3.10.2 (M): All data entered, received or indicated to the driver shall be recorded onboard. All data shall be related to UTC (Universal Time Corrected) and a reference point.",4.3.10.4a (M): Standardised output interfaces shall enable transmission of information recorded to other media for investigation,"(M) mandatory, (O) optional"
S0669_optional,S0669,PURE,2007-ertms,Information shall be recorded to an accuracy which enables a clear view of the functioning of ETCS and way the traction unit has been driven.,record information accurately enough to provide a clear view of ETCS functioning and how the traction unit was driven,optional,The system MAY record information accurately enough to provide a clear view of ETCS functioning and how the traction unit was driven.,The system MUST record information accurately enough to provide a clear view of ETCS functioning and how the traction unit was driven.,MUST,no,0,optional,1,0.33,"ERTMS/ETCS Functional Requirements Specification, version 5.0",4.3.10.3,M,Functions > Trainborne Functions > Indication displayed on the DMI > Recording the ETCS information,"4.3.10.2 (M): All data entered, received or indicated to the driver shall be recorded onboard. All data shall be related to UTC (Universal Time Corrected) and a reference point.",4.3.10.4a (M): Standardised output interfaces shall enable transmission of information recorded to other media for investigation,"(M) mandatory, (O) optional"
S0669_nice_to_have,S0669,PURE,2007-ertms,Information shall be recorded to an accuracy which enables a clear view of the functioning of ETCS and way the traction unit has been driven.,record information accurately enough to provide a clear view of ETCS functioning and how the traction unit was driven,nice_to_have,It would be useful if the system could record information accurately enough to provide a clear view of ETCS functioning and how the traction unit was driven.,The system MUST record information accurately enough to provide a clear view of ETCS functioning and how the traction unit was driven.,MUST,no,0,nice_to_have,0,0.0,"ERTMS/ETCS Functional Requirements Specification, version 5.0",4.3.10.3,M,Functions > Trainborne Functions > Indication displayed on the DMI > Recording the ETCS information,"4.3.10.2 (M): All data entered, received or indicated to the driver shall be recorded onboard. All data shall be related to UTC (Universal Time Corrected) and a reference point.",4.3.10.4a (M): Standardised output interfaces shall enable transmission of information recorded to other media for investigation,"(M) mandatory, (O) optional"
S0678_mandatory,S0678,PURE,2007-ertms,The driver shall enter the driver ID,allow the driver to enter the driver ID when using multiple traction units,mandatory,The system MUST allow the driver to enter the driver ID when using multiple traction units.,The system MUST allow the driver to enter the driver ID when using multiple traction units.,MUST,yes,1,mandatory,3,1.0,"ERTMS/ETCS Functional Requirements Specification, version 5.0",4.4.2.5,M,Functions > Special Operations > Using multiple traction units,4.4.2.2 (M): The train trip function 4.6.12 shall be suppressed on the tandem traction unit.,4.4.7.1 (M): It shall be possible to drive the train backwards in a supervised way (speed and distance) according to information received from trackside,"(M) mandatory, (O) optional"
S0678_recommended,S0678,PURE,2007-ertms,The driver shall enter the driver ID,allow the driver to enter the driver ID when using multiple traction units,recommended,The system SHOULD allow the driver to enter the driver ID when using multiple traction units.,The system MUST allow the driver to enter the driver ID when using multiple traction units.,MUST,no,0,recommended,2,0.67,"ERTMS/ETCS Functional Requirements Specification, version 5.0",4.4.2.5,M,Functions > Special Operations > Using multiple traction units,4.4.2.2 (M): The train trip function 4.6.12 shall be suppressed on the tandem traction unit.,4.4.7.1 (M): It shall be possible to drive the train backwards in a supervised way (speed and distance) according to information received from trackside,"(M) mandatory, (O) optional"
S0678_optional,S0678,PURE,2007-ertms,The driver shall enter the driver ID,allow the driver to enter the driver ID when using multiple traction units,optional,The system MAY allow the driver to enter the driver ID when using multiple traction units.,The system MUST allow the driver to enter the driver ID when using multiple traction units.,MUST,no,0,optional,1,0.33,"ERTMS/ETCS Functional Requirements Specification, version 5.0",4.4.2.5,M,Functions > Special Operations > Using multiple traction units,4.4.2.2 (M): The train trip function 4.6.12 shall be suppressed on the tandem traction unit.,4.4.7.1 (M): It shall be possible to drive the train backwards in a supervised way (speed and distance) according to information received from trackside,"(M) mandatory, (O) optional"
S0678_nice_to_have,S0678,PURE,2007-ertms,The driver shall enter the driver ID,allow the driver to enter the driver ID when using multiple traction units,nice_to_have,It would be useful if the system could allow the driver to enter the driver ID when using multiple traction units.,The system MUST allow the driver to enter the driver ID when using multiple traction units.,MUST,no,0,nice_to_have,0,0.0,"ERTMS/ETCS Functional Requirements Specification, version 5.0",4.4.2.5,M,Functions > Special Operations > Using multiple traction units,4.4.2.2 (M): The train trip function 4.6.12 shall be suppressed on the tandem traction unit.,4.4.7.1 (M): It shall be possible to drive the train backwards in a supervised way (speed and distance) according to information received from trackside,"(M) mandatory, (O) optional"
S0680_mandatory,S0680,PURE,2007-ertms,The train speed shall be at or below a speed specified by a national value.,keep train speed at or below the speed specified by a national value during the procedure for passing a stop signal with restricted movement authority,mandatory,The system MUST keep train speed at or below the speed specified by a national value during the procedure for passing a stop signal with restricted movement authority.,The system MUST keep train speed at or below the speed specified by a national value during the procedure for passing a stop signal with restricted movement authority.,MUST,yes,1,mandatory,3,1.0,"ERTMS/ETCS Functional Requirements Specification, version 5.0",4.5.2.1,M,Functions > Functions required in the event of incidents or other (non ETCS) system failures > Passing a stop signal with restricted movement authority,4.4.7.1 (M): It shall be possible to drive the train backwards in a supervised way (speed and distance) according to information received from trackside,4.5.2.2a (M): The driver shall select an override control according to the permission received.,"(M) mandatory, (O) optional"
S0680_recommended,S0680,PURE,2007-ertms,The train speed shall be at or below a speed specified by a national value.,keep train speed at or below the speed specified by a national value during the procedure for passing a stop signal with restricted movement authority,recommended,The system SHOULD keep train speed at or below the speed specified by a national value during the procedure for passing a stop signal with restricted movement authority.,The system MUST keep train speed at or below the speed specified by a national value during the procedure for passing a stop signal with restricted movement authority.,MUST,no,0,recommended,2,0.67,"ERTMS/ETCS Functional Requirements Specification, version 5.0",4.5.2.1,M,Functions > Functions required in the event of incidents or other (non ETCS) system failures > Passing a stop signal with restricted movement authority,4.4.7.1 (M): It shall be possible to drive the train backwards in a supervised way (speed and distance) according to information received from trackside,4.5.2.2a (M): The driver shall select an override control according to the permission received.,"(M) mandatory, (O) optional"
S0680_optional,S0680,PURE,2007-ertms,The train speed shall be at or below a speed specified by a national value.,keep train speed at or below the speed specified by a national value during the procedure for passing a stop signal with restricted movement authority,optional,The system MAY keep train speed at or below the speed specified by a national value during the procedure for passing a stop signal with restricted movement authority.,The system MUST keep train speed at or below the speed specified by a national value during the procedure for passing a stop signal with restricted movement authority.,MUST,no,0,optional,1,0.33,"ERTMS/ETCS Functional Requirements Specification, version 5.0",4.5.2.1,M,Functions > Functions required in the event of incidents or other (non ETCS) system failures > Passing a stop signal with restricted movement authority,4.4.7.1 (M): It shall be possible to drive the train backwards in a supervised way (speed and distance) according to information received from trackside,4.5.2.2a (M): The driver shall select an override control according to the permission received.,"(M) mandatory, (O) optional"
S0680_nice_to_have,S0680,PURE,2007-ertms,The train speed shall be at or below a speed specified by a national value.,keep train speed at or below the speed specified by a national value during the procedure for passing a stop signal with restricted movement authority,nice_to_have,It would be useful if the system could keep train speed at or below the speed specified by a national value during the procedure for passing a stop signal with restricted movement authority.,The system MUST keep train speed at or below the speed specified by a national value during the procedure for passing a stop signal with restricted movement authority.,MUST,no,0,nice_to_have,0,0.0,"ERTMS/ETCS Functional Requirements Specification, version 5.0",4.5.2.1,M,Functions > Functions required in the event of incidents or other (non ETCS) system failures > Passing a stop signal with restricted movement authority,4.4.7.1 (M): It shall be possible to drive the train backwards in a supervised way (speed and distance) according to information received from trackside,4.5.2.2a (M): The driver shall select an override control according to the permission received.,"(M) mandatory, (O) optional"
S0681_mandatory,S0681,PURE,2007-ertms,The driver shall select an override control according to the permission received.,allow the driver to select the override control for passing a stop signal with restricted movement authority according to the permission received,mandatory,The system MUST allow the driver to select the override control for passing a stop signal with restricted movement authority according to the permission received.,The system MUST allow the driver to select the override control for passing a stop signal with restricted movement authority according to the permission received.,MUST,yes,1,mandatory,3,1.0,"ERTMS/ETCS Functional Requirements Specification, version 5.0",4.5.2.2a,M,Functions > Functions required in the event of incidents or other (non ETCS) system failures > Passing a stop signal with restricted movement authority,4.5.2.1 (M): The train speed shall be at or below a speed specified by a national value.,4.5.2.2b (M): The override control shall be protected against inadvertent operation.,"(M) mandatory, (O) optional"
S0681_recommended,S0681,PURE,2007-ertms,The driver shall select an override control according to the permission received.,allow the driver to select the override control for passing a stop signal with restricted movement authority according to the permission received,recommended,The system SHOULD allow the driver to select the override control for passing a stop signal with restricted movement authority according to the permission received.,The system MUST allow the driver to select the override control for passing a stop signal with restricted movement authority according to the permission received.,MUST,no,0,recommended,2,0.67,"ERTMS/ETCS Functional Requirements Specification, version 5.0",4.5.2.2a,M,Functions > Functions required in the event of incidents or other (non ETCS) system failures > Passing a stop signal with restricted movement authority,4.5.2.1 (M): The train speed shall be at or below a speed specified by a national value.,4.5.2.2b (M): The override control shall be protected against inadvertent operation.,"(M) mandatory, (O) optional"
S0681_optional,S0681,PURE,2007-ertms,The driver shall select an override control according to the permission received.,allow the driver to select the override control for passing a stop signal with restricted movement authority according to the permission received,optional,The system MAY allow the driver to select the override control for passing a stop signal with restricted movement authority according to the permission received.,The system MUST allow the driver to select the override control for passing a stop signal with restricted movement authority according to the permission received.,MUST,no,0,optional,1,0.33,"ERTMS/ETCS Functional Requirements Specification, version 5.0",4.5.2.2a,M,Functions > Functions required in the event of incidents or other (non ETCS) system failures > Passing a stop signal with restricted movement authority,4.5.2.1 (M): The train speed shall be at or below a speed specified by a national value.,4.5.2.2b (M): The override control shall be protected against inadvertent operation.,"(M) mandatory, (O) optional"
S0681_nice_to_have,S0681,PURE,2007-ertms,The driver shall select an override control according to the permission received.,allow the driver to select the override control for passing a stop signal with restricted movement authority according to the permission received,nice_to_have,It would be useful if the system could allow the driver to select the override control for passing a stop signal with restricted movement authority according to the permission received.,The system MUST allow the driver to select the override control for passing a stop signal with restricted movement authority according to the permission received.,MUST,no,0,nice_to_have,0,0.0,"ERTMS/ETCS Functional Requirements Specification, version 5.0",4.5.2.2a,M,Functions > Functions required in the event of incidents or other (non ETCS) system failures > Passing a stop signal with restricted movement authority,4.5.2.1 (M): The train speed shall be at or below a speed specified by a national value.,4.5.2.2b (M): The override control shall be protected against inadvertent operation.,"(M) mandatory, (O) optional"
S0682_mandatory,S0682,PURE,2007-ertms,The override control shall be protected against inadvertent operation.,protect the override control against inadvertent operation,mandatory,The system MUST protect the override control against inadvertent operation.,The system MUST protect the override control against inadvertent operation.,MUST,yes,1,mandatory,3,1.0,"ERTMS/ETCS Functional Requirements Specification, version 5.0",4.5.2.2b,M,Functions > Functions required in the event of incidents or other (non ETCS) system failures > Passing a stop signal with restricted movement authority,4.5.2.2a (M): The driver shall select an override control according to the permission received.,"4.5.2.3 (M): When the train passes the stop signal, the train trip function shall be suppressed.","(M) mandatory, (O) optional"
S0682_recommended,S0682,PURE,2007-ertms,The override control shall be protected against inadvertent operation.,protect the override control against inadvertent operation,recommended,The system SHOULD protect the override control against inadvertent operation.,The system MUST protect the override control against inadvertent operation.,MUST,no,0,recommended,2,0.67,"ERTMS/ETCS Functional Requirements Specification, version 5.0",4.5.2.2b,M,Functions > Functions required in the event of incidents or other (non ETCS) system failures > Passing a stop signal with restricted movement authority,4.5.2.2a (M): The driver shall select an override control according to the permission received.,"4.5.2.3 (M): When the train passes the stop signal, the train trip function shall be suppressed.","(M) mandatory, (O) optional"
S0682_optional,S0682,PURE,2007-ertms,The override control shall be protected against inadvertent operation.,protect the override control against inadvertent operation,optional,The system MAY protect the override control against inadvertent operation.,The system MUST protect the override control against inadvertent operation.,MUST,no,0,optional,1,0.33,"ERTMS/ETCS Functional Requirements Specification, version 5.0",4.5.2.2b,M,Functions > Functions required in the event of incidents or other (non ETCS) system failures > Passing a stop signal with restricted movement authority,4.5.2.2a (M): The driver shall select an override control according to the permission received.,"4.5.2.3 (M): When the train passes the stop signal, the train trip function shall be suppressed.","(M) mandatory, (O) optional"
S0682_nice_to_have,S0682,PURE,2007-ertms,The override control shall be protected against inadvertent operation.,protect the override control against inadvertent operation,nice_to_have,It would be useful if the system could protect the override control against inadvertent operation.,The system MUST protect the override control against inadvertent operation.,MUST,no,0,nice_to_have,0,0.0,"ERTMS/ETCS Functional Requirements Specification, version 5.0",4.5.2.2b,M,Functions > Functions required in the event of incidents or other (non ETCS) system failures > Passing a stop signal with restricted movement authority,4.5.2.2a (M): The driver shall select an override control according to the permission received.,"4.5.2.3 (M): When the train passes the stop signal, the train trip function shall be suppressed.","(M) mandatory, (O) optional"
S0683_mandatory,S0683,PURE,2007-ertms,"When the train passes the stop signal, the train trip function shall be suppressed.",suppress the train-trip function when the train passes a stop signal using the override control under a restricted movement authority,mandatory,The system MUST suppress the train-trip function when the train passes a stop signal using the override control under a restricted movement authority.,The system MUST suppress the train-trip function when the train passes a stop signal using the override control under a restricted movement authority.,MUST,yes,1,mandatory,3,1.0,"ERTMS/ETCS Functional Requirements Specification, version 5.0",4.5.2.3,M,Functions > Functions required in the event of incidents or other (non ETCS) system failures > Passing a stop signal with restricted movement authority,4.5.2.2b (M): The override control shall be protected against inadvertent operation.,4.5.2.4 (M): Actual speed shall still be shown on the DMI.,"(M) mandatory, (O) optional"
S0683_recommended,S0683,PURE,2007-ertms,"When the train passes the stop signal, the train trip function shall be suppressed.",suppress the train-trip function when the train passes a stop signal using the override control under a restricted movement authority,recommended,The system SHOULD suppress the train-trip function when the train passes a stop signal using the override control under a restricted movement authority.,The system MUST suppress the train-trip function when the train passes a stop signal using the override control under a restricted movement authority.,MUST,no,0,recommended,2,0.67,"ERTMS/ETCS Functional Requirements Specification, version 5.0",4.5.2.3,M,Functions > Functions required in the event of incidents or other (non ETCS) system failures > Passing a stop signal with restricted movement authority,4.5.2.2b (M): The override control shall be protected against inadvertent operation.,4.5.2.4 (M): Actual speed shall still be shown on the DMI.,"(M) mandatory, (O) optional"
S0683_optional,S0683,PURE,2007-ertms,"When the train passes the stop signal, the train trip function shall be suppressed.",suppress the train-trip function when the train passes a stop signal using the override control under a restricted movement authority,optional,The system MAY suppress the train-trip function when the train passes a stop signal using the override control under a restricted movement authority.,The system MUST suppress the train-trip function when the train passes a stop signal using the override control under a restricted movement authority.,MUST,no,0,optional,1,0.33,"ERTMS/ETCS Functional Requirements Specification, version 5.0",4.5.2.3,M,Functions > Functions required in the event of incidents or other (non ETCS) system failures > Passing a stop signal with restricted movement authority,4.5.2.2b (M): The override control shall be protected against inadvertent operation.,4.5.2.4 (M): Actual speed shall still be shown on the DMI.,"(M) mandatory, (O) optional"
S0683_nice_to_have,S0683,PURE,2007-ertms,"When the train passes the stop signal, the train trip function shall be suppressed.",suppress the train-trip function when the train passes a stop signal using the override control under a restricted movement authority,nice_to_have,It would be useful if the system could suppress the train-trip function when the train passes a stop signal using the override control under a restricted movement authority.,The system MUST suppress the train-trip function when the train passes a stop signal using the override control under a restricted movement authority.,MUST,no,0,nice_to_have,0,0.0,"ERTMS/ETCS Functional Requirements Specification, version 5.0",4.5.2.3,M,Functions > Functions required in the event of incidents or other (non ETCS) system failures > Passing a stop signal with restricted movement authority,4.5.2.2b (M): The override control shall be protected against inadvertent operation.,4.5.2.4 (M): Actual speed shall still be shown on the DMI.,"(M) mandatory, (O) optional"
S0685_mandatory,S0685,PURE,2007-ertms,A special indication shall be shown on the DMI.,show a special indication on the DMI during the procedure for passing a stop signal with restricted movement authority,mandatory,The system MUST show a special indication on the DMI during the procedure for passing a stop signal with restricted movement authority.,The system MUST show a special indication on the DMI during the procedure for passing a stop signal with restricted movement authority.,MUST,yes,1,mandatory,3,1.0,"ERTMS/ETCS Functional Requirements Specification, version 5.0",4.5.2.5a,M,Functions > Functions required in the event of incidents or other (non ETCS) system failures > Passing a stop signal with restricted movement authority,4.5.2.4 (M): Actual speed shall still be shown on the DMI.,4.5.2.5b (M): The supervised speed shall not be shown on the DMI.,"(M) mandatory, (O) optional"
S0685_recommended,S0685,PURE,2007-ertms,A special indication shall be shown on the DMI.,show a special indication on the DMI during the procedure for passing a stop signal with restricted movement authority,recommended,The system SHOULD show a special indication on the DMI during the procedure for passing a stop signal with restricted movement authority.,The system MUST show a special indication on the DMI during the procedure for passing a stop signal with restricted movement authority.,MUST,no,0,recommended,2,0.67,"ERTMS/ETCS Functional Requirements Specification, version 5.0",4.5.2.5a,M,Functions > Functions required in the event of incidents or other (non ETCS) system failures > Passing a stop signal with restricted movement authority,4.5.2.4 (M): Actual speed shall still be shown on the DMI.,4.5.2.5b (M): The supervised speed shall not be shown on the DMI.,"(M) mandatory, (O) optional"
S0685_optional,S0685,PURE,2007-ertms,A special indication shall be shown on the DMI.,show a special indication on the DMI during the procedure for passing a stop signal with restricted movement authority,optional,The system MAY show a special indication on the DMI during the procedure for passing a stop signal with restricted movement authority.,The system MUST show a special indication on the DMI during the procedure for passing a stop signal with restricted movement authority.,MUST,no,0,optional,1,0.33,"ERTMS/ETCS Functional Requirements Specification, version 5.0",4.5.2.5a,M,Functions > Functions required in the event of incidents or other (non ETCS) system failures > Passing a stop signal with restricted movement authority,4.5.2.4 (M): Actual speed shall still be shown on the DMI.,4.5.2.5b (M): The supervised speed shall not be shown on the DMI.,"(M) mandatory, (O) optional"
S0685_nice_to_have,S0685,PURE,2007-ertms,A special indication shall be shown on the DMI.,show a special indication on the DMI during the procedure for passing a stop signal with restricted movement authority,nice_to_have,It would be useful if the system could show a special indication on the DMI during the procedure for passing a stop signal with restricted movement authority.,The system MUST show a special indication on the DMI during the procedure for passing a stop signal with restricted movement authority.,MUST,no,0,nice_to_have,0,0.0,"ERTMS/ETCS Functional Requirements Specification, version 5.0",4.5.2.5a,M,Functions > Functions required in the event of incidents or other (non ETCS) system failures > Passing a stop signal with restricted movement authority,4.5.2.4 (M): Actual speed shall still be shown on the DMI.,4.5.2.5b (M): The supervised speed shall not be shown on the DMI.,"(M) mandatory, (O) optional"
S0691_mandatory,S0691,PURE,2007-ertms,When a train has received an emergency stop ETCS shall command the emergency brake.,command the ETCS emergency brake when a train has received an emergency stop,mandatory,The system MUST command the ETCS emergency brake when a train has received an emergency stop.,The system MUST command the ETCS emergency brake when a train has received an emergency stop.,MUST,yes,1,mandatory,3,1.0,"ERTMS/ETCS Functional Requirements Specification, version 5.0",4.6.4.7,M,Functions > Protection Functions > Emergency stop to train(s),4.6.4.1c (M): It shall be possible to command a conditional emergency stop. If the train has already passed the location for the emergency stop the command shall be ignored,4.6.4.8 (M): The emergency stop shall be indicated to the driver on the DMI.,"(M) mandatory, (O) optional"
S0691_recommended,S0691,PURE,2007-ertms,When a train has received an emergency stop ETCS shall command the emergency brake.,command the ETCS emergency brake when a train has received an emergency stop,recommended,The system SHOULD command the ETCS emergency brake when a train has received an emergency stop.,The system MUST command the ETCS emergency brake when a train has received an emergency stop.,MUST,no,0,recommended,2,0.67,"ERTMS/ETCS Functional Requirements Specification, version 5.0",4.6.4.7,M,Functions > Protection Functions > Emergency stop to train(s),4.6.4.1c (M): It shall be possible to command a conditional emergency stop. If the train has already passed the location for the emergency stop the command shall be ignored,4.6.4.8 (M): The emergency stop shall be indicated to the driver on the DMI.,"(M) mandatory, (O) optional"
S0691_optional,S0691,PURE,2007-ertms,When a train has received an emergency stop ETCS shall command the emergency brake.,command the ETCS emergency brake when a train has received an emergency stop,optional,The system MAY command the ETCS emergency brake when a train has received an emergency stop.,The system MUST command the ETCS emergency brake when a train has received an emergency stop.,MUST,no,0,optional,1,0.33,"ERTMS/ETCS Functional Requirements Specification, version 5.0",4.6.4.7,M,Functions > Protection Functions > Emergency stop to train(s),4.6.4.1c (M): It shall be possible to command a conditional emergency stop. If the train has already passed the location for the emergency stop the command shall be ignored,4.6.4.8 (M): The emergency stop shall be indicated to the driver on the DMI.,"(M) mandatory, (O) optional"
S0691_nice_to_have,S0691,PURE,2007-ertms,When a train has received an emergency stop ETCS shall command the emergency brake.,command the ETCS emergency brake when a train has received an emergency stop,nice_to_have,It would be useful if the system could command the ETCS emergency brake when a train has received an emergency stop.,The system MUST command the ETCS emergency brake when a train has received an emergency stop.,MUST,no,0,nice_to_have,0,0.0,"ERTMS/ETCS Functional Requirements Specification, version 5.0",4.6.4.7,M,Functions > Protection Functions > Emergency stop to train(s),4.6.4.1c (M): It shall be possible to command a conditional emergency stop. If the train has already passed the location for the emergency stop the command shall be ignored,4.6.4.8 (M): The emergency stop shall be indicated to the driver on the DMI.,"(M) mandatory, (O) optional"
S0695_mandatory,S0695,PURE,2007-ertms,The driver shall be able to override the function when the train is stationary.,allow the driver to override the route-suitability protection function when the train is stationary,mandatory,The system MUST allow the driver to override the route-suitability protection function when the train is stationary.,The system MUST allow the driver to override the route-suitability protection function when the train is stationary.,MUST,yes,1,mandatory,3,1.0,"ERTMS/ETCS Functional Requirements Specification, version 5.0",4.6.4.2,M,Functions > Protection Functions > Route suitability,4.6.4.1c (M): Route unsuitability shall be indicated on the DMI.,4.6.4.3 (M): After overriding this function the movement authority shall be re-established.,"(M) mandatory, (O) optional"
S0695_recommended,S0695,PURE,2007-ertms,The driver shall be able to override the function when the train is stationary.,allow the driver to override the route-suitability protection function when the train is stationary,recommended,The system SHOULD allow the driver to override the route-suitability protection function when the train is stationary.,The system MUST allow the driver to override the route-suitability protection function when the train is stationary.,MUST,no,0,recommended,2,0.67,"ERTMS/ETCS Functional Requirements Specification, version 5.0",4.6.4.2,M,Functions > Protection Functions > Route suitability,4.6.4.1c (M): Route unsuitability shall be indicated on the DMI.,4.6.4.3 (M): After overriding this function the movement authority shall be re-established.,"(M) mandatory, (O) optional"
S0695_optional,S0695,PURE,2007-ertms,The driver shall be able to override the function when the train is stationary.,allow the driver to override the route-suitability protection function when the train is stationary,optional,The system MAY allow the driver to override the route-suitability protection function when the train is stationary.,The system MUST allow the driver to override the route-suitability protection function when the train is stationary.,MUST,no,0,optional,1,0.33,"ERTMS/ETCS Functional Requirements Specification, version 5.0",4.6.4.2,M,Functions > Protection Functions > Route suitability,4.6.4.1c (M): Route unsuitability shall be indicated on the DMI.,4.6.4.3 (M): After overriding this function the movement authority shall be re-established.,"(M) mandatory, (O) optional"
S0695_nice_to_have,S0695,PURE,2007-ertms,The driver shall be able to override the function when the train is stationary.,allow the driver to override the route-suitability protection function when the train is stationary,nice_to_have,It would be useful if the system could allow the driver to override the route-suitability protection function when the train is stationary.,The system MUST allow the driver to override the route-suitability protection function when the train is stationary.,MUST,no,0,nice_to_have,0,0.0,"ERTMS/ETCS Functional Requirements Specification, version 5.0",4.6.4.2,M,Functions > Protection Functions > Route suitability,4.6.4.1c (M): Route unsuitability shall be indicated on the DMI.,4.6.4.3 (M): After overriding this function the movement authority shall be re-established.,"(M) mandatory, (O) optional"
S0697_mandatory,S0697,PURE,2007-ertms,When a traction unit passes a stop-signal the emergency brake shall be triggered.,trigger the emergency brake when a traction unit passes a stop signal,mandatory,The system MUST trigger the emergency brake when a traction unit passes a stop signal.,The system MUST trigger the emergency brake when a traction unit passes a stop signal.,MUST,yes,1,mandatory,3,1.0,"ERTMS/ETCS Functional Requirements Specification, version 5.0",4.6.12.1,M,Functions > Protection Functions > Train trip,4.6.4.3 (M): After overriding this function the movement authority shall be re-established.,4.6.12.2 (M): Operation of the train trip shall be indicated on the DMI.,"(M) mandatory, (O) optional"
S0697_recommended,S0697,PURE,2007-ertms,When a traction unit passes a stop-signal the emergency brake shall be triggered.,trigger the emergency brake when a traction unit passes a stop signal,recommended,The system SHOULD trigger the emergency brake when a traction unit passes a stop signal.,The system MUST trigger the emergency brake when a traction unit passes a stop signal.,MUST,no,0,recommended,2,0.67,"ERTMS/ETCS Functional Requirements Specification, version 5.0",4.6.12.1,M,Functions > Protection Functions > Train trip,4.6.4.3 (M): After overriding this function the movement authority shall be re-established.,4.6.12.2 (M): Operation of the train trip shall be indicated on the DMI.,"(M) mandatory, (O) optional"
S0697_optional,S0697,PURE,2007-ertms,When a traction unit passes a stop-signal the emergency brake shall be triggered.,trigger the emergency brake when a traction unit passes a stop signal,optional,The system MAY trigger the emergency brake when a traction unit passes a stop signal.,The system MUST trigger the emergency brake when a traction unit passes a stop signal.,MUST,no,0,optional,1,0.33,"ERTMS/ETCS Functional Requirements Specification, version 5.0",4.6.12.1,M,Functions > Protection Functions > Train trip,4.6.4.3 (M): After overriding this function the movement authority shall be re-established.,4.6.12.2 (M): Operation of the train trip shall be indicated on the DMI.,"(M) mandatory, (O) optional"
S0697_nice_to_have,S0697,PURE,2007-ertms,When a traction unit passes a stop-signal the emergency brake shall be triggered.,trigger the emergency brake when a traction unit passes a stop signal,nice_to_have,It would be useful if the system could trigger the emergency brake when a traction unit passes a stop signal.,The system MUST trigger the emergency brake when a traction unit passes a stop signal.,MUST,no,0,nice_to_have,0,0.0,"ERTMS/ETCS Functional Requirements Specification, version 5.0",4.6.12.1,M,Functions > Protection Functions > Train trip,4.6.4.3 (M): After overriding this function the movement authority shall be re-established.,4.6.12.2 (M): Operation of the train trip shall be indicated on the DMI.,"(M) mandatory, (O) optional"
S0699_mandatory,S0699,PURE,2007-ertms,The emergency brake shall be applied until the traction unit is stationary.,apply the emergency brake following a train trip until the traction unit is stationary,mandatory,The system MUST apply the emergency brake following a train trip until the traction unit is stationary.,The system MUST apply the emergency brake following a train trip until the traction unit is stationary.,MUST,yes,1,mandatory,3,1.0,"ERTMS/ETCS Functional Requirements Specification, version 5.0",4.6.12.3,M,Functions > Protection Functions > Train trip,4.6.12.2 (M): Operation of the train trip shall be indicated on the DMI.,4.6.12.4 (M): When the traction unit is stationary the driver shall be required to acknowledge the train trip condition. This acknowledgement will release the emergency brake.,"(M) mandatory, (O) optional"
S0699_recommended,S0699,PURE,2007-ertms,The emergency brake shall be applied until the traction unit is stationary.,apply the emergency brake following a train trip until the traction unit is stationary,recommended,The system SHOULD apply the emergency brake following a train trip until the traction unit is stationary.,The system MUST apply the emergency brake following a train trip until the traction unit is stationary.,MUST,no,0,recommended,2,0.67,"ERTMS/ETCS Functional Requirements Specification, version 5.0",4.6.12.3,M,Functions > Protection Functions > Train trip,4.6.12.2 (M): Operation of the train trip shall be indicated on the DMI.,4.6.12.4 (M): When the traction unit is stationary the driver shall be required to acknowledge the train trip condition. This acknowledgement will release the emergency brake.,"(M) mandatory, (O) optional"
S0699_optional,S0699,PURE,2007-ertms,The emergency brake shall be applied until the traction unit is stationary.,apply the emergency brake following a train trip until the traction unit is stationary,optional,The system MAY apply the emergency brake following a train trip until the traction unit is stationary.,The system MUST apply the emergency brake following a train trip until the traction unit is stationary.,MUST,no,0,optional,1,0.33,"ERTMS/ETCS Functional Requirements Specification, version 5.0",4.6.12.3,M,Functions > Protection Functions > Train trip,4.6.12.2 (M): Operation of the train trip shall be indicated on the DMI.,4.6.12.4 (M): When the traction unit is stationary the driver shall be required to acknowledge the train trip condition. This acknowledgement will release the emergency brake.,"(M) mandatory, (O) optional"
S0699_nice_to_have,S0699,PURE,2007-ertms,The emergency brake shall be applied until the traction unit is stationary.,apply the emergency brake following a train trip until the traction unit is stationary,nice_to_have,It would be useful if the system could apply the emergency brake following a train trip until the traction unit is stationary.,The system MUST apply the emergency brake following a train trip until the traction unit is stationary.,MUST,no,0,nice_to_have,0,0.0,"ERTMS/ETCS Functional Requirements Specification, version 5.0",4.6.12.3,M,Functions > Protection Functions > Train trip,4.6.12.2 (M): Operation of the train trip shall be indicated on the DMI.,4.6.12.4 (M): When the traction unit is stationary the driver shall be required to acknowledge the train trip condition. This acknowledgement will release the emergency brake.,"(M) mandatory, (O) optional"
S0702_mandatory,S0702,PURE,2007-ertms,After the acknowledgement the train shall be able to be driven backwards for a certain distance defined by national value,allow the train to be driven backwards for a distance defined by a national value after the driver acknowledges the train-trip condition,mandatory,The system MUST allow the train to be driven backwards for a distance defined by a national value after the driver acknowledges the train-trip condition.,The system MUST allow the train to be driven backwards for a distance defined by a national value after the driver acknowledges the train-trip condition.,MUST,yes,1,mandatory,3,1.0,"ERTMS/ETCS Functional Requirements Specification, version 5.0",4.6.12.5b,M,Functions > Protection Functions > Train trip,4.6.12.5a (M): After the acknowledgement the driver shall be able to continue the movement,4.7.1.1 (M): The ETCS trainborne equipment shall transmit its own train identification to the RBC.,"(M) mandatory, (O) optional"
S0702_recommended,S0702,PURE,2007-ertms,After the acknowledgement the train shall be able to be driven backwards for a certain distance defined by national value,allow the train to be driven backwards for a distance defined by a national value after the driver acknowledges the train-trip condition,recommended,The system SHOULD allow the train to be driven backwards for a distance defined by a national value after the driver acknowledges the train-trip condition.,The system MUST allow the train to be driven backwards for a distance defined by a national value after the driver acknowledges the train-trip condition.,MUST,no,0,recommended,2,0.67,"ERTMS/ETCS Functional Requirements Specification, version 5.0",4.6.12.5b,M,Functions > Protection Functions > Train trip,4.6.12.5a (M): After the acknowledgement the driver shall be able to continue the movement,4.7.1.1 (M): The ETCS trainborne equipment shall transmit its own train identification to the RBC.,"(M) mandatory, (O) optional"
S0702_optional,S0702,PURE,2007-ertms,After the acknowledgement the train shall be able to be driven backwards for a certain distance defined by national value,allow the train to be driven backwards for a distance defined by a national value after the driver acknowledges the train-trip condition,optional,The system MAY allow the train to be driven backwards for a distance defined by a national value after the driver acknowledges the train-trip condition.,The system MUST allow the train to be driven backwards for a distance defined by a national value after the driver acknowledges the train-trip condition.,MUST,no,0,optional,1,0.33,"ERTMS/ETCS Functional Requirements Specification, version 5.0",4.6.12.5b,M,Functions > Protection Functions > Train trip,4.6.12.5a (M): After the acknowledgement the driver shall be able to continue the movement,4.7.1.1 (M): The ETCS trainborne equipment shall transmit its own train identification to the RBC.,"(M) mandatory, (O) optional"
S0702_nice_to_have,S0702,PURE,2007-ertms,After the acknowledgement the train shall be able to be driven backwards for a certain distance defined by national value,allow the train to be driven backwards for a distance defined by a national value after the driver acknowledges the train-trip condition,nice_to_have,It would be useful if the system could allow the train to be driven backwards for a distance defined by a national value after the driver acknowledges the train-trip condition.,The system MUST allow the train to be driven backwards for a distance defined by a national value after the driver acknowledges the train-trip condition.,MUST,no,0,nice_to_have,0,0.0,"ERTMS/ETCS Functional Requirements Specification, version 5.0",4.6.12.5b,M,Functions > Protection Functions > Train trip,4.6.12.5a (M): After the acknowledgement the driver shall be able to continue the movement,4.7.1.1 (M): The ETCS trainborne equipment shall transmit its own train identification to the RBC.,"(M) mandatory, (O) optional"
S0707_mandatory,S0707,PURE,2007-ertms,The ETCS trainborne equipment shall indicate on the DMI the information regarding pantograph and power supply.,indicate pantograph and power-supply information from the ETCS trainborne equipment on the DMI,mandatory,The system MUST indicate pantograph and power-supply information from the ETCS trainborne equipment on the DMI.,The system MUST indicate pantograph and power-supply information from the ETCS trainborne equipment on the DMI.,MUST,yes,1,mandatory,3,1.0,"ERTMS/ETCS Functional Requirements Specification, version 5.0",4.8.1.5a,M,Functions > Additional Functions > Control of pantograph and power supply,4.8.1.1 (M): The ETCS on-board shall be capable of receiving information about pantograph and power supply from the trackside.,4.8.1.6 (M): The information regarding lowering and raising of the pantograph and opening/closing of the circuit breaker shall be provided separately and in combinations.,"(M) mandatory, (O) optional"
S0707_recommended,S0707,PURE,2007-ertms,The ETCS trainborne equipment shall indicate on the DMI the information regarding pantograph and power supply.,indicate pantograph and power-supply information from the ETCS trainborne equipment on the DMI,recommended,The system SHOULD indicate pantograph and power-supply information from the ETCS trainborne equipment on the DMI.,The system MUST indicate pantograph and power-supply information from the ETCS trainborne equipment on the DMI.,MUST,no,0,recommended,2,0.67,"ERTMS/ETCS Functional Requirements Specification, version 5.0",4.8.1.5a,M,Functions > Additional Functions > Control of pantograph and power supply,4.8.1.1 (M): The ETCS on-board shall be capable of receiving information about pantograph and power supply from the trackside.,4.8.1.6 (M): The information regarding lowering and raising of the pantograph and opening/closing of the circuit breaker shall be provided separately and in combinations.,"(M) mandatory, (O) optional"
S0707_optional,S0707,PURE,2007-ertms,The ETCS trainborne equipment shall indicate on the DMI the information regarding pantograph and power supply.,indicate pantograph and power-supply information from the ETCS trainborne equipment on the DMI,optional,The system MAY indicate pantograph and power-supply information from the ETCS trainborne equipment on the DMI.,The system MUST indicate pantograph and power-supply information from the ETCS trainborne equipment on the DMI.,MUST,no,0,optional,1,0.33,"ERTMS/ETCS Functional Requirements Specification, version 5.0",4.8.1.5a,M,Functions > Additional Functions > Control of pantograph and power supply,4.8.1.1 (M): The ETCS on-board shall be capable of receiving information about pantograph and power supply from the trackside.,4.8.1.6 (M): The information regarding lowering and raising of the pantograph and opening/closing of the circuit breaker shall be provided separately and in combinations.,"(M) mandatory, (O) optional"
S0707_nice_to_have,S0707,PURE,2007-ertms,The ETCS trainborne equipment shall indicate on the DMI the information regarding pantograph and power supply.,indicate pantograph and power-supply information from the ETCS trainborne equipment on the DMI,nice_to_have,It would be useful if the system could indicate pantograph and power-supply information from the ETCS trainborne equipment on the DMI.,The system MUST indicate pantograph and power-supply information from the ETCS trainborne equipment on the DMI.,MUST,no,0,nice_to_have,0,0.0,"ERTMS/ETCS Functional Requirements Specification, version 5.0",4.8.1.5a,M,Functions > Additional Functions > Control of pantograph and power supply,4.8.1.1 (M): The ETCS on-board shall be capable of receiving information about pantograph and power supply from the trackside.,4.8.1.6 (M): The information regarding lowering and raising of the pantograph and opening/closing of the circuit breaker shall be provided separately and in combinations.,"(M) mandatory, (O) optional"
S0711_mandatory,S0711,PURE,2007-ertms,"When the plain text message appears on the DMI, the driver shall be alerted.",alert the driver when the plain-text message appears on the DMI,mandatory,The system MUST alert the driver when the plain-text message appears on the DMI.,The system MUST alert the driver when the plain-text message appears on the DMI.,MUST,yes,1,mandatory,3,1.0,"ERTMS/ETCS Functional Requirements Specification, version 5.0",4.8.8.3,M,Functions > Additional Functions > Plain text transmission,4.8.8.1 (M): It shall be possible to send plain text messages from track to train.,4.8.8.5 (M): The onboard equipment shall display plain text messages as received.,"(M) mandatory, (O) optional"
S0711_recommended,S0711,PURE,2007-ertms,"When the plain text message appears on the DMI, the driver shall be alerted.",alert the driver when the plain-text message appears on the DMI,recommended,The system SHOULD alert the driver when the plain-text message appears on the DMI.,The system MUST alert the driver when the plain-text message appears on the DMI.,MUST,no,0,recommended,2,0.67,"ERTMS/ETCS Functional Requirements Specification, version 5.0",4.8.8.3,M,Functions > Additional Functions > Plain text transmission,4.8.8.1 (M): It shall be possible to send plain text messages from track to train.,4.8.8.5 (M): The onboard equipment shall display plain text messages as received.,"(M) mandatory, (O) optional"
S0711_optional,S0711,PURE,2007-ertms,"When the plain text message appears on the DMI, the driver shall be alerted.",alert the driver when the plain-text message appears on the DMI,optional,The system MAY alert the driver when the plain-text message appears on the DMI.,The system MUST alert the driver when the plain-text message appears on the DMI.,MUST,no,0,optional,1,0.33,"ERTMS/ETCS Functional Requirements Specification, version 5.0",4.8.8.3,M,Functions > Additional Functions > Plain text transmission,4.8.8.1 (M): It shall be possible to send plain text messages from track to train.,4.8.8.5 (M): The onboard equipment shall display plain text messages as received.,"(M) mandatory, (O) optional"
S0711_nice_to_have,S0711,PURE,2007-ertms,"When the plain text message appears on the DMI, the driver shall be alerted.",alert the driver when the plain-text message appears on the DMI,nice_to_have,It would be useful if the system could alert the driver when the plain-text message appears on the DMI.,The system MUST alert the driver when the plain-text message appears on the DMI.,MUST,no,0,nice_to_have,0,0.0,"ERTMS/ETCS Functional Requirements Specification, version 5.0",4.8.8.3,M,Functions > Additional Functions > Plain text transmission,4.8.8.1 (M): It shall be possible to send plain text messages from track to train.,4.8.8.5 (M): The onboard equipment shall display plain text messages as received.,"(M) mandatory, (O) optional"
S0713_mandatory,S0713,PURE,2007-ertms,The character set used shall support different languages.,use a character set that supports different languages for plain-text messages,mandatory,The system MUST use a character set that supports different languages for plain-text messages.,The system MUST use a character set that supports different languages for plain-text messages.,MUST,yes,1,mandatory,3,1.0,"ERTMS/ETCS Functional Requirements Specification, version 5.0",4.8.8.6,M,Functions > Additional Functions > Plain text transmission,4.8.8.5 (M): The onboard equipment shall display plain text messages as received.,4.8.9.1 (M): It shall be possible to send fixed text messages from track to train,"(M) mandatory, (O) optional"
S0713_recommended,S0713,PURE,2007-ertms,The character set used shall support different languages.,use a character set that supports different languages for plain-text messages,recommended,The system SHOULD use a character set that supports different languages for plain-text messages.,The system MUST use a character set that supports different languages for plain-text messages.,MUST,no,0,recommended,2,0.67,"ERTMS/ETCS Functional Requirements Specification, version 5.0",4.8.8.6,M,Functions > Additional Functions > Plain text transmission,4.8.8.5 (M): The onboard equipment shall display plain text messages as received.,4.8.9.1 (M): It shall be possible to send fixed text messages from track to train,"(M) mandatory, (O) optional"
S0713_optional,S0713,PURE,2007-ertms,The character set used shall support different languages.,use a character set that supports different languages for plain-text messages,optional,The system MAY use a character set that supports different languages for plain-text messages.,The system MUST use a character set that supports different languages for plain-text messages.,MUST,no,0,optional,1,0.33,"ERTMS/ETCS Functional Requirements Specification, version 5.0",4.8.8.6,M,Functions > Additional Functions > Plain text transmission,4.8.8.5 (M): The onboard equipment shall display plain text messages as received.,4.8.9.1 (M): It shall be possible to send fixed text messages from track to train,"(M) mandatory, (O) optional"
S0713_nice_to_have,S0713,PURE,2007-ertms,The character set used shall support different languages.,use a character set that supports different languages for plain-text messages,nice_to_have,It would be useful if the system could use a character set that supports different languages for plain-text messages.,The system MUST use a character set that supports different languages for plain-text messages.,MUST,no,0,nice_to_have,0,0.0,"ERTMS/ETCS Functional Requirements Specification, version 5.0",4.8.8.6,M,Functions > Additional Functions > Plain text transmission,4.8.8.5 (M): The onboard equipment shall display plain text messages as received.,4.8.9.1 (M): It shall be possible to send fixed text messages from track to train,"(M) mandatory, (O) optional"
S0717_mandatory,S0717,PURE,2007-ertms,Information shall be shown on the DMI,"show information about inhibition of regenerative, eddy current and magnetic shoe brakes on the DMI",mandatory,"The system MUST show information about inhibition of regenerative, eddy current and magnetic shoe brakes on the DMI.","The system MUST show information about inhibition of regenerative, eddy current and magnetic shoe brakes on the DMI.",MUST,yes,1,mandatory,3,1.0,"ERTMS/ETCS Functional Requirements Specification, version 5.0",4.8.10.2,M,Functions > Additional Functions > Management of special brakes,4.8.10.1 (M): It shall be possible to send information regarding the inhibition of the following different types of brake: Regenerative brake Eddy current brake Magnetic shoe brake,4.9.5.1 (M): The ETCS on-board shall be capable of sending to the trackside train integrity information detected by a system outside ETCS,"(M) mandatory, (O) optional"
S0717_recommended,S0717,PURE,2007-ertms,Information shall be shown on the DMI,"show information about inhibition of regenerative, eddy current and magnetic shoe brakes on the DMI",recommended,"The system SHOULD show information about inhibition of regenerative, eddy current and magnetic shoe brakes on the DMI.","The system MUST show information about inhibition of regenerative, eddy current and magnetic shoe brakes on the DMI.",MUST,no,0,recommended,2,0.67,"ERTMS/ETCS Functional Requirements Specification, version 5.0",4.8.10.2,M,Functions > Additional Functions > Management of special brakes,4.8.10.1 (M): It shall be possible to send information regarding the inhibition of the following different types of brake: Regenerative brake Eddy current brake Magnetic shoe brake,4.9.5.1 (M): The ETCS on-board shall be capable of sending to the trackside train integrity information detected by a system outside ETCS,"(M) mandatory, (O) optional"
S0717_optional,S0717,PURE,2007-ertms,Information shall be shown on the DMI,"show information about inhibition of regenerative, eddy current and magnetic shoe brakes on the DMI",optional,"The system MAY show information about inhibition of regenerative, eddy current and magnetic shoe brakes on the DMI.","The system MUST show information about inhibition of regenerative, eddy current and magnetic shoe brakes on the DMI.",MUST,no,0,optional,1,0.33,"ERTMS/ETCS Functional Requirements Specification, version 5.0",4.8.10.2,M,Functions > Additional Functions > Management of special brakes,4.8.10.1 (M): It shall be possible to send information regarding the inhibition of the following different types of brake: Regenerative brake Eddy current brake Magnetic shoe brake,4.9.5.1 (M): The ETCS on-board shall be capable of sending to the trackside train integrity information detected by a system outside ETCS,"(M) mandatory, (O) optional"
S0717_nice_to_have,S0717,PURE,2007-ertms,Information shall be shown on the DMI,"show information about inhibition of regenerative, eddy current and magnetic shoe brakes on the DMI",nice_to_have,"It would be useful if the system could show information about inhibition of regenerative, eddy current and magnetic shoe brakes on the DMI.","The system MUST show information about inhibition of regenerative, eddy current and magnetic shoe brakes on the DMI.",MUST,no,0,nice_to_have,0,0.0,"ERTMS/ETCS Functional Requirements Specification, version 5.0",4.8.10.2,M,Functions > Additional Functions > Management of special brakes,4.8.10.1 (M): It shall be possible to send information regarding the inhibition of the following different types of brake: Regenerative brake Eddy current brake Magnetic shoe brake,4.9.5.1 (M): The ETCS on-board shall be capable of sending to the trackside train integrity information detected by a system outside ETCS,"(M) mandatory, (O) optional"
S0724_mandatory,S0724,PURE,2007-ertms,The new target location shall be checked for acceptance by the on board.,use the onboard equipment to check acceptance of the new target location proposed by the RBC for cooperative revocation of the movement authority,mandatory,The system MUST use the onboard equipment to check acceptance of the new target location proposed by the RBC for cooperative revocation of the movement authority.,The system MUST use the onboard equipment to check acceptance of the new target location proposed by the RBC for cooperative revocation of the movement authority.,MUST,yes,1,mandatory,3,1.0,"ERTMS/ETCS Functional Requirements Specification, version 5.0",4.9.10.3,M,Functions > Functions primarily related to RBC > Revocation of a Movement Authority,"4.9.10.2 (M): The co-operative revocation of the MA shall be possible to a new target location, proposed from RBC.",4.9.10.4 (M): If a train cannot stop at the proposed new target location it shall reject the request and keep the old target location.,"(M) mandatory, (O) optional"
S0724_recommended,S0724,PURE,2007-ertms,The new target location shall be checked for acceptance by the on board.,use the onboard equipment to check acceptance of the new target location proposed by the RBC for cooperative revocation of the movement authority,recommended,The system SHOULD use the onboard equipment to check acceptance of the new target location proposed by the RBC for cooperative revocation of the movement authority.,The system MUST use the onboard equipment to check acceptance of the new target location proposed by the RBC for cooperative revocation of the movement authority.,MUST,no,0,recommended,2,0.67,"ERTMS/ETCS Functional Requirements Specification, version 5.0",4.9.10.3,M,Functions > Functions primarily related to RBC > Revocation of a Movement Authority,"4.9.10.2 (M): The co-operative revocation of the MA shall be possible to a new target location, proposed from RBC.",4.9.10.4 (M): If a train cannot stop at the proposed new target location it shall reject the request and keep the old target location.,"(M) mandatory, (O) optional"
S0724_optional,S0724,PURE,2007-ertms,The new target location shall be checked for acceptance by the on board.,use the onboard equipment to check acceptance of the new target location proposed by the RBC for cooperative revocation of the movement authority,optional,The system MAY use the onboard equipment to check acceptance of the new target location proposed by the RBC for cooperative revocation of the movement authority.,The system MUST use the onboard equipment to check acceptance of the new target location proposed by the RBC for cooperative revocation of the movement authority.,MUST,no,0,optional,1,0.33,"ERTMS/ETCS Functional Requirements Specification, version 5.0",4.9.10.3,M,Functions > Functions primarily related to RBC > Revocation of a Movement Authority,"4.9.10.2 (M): The co-operative revocation of the MA shall be possible to a new target location, proposed from RBC.",4.9.10.4 (M): If a train cannot stop at the proposed new target location it shall reject the request and keep the old target location.,"(M) mandatory, (O) optional"
S0724_nice_to_have,S0724,PURE,2007-ertms,The new target location shall be checked for acceptance by the on board.,use the onboard equipment to check acceptance of the new target location proposed by the RBC for cooperative revocation of the movement authority,nice_to_have,It would be useful if the system could use the onboard equipment to check acceptance of the new target location proposed by the RBC for cooperative revocation of the movement authority.,The system MUST use the onboard equipment to check acceptance of the new target location proposed by the RBC for cooperative revocation of the movement authority.,MUST,no,0,nice_to_have,0,0.0,"ERTMS/ETCS Functional Requirements Specification, version 5.0",4.9.10.3,M,Functions > Functions primarily related to RBC > Revocation of a Movement Authority,"4.9.10.2 (M): The co-operative revocation of the MA shall be possible to a new target location, proposed from RBC.",4.9.10.4 (M): If a train cannot stop at the proposed new target location it shall reject the request and keep the old target location.,"(M) mandatory, (O) optional"
S0727_mandatory,S0727,PURE,2007-ertms,Reversing shall be possible as defined by a value given with the MA,allow reversing as defined by a value supplied with the movement authority,mandatory,The system MUST allow reversing as defined by a value supplied with the movement authority.,The system MUST allow reversing as defined by a value supplied with the movement authority.,MUST,yes,1,mandatory,3,1.0,"ERTMS/ETCS Functional Requirements Specification, version 5.0",4.9.10.2,M,Functions > Functions primarily related to RBC > Reversing,4.9.10.1 (M): The Reversing function shall only be possible in one active cab which is not closed at any time during the procedure.,4.9.10.5 (M): The driver shall be able to use the Reversing function without needing to re-confirm the train data.,"(M) mandatory, (O) optional"
S0727_recommended,S0727,PURE,2007-ertms,Reversing shall be possible as defined by a value given with the MA,allow reversing as defined by a value supplied with the movement authority,recommended,The system SHOULD allow reversing as defined by a value supplied with the movement authority.,The system MUST allow reversing as defined by a value supplied with the movement authority.,MUST,no,0,recommended,2,0.67,"ERTMS/ETCS Functional Requirements Specification, version 5.0",4.9.10.2,M,Functions > Functions primarily related to RBC > Reversing,4.9.10.1 (M): The Reversing function shall only be possible in one active cab which is not closed at any time during the procedure.,4.9.10.5 (M): The driver shall be able to use the Reversing function without needing to re-confirm the train data.,"(M) mandatory, (O) optional"
S0727_optional,S0727,PURE,2007-ertms,Reversing shall be possible as defined by a value given with the MA,allow reversing as defined by a value supplied with the movement authority,optional,The system MAY allow reversing as defined by a value supplied with the movement authority.,The system MUST allow reversing as defined by a value supplied with the movement authority.,MUST,no,0,optional,1,0.33,"ERTMS/ETCS Functional Requirements Specification, version 5.0",4.9.10.2,M,Functions > Functions primarily related to RBC > Reversing,4.9.10.1 (M): The Reversing function shall only be possible in one active cab which is not closed at any time during the procedure.,4.9.10.5 (M): The driver shall be able to use the Reversing function without needing to re-confirm the train data.,"(M) mandatory, (O) optional"
S0727_nice_to_have,S0727,PURE,2007-ertms,Reversing shall be possible as defined by a value given with the MA,allow reversing as defined by a value supplied with the movement authority,nice_to_have,It would be useful if the system could allow reversing as defined by a value supplied with the movement authority.,The system MUST allow reversing as defined by a value supplied with the movement authority.,MUST,no,0,nice_to_have,0,0.0,"ERTMS/ETCS Functional Requirements Specification, version 5.0",4.9.10.2,M,Functions > Functions primarily related to RBC > Reversing,4.9.10.1 (M): The Reversing function shall only be possible in one active cab which is not closed at any time during the procedure.,4.9.10.5 (M): The driver shall be able to use the Reversing function without needing to re-confirm the train data.,"(M) mandatory, (O) optional"
S0734_mandatory,S0734,PURE,2007-ertms,"If the train is equipped with only one operational radio, passing from one RBC to another shall still be possible but might result in a performance penalty.",support transitions between RBCs when the train has only one operational radio with a possible performance penalty,mandatory,The system MUST support transitions between RBCs when the train has only one operational radio with a possible performance penalty.,The system MUST support transitions between RBCs when the train has only one operational radio with a possible performance penalty.,MUST,yes,1,mandatory,3,1.0,"ERTMS/ETCS Functional Requirements Specification, version 5.0",4.9.12.3,M,Functions > Functions primarily related to RBC > Handover when passing from one RBC area to another,4.9.12.2 (M): If the train is equipped with two operational radios there shall be no performance penalty as a result of a transition from one RBC to another (train spacing and train speed).,"5.1.3.1 (M): In the event of a Transmission Failure the following reactions, shall be capable of being applied in accordance with a National Value: Option 1. The ETCS trainborne equipment shall immediately command the emergency brake. The failure shall be shown on the DMI. Option 2. The ETCS trainborne equipment shall immediately command the full service brake. The failure shall be shown on the DMI. Option 3. The train may proceed unrestricted to the end of its movement authority. The indication on the DMI shall remain, and the driver shall be informed about the loss of transmission.","(M) mandatory, (O) optional"
S0734_recommended,S0734,PURE,2007-ertms,"If the train is equipped with only one operational radio, passing from one RBC to another shall still be possible but might result in a performance penalty.",support transitions between RBCs when the train has only one operational radio with a possible performance penalty,recommended,The system SHOULD support transitions between RBCs when the train has only one operational radio with a possible performance penalty.,The system MUST support transitions between RBCs when the train has only one operational radio with a possible performance penalty.,MUST,no,0,recommended,2,0.67,"ERTMS/ETCS Functional Requirements Specification, version 5.0",4.9.12.3,M,Functions > Functions primarily related to RBC > Handover when passing from one RBC area to another,4.9.12.2 (M): If the train is equipped with two operational radios there shall be no performance penalty as a result of a transition from one RBC to another (train spacing and train speed).,"5.1.3.1 (M): In the event of a Transmission Failure the following reactions, shall be capable of being applied in accordance with a National Value: Option 1. The ETCS trainborne equipment shall immediately command the emergency brake. The failure shall be shown on the DMI. Option 2. The ETCS trainborne equipment shall immediately command the full service brake. The failure shall be shown on the DMI. Option 3. The train may proceed unrestricted to the end of its movement authority. The indication on the DMI shall remain, and the driver shall be informed about the loss of transmission.","(M) mandatory, (O) optional"
S0734_optional,S0734,PURE,2007-ertms,"If the train is equipped with only one operational radio, passing from one RBC to another shall still be possible but might result in a performance penalty.",support transitions between RBCs when the train has only one operational radio with a possible performance penalty,optional,The system MAY support transitions between RBCs when the train has only one operational radio with a possible performance penalty.,The system MUST support transitions between RBCs when the train has only one operational radio with a possible performance penalty.,MUST,no,0,optional,1,0.33,"ERTMS/ETCS Functional Requirements Specification, version 5.0",4.9.12.3,M,Functions > Functions primarily related to RBC > Handover when passing from one RBC area to another,4.9.12.2 (M): If the train is equipped with two operational radios there shall be no performance penalty as a result of a transition from one RBC to another (train spacing and train speed).,"5.1.3.1 (M): In the event of a Transmission Failure the following reactions, shall be capable of being applied in accordance with a National Value: Option 1. The ETCS trainborne equipment shall immediately command the emergency brake. The failure shall be shown on the DMI. Option 2. The ETCS trainborne equipment shall immediately command the full service brake. The failure shall be shown on the DMI. Option 3. The train may proceed unrestricted to the end of its movement authority. The indication on the DMI shall remain, and the driver shall be informed about the loss of transmission.","(M) mandatory, (O) optional"
S0734_nice_to_have,S0734,PURE,2007-ertms,"If the train is equipped with only one operational radio, passing from one RBC to another shall still be possible but might result in a performance penalty.",support transitions between RBCs when the train has only one operational radio with a possible performance penalty,nice_to_have,It would be useful if the system could support transitions between RBCs when the train has only one operational radio with a possible performance penalty.,The system MUST support transitions between RBCs when the train has only one operational radio with a possible performance penalty.,MUST,no,0,nice_to_have,0,0.0,"ERTMS/ETCS Functional Requirements Specification, version 5.0",4.9.12.3,M,Functions > Functions primarily related to RBC > Handover when passing from one RBC area to another,4.9.12.2 (M): If the train is equipped with two operational radios there shall be no performance penalty as a result of a transition from one RBC to another (train spacing and train speed).,"5.1.3.1 (M): In the event of a Transmission Failure the following reactions, shall be capable of being applied in accordance with a National Value: Option 1. The ETCS trainborne equipment shall immediately command the emergency brake. The failure shall be shown on the DMI. Option 2. The ETCS trainborne equipment shall immediately command the full service brake. The failure shall be shown on the DMI. Option 3. The train may proceed unrestricted to the end of its movement authority. The indication on the DMI shall remain, and the driver shall be informed about the loss of transmission.","(M) mandatory, (O) optional"
