item_id,seed_id,source_dataset,source_corpus,original_requirement,capability_text,source_modality,source_statement,candidate_requirement,mandatory_keyword,task1_gold_decision,task1_gold_yes,task2_gold_modality,ordinal_strength,numeric_strength
S0110_mandatory,S0110,mlm_tapt,2013_echo_srd_WEB,More than 10 (TBC) of the planets observed in the Chemical Census tier shall be observed in the Rosetta Stone tier.,observe more than 10 of the planets observed in the Chemical Census tier in the Rosetta Stone tier,mandatory,The system SHALL observe more than 10 of the planets observed in the Chemical Census tier in the Rosetta Stone tier.,The system SHALL observe more than 10 of the planets observed in the Chemical Census tier in the Rosetta Stone tier.,SHALL,yes,1,mandatory,3,1.0
S0110_recommended,S0110,mlm_tapt,2013_echo_srd_WEB,More than 10 (TBC) of the planets observed in the Chemical Census tier shall be observed in the Rosetta Stone tier.,observe more than 10 of the planets observed in the Chemical Census tier in the Rosetta Stone tier,recommended,The system SHOULD observe more than 10 of the planets observed in the Chemical Census tier in the Rosetta Stone tier.,The system SHALL observe more than 10 of the planets observed in the Chemical Census tier in the Rosetta Stone tier.,SHALL,no,0,recommended,2,0.67
S0110_optional,S0110,mlm_tapt,2013_echo_srd_WEB,More than 10 (TBC) of the planets observed in the Chemical Census tier shall be observed in the Rosetta Stone tier.,observe more than 10 of the planets observed in the Chemical Census tier in the Rosetta Stone tier,optional,The system MAY observe more than 10 of the planets observed in the Chemical Census tier in the Rosetta Stone tier.,The system SHALL observe more than 10 of the planets observed in the Chemical Census tier in the Rosetta Stone tier.,SHALL,no,0,optional,1,0.33
S0110_nice_to_have,S0110,mlm_tapt,2013_echo_srd_WEB,More than 10 (TBC) of the planets observed in the Chemical Census tier shall be observed in the Rosetta Stone tier.,observe more than 10 of the planets observed in the Chemical Census tier in the Rosetta Stone tier,nice_to_have,It would be useful if the system could observe more than 10 of the planets observed in the Chemical Census tier in the Rosetta Stone tier.,The system SHALL observe more than 10 of the planets observed in the Chemical Census tier in the Rosetta Stone tier.,SHALL,no,0,nice_to_have,0,0.0
S0198_mandatory,S0198,mlm_tapt,2005_skal1_WEB,The SKA1_Mid shall have the configuration defined in the TB,have the configuration defined in the TB,mandatory,The system SHALL have the configuration defined in the TB.,The system SHALL have the configuration defined in the TB.,SHALL,yes,1,mandatory,3,1.0
S0198_recommended,S0198,mlm_tapt,2005_skal1_WEB,The SKA1_Mid shall have the configuration defined in the TB,have the configuration defined in the TB,recommended,The system SHOULD have the configuration defined in the TB.,The system SHALL have the configuration defined in the TB.,SHALL,no,0,recommended,2,0.67
S0198_optional,S0198,mlm_tapt,2005_skal1_WEB,The SKA1_Mid shall have the configuration defined in the TB,have the configuration defined in the TB,optional,The system MAY have the configuration defined in the TB.,The system SHALL have the configuration defined in the TB.,SHALL,no,0,optional,1,0.33
S0198_nice_to_have,S0198,mlm_tapt,2005_skal1_WEB,The SKA1_Mid shall have the configuration defined in the TB,have the configuration defined in the TB,nice_to_have,It would be useful if the system could have the configuration defined in the TB.,The system SHALL have the configuration defined in the TB.,SHALL,no,0,nice_to_have,0,0.0
S0391_mandatory,S0391,mlm_tapt,2021_gmt_oad_web,The Facilities shall provide space for Storage of mobile equipment and electrical equipment.,provide space for Storage of mobile equipment and electrical equipment,mandatory,The system SHALL provide space for Storage of mobile equipment and electrical equipment.,The system SHALL provide space for Storage of mobile equipment and electrical equipment.,SHALL,yes,1,mandatory,3,1.0
S0391_recommended,S0391,mlm_tapt,2021_gmt_oad_web,The Facilities shall provide space for Storage of mobile equipment and electrical equipment.,provide space for Storage of mobile equipment and electrical equipment,recommended,The system SHOULD provide space for Storage of mobile equipment and electrical equipment.,The system SHALL provide space for Storage of mobile equipment and electrical equipment.,SHALL,no,0,recommended,2,0.67
S0391_optional,S0391,mlm_tapt,2021_gmt_oad_web,The Facilities shall provide space for Storage of mobile equipment and electrical equipment.,provide space for Storage of mobile equipment and electrical equipment,optional,The system MAY provide space for Storage of mobile equipment and electrical equipment.,The system SHALL provide space for Storage of mobile equipment and electrical equipment.,SHALL,no,0,optional,1,0.33
S0391_nice_to_have,S0391,mlm_tapt,2021_gmt_oad_web,The Facilities shall provide space for Storage of mobile equipment and electrical equipment.,provide space for Storage of mobile equipment and electrical equipment,nice_to_have,It would be useful if the system could provide space for Storage of mobile equipment and electrical equipment.,The system SHALL provide space for Storage of mobile equipment and electrical equipment.,SHALL,no,0,nice_to_have,0,0.0
S0456_mandatory,S0456,mlm_tapt,2019_jpss_l1rds_web,"The JPSS Ground System shall provide communication services for the S-NPP, JPSS-1, and JPSS-2 missions.","provide communication services for the S-NPP, JPSS-1, and JPSS-2 missions",mandatory,"The system SHALL provide communication services for the S-NPP, JPSS-1, and JPSS-2 missions.","The system SHALL provide communication services for the S-NPP, JPSS-1, and JPSS-2 missions.",SHALL,yes,1,mandatory,3,1.0
S0456_recommended,S0456,mlm_tapt,2019_jpss_l1rds_web,"The JPSS Ground System shall provide communication services for the S-NPP, JPSS-1, and JPSS-2 missions.","provide communication services for the S-NPP, JPSS-1, and JPSS-2 missions",recommended,"The system SHOULD provide communication services for the S-NPP, JPSS-1, and JPSS-2 missions.","The system SHALL provide communication services for the S-NPP, JPSS-1, and JPSS-2 missions.",SHALL,no,0,recommended,2,0.67
S0456_optional,S0456,mlm_tapt,2019_jpss_l1rds_web,"The JPSS Ground System shall provide communication services for the S-NPP, JPSS-1, and JPSS-2 missions.","provide communication services for the S-NPP, JPSS-1, and JPSS-2 missions",optional,"The system MAY provide communication services for the S-NPP, JPSS-1, and JPSS-2 missions.","The system SHALL provide communication services for the S-NPP, JPSS-1, and JPSS-2 missions.",SHALL,no,0,optional,1,0.33
S0456_nice_to_have,S0456,mlm_tapt,2019_jpss_l1rds_web,"The JPSS Ground System shall provide communication services for the S-NPP, JPSS-1, and JPSS-2 missions.","provide communication services for the S-NPP, JPSS-1, and JPSS-2 missions",nice_to_have,"It would be useful if the system could provide communication services for the S-NPP, JPSS-1, and JPSS-2 missions.","The system SHALL provide communication services for the S-NPP, JPSS-1, and JPSS-2 missions.",SHALL,no,0,nice_to_have,0,0.0
S0585_mandatory,S0585,mlm_tapt,2021_gmt_ord_web,"The Observatory shall comply with the Health, Safety, Security, and Environmental Strategy document (GMT-DOC-01061).","comply with the Health, Safety, Security, and Environmental Strategy document (GMT-DOC-01061)",mandatory,"The system SHALL comply with the Health, Safety, Security, and Environmental Strategy document (GMT-DOC-01061).","The system SHALL comply with the Health, Safety, Security, and Environmental Strategy document (GMT-DOC-01061).",SHALL,yes,1,mandatory,3,1.0
S0585_recommended,S0585,mlm_tapt,2021_gmt_ord_web,"The Observatory shall comply with the Health, Safety, Security, and Environmental Strategy document (GMT-DOC-01061).","comply with the Health, Safety, Security, and Environmental Strategy document (GMT-DOC-01061)",recommended,"The system SHOULD comply with the Health, Safety, Security, and Environmental Strategy document (GMT-DOC-01061).","The system SHALL comply with the Health, Safety, Security, and Environmental Strategy document (GMT-DOC-01061).",SHALL,no,0,recommended,2,0.67
S0585_optional,S0585,mlm_tapt,2021_gmt_ord_web,"The Observatory shall comply with the Health, Safety, Security, and Environmental Strategy document (GMT-DOC-01061).","comply with the Health, Safety, Security, and Environmental Strategy document (GMT-DOC-01061)",optional,"The system MAY comply with the Health, Safety, Security, and Environmental Strategy document (GMT-DOC-01061).","The system SHALL comply with the Health, Safety, Security, and Environmental Strategy document (GMT-DOC-01061).",SHALL,no,0,optional,1,0.33
S0585_nice_to_have,S0585,mlm_tapt,2021_gmt_ord_web,"The Observatory shall comply with the Health, Safety, Security, and Environmental Strategy document (GMT-DOC-01061).","comply with the Health, Safety, Security, and Environmental Strategy document (GMT-DOC-01061)",nice_to_have,"It would be useful if the system could comply with the Health, Safety, Security, and Environmental Strategy document (GMT-DOC-01061).","The system SHALL comply with the Health, Safety, Security, and Environmental Strategy document (GMT-DOC-01061).",SHALL,no,0,nice_to_have,0,0.0
S2234_mandatory,S2234,mlm_tapt,2006_hgs_ird_web,The HSC shall make SSO ephemerides information available to the MOC SSO database.,make SSO ephemerides information available to the MOC SSO database,mandatory,The system SHALL make SSO ephemerides information available to the MOC SSO database.,The system SHALL make SSO ephemerides information available to the MOC SSO database.,SHALL,yes,1,mandatory,3,1.0
S2234_recommended,S2234,mlm_tapt,2006_hgs_ird_web,The HSC shall make SSO ephemerides information available to the MOC SSO database.,make SSO ephemerides information available to the MOC SSO database,recommended,The system SHOULD make SSO ephemerides information available to the MOC SSO database.,The system SHALL make SSO ephemerides information available to the MOC SSO database.,SHALL,no,0,recommended,2,0.67
S2234_optional,S2234,mlm_tapt,2006_hgs_ird_web,The HSC shall make SSO ephemerides information available to the MOC SSO database.,make SSO ephemerides information available to the MOC SSO database,optional,The system MAY make SSO ephemerides information available to the MOC SSO database.,The system SHALL make SSO ephemerides information available to the MOC SSO database.,SHALL,no,0,optional,1,0.33
S2234_nice_to_have,S2234,mlm_tapt,2006_hgs_ird_web,The HSC shall make SSO ephemerides information available to the MOC SSO database.,make SSO ephemerides information available to the MOC SSO database,nice_to_have,It would be useful if the system could make SSO ephemerides information available to the MOC SSO database.,The system SHALL make SSO ephemerides information available to the MOC SSO database.,SHALL,no,0,nice_to_have,0,0.0
S2373_mandatory,S2373,mlm_tapt,2015_skal0_WEB,SKA1-MID shall provide the capability to change observing modes and/or bands within less than 5 seconds.,change observing modes and/or bands within less than 5 seconds,mandatory,The system SHALL change observing modes and/or bands within less than 5 seconds.,The system SHALL change observing modes and/or bands within less than 5 seconds.,SHALL,yes,1,mandatory,3,1.0
S2373_recommended,S2373,mlm_tapt,2015_skal0_WEB,SKA1-MID shall provide the capability to change observing modes and/or bands within less than 5 seconds.,change observing modes and/or bands within less than 5 seconds,recommended,The system SHOULD change observing modes and/or bands within less than 5 seconds.,The system SHALL change observing modes and/or bands within less than 5 seconds.,SHALL,no,0,recommended,2,0.67
S2373_optional,S2373,mlm_tapt,2015_skal0_WEB,SKA1-MID shall provide the capability to change observing modes and/or bands within less than 5 seconds.,change observing modes and/or bands within less than 5 seconds,optional,The system MAY change observing modes and/or bands within less than 5 seconds.,The system SHALL change observing modes and/or bands within less than 5 seconds.,SHALL,no,0,optional,1,0.33
S2373_nice_to_have,S2373,mlm_tapt,2015_skal0_WEB,SKA1-MID shall provide the capability to change observing modes and/or bands within less than 5 seconds.,change observing modes and/or bands within less than 5 seconds,nice_to_have,It would be useful if the system could change observing modes and/or bands within less than 5 seconds.,The system SHALL change observing modes and/or bands within less than 5 seconds.,SHALL,no,0,nice_to_have,0,0.0
S2544_mandatory,S2544,mlm_tapt,2013_loft_mrd_web,The MOC shall provide all telemetry to the SOC.,provide all telemetry to the SOC,mandatory,The system SHALL provide all telemetry to the SOC.,The system SHALL provide all telemetry to the SOC.,SHALL,yes,1,mandatory,3,1.0
S2544_recommended,S2544,mlm_tapt,2013_loft_mrd_web,The MOC shall provide all telemetry to the SOC.,provide all telemetry to the SOC,recommended,The system SHOULD provide all telemetry to the SOC.,The system SHALL provide all telemetry to the SOC.,SHALL,no,0,recommended,2,0.67
S2544_optional,S2544,mlm_tapt,2013_loft_mrd_web,The MOC shall provide all telemetry to the SOC.,provide all telemetry to the SOC,optional,The system MAY provide all telemetry to the SOC.,The system SHALL provide all telemetry to the SOC.,SHALL,no,0,optional,1,0.33
S2544_nice_to_have,S2544,mlm_tapt,2013_loft_mrd_web,The MOC shall provide all telemetry to the SOC.,provide all telemetry to the SOC,nice_to_have,It would be useful if the system could provide all telemetry to the SOC.,The system SHALL provide all telemetry to the SOC.,SHALL,no,0,nice_to_have,0,0.0
S3077_mandatory,S3077,mlm_tapt,2019_jpss_dps,The Cloud Cover/Layers product shall provide fractional cloud cover with a horizontal cell size of 10 kilometers.,provide fractional cloud cover with a horizontal cell size of 10 kilometers,mandatory,The system SHALL provide fractional cloud cover with a horizontal cell size of 10 kilometers.,The system SHALL provide fractional cloud cover with a horizontal cell size of 10 kilometers.,SHALL,yes,1,mandatory,3,1.0
S3077_recommended,S3077,mlm_tapt,2019_jpss_dps,The Cloud Cover/Layers product shall provide fractional cloud cover with a horizontal cell size of 10 kilometers.,provide fractional cloud cover with a horizontal cell size of 10 kilometers,recommended,The system SHOULD provide fractional cloud cover with a horizontal cell size of 10 kilometers.,The system SHALL provide fractional cloud cover with a horizontal cell size of 10 kilometers.,SHALL,no,0,recommended,2,0.67
S3077_optional,S3077,mlm_tapt,2019_jpss_dps,The Cloud Cover/Layers product shall provide fractional cloud cover with a horizontal cell size of 10 kilometers.,provide fractional cloud cover with a horizontal cell size of 10 kilometers,optional,The system MAY provide fractional cloud cover with a horizontal cell size of 10 kilometers.,The system SHALL provide fractional cloud cover with a horizontal cell size of 10 kilometers.,SHALL,no,0,optional,1,0.33
S3077_nice_to_have,S3077,mlm_tapt,2019_jpss_dps,The Cloud Cover/Layers product shall provide fractional cloud cover with a horizontal cell size of 10 kilometers.,provide fractional cloud cover with a horizontal cell size of 10 kilometers,nice_to_have,It would be useful if the system could provide fractional cloud cover with a horizontal cell size of 10 kilometers.,The system SHALL provide fractional cloud cover with a horizontal cell size of 10 kilometers.,SHALL,no,0,nice_to_have,0,0.0
S3293_mandatory,S3293,mlm_tapt,2005_skal1_WEB,Equipment required for test and support shall be identified for each repairable item.,identify equipment needed for test and support for each repairable item,mandatory,The system SHALL identify equipment needed for test and support for each repairable item.,The system SHALL identify equipment needed for test and support for each repairable item.,SHALL,yes,1,mandatory,3,1.0
S3293_recommended,S3293,mlm_tapt,2005_skal1_WEB,Equipment required for test and support shall be identified for each repairable item.,identify equipment needed for test and support for each repairable item,recommended,The system SHOULD identify equipment needed for test and support for each repairable item.,The system SHALL identify equipment needed for test and support for each repairable item.,SHALL,no,0,recommended,2,0.67
S3293_optional,S3293,mlm_tapt,2005_skal1_WEB,Equipment required for test and support shall be identified for each repairable item.,identify equipment needed for test and support for each repairable item,optional,The system MAY identify equipment needed for test and support for each repairable item.,The system SHALL identify equipment needed for test and support for each repairable item.,SHALL,no,0,optional,1,0.33
S3293_nice_to_have,S3293,mlm_tapt,2005_skal1_WEB,Equipment required for test and support shall be identified for each repairable item.,identify equipment needed for test and support for each repairable item,nice_to_have,It would be useful if the system could identify equipment needed for test and support for each repairable item.,The system SHALL identify equipment needed for test and support for each repairable item.,SHALL,no,0,nice_to_have,0,0.0
S3339_mandatory,S3339,mlm_tapt,2019_jpss_l1rds_web,The JPSS Ground System shall provide a description of the science algorithms needed to process the JPSS Direct Broadcast data.,provide a description of the science algorithms needed to process the JPSS Direct Broadcast data,mandatory,The system SHALL provide a description of the science algorithms needed to process the JPSS Direct Broadcast data.,The system SHALL provide a description of the science algorithms needed to process the JPSS Direct Broadcast data.,SHALL,yes,1,mandatory,3,1.0
S3339_recommended,S3339,mlm_tapt,2019_jpss_l1rds_web,The JPSS Ground System shall provide a description of the science algorithms needed to process the JPSS Direct Broadcast data.,provide a description of the science algorithms needed to process the JPSS Direct Broadcast data,recommended,The system SHOULD provide a description of the science algorithms needed to process the JPSS Direct Broadcast data.,The system SHALL provide a description of the science algorithms needed to process the JPSS Direct Broadcast data.,SHALL,no,0,recommended,2,0.67
S3339_optional,S3339,mlm_tapt,2019_jpss_l1rds_web,The JPSS Ground System shall provide a description of the science algorithms needed to process the JPSS Direct Broadcast data.,provide a description of the science algorithms needed to process the JPSS Direct Broadcast data,optional,The system MAY provide a description of the science algorithms needed to process the JPSS Direct Broadcast data.,The system SHALL provide a description of the science algorithms needed to process the JPSS Direct Broadcast data.,SHALL,no,0,optional,1,0.33
S3339_nice_to_have,S3339,mlm_tapt,2019_jpss_l1rds_web,The JPSS Ground System shall provide a description of the science algorithms needed to process the JPSS Direct Broadcast data.,provide a description of the science algorithms needed to process the JPSS Direct Broadcast data,nice_to_have,It would be useful if the system could provide a description of the science algorithms needed to process the JPSS Direct Broadcast data.,The system SHALL provide a description of the science algorithms needed to process the JPSS Direct Broadcast data.,SHALL,no,0,nice_to_have,0,0.0
S3655_mandatory,S3655,mlm_tapt,2021_gmt_oad_web,The GMT shall slew telescope to target during target acquisition in GLAO mode in a maximum of 120 sec.,slew telescope to target during target acquisition in GLAO mode in a maximum of 120 sec,mandatory,The system SHALL slew telescope to target during target acquisition in GLAO mode in a maximum of 120 sec.,The system SHALL slew telescope to target during target acquisition in GLAO mode in a maximum of 120 sec.,SHALL,yes,1,mandatory,3,1.0
S3655_recommended,S3655,mlm_tapt,2021_gmt_oad_web,The GMT shall slew telescope to target during target acquisition in GLAO mode in a maximum of 120 sec.,slew telescope to target during target acquisition in GLAO mode in a maximum of 120 sec,recommended,The system SHOULD slew telescope to target during target acquisition in GLAO mode in a maximum of 120 sec.,The system SHALL slew telescope to target during target acquisition in GLAO mode in a maximum of 120 sec.,SHALL,no,0,recommended,2,0.67
S3655_optional,S3655,mlm_tapt,2021_gmt_oad_web,The GMT shall slew telescope to target during target acquisition in GLAO mode in a maximum of 120 sec.,slew telescope to target during target acquisition in GLAO mode in a maximum of 120 sec,optional,The system MAY slew telescope to target during target acquisition in GLAO mode in a maximum of 120 sec.,The system SHALL slew telescope to target during target acquisition in GLAO mode in a maximum of 120 sec.,SHALL,no,0,optional,1,0.33
S3655_nice_to_have,S3655,mlm_tapt,2021_gmt_oad_web,The GMT shall slew telescope to target during target acquisition in GLAO mode in a maximum of 120 sec.,slew telescope to target during target acquisition in GLAO mode in a maximum of 120 sec,nice_to_have,It would be useful if the system could slew telescope to target during target acquisition in GLAO mode in a maximum of 120 sec.,The system SHALL slew telescope to target during target acquisition in GLAO mode in a maximum of 120 sec.,SHALL,no,0,nice_to_have,0,0.0
S3740_mandatory,S3740,mlm_tapt,2012_d51_web,Development of the SICCI system shall be undertaken with apt consideration for availability of input data from EO archives.,account for the availability of input data from EO archives during development of the SICCI system,mandatory,The system SHALL account for the availability of input data from EO archives during development of the SICCI system.,The system SHALL account for the availability of input data from EO archives during development of the SICCI system.,SHALL,yes,1,mandatory,3,1.0
S3740_recommended,S3740,mlm_tapt,2012_d51_web,Development of the SICCI system shall be undertaken with apt consideration for availability of input data from EO archives.,account for the availability of input data from EO archives during development of the SICCI system,recommended,The system SHOULD account for the availability of input data from EO archives during development of the SICCI system.,The system SHALL account for the availability of input data from EO archives during development of the SICCI system.,SHALL,no,0,recommended,2,0.67
S3740_optional,S3740,mlm_tapt,2012_d51_web,Development of the SICCI system shall be undertaken with apt consideration for availability of input data from EO archives.,account for the availability of input data from EO archives during development of the SICCI system,optional,The system MAY account for the availability of input data from EO archives during development of the SICCI system.,The system SHALL account for the availability of input data from EO archives during development of the SICCI system.,SHALL,no,0,optional,1,0.33
S3740_nice_to_have,S3740,mlm_tapt,2012_d51_web,Development of the SICCI system shall be undertaken with apt consideration for availability of input data from EO archives.,account for the availability of input data from EO archives during development of the SICCI system,nice_to_have,It would be useful if the system could account for the availability of input data from EO archives during development of the SICCI system.,The system SHALL account for the availability of input data from EO archives during development of the SICCI system.,SHALL,no,0,nice_to_have,0,0.0
S3751_mandatory,S3751,mlm_tapt,2015_skal0_WEB,SKA1-MID shall provide 45 dB spectral dynamic range at auto-correlation spatial and 300 kHz spectral resolution to enable sensitive intensity mapping at 350  1050 MHz (HPSO 32).,provide 45 dB spectral dynamic range at auto-correlation spatial and 300 kHz spectral resolution to enable sensitive intensity mapping at 350  1050 MHz (HPSO 32),mandatory,The system SHALL provide 45 dB spectral dynamic range at auto-correlation spatial and 300 kHz spectral resolution to enable sensitive intensity mapping at 350  1050 MHz (HPSO 32).,The system SHALL provide 45 dB spectral dynamic range at auto-correlation spatial and 300 kHz spectral resolution to enable sensitive intensity mapping at 350  1050 MHz (HPSO 32).,SHALL,yes,1,mandatory,3,1.0
S3751_recommended,S3751,mlm_tapt,2015_skal0_WEB,SKA1-MID shall provide 45 dB spectral dynamic range at auto-correlation spatial and 300 kHz spectral resolution to enable sensitive intensity mapping at 350  1050 MHz (HPSO 32).,provide 45 dB spectral dynamic range at auto-correlation spatial and 300 kHz spectral resolution to enable sensitive intensity mapping at 350  1050 MHz (HPSO 32),recommended,The system SHOULD provide 45 dB spectral dynamic range at auto-correlation spatial and 300 kHz spectral resolution to enable sensitive intensity mapping at 350  1050 MHz (HPSO 32).,The system SHALL provide 45 dB spectral dynamic range at auto-correlation spatial and 300 kHz spectral resolution to enable sensitive intensity mapping at 350  1050 MHz (HPSO 32).,SHALL,no,0,recommended,2,0.67
S3751_optional,S3751,mlm_tapt,2015_skal0_WEB,SKA1-MID shall provide 45 dB spectral dynamic range at auto-correlation spatial and 300 kHz spectral resolution to enable sensitive intensity mapping at 350  1050 MHz (HPSO 32).,provide 45 dB spectral dynamic range at auto-correlation spatial and 300 kHz spectral resolution to enable sensitive intensity mapping at 350  1050 MHz (HPSO 32),optional,The system MAY provide 45 dB spectral dynamic range at auto-correlation spatial and 300 kHz spectral resolution to enable sensitive intensity mapping at 350  1050 MHz (HPSO 32).,The system SHALL provide 45 dB spectral dynamic range at auto-correlation spatial and 300 kHz spectral resolution to enable sensitive intensity mapping at 350  1050 MHz (HPSO 32).,SHALL,no,0,optional,1,0.33
S3751_nice_to_have,S3751,mlm_tapt,2015_skal0_WEB,SKA1-MID shall provide 45 dB spectral dynamic range at auto-correlation spatial and 300 kHz spectral resolution to enable sensitive intensity mapping at 350  1050 MHz (HPSO 32).,provide 45 dB spectral dynamic range at auto-correlation spatial and 300 kHz spectral resolution to enable sensitive intensity mapping at 350  1050 MHz (HPSO 32),nice_to_have,It would be useful if the system could provide 45 dB spectral dynamic range at auto-correlation spatial and 300 kHz spectral resolution to enable sensitive intensity mapping at 350  1050 MHz (HPSO 32).,The system SHALL provide 45 dB spectral dynamic range at auto-correlation spatial and 300 kHz spectral resolution to enable sensitive intensity mapping at 350  1050 MHz (HPSO 32).,SHALL,no,0,nice_to_have,0,0.0
S3970_mandatory,S3970,mlm_tapt,2012_stequest_mrd_web,SOC shall be responsible for the science data archive.,be responsible for the science data archive,mandatory,The system SHALL be responsible for the science data archive.,The system SHALL be responsible for the science data archive.,SHALL,yes,1,mandatory,3,1.0
S3970_recommended,S3970,mlm_tapt,2012_stequest_mrd_web,SOC shall be responsible for the science data archive.,be responsible for the science data archive,recommended,The system SHOULD be responsible for the science data archive.,The system SHALL be responsible for the science data archive.,SHALL,no,0,recommended,2,0.67
S3970_optional,S3970,mlm_tapt,2012_stequest_mrd_web,SOC shall be responsible for the science data archive.,be responsible for the science data archive,optional,The system MAY be responsible for the science data archive.,The system SHALL be responsible for the science data archive.,SHALL,no,0,optional,1,0.33
S3970_nice_to_have,S3970,mlm_tapt,2012_stequest_mrd_web,SOC shall be responsible for the science data archive.,be responsible for the science data archive,nice_to_have,It would be useful if the system could be responsible for the science data archive.,The system SHALL be responsible for the science data archive.,SHALL,no,0,nice_to_have,0,0.0
S3978_mandatory,S3978,mlm_tapt,2012_marcopolo_WEB,"All spacecraft shall be designed according to [RD4], [RD5], [RD6] and [RD7] unless otherwise specified in this document.","be designed according to [RD4], [RD5], [RD6] and [RD7] unless otherwise specified in this document",mandatory,"The system SHALL be designed according to [RD4], [RD5], [RD6] and [RD7] unless otherwise specified in this document.","The system SHALL be designed according to [RD4], [RD5], [RD6] and [RD7] unless otherwise specified in this document.",SHALL,yes,1,mandatory,3,1.0
S3978_recommended,S3978,mlm_tapt,2012_marcopolo_WEB,"All spacecraft shall be designed according to [RD4], [RD5], [RD6] and [RD7] unless otherwise specified in this document.","be designed according to [RD4], [RD5], [RD6] and [RD7] unless otherwise specified in this document",recommended,"The system SHOULD be designed according to [RD4], [RD5], [RD6] and [RD7] unless otherwise specified in this document.","The system SHALL be designed according to [RD4], [RD5], [RD6] and [RD7] unless otherwise specified in this document.",SHALL,no,0,recommended,2,0.67
S3978_optional,S3978,mlm_tapt,2012_marcopolo_WEB,"All spacecraft shall be designed according to [RD4], [RD5], [RD6] and [RD7] unless otherwise specified in this document.","be designed according to [RD4], [RD5], [RD6] and [RD7] unless otherwise specified in this document",optional,"The system MAY be designed according to [RD4], [RD5], [RD6] and [RD7] unless otherwise specified in this document.","The system SHALL be designed according to [RD4], [RD5], [RD6] and [RD7] unless otherwise specified in this document.",SHALL,no,0,optional,1,0.33
S3978_nice_to_have,S3978,mlm_tapt,2012_marcopolo_WEB,"All spacecraft shall be designed according to [RD4], [RD5], [RD6] and [RD7] unless otherwise specified in this document.","be designed according to [RD4], [RD5], [RD6] and [RD7] unless otherwise specified in this document",nice_to_have,"It would be useful if the system could be designed according to [RD4], [RD5], [RD6] and [RD7] unless otherwise specified in this document.","The system SHALL be designed according to [RD4], [RD5], [RD6] and [RD7] unless otherwise specified in this document.",SHALL,no,0,nice_to_have,0,0.0
S3986_mandatory,S3986,mlm_tapt,1998_grace_WEB,The SDS shall process all science data collected by the GRACE satellites,process all science data collected by the GRACE satellites,mandatory,The system SHALL process all science data collected by the GRACE satellites.,The system SHALL process all science data collected by the GRACE satellites.,SHALL,yes,1,mandatory,3,1.0
S3986_recommended,S3986,mlm_tapt,1998_grace_WEB,The SDS shall process all science data collected by the GRACE satellites,process all science data collected by the GRACE satellites,recommended,The system SHOULD process all science data collected by the GRACE satellites.,The system SHALL process all science data collected by the GRACE satellites.,SHALL,no,0,recommended,2,0.67
S3986_optional,S3986,mlm_tapt,1998_grace_WEB,The SDS shall process all science data collected by the GRACE satellites,process all science data collected by the GRACE satellites,optional,The system MAY process all science data collected by the GRACE satellites.,The system SHALL process all science data collected by the GRACE satellites.,SHALL,no,0,optional,1,0.33
S3986_nice_to_have,S3986,mlm_tapt,1998_grace_WEB,The SDS shall process all science data collected by the GRACE satellites,process all science data collected by the GRACE satellites,nice_to_have,It would be useful if the system could process all science data collected by the GRACE satellites.,The system SHALL process all science data collected by the GRACE satellites.,SHALL,no,0,nice_to_have,0,0.0
S4746_mandatory,S4746,mlm_tapt,2011_dot_WEB,The Misbehavior Management Subsystem shall store information regarding misbehavior reports from other Core System subsystems.,store information regarding misbehavior reports from other Core System subsystems,mandatory,The system SHALL store information regarding misbehavior reports from other Core System subsystems.,The system SHALL store information regarding misbehavior reports from other Core System subsystems.,SHALL,yes,1,mandatory,3,1.0
S4746_recommended,S4746,mlm_tapt,2011_dot_WEB,The Misbehavior Management Subsystem shall store information regarding misbehavior reports from other Core System subsystems.,store information regarding misbehavior reports from other Core System subsystems,recommended,The system SHOULD store information regarding misbehavior reports from other Core System subsystems.,The system SHALL store information regarding misbehavior reports from other Core System subsystems.,SHALL,no,0,recommended,2,0.67
S4746_optional,S4746,mlm_tapt,2011_dot_WEB,The Misbehavior Management Subsystem shall store information regarding misbehavior reports from other Core System subsystems.,store information regarding misbehavior reports from other Core System subsystems,optional,The system MAY store information regarding misbehavior reports from other Core System subsystems.,The system SHALL store information regarding misbehavior reports from other Core System subsystems.,SHALL,no,0,optional,1,0.33
S4746_nice_to_have,S4746,mlm_tapt,2011_dot_WEB,The Misbehavior Management Subsystem shall store information regarding misbehavior reports from other Core System subsystems.,store information regarding misbehavior reports from other Core System subsystems,nice_to_have,It would be useful if the system could store information regarding misbehavior reports from other Core System subsystems.,The system SHALL store information regarding misbehavior reports from other Core System subsystems.,SHALL,no,0,nice_to_have,0,0.0
S4766_mandatory,S4766,mlm_tapt,2012_marcopolo_WEB,"The telecommunication system shall be capable of simultaneously handling telemetry, ranging and telecommands.","simultaneously handle telemetry, ranging, and telecommands",mandatory,"The system SHALL simultaneously handle telemetry, ranging, and telecommands.","The system SHALL simultaneously handle telemetry, ranging, and telecommands.",SHALL,yes,1,mandatory,3,1.0
S4766_recommended,S4766,mlm_tapt,2012_marcopolo_WEB,"The telecommunication system shall be capable of simultaneously handling telemetry, ranging and telecommands.","simultaneously handle telemetry, ranging, and telecommands",recommended,"The system SHOULD simultaneously handle telemetry, ranging, and telecommands.","The system SHALL simultaneously handle telemetry, ranging, and telecommands.",SHALL,no,0,recommended,2,0.67
S4766_optional,S4766,mlm_tapt,2012_marcopolo_WEB,"The telecommunication system shall be capable of simultaneously handling telemetry, ranging and telecommands.","simultaneously handle telemetry, ranging, and telecommands",optional,"The system MAY simultaneously handle telemetry, ranging, and telecommands.","The system SHALL simultaneously handle telemetry, ranging, and telecommands.",SHALL,no,0,optional,1,0.33
S4766_nice_to_have,S4766,mlm_tapt,2012_marcopolo_WEB,"The telecommunication system shall be capable of simultaneously handling telemetry, ranging and telecommands.","simultaneously handle telemetry, ranging, and telecommands",nice_to_have,"It would be useful if the system could simultaneously handle telemetry, ranging, and telecommands.","The system SHALL simultaneously handle telemetry, ranging, and telecommands.",SHALL,no,0,nice_to_have,0,0.0
S4859_mandatory,S4859,mlm_tapt,2015_skal0_WEB,SKA1-LOW shall provide 45 dB polarisation dynamic range at 300 arcsec spatial and 1 MHz spectral resolution to enable EoR imaging at 50  200 MHz (HPSO 1).,provide 45 dB polarisation dynamic range at 300 arcsec spatial and 1 MHz spectral resolution to enable EoR imaging at 50  200 MHz (HPSO 1),mandatory,The system SHALL provide 45 dB polarisation dynamic range at 300 arcsec spatial and 1 MHz spectral resolution to enable EoR imaging at 50  200 MHz (HPSO 1).,The system SHALL provide 45 dB polarisation dynamic range at 300 arcsec spatial and 1 MHz spectral resolution to enable EoR imaging at 50  200 MHz (HPSO 1).,SHALL,yes,1,mandatory,3,1.0
S4859_recommended,S4859,mlm_tapt,2015_skal0_WEB,SKA1-LOW shall provide 45 dB polarisation dynamic range at 300 arcsec spatial and 1 MHz spectral resolution to enable EoR imaging at 50  200 MHz (HPSO 1).,provide 45 dB polarisation dynamic range at 300 arcsec spatial and 1 MHz spectral resolution to enable EoR imaging at 50  200 MHz (HPSO 1),recommended,The system SHOULD provide 45 dB polarisation dynamic range at 300 arcsec spatial and 1 MHz spectral resolution to enable EoR imaging at 50  200 MHz (HPSO 1).,The system SHALL provide 45 dB polarisation dynamic range at 300 arcsec spatial and 1 MHz spectral resolution to enable EoR imaging at 50  200 MHz (HPSO 1).,SHALL,no,0,recommended,2,0.67
S4859_optional,S4859,mlm_tapt,2015_skal0_WEB,SKA1-LOW shall provide 45 dB polarisation dynamic range at 300 arcsec spatial and 1 MHz spectral resolution to enable EoR imaging at 50  200 MHz (HPSO 1).,provide 45 dB polarisation dynamic range at 300 arcsec spatial and 1 MHz spectral resolution to enable EoR imaging at 50  200 MHz (HPSO 1),optional,The system MAY provide 45 dB polarisation dynamic range at 300 arcsec spatial and 1 MHz spectral resolution to enable EoR imaging at 50  200 MHz (HPSO 1).,The system SHALL provide 45 dB polarisation dynamic range at 300 arcsec spatial and 1 MHz spectral resolution to enable EoR imaging at 50  200 MHz (HPSO 1).,SHALL,no,0,optional,1,0.33
S4859_nice_to_have,S4859,mlm_tapt,2015_skal0_WEB,SKA1-LOW shall provide 45 dB polarisation dynamic range at 300 arcsec spatial and 1 MHz spectral resolution to enable EoR imaging at 50  200 MHz (HPSO 1).,provide 45 dB polarisation dynamic range at 300 arcsec spatial and 1 MHz spectral resolution to enable EoR imaging at 50  200 MHz (HPSO 1),nice_to_have,It would be useful if the system could provide 45 dB polarisation dynamic range at 300 arcsec spatial and 1 MHz spectral resolution to enable EoR imaging at 50  200 MHz (HPSO 1).,The system SHALL provide 45 dB polarisation dynamic range at 300 arcsec spatial and 1 MHz spectral resolution to enable EoR imaging at 50  200 MHz (HPSO 1).,SHALL,no,0,nice_to_have,0,0.0
S5119_mandatory,S5119,mlm_tapt,2018_jpss_l0_web,The algorithm shall produce a cloud top temperature product with a mapping uncertainty (3 sigma) of 4 km.,produce a cloud top temperature product with a mapping uncertainty (3 sigma) of 4 km,mandatory,The system SHALL produce a cloud top temperature product with a mapping uncertainty (3 sigma) of 4 km.,The system SHALL produce a cloud top temperature product with a mapping uncertainty (3 sigma) of 4 km.,SHALL,yes,1,mandatory,3,1.0
S5119_recommended,S5119,mlm_tapt,2018_jpss_l0_web,The algorithm shall produce a cloud top temperature product with a mapping uncertainty (3 sigma) of 4 km.,produce a cloud top temperature product with a mapping uncertainty (3 sigma) of 4 km,recommended,The system SHOULD produce a cloud top temperature product with a mapping uncertainty (3 sigma) of 4 km.,The system SHALL produce a cloud top temperature product with a mapping uncertainty (3 sigma) of 4 km.,SHALL,no,0,recommended,2,0.67
S5119_optional,S5119,mlm_tapt,2018_jpss_l0_web,The algorithm shall produce a cloud top temperature product with a mapping uncertainty (3 sigma) of 4 km.,produce a cloud top temperature product with a mapping uncertainty (3 sigma) of 4 km,optional,The system MAY produce a cloud top temperature product with a mapping uncertainty (3 sigma) of 4 km.,The system SHALL produce a cloud top temperature product with a mapping uncertainty (3 sigma) of 4 km.,SHALL,no,0,optional,1,0.33
S5119_nice_to_have,S5119,mlm_tapt,2018_jpss_l0_web,The algorithm shall produce a cloud top temperature product with a mapping uncertainty (3 sigma) of 4 km.,produce a cloud top temperature product with a mapping uncertainty (3 sigma) of 4 km,nice_to_have,It would be useful if the system could produce a cloud top temperature product with a mapping uncertainty (3 sigma) of 4 km.,The system SHALL produce a cloud top temperature product with a mapping uncertainty (3 sigma) of 4 km.,SHALL,no,0,nice_to_have,0,0.0
S5229_mandatory,S5229,mlm_tapt,2019_gateway_WEB,The Gateway shall provide a reconfigurable mobile video camera system for inspection and internal robotic operations support.,provide a reconfigurable mobile video camera system for inspection and internal robotic operations support,mandatory,The system SHALL provide a reconfigurable mobile video camera system for inspection and internal robotic operations support.,The system SHALL provide a reconfigurable mobile video camera system for inspection and internal robotic operations support.,SHALL,yes,1,mandatory,3,1.0
S5229_recommended,S5229,mlm_tapt,2019_gateway_WEB,The Gateway shall provide a reconfigurable mobile video camera system for inspection and internal robotic operations support.,provide a reconfigurable mobile video camera system for inspection and internal robotic operations support,recommended,The system SHOULD provide a reconfigurable mobile video camera system for inspection and internal robotic operations support.,The system SHALL provide a reconfigurable mobile video camera system for inspection and internal robotic operations support.,SHALL,no,0,recommended,2,0.67
S5229_optional,S5229,mlm_tapt,2019_gateway_WEB,The Gateway shall provide a reconfigurable mobile video camera system for inspection and internal robotic operations support.,provide a reconfigurable mobile video camera system for inspection and internal robotic operations support,optional,The system MAY provide a reconfigurable mobile video camera system for inspection and internal robotic operations support.,The system SHALL provide a reconfigurable mobile video camera system for inspection and internal robotic operations support.,SHALL,no,0,optional,1,0.33
S5229_nice_to_have,S5229,mlm_tapt,2019_gateway_WEB,The Gateway shall provide a reconfigurable mobile video camera system for inspection and internal robotic operations support.,provide a reconfigurable mobile video camera system for inspection and internal robotic operations support,nice_to_have,It would be useful if the system could provide a reconfigurable mobile video camera system for inspection and internal robotic operations support.,The system SHALL provide a reconfigurable mobile video camera system for inspection and internal robotic operations support.,SHALL,no,0,nice_to_have,0,0.0
S5314_mandatory,S5314,mlm_tapt,2012_marcopolo_WEB,The ground segment shall support the on-orbit calibration of the satellite autonomous pointing capabilities.,support the on-orbit calibration of the satellite autonomous pointing capabilities,mandatory,The system SHALL support the on-orbit calibration of the satellite autonomous pointing capabilities.,The system SHALL support the on-orbit calibration of the satellite autonomous pointing capabilities.,SHALL,yes,1,mandatory,3,1.0
S5314_recommended,S5314,mlm_tapt,2012_marcopolo_WEB,The ground segment shall support the on-orbit calibration of the satellite autonomous pointing capabilities.,support the on-orbit calibration of the satellite autonomous pointing capabilities,recommended,The system SHOULD support the on-orbit calibration of the satellite autonomous pointing capabilities.,The system SHALL support the on-orbit calibration of the satellite autonomous pointing capabilities.,SHALL,no,0,recommended,2,0.67
S5314_optional,S5314,mlm_tapt,2012_marcopolo_WEB,The ground segment shall support the on-orbit calibration of the satellite autonomous pointing capabilities.,support the on-orbit calibration of the satellite autonomous pointing capabilities,optional,The system MAY support the on-orbit calibration of the satellite autonomous pointing capabilities.,The system SHALL support the on-orbit calibration of the satellite autonomous pointing capabilities.,SHALL,no,0,optional,1,0.33
S5314_nice_to_have,S5314,mlm_tapt,2012_marcopolo_WEB,The ground segment shall support the on-orbit calibration of the satellite autonomous pointing capabilities.,support the on-orbit calibration of the satellite autonomous pointing capabilities,nice_to_have,It would be useful if the system could support the on-orbit calibration of the satellite autonomous pointing capabilities.,The system SHALL support the on-orbit calibration of the satellite autonomous pointing capabilities.,SHALL,no,0,nice_to_have,0,0.0
S5326_mandatory,S5326,mlm_tapt,2011_dot_WEB,The Misbehavior Management Subsystem shall process up to [TBD] misbehavior reports per minute from System Users.,process up to [TBD] misbehavior reports per minute from System Users,mandatory,The system SHALL process up to [TBD] misbehavior reports per minute from System Users.,The system SHALL process up to [TBD] misbehavior reports per minute from System Users.,SHALL,yes,1,mandatory,3,1.0
S5326_recommended,S5326,mlm_tapt,2011_dot_WEB,The Misbehavior Management Subsystem shall process up to [TBD] misbehavior reports per minute from System Users.,process up to [TBD] misbehavior reports per minute from System Users,recommended,The system SHOULD process up to [TBD] misbehavior reports per minute from System Users.,The system SHALL process up to [TBD] misbehavior reports per minute from System Users.,SHALL,no,0,recommended,2,0.67
S5326_optional,S5326,mlm_tapt,2011_dot_WEB,The Misbehavior Management Subsystem shall process up to [TBD] misbehavior reports per minute from System Users.,process up to [TBD] misbehavior reports per minute from System Users,optional,The system MAY process up to [TBD] misbehavior reports per minute from System Users.,The system SHALL process up to [TBD] misbehavior reports per minute from System Users.,SHALL,no,0,optional,1,0.33
S5326_nice_to_have,S5326,mlm_tapt,2011_dot_WEB,The Misbehavior Management Subsystem shall process up to [TBD] misbehavior reports per minute from System Users.,process up to [TBD] misbehavior reports per minute from System Users,nice_to_have,It would be useful if the system could process up to [TBD] misbehavior reports per minute from System Users.,The system SHALL process up to [TBD] misbehavior reports per minute from System Users.,SHALL,no,0,nice_to_have,0,0.0
S5542_mandatory,S5542,mlm_tapt,0000_mss_WEB,The EO head drive system shall provide conducting observation in all directions at any height above the roof of the vehicle,provide conducting observation in all directions at any height above the roof of the vehicle,mandatory,The system SHALL provide conducting observation in all directions at any height above the roof of the vehicle.,The system SHALL provide conducting observation in all directions at any height above the roof of the vehicle.,SHALL,yes,1,mandatory,3,1.0
S5542_recommended,S5542,mlm_tapt,0000_mss_WEB,The EO head drive system shall provide conducting observation in all directions at any height above the roof of the vehicle,provide conducting observation in all directions at any height above the roof of the vehicle,recommended,The system SHOULD provide conducting observation in all directions at any height above the roof of the vehicle.,The system SHALL provide conducting observation in all directions at any height above the roof of the vehicle.,SHALL,no,0,recommended,2,0.67
S5542_optional,S5542,mlm_tapt,0000_mss_WEB,The EO head drive system shall provide conducting observation in all directions at any height above the roof of the vehicle,provide conducting observation in all directions at any height above the roof of the vehicle,optional,The system MAY provide conducting observation in all directions at any height above the roof of the vehicle.,The system SHALL provide conducting observation in all directions at any height above the roof of the vehicle.,SHALL,no,0,optional,1,0.33
S5542_nice_to_have,S5542,mlm_tapt,0000_mss_WEB,The EO head drive system shall provide conducting observation in all directions at any height above the roof of the vehicle,provide conducting observation in all directions at any height above the roof of the vehicle,nice_to_have,It would be useful if the system could provide conducting observation in all directions at any height above the roof of the vehicle.,The system SHALL provide conducting observation in all directions at any height above the roof of the vehicle.,SHALL,no,0,nice_to_have,0,0.0
S5811_mandatory,S5811,mlm_tapt,2019_jpss_dps,The Snow Cover/Depth product shall provide snow depth with a measurement range from 5 to 60 cm.,provide snow depth with a measurement range from 5 to 60 cm,mandatory,The system SHALL provide snow depth with a measurement range from 5 to 60 cm.,The system SHALL provide snow depth with a measurement range from 5 to 60 cm.,SHALL,yes,1,mandatory,3,1.0
S5811_recommended,S5811,mlm_tapt,2019_jpss_dps,The Snow Cover/Depth product shall provide snow depth with a measurement range from 5 to 60 cm.,provide snow depth with a measurement range from 5 to 60 cm,recommended,The system SHOULD provide snow depth with a measurement range from 5 to 60 cm.,The system SHALL provide snow depth with a measurement range from 5 to 60 cm.,SHALL,no,0,recommended,2,0.67
S5811_optional,S5811,mlm_tapt,2019_jpss_dps,The Snow Cover/Depth product shall provide snow depth with a measurement range from 5 to 60 cm.,provide snow depth with a measurement range from 5 to 60 cm,optional,The system MAY provide snow depth with a measurement range from 5 to 60 cm.,The system SHALL provide snow depth with a measurement range from 5 to 60 cm.,SHALL,no,0,optional,1,0.33
S5811_nice_to_have,S5811,mlm_tapt,2019_jpss_dps,The Snow Cover/Depth product shall provide snow depth with a measurement range from 5 to 60 cm.,provide snow depth with a measurement range from 5 to 60 cm,nice_to_have,It would be useful if the system could provide snow depth with a measurement range from 5 to 60 cm.,The system SHALL provide snow depth with a measurement range from 5 to 60 cm.,SHALL,no,0,nice_to_have,0,0.0
S5986_mandatory,S5986,mlm_tapt,2021_tmt_ord_WEB,The TMT Observatory shall provide remote observing (from sea-level headquarters (HQ) or other physical location (TBC).,provide remote observing (from sea-level headquarters (HQ) or other physical location (TBC),mandatory,The system SHALL provide remote observing (from sea-level headquarters (HQ) or other physical location (TBC).,The system SHALL provide remote observing (from sea-level headquarters (HQ) or other physical location (TBC).,SHALL,yes,1,mandatory,3,1.0
S5986_recommended,S5986,mlm_tapt,2021_tmt_ord_WEB,The TMT Observatory shall provide remote observing (from sea-level headquarters (HQ) or other physical location (TBC).,provide remote observing (from sea-level headquarters (HQ) or other physical location (TBC),recommended,The system SHOULD provide remote observing (from sea-level headquarters (HQ) or other physical location (TBC).,The system SHALL provide remote observing (from sea-level headquarters (HQ) or other physical location (TBC).,SHALL,no,0,recommended,2,0.67
S5986_optional,S5986,mlm_tapt,2021_tmt_ord_WEB,The TMT Observatory shall provide remote observing (from sea-level headquarters (HQ) or other physical location (TBC).,provide remote observing (from sea-level headquarters (HQ) or other physical location (TBC),optional,The system MAY provide remote observing (from sea-level headquarters (HQ) or other physical location (TBC).,The system SHALL provide remote observing (from sea-level headquarters (HQ) or other physical location (TBC).,SHALL,no,0,optional,1,0.33
S5986_nice_to_have,S5986,mlm_tapt,2021_tmt_ord_WEB,The TMT Observatory shall provide remote observing (from sea-level headquarters (HQ) or other physical location (TBC).,provide remote observing (from sea-level headquarters (HQ) or other physical location (TBC),nice_to_have,It would be useful if the system could provide remote observing (from sea-level headquarters (HQ) or other physical location (TBC).,The system SHALL provide remote observing (from sea-level headquarters (HQ) or other physical location (TBC).,SHALL,no,0,nice_to_have,0,0.0
S6169_mandatory,S6169,mlm_tapt,2006_hgs_ird_web,The HSC shall pull spacecraft attitude algorithm and data updates from the MOC.,pull spacecraft attitude algorithm and data updates from the MOC,mandatory,The system SHALL pull spacecraft attitude algorithm and data updates from the MOC.,The system SHALL pull spacecraft attitude algorithm and data updates from the MOC.,SHALL,yes,1,mandatory,3,1.0
S6169_recommended,S6169,mlm_tapt,2006_hgs_ird_web,The HSC shall pull spacecraft attitude algorithm and data updates from the MOC.,pull spacecraft attitude algorithm and data updates from the MOC,recommended,The system SHOULD pull spacecraft attitude algorithm and data updates from the MOC.,The system SHALL pull spacecraft attitude algorithm and data updates from the MOC.,SHALL,no,0,recommended,2,0.67
S6169_optional,S6169,mlm_tapt,2006_hgs_ird_web,The HSC shall pull spacecraft attitude algorithm and data updates from the MOC.,pull spacecraft attitude algorithm and data updates from the MOC,optional,The system MAY pull spacecraft attitude algorithm and data updates from the MOC.,The system SHALL pull spacecraft attitude algorithm and data updates from the MOC.,SHALL,no,0,optional,1,0.33
S6169_nice_to_have,S6169,mlm_tapt,2006_hgs_ird_web,The HSC shall pull spacecraft attitude algorithm and data updates from the MOC.,pull spacecraft attitude algorithm and data updates from the MOC,nice_to_have,It would be useful if the system could pull spacecraft attitude algorithm and data updates from the MOC.,The system SHALL pull spacecraft attitude algorithm and data updates from the MOC.,SHALL,no,0,nice_to_have,0,0.0
S6347_mandatory,S6347,mlm_tapt,2019_jpss_l2_WEB,"The NESDIS ESPC shall make available all products identified in Appendix A as ""ESPC Product Generation"" to CLASS.","make available all products identified in Appendix A as ""ESPC Product Generation"" to CLASS",mandatory,"The system SHALL make available all products identified in Appendix A as ""ESPC Product Generation"" to CLASS.","The system SHALL make available all products identified in Appendix A as ""ESPC Product Generation"" to CLASS.",SHALL,yes,1,mandatory,3,1.0
S6347_recommended,S6347,mlm_tapt,2019_jpss_l2_WEB,"The NESDIS ESPC shall make available all products identified in Appendix A as ""ESPC Product Generation"" to CLASS.","make available all products identified in Appendix A as ""ESPC Product Generation"" to CLASS",recommended,"The system SHOULD make available all products identified in Appendix A as ""ESPC Product Generation"" to CLASS.","The system SHALL make available all products identified in Appendix A as ""ESPC Product Generation"" to CLASS.",SHALL,no,0,recommended,2,0.67
S6347_optional,S6347,mlm_tapt,2019_jpss_l2_WEB,"The NESDIS ESPC shall make available all products identified in Appendix A as ""ESPC Product Generation"" to CLASS.","make available all products identified in Appendix A as ""ESPC Product Generation"" to CLASS",optional,"The system MAY make available all products identified in Appendix A as ""ESPC Product Generation"" to CLASS.","The system SHALL make available all products identified in Appendix A as ""ESPC Product Generation"" to CLASS.",SHALL,no,0,optional,1,0.33
S6347_nice_to_have,S6347,mlm_tapt,2019_jpss_l2_WEB,"The NESDIS ESPC shall make available all products identified in Appendix A as ""ESPC Product Generation"" to CLASS.","make available all products identified in Appendix A as ""ESPC Product Generation"" to CLASS",nice_to_have,"It would be useful if the system could make available all products identified in Appendix A as ""ESPC Product Generation"" to CLASS.","The system SHALL make available all products identified in Appendix A as ""ESPC Product Generation"" to CLASS.",SHALL,no,0,nice_to_have,0,0.0
S6400_mandatory,S6400,mlm_tapt,2021_gmt_oad_web,The lower enclosure shall provide space for a utility shaft.,provide space for a utility shaft,mandatory,The system SHALL provide space for a utility shaft.,The system SHALL provide space for a utility shaft.,SHALL,yes,1,mandatory,3,1.0
S6400_recommended,S6400,mlm_tapt,2021_gmt_oad_web,The lower enclosure shall provide space for a utility shaft.,provide space for a utility shaft,recommended,The system SHOULD provide space for a utility shaft.,The system SHALL provide space for a utility shaft.,SHALL,no,0,recommended,2,0.67
S6400_optional,S6400,mlm_tapt,2021_gmt_oad_web,The lower enclosure shall provide space for a utility shaft.,provide space for a utility shaft,optional,The system MAY provide space for a utility shaft.,The system SHALL provide space for a utility shaft.,SHALL,no,0,optional,1,0.33
S6400_nice_to_have,S6400,mlm_tapt,2021_gmt_oad_web,The lower enclosure shall provide space for a utility shaft.,provide space for a utility shaft,nice_to_have,It would be useful if the system could provide space for a utility shaft.,The system SHALL provide space for a utility shaft.,SHALL,no,0,nice_to_have,0,0.0
S6449_mandatory,S6449,mlm_tapt,2019_jpss_dps,The Snowfall Rate (SFR) product shall provide water equivalent snowfall amount in unit time globally.,provide water equivalent snowfall amount in unit time globally,mandatory,The system SHALL provide water equivalent snowfall amount in unit time globally.,The system SHALL provide water equivalent snowfall amount in unit time globally.,SHALL,yes,1,mandatory,3,1.0
S6449_recommended,S6449,mlm_tapt,2019_jpss_dps,The Snowfall Rate (SFR) product shall provide water equivalent snowfall amount in unit time globally.,provide water equivalent snowfall amount in unit time globally,recommended,The system SHOULD provide water equivalent snowfall amount in unit time globally.,The system SHALL provide water equivalent snowfall amount in unit time globally.,SHALL,no,0,recommended,2,0.67
S6449_optional,S6449,mlm_tapt,2019_jpss_dps,The Snowfall Rate (SFR) product shall provide water equivalent snowfall amount in unit time globally.,provide water equivalent snowfall amount in unit time globally,optional,The system MAY provide water equivalent snowfall amount in unit time globally.,The system SHALL provide water equivalent snowfall amount in unit time globally.,SHALL,no,0,optional,1,0.33
S6449_nice_to_have,S6449,mlm_tapt,2019_jpss_dps,The Snowfall Rate (SFR) product shall provide water equivalent snowfall amount in unit time globally.,provide water equivalent snowfall amount in unit time globally,nice_to_have,It would be useful if the system could provide water equivalent snowfall amount in unit time globally.,The system SHALL provide water equivalent snowfall amount in unit time globally.,SHALL,no,0,nice_to_have,0,0.0
S6555_mandatory,S6555,mlm_tapt,2019_jpss_dps,"The Snow Cover product shall provide snow cover globally, in daytime and night, under all weather","provide snow cover globally, in daytime and night, under all weather",mandatory,"The system SHALL provide snow cover globally, in daytime and night, under all weather.","The system SHALL provide snow cover globally, in daytime and night, under all weather.",SHALL,yes,1,mandatory,3,1.0
S6555_recommended,S6555,mlm_tapt,2019_jpss_dps,"The Snow Cover product shall provide snow cover globally, in daytime and night, under all weather","provide snow cover globally, in daytime and night, under all weather",recommended,"The system SHOULD provide snow cover globally, in daytime and night, under all weather.","The system SHALL provide snow cover globally, in daytime and night, under all weather.",SHALL,no,0,recommended,2,0.67
S6555_optional,S6555,mlm_tapt,2019_jpss_dps,"The Snow Cover product shall provide snow cover globally, in daytime and night, under all weather","provide snow cover globally, in daytime and night, under all weather",optional,"The system MAY provide snow cover globally, in daytime and night, under all weather.","The system SHALL provide snow cover globally, in daytime and night, under all weather.",SHALL,no,0,optional,1,0.33
S6555_nice_to_have,S6555,mlm_tapt,2019_jpss_dps,"The Snow Cover product shall provide snow cover globally, in daytime and night, under all weather","provide snow cover globally, in daytime and night, under all weather",nice_to_have,"It would be useful if the system could provide snow cover globally, in daytime and night, under all weather.","The system SHALL provide snow cover globally, in daytime and night, under all weather.",SHALL,no,0,nice_to_have,0,0.0
S6633_mandatory,S6633,mlm_tapt,2015_skal0_WEB,SKA1-LOW shall provide 50 dB spectral dynamic range at 300 arcsec spatial and 1 MHz spectral resolution to enable EoR imaging at 50  200 MHz (HPSO 1).,provide 50 dB spectral dynamic range at 300 arcsec spatial and 1 MHz spectral resolution to enable EoR imaging at 50  200 MHz (HPSO 1),mandatory,The system SHALL provide 50 dB spectral dynamic range at 300 arcsec spatial and 1 MHz spectral resolution to enable EoR imaging at 50  200 MHz (HPSO 1).,The system SHALL provide 50 dB spectral dynamic range at 300 arcsec spatial and 1 MHz spectral resolution to enable EoR imaging at 50  200 MHz (HPSO 1).,SHALL,yes,1,mandatory,3,1.0
S6633_recommended,S6633,mlm_tapt,2015_skal0_WEB,SKA1-LOW shall provide 50 dB spectral dynamic range at 300 arcsec spatial and 1 MHz spectral resolution to enable EoR imaging at 50  200 MHz (HPSO 1).,provide 50 dB spectral dynamic range at 300 arcsec spatial and 1 MHz spectral resolution to enable EoR imaging at 50  200 MHz (HPSO 1),recommended,The system SHOULD provide 50 dB spectral dynamic range at 300 arcsec spatial and 1 MHz spectral resolution to enable EoR imaging at 50  200 MHz (HPSO 1).,The system SHALL provide 50 dB spectral dynamic range at 300 arcsec spatial and 1 MHz spectral resolution to enable EoR imaging at 50  200 MHz (HPSO 1).,SHALL,no,0,recommended,2,0.67
S6633_optional,S6633,mlm_tapt,2015_skal0_WEB,SKA1-LOW shall provide 50 dB spectral dynamic range at 300 arcsec spatial and 1 MHz spectral resolution to enable EoR imaging at 50  200 MHz (HPSO 1).,provide 50 dB spectral dynamic range at 300 arcsec spatial and 1 MHz spectral resolution to enable EoR imaging at 50  200 MHz (HPSO 1),optional,The system MAY provide 50 dB spectral dynamic range at 300 arcsec spatial and 1 MHz spectral resolution to enable EoR imaging at 50  200 MHz (HPSO 1).,The system SHALL provide 50 dB spectral dynamic range at 300 arcsec spatial and 1 MHz spectral resolution to enable EoR imaging at 50  200 MHz (HPSO 1).,SHALL,no,0,optional,1,0.33
S6633_nice_to_have,S6633,mlm_tapt,2015_skal0_WEB,SKA1-LOW shall provide 50 dB spectral dynamic range at 300 arcsec spatial and 1 MHz spectral resolution to enable EoR imaging at 50  200 MHz (HPSO 1).,provide 50 dB spectral dynamic range at 300 arcsec spatial and 1 MHz spectral resolution to enable EoR imaging at 50  200 MHz (HPSO 1),nice_to_have,It would be useful if the system could provide 50 dB spectral dynamic range at 300 arcsec spatial and 1 MHz spectral resolution to enable EoR imaging at 50  200 MHz (HPSO 1).,The system SHALL provide 50 dB spectral dynamic range at 300 arcsec spatial and 1 MHz spectral resolution to enable EoR imaging at 50  200 MHz (HPSO 1).,SHALL,no,0,nice_to_have,0,0.0
S6822_mandatory,S6822,mlm_tapt,2013_echo_srd_WEB,More than 50 (TBC) of the planets observed in the Chemical Census tier should be observed in the Origin tier.,observe more than 50 of the planets observed in the Chemical Census tier in the Origin tier,mandatory,The system SHALL observe more than 50 of the planets observed in the Chemical Census tier in the Origin tier.,The system SHALL observe more than 50 of the planets observed in the Chemical Census tier in the Origin tier.,SHALL,yes,1,mandatory,3,1.0
S6822_recommended,S6822,mlm_tapt,2013_echo_srd_WEB,More than 50 (TBC) of the planets observed in the Chemical Census tier should be observed in the Origin tier.,observe more than 50 of the planets observed in the Chemical Census tier in the Origin tier,recommended,The system SHOULD observe more than 50 of the planets observed in the Chemical Census tier in the Origin tier.,The system SHALL observe more than 50 of the planets observed in the Chemical Census tier in the Origin tier.,SHALL,no,0,recommended,2,0.67
S6822_optional,S6822,mlm_tapt,2013_echo_srd_WEB,More than 50 (TBC) of the planets observed in the Chemical Census tier should be observed in the Origin tier.,observe more than 50 of the planets observed in the Chemical Census tier in the Origin tier,optional,The system MAY observe more than 50 of the planets observed in the Chemical Census tier in the Origin tier.,The system SHALL observe more than 50 of the planets observed in the Chemical Census tier in the Origin tier.,SHALL,no,0,optional,1,0.33
S6822_nice_to_have,S6822,mlm_tapt,2013_echo_srd_WEB,More than 50 (TBC) of the planets observed in the Chemical Census tier should be observed in the Origin tier.,observe more than 50 of the planets observed in the Chemical Census tier in the Origin tier,nice_to_have,It would be useful if the system could observe more than 50 of the planets observed in the Chemical Census tier in the Origin tier.,The system SHALL observe more than 50 of the planets observed in the Chemical Census tier in the Origin tier.,SHALL,no,0,nice_to_have,0,0.0
S7050_mandatory,S7050,mlm_tapt,2004_hp_srs_web,"Fatigue analysis shall be carried out where relevant, and demonstrate a positive reserve after application of 4 times the most constraining life cycles.",carry out fatigue analysis where relevant and demonstrate a positive reserve after applying 4 times the most constraining life cycles,mandatory,The system SHALL carry out fatigue analysis where relevant and demonstrate a positive reserve after applying 4 times the most constraining life cycles.,The system SHALL carry out fatigue analysis where relevant and demonstrate a positive reserve after applying 4 times the most constraining life cycles.,SHALL,yes,1,mandatory,3,1.0
S7050_recommended,S7050,mlm_tapt,2004_hp_srs_web,"Fatigue analysis shall be carried out where relevant, and demonstrate a positive reserve after application of 4 times the most constraining life cycles.",carry out fatigue analysis where relevant and demonstrate a positive reserve after applying 4 times the most constraining life cycles,recommended,The system SHOULD carry out fatigue analysis where relevant and demonstrate a positive reserve after applying 4 times the most constraining life cycles.,The system SHALL carry out fatigue analysis where relevant and demonstrate a positive reserve after applying 4 times the most constraining life cycles.,SHALL,no,0,recommended,2,0.67
S7050_optional,S7050,mlm_tapt,2004_hp_srs_web,"Fatigue analysis shall be carried out where relevant, and demonstrate a positive reserve after application of 4 times the most constraining life cycles.",carry out fatigue analysis where relevant and demonstrate a positive reserve after applying 4 times the most constraining life cycles,optional,The system MAY carry out fatigue analysis where relevant and demonstrate a positive reserve after applying 4 times the most constraining life cycles.,The system SHALL carry out fatigue analysis where relevant and demonstrate a positive reserve after applying 4 times the most constraining life cycles.,SHALL,no,0,optional,1,0.33
S7050_nice_to_have,S7050,mlm_tapt,2004_hp_srs_web,"Fatigue analysis shall be carried out where relevant, and demonstrate a positive reserve after application of 4 times the most constraining life cycles.",carry out fatigue analysis where relevant and demonstrate a positive reserve after applying 4 times the most constraining life cycles,nice_to_have,It would be useful if the system could carry out fatigue analysis where relevant and demonstrate a positive reserve after applying 4 times the most constraining life cycles.,The system SHALL carry out fatigue analysis where relevant and demonstrate a positive reserve after applying 4 times the most constraining life cycles.,SHALL,no,0,nice_to_have,0,0.0
S7344_mandatory,S7344,mlm_tapt,0000_mss_WEB,There shall be possibility to power the equipment set from vehicles alternator.,allow the equipment set to be powered from the vehicle's alternator,mandatory,The system SHALL allow the equipment set to be powered from the vehicle's alternator.,The system SHALL allow the equipment set to be powered from the vehicle's alternator.,SHALL,yes,1,mandatory,3,1.0
S7344_recommended,S7344,mlm_tapt,0000_mss_WEB,There shall be possibility to power the equipment set from vehicles alternator.,allow the equipment set to be powered from the vehicle's alternator,recommended,The system SHOULD allow the equipment set to be powered from the vehicle's alternator.,The system SHALL allow the equipment set to be powered from the vehicle's alternator.,SHALL,no,0,recommended,2,0.67
S7344_optional,S7344,mlm_tapt,0000_mss_WEB,There shall be possibility to power the equipment set from vehicles alternator.,allow the equipment set to be powered from the vehicle's alternator,optional,The system MAY allow the equipment set to be powered from the vehicle's alternator.,The system SHALL allow the equipment set to be powered from the vehicle's alternator.,SHALL,no,0,optional,1,0.33
S7344_nice_to_have,S7344,mlm_tapt,0000_mss_WEB,There shall be possibility to power the equipment set from vehicles alternator.,allow the equipment set to be powered from the vehicle's alternator,nice_to_have,It would be useful if the system could allow the equipment set to be powered from the vehicle's alternator.,The system SHALL allow the equipment set to be powered from the vehicle's alternator.,SHALL,no,0,nice_to_have,0,0.0
S7372_mandatory,S7372,mlm_tapt,2019_jpss_l1rds_web,Performance impact assessments of proposed configuration changes to the data product ground processing software shall be completed and documented prior to those changes being implemented in the operational baseline.,complete and document performance impact assessments of proposed configuration changes to the data product ground processing software prior to implementing those changes in the operational baseline,mandatory,The system SHALL complete and document performance impact assessments of proposed configuration changes to the data product ground processing software prior to implementing those changes in the operational baseline.,The system SHALL complete and document performance impact assessments of proposed configuration changes to the data product ground processing software prior to implementing those changes in the operational baseline.,SHALL,yes,1,mandatory,3,1.0
S7372_recommended,S7372,mlm_tapt,2019_jpss_l1rds_web,Performance impact assessments of proposed configuration changes to the data product ground processing software shall be completed and documented prior to those changes being implemented in the operational baseline.,complete and document performance impact assessments of proposed configuration changes to the data product ground processing software prior to implementing those changes in the operational baseline,recommended,The system SHOULD complete and document performance impact assessments of proposed configuration changes to the data product ground processing software prior to implementing those changes in the operational baseline.,The system SHALL complete and document performance impact assessments of proposed configuration changes to the data product ground processing software prior to implementing those changes in the operational baseline.,SHALL,no,0,recommended,2,0.67
S7372_optional,S7372,mlm_tapt,2019_jpss_l1rds_web,Performance impact assessments of proposed configuration changes to the data product ground processing software shall be completed and documented prior to those changes being implemented in the operational baseline.,complete and document performance impact assessments of proposed configuration changes to the data product ground processing software prior to implementing those changes in the operational baseline,optional,The system MAY complete and document performance impact assessments of proposed configuration changes to the data product ground processing software prior to implementing those changes in the operational baseline.,The system SHALL complete and document performance impact assessments of proposed configuration changes to the data product ground processing software prior to implementing those changes in the operational baseline.,SHALL,no,0,optional,1,0.33
S7372_nice_to_have,S7372,mlm_tapt,2019_jpss_l1rds_web,Performance impact assessments of proposed configuration changes to the data product ground processing software shall be completed and documented prior to those changes being implemented in the operational baseline.,complete and document performance impact assessments of proposed configuration changes to the data product ground processing software prior to implementing those changes in the operational baseline,nice_to_have,It would be useful if the system could complete and document performance impact assessments of proposed configuration changes to the data product ground processing software prior to implementing those changes in the operational baseline.,The system SHALL complete and document performance impact assessments of proposed configuration changes to the data product ground processing software prior to implementing those changes in the operational baseline.,SHALL,no,0,nice_to_have,0,0.0
S7564_mandatory,S7564,mlm_tapt,2015_due_web,The GBPS retrieval shall include a L-band module capable to derive growing stock volume from L-band SAR data,include an L-band module that derives growing stock volume from L-band SAR data,mandatory,The system SHALL include an L-band module that derives growing stock volume from L-band SAR data.,The system SHALL include an L-band module that derives growing stock volume from L-band SAR data.,SHALL,yes,1,mandatory,3,1.0
S7564_recommended,S7564,mlm_tapt,2015_due_web,The GBPS retrieval shall include a L-band module capable to derive growing stock volume from L-band SAR data,include an L-band module that derives growing stock volume from L-band SAR data,recommended,The system SHOULD include an L-band module that derives growing stock volume from L-band SAR data.,The system SHALL include an L-band module that derives growing stock volume from L-band SAR data.,SHALL,no,0,recommended,2,0.67
S7564_optional,S7564,mlm_tapt,2015_due_web,The GBPS retrieval shall include a L-band module capable to derive growing stock volume from L-band SAR data,include an L-band module that derives growing stock volume from L-band SAR data,optional,The system MAY include an L-band module that derives growing stock volume from L-band SAR data.,The system SHALL include an L-band module that derives growing stock volume from L-band SAR data.,SHALL,no,0,optional,1,0.33
S7564_nice_to_have,S7564,mlm_tapt,2015_due_web,The GBPS retrieval shall include a L-band module capable to derive growing stock volume from L-band SAR data,include an L-band module that derives growing stock volume from L-band SAR data,nice_to_have,It would be useful if the system could include an L-band module that derives growing stock volume from L-band SAR data.,The system SHALL include an L-band module that derives growing stock volume from L-band SAR data.,SHALL,no,0,nice_to_have,0,0.0
S7643_mandatory,S7643,mlm_tapt,2017_s45_mrtd_web,Measurements in the SWIR shall be made of the reflected solar radiance on the illuminated side of the Earths atmosphere.,make measurements in the SWIR of the reflected solar radiance on the illuminated side of the Earth's atmosphere,mandatory,The system SHALL make measurements in the SWIR of the reflected solar radiance on the illuminated side of the Earth's atmosphere.,The system SHALL make measurements in the SWIR of the reflected solar radiance on the illuminated side of the Earth's atmosphere.,SHALL,yes,1,mandatory,3,1.0
S7643_recommended,S7643,mlm_tapt,2017_s45_mrtd_web,Measurements in the SWIR shall be made of the reflected solar radiance on the illuminated side of the Earths atmosphere.,make measurements in the SWIR of the reflected solar radiance on the illuminated side of the Earth's atmosphere,recommended,The system SHOULD make measurements in the SWIR of the reflected solar radiance on the illuminated side of the Earth's atmosphere.,The system SHALL make measurements in the SWIR of the reflected solar radiance on the illuminated side of the Earth's atmosphere.,SHALL,no,0,recommended,2,0.67
S7643_optional,S7643,mlm_tapt,2017_s45_mrtd_web,Measurements in the SWIR shall be made of the reflected solar radiance on the illuminated side of the Earths atmosphere.,make measurements in the SWIR of the reflected solar radiance on the illuminated side of the Earth's atmosphere,optional,The system MAY make measurements in the SWIR of the reflected solar radiance on the illuminated side of the Earth's atmosphere.,The system SHALL make measurements in the SWIR of the reflected solar radiance on the illuminated side of the Earth's atmosphere.,SHALL,no,0,optional,1,0.33
S7643_nice_to_have,S7643,mlm_tapt,2017_s45_mrtd_web,Measurements in the SWIR shall be made of the reflected solar radiance on the illuminated side of the Earths atmosphere.,make measurements in the SWIR of the reflected solar radiance on the illuminated side of the Earth's atmosphere,nice_to_have,It would be useful if the system could make measurements in the SWIR of the reflected solar radiance on the illuminated side of the Earth's atmosphere.,The system SHALL make measurements in the SWIR of the reflected solar radiance on the illuminated side of the Earth's atmosphere.,SHALL,no,0,nice_to_have,0,0.0
S7816_mandatory,S7816,mlm_tapt,2011_marcopolo_srd_WEB,"It shall be possible to calibrate the colour response of the instruments, by providing a calibration target (if mission analysis foresees a lunar flyby, allow imaging of Apollo 16 landing site).","enable calibration of the colour response of the instruments by providing a calibration target and, if mission analysis foresees a lunar flyby, allow imaging of the Apollo 16 landing site",mandatory,"The system SHALL enable calibration of the colour response of the instruments by providing a calibration target and, if mission analysis foresees a lunar flyby, allow imaging of the Apollo 16 landing site.","The system SHALL enable calibration of the colour response of the instruments by providing a calibration target and, if mission analysis foresees a lunar flyby, allow imaging of the Apollo 16 landing site.",SHALL,yes,1,mandatory,3,1.0
S7816_recommended,S7816,mlm_tapt,2011_marcopolo_srd_WEB,"It shall be possible to calibrate the colour response of the instruments, by providing a calibration target (if mission analysis foresees a lunar flyby, allow imaging of Apollo 16 landing site).","enable calibration of the colour response of the instruments by providing a calibration target and, if mission analysis foresees a lunar flyby, allow imaging of the Apollo 16 landing site",recommended,"The system SHOULD enable calibration of the colour response of the instruments by providing a calibration target and, if mission analysis foresees a lunar flyby, allow imaging of the Apollo 16 landing site.","The system SHALL enable calibration of the colour response of the instruments by providing a calibration target and, if mission analysis foresees a lunar flyby, allow imaging of the Apollo 16 landing site.",SHALL,no,0,recommended,2,0.67
S7816_optional,S7816,mlm_tapt,2011_marcopolo_srd_WEB,"It shall be possible to calibrate the colour response of the instruments, by providing a calibration target (if mission analysis foresees a lunar flyby, allow imaging of Apollo 16 landing site).","enable calibration of the colour response of the instruments by providing a calibration target and, if mission analysis foresees a lunar flyby, allow imaging of the Apollo 16 landing site",optional,"The system MAY enable calibration of the colour response of the instruments by providing a calibration target and, if mission analysis foresees a lunar flyby, allow imaging of the Apollo 16 landing site.","The system SHALL enable calibration of the colour response of the instruments by providing a calibration target and, if mission analysis foresees a lunar flyby, allow imaging of the Apollo 16 landing site.",SHALL,no,0,optional,1,0.33
S7816_nice_to_have,S7816,mlm_tapt,2011_marcopolo_srd_WEB,"It shall be possible to calibrate the colour response of the instruments, by providing a calibration target (if mission analysis foresees a lunar flyby, allow imaging of Apollo 16 landing site).","enable calibration of the colour response of the instruments by providing a calibration target and, if mission analysis foresees a lunar flyby, allow imaging of the Apollo 16 landing site",nice_to_have,"It would be useful if the system could enable calibration of the colour response of the instruments by providing a calibration target and, if mission analysis foresees a lunar flyby, allow imaging of the Apollo 16 landing site.","The system SHALL enable calibration of the colour response of the instruments by providing a calibration target and, if mission analysis foresees a lunar flyby, allow imaging of the Apollo 16 landing site.",SHALL,no,0,nice_to_have,0,0.0
S8583_mandatory,S8583,mlm_tapt,2006_hgs_ird_web,The HSC shall make available to the ICC@ICC the instrument memory images of their respective instruments received from the MOC.,make available to the ICC@ICC the instrument memory images of their respective instruments received from the MOC,mandatory,The system SHALL make available to the ICC@ICC the instrument memory images of their respective instruments received from the MOC.,The system SHALL make available to the ICC@ICC the instrument memory images of their respective instruments received from the MOC.,SHALL,yes,1,mandatory,3,1.0
S8583_recommended,S8583,mlm_tapt,2006_hgs_ird_web,The HSC shall make available to the ICC@ICC the instrument memory images of their respective instruments received from the MOC.,make available to the ICC@ICC the instrument memory images of their respective instruments received from the MOC,recommended,The system SHOULD make available to the ICC@ICC the instrument memory images of their respective instruments received from the MOC.,The system SHALL make available to the ICC@ICC the instrument memory images of their respective instruments received from the MOC.,SHALL,no,0,recommended,2,0.67
S8583_optional,S8583,mlm_tapt,2006_hgs_ird_web,The HSC shall make available to the ICC@ICC the instrument memory images of their respective instruments received from the MOC.,make available to the ICC@ICC the instrument memory images of their respective instruments received from the MOC,optional,The system MAY make available to the ICC@ICC the instrument memory images of their respective instruments received from the MOC.,The system SHALL make available to the ICC@ICC the instrument memory images of their respective instruments received from the MOC.,SHALL,no,0,optional,1,0.33
S8583_nice_to_have,S8583,mlm_tapt,2006_hgs_ird_web,The HSC shall make available to the ICC@ICC the instrument memory images of their respective instruments received from the MOC.,make available to the ICC@ICC the instrument memory images of their respective instruments received from the MOC,nice_to_have,It would be useful if the system could make available to the ICC@ICC the instrument memory images of their respective instruments received from the MOC.,The system SHALL make available to the ICC@ICC the instrument memory images of their respective instruments received from the MOC.,SHALL,no,0,nice_to_have,0,0.0
S9005_mandatory,S9005,mlm_tapt,2005_skal1_WEB,The total steady state power budget for the African site shall be within the limits specified in SKA Power Budget SKA- SE-POW-TN-001 [21].,keep the total steady-state power budget for the African site within the limits specified in SKA Power Budget SKA-SE-POW-TN-001 [21],mandatory,The system SHALL keep the total steady-state power budget for the African site within the limits specified in SKA Power Budget SKA-SE-POW-TN-001 [21].,The system SHALL keep the total steady-state power budget for the African site within the limits specified in SKA Power Budget SKA-SE-POW-TN-001 [21].,SHALL,yes,1,mandatory,3,1.0
S9005_recommended,S9005,mlm_tapt,2005_skal1_WEB,The total steady state power budget for the African site shall be within the limits specified in SKA Power Budget SKA- SE-POW-TN-001 [21].,keep the total steady-state power budget for the African site within the limits specified in SKA Power Budget SKA-SE-POW-TN-001 [21],recommended,The system SHOULD keep the total steady-state power budget for the African site within the limits specified in SKA Power Budget SKA-SE-POW-TN-001 [21].,The system SHALL keep the total steady-state power budget for the African site within the limits specified in SKA Power Budget SKA-SE-POW-TN-001 [21].,SHALL,no,0,recommended,2,0.67
S9005_optional,S9005,mlm_tapt,2005_skal1_WEB,The total steady state power budget for the African site shall be within the limits specified in SKA Power Budget SKA- SE-POW-TN-001 [21].,keep the total steady-state power budget for the African site within the limits specified in SKA Power Budget SKA-SE-POW-TN-001 [21],optional,The system MAY keep the total steady-state power budget for the African site within the limits specified in SKA Power Budget SKA-SE-POW-TN-001 [21].,The system SHALL keep the total steady-state power budget for the African site within the limits specified in SKA Power Budget SKA-SE-POW-TN-001 [21].,SHALL,no,0,optional,1,0.33
S9005_nice_to_have,S9005,mlm_tapt,2005_skal1_WEB,The total steady state power budget for the African site shall be within the limits specified in SKA Power Budget SKA- SE-POW-TN-001 [21].,keep the total steady-state power budget for the African site within the limits specified in SKA Power Budget SKA-SE-POW-TN-001 [21],nice_to_have,It would be useful if the system could keep the total steady-state power budget for the African site within the limits specified in SKA Power Budget SKA-SE-POW-TN-001 [21].,The system SHALL keep the total steady-state power budget for the African site within the limits specified in SKA Power Budget SKA-SE-POW-TN-001 [21].,SHALL,no,0,nice_to_have,0,0.0
S9361_mandatory,S9361,mlm_tapt,2021_tmt_oad_WEB,NFIRAOS Subsystem shall be designed to be upgradeable to a higher order AO system [REQ-1-OAD-2745] that interfaces to a wider-field near infra-red science instruments.,be designed to be upgradeable to a higher order AO system [REQ-1-OAD-2745] that interfaces to a wider-field near infra-red science instruments,mandatory,The system SHALL be designed to be upgradeable to a higher order AO system [REQ-1-OAD-2745] that interfaces to a wider-field near infra-red science instruments.,The system SHALL be designed to be upgradeable to a higher order AO system [REQ-1-OAD-2745] that interfaces to a wider-field near infra-red science instruments.,SHALL,yes,1,mandatory,3,1.0
S9361_recommended,S9361,mlm_tapt,2021_tmt_oad_WEB,NFIRAOS Subsystem shall be designed to be upgradeable to a higher order AO system [REQ-1-OAD-2745] that interfaces to a wider-field near infra-red science instruments.,be designed to be upgradeable to a higher order AO system [REQ-1-OAD-2745] that interfaces to a wider-field near infra-red science instruments,recommended,The system SHOULD be designed to be upgradeable to a higher order AO system [REQ-1-OAD-2745] that interfaces to a wider-field near infra-red science instruments.,The system SHALL be designed to be upgradeable to a higher order AO system [REQ-1-OAD-2745] that interfaces to a wider-field near infra-red science instruments.,SHALL,no,0,recommended,2,0.67
S9361_optional,S9361,mlm_tapt,2021_tmt_oad_WEB,NFIRAOS Subsystem shall be designed to be upgradeable to a higher order AO system [REQ-1-OAD-2745] that interfaces to a wider-field near infra-red science instruments.,be designed to be upgradeable to a higher order AO system [REQ-1-OAD-2745] that interfaces to a wider-field near infra-red science instruments,optional,The system MAY be designed to be upgradeable to a higher order AO system [REQ-1-OAD-2745] that interfaces to a wider-field near infra-red science instruments.,The system SHALL be designed to be upgradeable to a higher order AO system [REQ-1-OAD-2745] that interfaces to a wider-field near infra-red science instruments.,SHALL,no,0,optional,1,0.33
S9361_nice_to_have,S9361,mlm_tapt,2021_tmt_oad_WEB,NFIRAOS Subsystem shall be designed to be upgradeable to a higher order AO system [REQ-1-OAD-2745] that interfaces to a wider-field near infra-red science instruments.,be designed to be upgradeable to a higher order AO system [REQ-1-OAD-2745] that interfaces to a wider-field near infra-red science instruments,nice_to_have,It would be useful if the system could be designed to be upgradeable to a higher order AO system [REQ-1-OAD-2745] that interfaces to a wider-field near infra-red science instruments.,The system SHALL be designed to be upgradeable to a higher order AO system [REQ-1-OAD-2745] that interfaces to a wider-field near infra-red science instruments.,SHALL,no,0,nice_to_have,0,0.0
S9539_mandatory,S9539,mlm_tapt,2013_loft_mrd_web,The S/C shall support interruption of the mission timeline execution by ground command.,support interruption of the mission timeline execution by ground command,mandatory,The system SHALL support interruption of the mission timeline execution by ground command.,The system SHALL support interruption of the mission timeline execution by ground command.,SHALL,yes,1,mandatory,3,1.0
S9539_recommended,S9539,mlm_tapt,2013_loft_mrd_web,The S/C shall support interruption of the mission timeline execution by ground command.,support interruption of the mission timeline execution by ground command,recommended,The system SHOULD support interruption of the mission timeline execution by ground command.,The system SHALL support interruption of the mission timeline execution by ground command.,SHALL,no,0,recommended,2,0.67
S9539_optional,S9539,mlm_tapt,2013_loft_mrd_web,The S/C shall support interruption of the mission timeline execution by ground command.,support interruption of the mission timeline execution by ground command,optional,The system MAY support interruption of the mission timeline execution by ground command.,The system SHALL support interruption of the mission timeline execution by ground command.,SHALL,no,0,optional,1,0.33
S9539_nice_to_have,S9539,mlm_tapt,2013_loft_mrd_web,The S/C shall support interruption of the mission timeline execution by ground command.,support interruption of the mission timeline execution by ground command,nice_to_have,It would be useful if the system could support interruption of the mission timeline execution by ground command.,The system SHALL support interruption of the mission timeline execution by ground command.,SHALL,no,0,nice_to_have,0,0.0
S9787_mandatory,S9787,mlm_tapt,2005_skal1_WEB,"The SKA1_mid telescope shall be capable of operating in a Pulsar search mode, concurrently with Continuum imaging mode.",operate in a Pulsar search mode concurrently with Continuum imaging mode,mandatory,The system SHALL operate in a Pulsar search mode concurrently with Continuum imaging mode.,The system SHALL operate in a Pulsar search mode concurrently with Continuum imaging mode.,SHALL,yes,1,mandatory,3,1.0
S9787_recommended,S9787,mlm_tapt,2005_skal1_WEB,"The SKA1_mid telescope shall be capable of operating in a Pulsar search mode, concurrently with Continuum imaging mode.",operate in a Pulsar search mode concurrently with Continuum imaging mode,recommended,The system SHOULD operate in a Pulsar search mode concurrently with Continuum imaging mode.,The system SHALL operate in a Pulsar search mode concurrently with Continuum imaging mode.,SHALL,no,0,recommended,2,0.67
S9787_optional,S9787,mlm_tapt,2005_skal1_WEB,"The SKA1_mid telescope shall be capable of operating in a Pulsar search mode, concurrently with Continuum imaging mode.",operate in a Pulsar search mode concurrently with Continuum imaging mode,optional,The system MAY operate in a Pulsar search mode concurrently with Continuum imaging mode.,The system SHALL operate in a Pulsar search mode concurrently with Continuum imaging mode.,SHALL,no,0,optional,1,0.33
S9787_nice_to_have,S9787,mlm_tapt,2005_skal1_WEB,"The SKA1_mid telescope shall be capable of operating in a Pulsar search mode, concurrently with Continuum imaging mode.",operate in a Pulsar search mode concurrently with Continuum imaging mode,nice_to_have,It would be useful if the system could operate in a Pulsar search mode concurrently with Continuum imaging mode.,The system SHALL operate in a Pulsar search mode concurrently with Continuum imaging mode.,SHALL,no,0,nice_to_have,0,0.0
S9848_mandatory,S9848,mlm_tapt,2018_jpss_l0_web,The algorithm shall produce an ice age/thickness product that has a mapping uncertainty (3 sigma) of 1 km at Nadir for clear pixels.,produce an ice age/thickness product that has a mapping uncertainty (3 sigma) of 1 km at Nadir for clear pixels,mandatory,The system SHALL produce an ice age/thickness product that has a mapping uncertainty (3 sigma) of 1 km at Nadir for clear pixels.,The system SHALL produce an ice age/thickness product that has a mapping uncertainty (3 sigma) of 1 km at Nadir for clear pixels.,SHALL,yes,1,mandatory,3,1.0
S9848_recommended,S9848,mlm_tapt,2018_jpss_l0_web,The algorithm shall produce an ice age/thickness product that has a mapping uncertainty (3 sigma) of 1 km at Nadir for clear pixels.,produce an ice age/thickness product that has a mapping uncertainty (3 sigma) of 1 km at Nadir for clear pixels,recommended,The system SHOULD produce an ice age/thickness product that has a mapping uncertainty (3 sigma) of 1 km at Nadir for clear pixels.,The system SHALL produce an ice age/thickness product that has a mapping uncertainty (3 sigma) of 1 km at Nadir for clear pixels.,SHALL,no,0,recommended,2,0.67
S9848_optional,S9848,mlm_tapt,2018_jpss_l0_web,The algorithm shall produce an ice age/thickness product that has a mapping uncertainty (3 sigma) of 1 km at Nadir for clear pixels.,produce an ice age/thickness product that has a mapping uncertainty (3 sigma) of 1 km at Nadir for clear pixels,optional,The system MAY produce an ice age/thickness product that has a mapping uncertainty (3 sigma) of 1 km at Nadir for clear pixels.,The system SHALL produce an ice age/thickness product that has a mapping uncertainty (3 sigma) of 1 km at Nadir for clear pixels.,SHALL,no,0,optional,1,0.33
S9848_nice_to_have,S9848,mlm_tapt,2018_jpss_l0_web,The algorithm shall produce an ice age/thickness product that has a mapping uncertainty (3 sigma) of 1 km at Nadir for clear pixels.,produce an ice age/thickness product that has a mapping uncertainty (3 sigma) of 1 km at Nadir for clear pixels,nice_to_have,It would be useful if the system could produce an ice age/thickness product that has a mapping uncertainty (3 sigma) of 1 km at Nadir for clear pixels.,The system SHALL produce an ice age/thickness product that has a mapping uncertainty (3 sigma) of 1 km at Nadir for clear pixels.,SHALL,no,0,nice_to_have,0,0.0
S10111_mandatory,S10111,mlm_tapt,2019_jpss_l2_WEB,The ESPC shall make available one complete set (primary set) of data products identified in Appendix A from the science data acquired from the JPSS GS.,make available one complete set (primary set) of data products identified in Appendix A from the science data acquired from the JPSS GS,mandatory,The system SHALL make available one complete set (primary set) of data products identified in Appendix A from the science data acquired from the JPSS GS.,The system SHALL make available one complete set (primary set) of data products identified in Appendix A from the science data acquired from the JPSS GS.,SHALL,yes,1,mandatory,3,1.0
S10111_recommended,S10111,mlm_tapt,2019_jpss_l2_WEB,The ESPC shall make available one complete set (primary set) of data products identified in Appendix A from the science data acquired from the JPSS GS.,make available one complete set (primary set) of data products identified in Appendix A from the science data acquired from the JPSS GS,recommended,The system SHOULD make available one complete set (primary set) of data products identified in Appendix A from the science data acquired from the JPSS GS.,The system SHALL make available one complete set (primary set) of data products identified in Appendix A from the science data acquired from the JPSS GS.,SHALL,no,0,recommended,2,0.67
S10111_optional,S10111,mlm_tapt,2019_jpss_l2_WEB,The ESPC shall make available one complete set (primary set) of data products identified in Appendix A from the science data acquired from the JPSS GS.,make available one complete set (primary set) of data products identified in Appendix A from the science data acquired from the JPSS GS,optional,The system MAY make available one complete set (primary set) of data products identified in Appendix A from the science data acquired from the JPSS GS.,The system SHALL make available one complete set (primary set) of data products identified in Appendix A from the science data acquired from the JPSS GS.,SHALL,no,0,optional,1,0.33
S10111_nice_to_have,S10111,mlm_tapt,2019_jpss_l2_WEB,The ESPC shall make available one complete set (primary set) of data products identified in Appendix A from the science data acquired from the JPSS GS.,make available one complete set (primary set) of data products identified in Appendix A from the science data acquired from the JPSS GS,nice_to_have,It would be useful if the system could make available one complete set (primary set) of data products identified in Appendix A from the science data acquired from the JPSS GS.,The system SHALL make available one complete set (primary set) of data products identified in Appendix A from the science data acquired from the JPSS GS.,SHALL,no,0,nice_to_have,0,0.0
S10194_mandatory,S10194,mlm_tapt,2015_due_web,The GBPS retrieval module shall produce growing stock volume maps from multitemporal SAR data.,produce growing stock volume maps from multitemporal SAR data,mandatory,The system SHALL produce growing stock volume maps from multitemporal SAR data.,The system SHALL produce growing stock volume maps from multitemporal SAR data.,SHALL,yes,1,mandatory,3,1.0
S10194_recommended,S10194,mlm_tapt,2015_due_web,The GBPS retrieval module shall produce growing stock volume maps from multitemporal SAR data.,produce growing stock volume maps from multitemporal SAR data,recommended,The system SHOULD produce growing stock volume maps from multitemporal SAR data.,The system SHALL produce growing stock volume maps from multitemporal SAR data.,SHALL,no,0,recommended,2,0.67
S10194_optional,S10194,mlm_tapt,2015_due_web,The GBPS retrieval module shall produce growing stock volume maps from multitemporal SAR data.,produce growing stock volume maps from multitemporal SAR data,optional,The system MAY produce growing stock volume maps from multitemporal SAR data.,The system SHALL produce growing stock volume maps from multitemporal SAR data.,SHALL,no,0,optional,1,0.33
S10194_nice_to_have,S10194,mlm_tapt,2015_due_web,The GBPS retrieval module shall produce growing stock volume maps from multitemporal SAR data.,produce growing stock volume maps from multitemporal SAR data,nice_to_have,It would be useful if the system could produce growing stock volume maps from multitemporal SAR data.,The system SHALL produce growing stock volume maps from multitemporal SAR data.,SHALL,no,0,nice_to_have,0,0.0
S10354_mandatory,S10354,mlm_tapt,2007_trs_mrd_web,The routine ground station(s) shall be capable of commanding and controlling the spacecraft,provide routine ground station(s) for commanding and controlling the spacecraft,mandatory,The system SHALL provide routine ground station(s) for commanding and controlling the spacecraft.,The system SHALL provide routine ground station(s) for commanding and controlling the spacecraft.,SHALL,yes,1,mandatory,3,1.0
S10354_recommended,S10354,mlm_tapt,2007_trs_mrd_web,The routine ground station(s) shall be capable of commanding and controlling the spacecraft,provide routine ground station(s) for commanding and controlling the spacecraft,recommended,The system SHOULD provide routine ground station(s) for commanding and controlling the spacecraft.,The system SHALL provide routine ground station(s) for commanding and controlling the spacecraft.,SHALL,no,0,recommended,2,0.67
S10354_optional,S10354,mlm_tapt,2007_trs_mrd_web,The routine ground station(s) shall be capable of commanding and controlling the spacecraft,provide routine ground station(s) for commanding and controlling the spacecraft,optional,The system MAY provide routine ground station(s) for commanding and controlling the spacecraft.,The system SHALL provide routine ground station(s) for commanding and controlling the spacecraft.,SHALL,no,0,optional,1,0.33
S10354_nice_to_have,S10354,mlm_tapt,2007_trs_mrd_web,The routine ground station(s) shall be capable of commanding and controlling the spacecraft,provide routine ground station(s) for commanding and controlling the spacecraft,nice_to_have,It would be useful if the system could provide routine ground station(s) for commanding and controlling the spacecraft.,The system SHALL provide routine ground station(s) for commanding and controlling the spacecraft.,SHALL,no,0,nice_to_have,0,0.0
S10453_mandatory,S10453,mlm_tapt,2021_tmt_srd_WEB,The observatory shall provide means for re-coating of the telescope optics to maintain throughput and minimize thermal emission.,provide means for re-coating of the telescope optics to maintain throughput and minimize thermal emission,mandatory,The system SHALL provide means for re-coating of the telescope optics to maintain throughput and minimize thermal emission.,The system SHALL provide means for re-coating of the telescope optics to maintain throughput and minimize thermal emission.,SHALL,yes,1,mandatory,3,1.0
S10453_recommended,S10453,mlm_tapt,2021_tmt_srd_WEB,The observatory shall provide means for re-coating of the telescope optics to maintain throughput and minimize thermal emission.,provide means for re-coating of the telescope optics to maintain throughput and minimize thermal emission,recommended,The system SHOULD provide means for re-coating of the telescope optics to maintain throughput and minimize thermal emission.,The system SHALL provide means for re-coating of the telescope optics to maintain throughput and minimize thermal emission.,SHALL,no,0,recommended,2,0.67
S10453_optional,S10453,mlm_tapt,2021_tmt_srd_WEB,The observatory shall provide means for re-coating of the telescope optics to maintain throughput and minimize thermal emission.,provide means for re-coating of the telescope optics to maintain throughput and minimize thermal emission,optional,The system MAY provide means for re-coating of the telescope optics to maintain throughput and minimize thermal emission.,The system SHALL provide means for re-coating of the telescope optics to maintain throughput and minimize thermal emission.,SHALL,no,0,optional,1,0.33
S10453_nice_to_have,S10453,mlm_tapt,2021_tmt_srd_WEB,The observatory shall provide means for re-coating of the telescope optics to maintain throughput and minimize thermal emission.,provide means for re-coating of the telescope optics to maintain throughput and minimize thermal emission,nice_to_have,It would be useful if the system could provide means for re-coating of the telescope optics to maintain throughput and minimize thermal emission.,The system SHALL provide means for re-coating of the telescope optics to maintain throughput and minimize thermal emission.,SHALL,no,0,nice_to_have,0,0.0
S10565_mandatory,S10565,mlm_tapt,2009_gg_WEB,"The satellite shall autonomously detect its status, basing on automatic self-check procedures and programmable decision tables.","autonomously detect its status, basing on automatic self-check procedures and programmable decision tables",mandatory,"The system SHALL autonomously detect its status, basing on automatic self-check procedures and programmable decision tables.","The system SHALL autonomously detect its status, basing on automatic self-check procedures and programmable decision tables.",SHALL,yes,1,mandatory,3,1.0
S10565_recommended,S10565,mlm_tapt,2009_gg_WEB,"The satellite shall autonomously detect its status, basing on automatic self-check procedures and programmable decision tables.","autonomously detect its status, basing on automatic self-check procedures and programmable decision tables",recommended,"The system SHOULD autonomously detect its status, basing on automatic self-check procedures and programmable decision tables.","The system SHALL autonomously detect its status, basing on automatic self-check procedures and programmable decision tables.",SHALL,no,0,recommended,2,0.67
S10565_optional,S10565,mlm_tapt,2009_gg_WEB,"The satellite shall autonomously detect its status, basing on automatic self-check procedures and programmable decision tables.","autonomously detect its status, basing on automatic self-check procedures and programmable decision tables",optional,"The system MAY autonomously detect its status, basing on automatic self-check procedures and programmable decision tables.","The system SHALL autonomously detect its status, basing on automatic self-check procedures and programmable decision tables.",SHALL,no,0,optional,1,0.33
S10565_nice_to_have,S10565,mlm_tapt,2009_gg_WEB,"The satellite shall autonomously detect its status, basing on automatic self-check procedures and programmable decision tables.","autonomously detect its status, basing on automatic self-check procedures and programmable decision tables",nice_to_have,"It would be useful if the system could autonomously detect its status, basing on automatic self-check procedures and programmable decision tables.","The system SHALL autonomously detect its status, basing on automatic self-check procedures and programmable decision tables.",SHALL,no,0,nice_to_have,0,0.0
S10580_mandatory,S10580,mlm_tapt,2019_jpss_l2_WEB,The NESDIS ESPC outages in support of JPSS functions shall be less than 5 hours over a 30day period.,limit NESDIS ESPC outages in support of JPSS functions to less than 5 hours over a 30-day period,mandatory,The system SHALL limit NESDIS ESPC outages in support of JPSS functions to less than 5 hours over a 30-day period.,The system SHALL limit NESDIS ESPC outages in support of JPSS functions to less than 5 hours over a 30-day period.,SHALL,yes,1,mandatory,3,1.0
S10580_recommended,S10580,mlm_tapt,2019_jpss_l2_WEB,The NESDIS ESPC outages in support of JPSS functions shall be less than 5 hours over a 30day period.,limit NESDIS ESPC outages in support of JPSS functions to less than 5 hours over a 30-day period,recommended,The system SHOULD limit NESDIS ESPC outages in support of JPSS functions to less than 5 hours over a 30-day period.,The system SHALL limit NESDIS ESPC outages in support of JPSS functions to less than 5 hours over a 30-day period.,SHALL,no,0,recommended,2,0.67
S10580_optional,S10580,mlm_tapt,2019_jpss_l2_WEB,The NESDIS ESPC outages in support of JPSS functions shall be less than 5 hours over a 30day period.,limit NESDIS ESPC outages in support of JPSS functions to less than 5 hours over a 30-day period,optional,The system MAY limit NESDIS ESPC outages in support of JPSS functions to less than 5 hours over a 30-day period.,The system SHALL limit NESDIS ESPC outages in support of JPSS functions to less than 5 hours over a 30-day period.,SHALL,no,0,optional,1,0.33
S10580_nice_to_have,S10580,mlm_tapt,2019_jpss_l2_WEB,The NESDIS ESPC outages in support of JPSS functions shall be less than 5 hours over a 30day period.,limit NESDIS ESPC outages in support of JPSS functions to less than 5 hours over a 30-day period,nice_to_have,It would be useful if the system could limit NESDIS ESPC outages in support of JPSS functions to less than 5 hours over a 30-day period.,The system SHALL limit NESDIS ESPC outages in support of JPSS functions to less than 5 hours over a 30-day period.,SHALL,no,0,nice_to_have,0,0.0
S10837_mandatory,S10837,mlm_tapt,2013_echo_srd_WEB,More than 20 (TBC) of the planets observed in the Chemical Census tier should be observed in the Rosetta Stone tier.,observe more than 20 of the planets observed in the Chemical Census tier in the Rosetta Stone tier,mandatory,The system SHALL observe more than 20 of the planets observed in the Chemical Census tier in the Rosetta Stone tier.,The system SHALL observe more than 20 of the planets observed in the Chemical Census tier in the Rosetta Stone tier.,SHALL,yes,1,mandatory,3,1.0
S10837_recommended,S10837,mlm_tapt,2013_echo_srd_WEB,More than 20 (TBC) of the planets observed in the Chemical Census tier should be observed in the Rosetta Stone tier.,observe more than 20 of the planets observed in the Chemical Census tier in the Rosetta Stone tier,recommended,The system SHOULD observe more than 20 of the planets observed in the Chemical Census tier in the Rosetta Stone tier.,The system SHALL observe more than 20 of the planets observed in the Chemical Census tier in the Rosetta Stone tier.,SHALL,no,0,recommended,2,0.67
S10837_optional,S10837,mlm_tapt,2013_echo_srd_WEB,More than 20 (TBC) of the planets observed in the Chemical Census tier should be observed in the Rosetta Stone tier.,observe more than 20 of the planets observed in the Chemical Census tier in the Rosetta Stone tier,optional,The system MAY observe more than 20 of the planets observed in the Chemical Census tier in the Rosetta Stone tier.,The system SHALL observe more than 20 of the planets observed in the Chemical Census tier in the Rosetta Stone tier.,SHALL,no,0,optional,1,0.33
S10837_nice_to_have,S10837,mlm_tapt,2013_echo_srd_WEB,More than 20 (TBC) of the planets observed in the Chemical Census tier should be observed in the Rosetta Stone tier.,observe more than 20 of the planets observed in the Chemical Census tier in the Rosetta Stone tier,nice_to_have,It would be useful if the system could observe more than 20 of the planets observed in the Chemical Census tier in the Rosetta Stone tier.,The system SHALL observe more than 20 of the planets observed in the Chemical Census tier in the Rosetta Stone tier.,SHALL,no,0,nice_to_have,0,0.0
S10922_mandatory,S10922,mlm_tapt,2009_gg_WEB,The spacecraft electrical power S/S shall provide sufficient power to the payload during all mission phases.,provide sufficient power to the payload during all mission phases,mandatory,The system SHALL provide sufficient power to the payload during all mission phases.,The system SHALL provide sufficient power to the payload during all mission phases.,SHALL,yes,1,mandatory,3,1.0
S10922_recommended,S10922,mlm_tapt,2009_gg_WEB,The spacecraft electrical power S/S shall provide sufficient power to the payload during all mission phases.,provide sufficient power to the payload during all mission phases,recommended,The system SHOULD provide sufficient power to the payload during all mission phases.,The system SHALL provide sufficient power to the payload during all mission phases.,SHALL,no,0,recommended,2,0.67
S10922_optional,S10922,mlm_tapt,2009_gg_WEB,The spacecraft electrical power S/S shall provide sufficient power to the payload during all mission phases.,provide sufficient power to the payload during all mission phases,optional,The system MAY provide sufficient power to the payload during all mission phases.,The system SHALL provide sufficient power to the payload during all mission phases.,SHALL,no,0,optional,1,0.33
S10922_nice_to_have,S10922,mlm_tapt,2009_gg_WEB,The spacecraft electrical power S/S shall provide sufficient power to the payload during all mission phases.,provide sufficient power to the payload during all mission phases,nice_to_have,It would be useful if the system could provide sufficient power to the payload during all mission phases.,The system SHALL provide sufficient power to the payload during all mission phases.,SHALL,no,0,nice_to_have,0,0.0
S10982_mandatory,S10982,mlm_tapt,2011_dot_WEB,The Network Services Subsystem shall report data detection misbehavior to the Misbehavior Management Subsystem.,report data detection misbehavior to the Misbehavior Management Subsystem,mandatory,The system SHALL report data detection misbehavior to the Misbehavior Management Subsystem.,The system SHALL report data detection misbehavior to the Misbehavior Management Subsystem.,SHALL,yes,1,mandatory,3,1.0
S10982_recommended,S10982,mlm_tapt,2011_dot_WEB,The Network Services Subsystem shall report data detection misbehavior to the Misbehavior Management Subsystem.,report data detection misbehavior to the Misbehavior Management Subsystem,recommended,The system SHOULD report data detection misbehavior to the Misbehavior Management Subsystem.,The system SHALL report data detection misbehavior to the Misbehavior Management Subsystem.,SHALL,no,0,recommended,2,0.67
S10982_optional,S10982,mlm_tapt,2011_dot_WEB,The Network Services Subsystem shall report data detection misbehavior to the Misbehavior Management Subsystem.,report data detection misbehavior to the Misbehavior Management Subsystem,optional,The system MAY report data detection misbehavior to the Misbehavior Management Subsystem.,The system SHALL report data detection misbehavior to the Misbehavior Management Subsystem.,SHALL,no,0,optional,1,0.33
S10982_nice_to_have,S10982,mlm_tapt,2011_dot_WEB,The Network Services Subsystem shall report data detection misbehavior to the Misbehavior Management Subsystem.,report data detection misbehavior to the Misbehavior Management Subsystem,nice_to_have,It would be useful if the system could report data detection misbehavior to the Misbehavior Management Subsystem.,The system SHALL report data detection misbehavior to the Misbehavior Management Subsystem.,SHALL,no,0,nice_to_have,0,0.0
S11067_mandatory,S11067,mlm_tapt,2021_gmt_oad_web,The SSB shall provide a magnetron target room.,provide a magnetron target room,mandatory,The system SHALL provide a magnetron target room.,The system SHALL provide a magnetron target room.,SHALL,yes,1,mandatory,3,1.0
S11067_recommended,S11067,mlm_tapt,2021_gmt_oad_web,The SSB shall provide a magnetron target room.,provide a magnetron target room,recommended,The system SHOULD provide a magnetron target room.,The system SHALL provide a magnetron target room.,SHALL,no,0,recommended,2,0.67
S11067_optional,S11067,mlm_tapt,2021_gmt_oad_web,The SSB shall provide a magnetron target room.,provide a magnetron target room,optional,The system MAY provide a magnetron target room.,The system SHALL provide a magnetron target room.,SHALL,no,0,optional,1,0.33
S11067_nice_to_have,S11067,mlm_tapt,2021_gmt_oad_web,The SSB shall provide a magnetron target room.,provide a magnetron target room,nice_to_have,It would be useful if the system could provide a magnetron target room.,The system SHALL provide a magnetron target room.,SHALL,no,0,nice_to_have,0,0.0
S12062_mandatory,S12062,mlm_tapt,2013_loft_mrd_web,"After separation from the launcher, the S/C shall autonomously activate its TT&C system with at least one Tx and Rx channel active to enable ground to establish contact.",autonomously activate its TT&C system with at least one Tx and Rx channel active to enable ground to establish contact,mandatory,The system SHALL autonomously activate its TT&C system with at least one Tx and Rx channel active to enable ground to establish contact.,The system SHALL autonomously activate its TT&C system with at least one Tx and Rx channel active to enable ground to establish contact.,SHALL,yes,1,mandatory,3,1.0
S12062_recommended,S12062,mlm_tapt,2013_loft_mrd_web,"After separation from the launcher, the S/C shall autonomously activate its TT&C system with at least one Tx and Rx channel active to enable ground to establish contact.",autonomously activate its TT&C system with at least one Tx and Rx channel active to enable ground to establish contact,recommended,The system SHOULD autonomously activate its TT&C system with at least one Tx and Rx channel active to enable ground to establish contact.,The system SHALL autonomously activate its TT&C system with at least one Tx and Rx channel active to enable ground to establish contact.,SHALL,no,0,recommended,2,0.67
S12062_optional,S12062,mlm_tapt,2013_loft_mrd_web,"After separation from the launcher, the S/C shall autonomously activate its TT&C system with at least one Tx and Rx channel active to enable ground to establish contact.",autonomously activate its TT&C system with at least one Tx and Rx channel active to enable ground to establish contact,optional,The system MAY autonomously activate its TT&C system with at least one Tx and Rx channel active to enable ground to establish contact.,The system SHALL autonomously activate its TT&C system with at least one Tx and Rx channel active to enable ground to establish contact.,SHALL,no,0,optional,1,0.33
S12062_nice_to_have,S12062,mlm_tapt,2013_loft_mrd_web,"After separation from the launcher, the S/C shall autonomously activate its TT&C system with at least one Tx and Rx channel active to enable ground to establish contact.",autonomously activate its TT&C system with at least one Tx and Rx channel active to enable ground to establish contact,nice_to_have,It would be useful if the system could autonomously activate its TT&C system with at least one Tx and Rx channel active to enable ground to establish contact.,The system SHALL autonomously activate its TT&C system with at least one Tx and Rx channel active to enable ground to establish contact.,SHALL,no,0,nice_to_have,0,0.0
S12261_mandatory,S12261,mlm_tapt,2011_dot_WEB,The Time Subsystem shall send time to all Core System subsystems every 100ms [TBD].,send time to all Core System subsystems every 100ms [TBD],mandatory,The system SHALL send time to all Core System subsystems every 100ms [TBD].,The system SHALL send time to all Core System subsystems every 100ms [TBD].,SHALL,yes,1,mandatory,3,1.0
S12261_recommended,S12261,mlm_tapt,2011_dot_WEB,The Time Subsystem shall send time to all Core System subsystems every 100ms [TBD].,send time to all Core System subsystems every 100ms [TBD],recommended,The system SHOULD send time to all Core System subsystems every 100ms [TBD].,The system SHALL send time to all Core System subsystems every 100ms [TBD].,SHALL,no,0,recommended,2,0.67
S12261_optional,S12261,mlm_tapt,2011_dot_WEB,The Time Subsystem shall send time to all Core System subsystems every 100ms [TBD].,send time to all Core System subsystems every 100ms [TBD],optional,The system MAY send time to all Core System subsystems every 100ms [TBD].,The system SHALL send time to all Core System subsystems every 100ms [TBD].,SHALL,no,0,optional,1,0.33
S12261_nice_to_have,S12261,mlm_tapt,2011_dot_WEB,The Time Subsystem shall send time to all Core System subsystems every 100ms [TBD].,send time to all Core System subsystems every 100ms [TBD],nice_to_have,It would be useful if the system could send time to all Core System subsystems every 100ms [TBD].,The system SHALL send time to all Core System subsystems every 100ms [TBD].,SHALL,no,0,nice_to_have,0,0.0
S12433_mandatory,S12433,mlm_tapt,1998_grace_WEB,Both GRACE satellites shall be launched as a dual payload on a single launch vehicle.,be launched as a dual payload on a single launch vehicle,mandatory,The system SHALL be launched as a dual payload on a single launch vehicle.,The system SHALL be launched as a dual payload on a single launch vehicle.,SHALL,yes,1,mandatory,3,1.0
S12433_recommended,S12433,mlm_tapt,1998_grace_WEB,Both GRACE satellites shall be launched as a dual payload on a single launch vehicle.,be launched as a dual payload on a single launch vehicle,recommended,The system SHOULD be launched as a dual payload on a single launch vehicle.,The system SHALL be launched as a dual payload on a single launch vehicle.,SHALL,no,0,recommended,2,0.67
S12433_optional,S12433,mlm_tapt,1998_grace_WEB,Both GRACE satellites shall be launched as a dual payload on a single launch vehicle.,be launched as a dual payload on a single launch vehicle,optional,The system MAY be launched as a dual payload on a single launch vehicle.,The system SHALL be launched as a dual payload on a single launch vehicle.,SHALL,no,0,optional,1,0.33
S12433_nice_to_have,S12433,mlm_tapt,1998_grace_WEB,Both GRACE satellites shall be launched as a dual payload on a single launch vehicle.,be launched as a dual payload on a single launch vehicle,nice_to_have,It would be useful if the system could be launched as a dual payload on a single launch vehicle.,The system SHALL be launched as a dual payload on a single launch vehicle.,SHALL,no,0,nice_to_have,0,0.0
S12465_mandatory,S12465,mlm_tapt,2018_jpss_l0_web,The algorithm shall produce an ozone limb profile product that has a vertical reporting interval of 1 km.,produce an ozone limb profile product that has a vertical reporting interval of 1 km,mandatory,The system SHALL produce an ozone limb profile product that has a vertical reporting interval of 1 km.,The system SHALL produce an ozone limb profile product that has a vertical reporting interval of 1 km.,SHALL,yes,1,mandatory,3,1.0
S12465_recommended,S12465,mlm_tapt,2018_jpss_l0_web,The algorithm shall produce an ozone limb profile product that has a vertical reporting interval of 1 km.,produce an ozone limb profile product that has a vertical reporting interval of 1 km,recommended,The system SHOULD produce an ozone limb profile product that has a vertical reporting interval of 1 km.,The system SHALL produce an ozone limb profile product that has a vertical reporting interval of 1 km.,SHALL,no,0,recommended,2,0.67
S12465_optional,S12465,mlm_tapt,2018_jpss_l0_web,The algorithm shall produce an ozone limb profile product that has a vertical reporting interval of 1 km.,produce an ozone limb profile product that has a vertical reporting interval of 1 km,optional,The system MAY produce an ozone limb profile product that has a vertical reporting interval of 1 km.,The system SHALL produce an ozone limb profile product that has a vertical reporting interval of 1 km.,SHALL,no,0,optional,1,0.33
S12465_nice_to_have,S12465,mlm_tapt,2018_jpss_l0_web,The algorithm shall produce an ozone limb profile product that has a vertical reporting interval of 1 km.,produce an ozone limb profile product that has a vertical reporting interval of 1 km,nice_to_have,It would be useful if the system could produce an ozone limb profile product that has a vertical reporting interval of 1 km.,The system SHALL produce an ozone limb profile product that has a vertical reporting interval of 1 km.,SHALL,no,0,nice_to_have,0,0.0
S12688_mandatory,S12688,mlm_tapt,2012_marcopolo_WEB,The DHS system shall be compatible with the maximum data rates of each instrument as specified in [RD16].,be compatible with the maximum data rates of each instrument as specified in [RD16],mandatory,The system SHALL be compatible with the maximum data rates of each instrument as specified in [RD16].,The system SHALL be compatible with the maximum data rates of each instrument as specified in [RD16].,SHALL,yes,1,mandatory,3,1.0
S12688_recommended,S12688,mlm_tapt,2012_marcopolo_WEB,The DHS system shall be compatible with the maximum data rates of each instrument as specified in [RD16].,be compatible with the maximum data rates of each instrument as specified in [RD16],recommended,The system SHOULD be compatible with the maximum data rates of each instrument as specified in [RD16].,The system SHALL be compatible with the maximum data rates of each instrument as specified in [RD16].,SHALL,no,0,recommended,2,0.67
S12688_optional,S12688,mlm_tapt,2012_marcopolo_WEB,The DHS system shall be compatible with the maximum data rates of each instrument as specified in [RD16].,be compatible with the maximum data rates of each instrument as specified in [RD16],optional,The system MAY be compatible with the maximum data rates of each instrument as specified in [RD16].,The system SHALL be compatible with the maximum data rates of each instrument as specified in [RD16].,SHALL,no,0,optional,1,0.33
S12688_nice_to_have,S12688,mlm_tapt,2012_marcopolo_WEB,The DHS system shall be compatible with the maximum data rates of each instrument as specified in [RD16].,be compatible with the maximum data rates of each instrument as specified in [RD16],nice_to_have,It would be useful if the system could be compatible with the maximum data rates of each instrument as specified in [RD16].,The system SHALL be compatible with the maximum data rates of each instrument as specified in [RD16].,SHALL,no,0,nice_to_have,0,0.0
S13143_mandatory,S13143,mlm_tapt,2011_marcopolo_srd_WEB,Complete images obtained with the Star Trackers and navigation camera (if any) should be made available to scientists upon request.,make complete images obtained with the Star Trackers and navigation camera (if any) available to scientists upon request,mandatory,The system SHALL make complete images obtained with the Star Trackers and navigation camera (if any) available to scientists upon request.,The system SHALL make complete images obtained with the Star Trackers and navigation camera (if any) available to scientists upon request.,SHALL,yes,1,mandatory,3,1.0
S13143_recommended,S13143,mlm_tapt,2011_marcopolo_srd_WEB,Complete images obtained with the Star Trackers and navigation camera (if any) should be made available to scientists upon request.,make complete images obtained with the Star Trackers and navigation camera (if any) available to scientists upon request,recommended,The system SHOULD make complete images obtained with the Star Trackers and navigation camera (if any) available to scientists upon request.,The system SHALL make complete images obtained with the Star Trackers and navigation camera (if any) available to scientists upon request.,SHALL,no,0,recommended,2,0.67
S13143_optional,S13143,mlm_tapt,2011_marcopolo_srd_WEB,Complete images obtained with the Star Trackers and navigation camera (if any) should be made available to scientists upon request.,make complete images obtained with the Star Trackers and navigation camera (if any) available to scientists upon request,optional,The system MAY make complete images obtained with the Star Trackers and navigation camera (if any) available to scientists upon request.,The system SHALL make complete images obtained with the Star Trackers and navigation camera (if any) available to scientists upon request.,SHALL,no,0,optional,1,0.33
S13143_nice_to_have,S13143,mlm_tapt,2011_marcopolo_srd_WEB,Complete images obtained with the Star Trackers and navigation camera (if any) should be made available to scientists upon request.,make complete images obtained with the Star Trackers and navigation camera (if any) available to scientists upon request,nice_to_have,It would be useful if the system could make complete images obtained with the Star Trackers and navigation camera (if any) available to scientists upon request.,The system SHALL make complete images obtained with the Star Trackers and navigation camera (if any) available to scientists upon request.,SHALL,no,0,nice_to_have,0,0.0
S13213_mandatory,S13213,mlm_tapt,2018_jpss_l0_web,The algorithm shall produce a soil moisture product under all-weather conditions.,produce a soil moisture product under all-weather conditions,mandatory,The system SHALL produce a soil moisture product under all-weather conditions.,The system SHALL produce a soil moisture product under all-weather conditions.,SHALL,yes,1,mandatory,3,1.0
S13213_recommended,S13213,mlm_tapt,2018_jpss_l0_web,The algorithm shall produce a soil moisture product under all-weather conditions.,produce a soil moisture product under all-weather conditions,recommended,The system SHOULD produce a soil moisture product under all-weather conditions.,The system SHALL produce a soil moisture product under all-weather conditions.,SHALL,no,0,recommended,2,0.67
S13213_optional,S13213,mlm_tapt,2018_jpss_l0_web,The algorithm shall produce a soil moisture product under all-weather conditions.,produce a soil moisture product under all-weather conditions,optional,The system MAY produce a soil moisture product under all-weather conditions.,The system SHALL produce a soil moisture product under all-weather conditions.,SHALL,no,0,optional,1,0.33
S13213_nice_to_have,S13213,mlm_tapt,2018_jpss_l0_web,The algorithm shall produce a soil moisture product under all-weather conditions.,produce a soil moisture product under all-weather conditions,nice_to_have,It would be useful if the system could produce a soil moisture product under all-weather conditions.,The system SHALL produce a soil moisture product under all-weather conditions.,SHALL,no,0,nice_to_have,0,0.0
S13852_mandatory,S13852,mlm_tapt,2015_due_web,The GBPS shall support stability of the processing chain for re- processing and its continuous extension in order to support consistency of the output dataset.,support stability of the processing chain for re- processing and its continuous extension in order to support consistency of the output dataset,mandatory,The system SHALL support stability of the processing chain for re- processing and its continuous extension in order to support consistency of the output dataset.,The system SHALL support stability of the processing chain for re- processing and its continuous extension in order to support consistency of the output dataset.,SHALL,yes,1,mandatory,3,1.0
S13852_recommended,S13852,mlm_tapt,2015_due_web,The GBPS shall support stability of the processing chain for re- processing and its continuous extension in order to support consistency of the output dataset.,support stability of the processing chain for re- processing and its continuous extension in order to support consistency of the output dataset,recommended,The system SHOULD support stability of the processing chain for re- processing and its continuous extension in order to support consistency of the output dataset.,The system SHALL support stability of the processing chain for re- processing and its continuous extension in order to support consistency of the output dataset.,SHALL,no,0,recommended,2,0.67
S13852_optional,S13852,mlm_tapt,2015_due_web,The GBPS shall support stability of the processing chain for re- processing and its continuous extension in order to support consistency of the output dataset.,support stability of the processing chain for re- processing and its continuous extension in order to support consistency of the output dataset,optional,The system MAY support stability of the processing chain for re- processing and its continuous extension in order to support consistency of the output dataset.,The system SHALL support stability of the processing chain for re- processing and its continuous extension in order to support consistency of the output dataset.,SHALL,no,0,optional,1,0.33
S13852_nice_to_have,S13852,mlm_tapt,2015_due_web,The GBPS shall support stability of the processing chain for re- processing and its continuous extension in order to support consistency of the output dataset.,support stability of the processing chain for re- processing and its continuous extension in order to support consistency of the output dataset,nice_to_have,It would be useful if the system could support stability of the processing chain for re- processing and its continuous extension in order to support consistency of the output dataset.,The system SHALL support stability of the processing chain for re- processing and its continuous extension in order to support consistency of the output dataset.,SHALL,no,0,nice_to_have,0,0.0
S13965_mandatory,S13965,mlm_tapt,2021_gmt_oad_web,The GMT Observatory shall provide equipment and establish procedures for in-telescope CO2 cleaning of the M2 reflective surfaces.,provide equipment and establish procedures for in-telescope CO2 cleaning of the M2 reflective surfaces,mandatory,The system SHALL provide equipment and establish procedures for in-telescope CO2 cleaning of the M2 reflective surfaces.,The system SHALL provide equipment and establish procedures for in-telescope CO2 cleaning of the M2 reflective surfaces.,SHALL,yes,1,mandatory,3,1.0
S13965_recommended,S13965,mlm_tapt,2021_gmt_oad_web,The GMT Observatory shall provide equipment and establish procedures for in-telescope CO2 cleaning of the M2 reflective surfaces.,provide equipment and establish procedures for in-telescope CO2 cleaning of the M2 reflective surfaces,recommended,The system SHOULD provide equipment and establish procedures for in-telescope CO2 cleaning of the M2 reflective surfaces.,The system SHALL provide equipment and establish procedures for in-telescope CO2 cleaning of the M2 reflective surfaces.,SHALL,no,0,recommended,2,0.67
S13965_optional,S13965,mlm_tapt,2021_gmt_oad_web,The GMT Observatory shall provide equipment and establish procedures for in-telescope CO2 cleaning of the M2 reflective surfaces.,provide equipment and establish procedures for in-telescope CO2 cleaning of the M2 reflective surfaces,optional,The system MAY provide equipment and establish procedures for in-telescope CO2 cleaning of the M2 reflective surfaces.,The system SHALL provide equipment and establish procedures for in-telescope CO2 cleaning of the M2 reflective surfaces.,SHALL,no,0,optional,1,0.33
S13965_nice_to_have,S13965,mlm_tapt,2021_gmt_oad_web,The GMT Observatory shall provide equipment and establish procedures for in-telescope CO2 cleaning of the M2 reflective surfaces.,provide equipment and establish procedures for in-telescope CO2 cleaning of the M2 reflective surfaces,nice_to_have,It would be useful if the system could provide equipment and establish procedures for in-telescope CO2 cleaning of the M2 reflective surfaces.,The system SHALL provide equipment and establish procedures for in-telescope CO2 cleaning of the M2 reflective surfaces.,SHALL,no,0,nice_to_have,0,0.0
S14239_mandatory,S14239,mlm_tapt,2005_wise_mos_WEB,The MOS shall as a goal develop and maintain validated command products for anomalies whose recovery response time would result in a significant threat to the achievement of level 1 requirements.,develop and maintain validated command products for anomalies whose recovery response time would result in a significant threat to the achievement of level 1 requirements,mandatory,The system SHALL develop and maintain validated command products for anomalies whose recovery response time would result in a significant threat to the achievement of level 1 requirements.,The system SHALL develop and maintain validated command products for anomalies whose recovery response time would result in a significant threat to the achievement of level 1 requirements.,SHALL,yes,1,mandatory,3,1.0
S14239_recommended,S14239,mlm_tapt,2005_wise_mos_WEB,The MOS shall as a goal develop and maintain validated command products for anomalies whose recovery response time would result in a significant threat to the achievement of level 1 requirements.,develop and maintain validated command products for anomalies whose recovery response time would result in a significant threat to the achievement of level 1 requirements,recommended,The system SHOULD develop and maintain validated command products for anomalies whose recovery response time would result in a significant threat to the achievement of level 1 requirements.,The system SHALL develop and maintain validated command products for anomalies whose recovery response time would result in a significant threat to the achievement of level 1 requirements.,SHALL,no,0,recommended,2,0.67
S14239_optional,S14239,mlm_tapt,2005_wise_mos_WEB,The MOS shall as a goal develop and maintain validated command products for anomalies whose recovery response time would result in a significant threat to the achievement of level 1 requirements.,develop and maintain validated command products for anomalies whose recovery response time would result in a significant threat to the achievement of level 1 requirements,optional,The system MAY develop and maintain validated command products for anomalies whose recovery response time would result in a significant threat to the achievement of level 1 requirements.,The system SHALL develop and maintain validated command products for anomalies whose recovery response time would result in a significant threat to the achievement of level 1 requirements.,SHALL,no,0,optional,1,0.33
S14239_nice_to_have,S14239,mlm_tapt,2005_wise_mos_WEB,The MOS shall as a goal develop and maintain validated command products for anomalies whose recovery response time would result in a significant threat to the achievement of level 1 requirements.,develop and maintain validated command products for anomalies whose recovery response time would result in a significant threat to the achievement of level 1 requirements,nice_to_have,It would be useful if the system could develop and maintain validated command products for anomalies whose recovery response time would result in a significant threat to the achievement of level 1 requirements.,The system SHALL develop and maintain validated command products for anomalies whose recovery response time would result in a significant threat to the achievement of level 1 requirements.,SHALL,no,0,nice_to_have,0,0.0
S14382_mandatory,S14382,mlm_tapt,2021_tmt_oad_WEB,OSA software subsystems shall use Graphical user interfaces (GUIs) as the default for all normal scientific and technical operations.,use Graphical user interfaces (GUIs) as the default for all normal scientific and technical operations,mandatory,The system SHALL use Graphical user interfaces (GUIs) as the default for all normal scientific and technical operations.,The system SHALL use Graphical user interfaces (GUIs) as the default for all normal scientific and technical operations.,SHALL,yes,1,mandatory,3,1.0
S14382_recommended,S14382,mlm_tapt,2021_tmt_oad_WEB,OSA software subsystems shall use Graphical user interfaces (GUIs) as the default for all normal scientific and technical operations.,use Graphical user interfaces (GUIs) as the default for all normal scientific and technical operations,recommended,The system SHOULD use Graphical user interfaces (GUIs) as the default for all normal scientific and technical operations.,The system SHALL use Graphical user interfaces (GUIs) as the default for all normal scientific and technical operations.,SHALL,no,0,recommended,2,0.67
S14382_optional,S14382,mlm_tapt,2021_tmt_oad_WEB,OSA software subsystems shall use Graphical user interfaces (GUIs) as the default for all normal scientific and technical operations.,use Graphical user interfaces (GUIs) as the default for all normal scientific and technical operations,optional,The system MAY use Graphical user interfaces (GUIs) as the default for all normal scientific and technical operations.,The system SHALL use Graphical user interfaces (GUIs) as the default for all normal scientific and technical operations.,SHALL,no,0,optional,1,0.33
S14382_nice_to_have,S14382,mlm_tapt,2021_tmt_oad_WEB,OSA software subsystems shall use Graphical user interfaces (GUIs) as the default for all normal scientific and technical operations.,use Graphical user interfaces (GUIs) as the default for all normal scientific and technical operations,nice_to_have,It would be useful if the system could use Graphical user interfaces (GUIs) as the default for all normal scientific and technical operations.,The system SHALL use Graphical user interfaces (GUIs) as the default for all normal scientific and technical operations.,SHALL,no,0,nice_to_have,0,0.0
S14407_mandatory,S14407,mlm_tapt,2021_tmt_srd_WEB,The NFIRAOS unvignetted field of view shall be at least 2 arcmin diameter.,provide an NFIRAOS unvignetted field of view with a diameter of at least 2 arcmin,mandatory,The system SHALL provide an NFIRAOS unvignetted field of view with a diameter of at least 2 arcmin.,The system SHALL provide an NFIRAOS unvignetted field of view with a diameter of at least 2 arcmin.,SHALL,yes,1,mandatory,3,1.0
S14407_recommended,S14407,mlm_tapt,2021_tmt_srd_WEB,The NFIRAOS unvignetted field of view shall be at least 2 arcmin diameter.,provide an NFIRAOS unvignetted field of view with a diameter of at least 2 arcmin,recommended,The system SHOULD provide an NFIRAOS unvignetted field of view with a diameter of at least 2 arcmin.,The system SHALL provide an NFIRAOS unvignetted field of view with a diameter of at least 2 arcmin.,SHALL,no,0,recommended,2,0.67
S14407_optional,S14407,mlm_tapt,2021_tmt_srd_WEB,The NFIRAOS unvignetted field of view shall be at least 2 arcmin diameter.,provide an NFIRAOS unvignetted field of view with a diameter of at least 2 arcmin,optional,The system MAY provide an NFIRAOS unvignetted field of view with a diameter of at least 2 arcmin.,The system SHALL provide an NFIRAOS unvignetted field of view with a diameter of at least 2 arcmin.,SHALL,no,0,optional,1,0.33
S14407_nice_to_have,S14407,mlm_tapt,2021_tmt_srd_WEB,The NFIRAOS unvignetted field of view shall be at least 2 arcmin diameter.,provide an NFIRAOS unvignetted field of view with a diameter of at least 2 arcmin,nice_to_have,It would be useful if the system could provide an NFIRAOS unvignetted field of view with a diameter of at least 2 arcmin.,The system SHALL provide an NFIRAOS unvignetted field of view with a diameter of at least 2 arcmin.,SHALL,no,0,nice_to_have,0,0.0
S14422_mandatory,S14422,mlm_tapt,2004_hp_srs_web,The initial design shall ensure that sufficient (including spare) pins are available for all foreseeable subsystem and experiment functions.,ensure that sufficient (including spare) pins are available for all foreseeable subsystem and experiment functions,mandatory,The system SHALL ensure that sufficient (including spare) pins are available for all foreseeable subsystem and experiment functions.,The system SHALL ensure that sufficient (including spare) pins are available for all foreseeable subsystem and experiment functions.,SHALL,yes,1,mandatory,3,1.0
S14422_recommended,S14422,mlm_tapt,2004_hp_srs_web,The initial design shall ensure that sufficient (including spare) pins are available for all foreseeable subsystem and experiment functions.,ensure that sufficient (including spare) pins are available for all foreseeable subsystem and experiment functions,recommended,The system SHOULD ensure that sufficient (including spare) pins are available for all foreseeable subsystem and experiment functions.,The system SHALL ensure that sufficient (including spare) pins are available for all foreseeable subsystem and experiment functions.,SHALL,no,0,recommended,2,0.67
S14422_optional,S14422,mlm_tapt,2004_hp_srs_web,The initial design shall ensure that sufficient (including spare) pins are available for all foreseeable subsystem and experiment functions.,ensure that sufficient (including spare) pins are available for all foreseeable subsystem and experiment functions,optional,The system MAY ensure that sufficient (including spare) pins are available for all foreseeable subsystem and experiment functions.,The system SHALL ensure that sufficient (including spare) pins are available for all foreseeable subsystem and experiment functions.,SHALL,no,0,optional,1,0.33
S14422_nice_to_have,S14422,mlm_tapt,2004_hp_srs_web,The initial design shall ensure that sufficient (including spare) pins are available for all foreseeable subsystem and experiment functions.,ensure that sufficient (including spare) pins are available for all foreseeable subsystem and experiment functions,nice_to_have,It would be useful if the system could ensure that sufficient (including spare) pins are available for all foreseeable subsystem and experiment functions.,The system SHALL ensure that sufficient (including spare) pins are available for all foreseeable subsystem and experiment functions.,SHALL,no,0,nice_to_have,0,0.0
S14432_mandatory,S14432,mlm_tapt,2013_echo_srd_WEB,More than 25 (TBC) of the planets observed in the Chemical Census tier shall be observed in the Origin tier.,observe more than 25 of the planets observed in the Chemical Census tier in the Origin tier,mandatory,The system SHALL observe more than 25 of the planets observed in the Chemical Census tier in the Origin tier.,The system SHALL observe more than 25 of the planets observed in the Chemical Census tier in the Origin tier.,SHALL,yes,1,mandatory,3,1.0
S14432_recommended,S14432,mlm_tapt,2013_echo_srd_WEB,More than 25 (TBC) of the planets observed in the Chemical Census tier shall be observed in the Origin tier.,observe more than 25 of the planets observed in the Chemical Census tier in the Origin tier,recommended,The system SHOULD observe more than 25 of the planets observed in the Chemical Census tier in the Origin tier.,The system SHALL observe more than 25 of the planets observed in the Chemical Census tier in the Origin tier.,SHALL,no,0,recommended,2,0.67
S14432_optional,S14432,mlm_tapt,2013_echo_srd_WEB,More than 25 (TBC) of the planets observed in the Chemical Census tier shall be observed in the Origin tier.,observe more than 25 of the planets observed in the Chemical Census tier in the Origin tier,optional,The system MAY observe more than 25 of the planets observed in the Chemical Census tier in the Origin tier.,The system SHALL observe more than 25 of the planets observed in the Chemical Census tier in the Origin tier.,SHALL,no,0,optional,1,0.33
S14432_nice_to_have,S14432,mlm_tapt,2013_echo_srd_WEB,More than 25 (TBC) of the planets observed in the Chemical Census tier shall be observed in the Origin tier.,observe more than 25 of the planets observed in the Chemical Census tier in the Origin tier,nice_to_have,It would be useful if the system could observe more than 25 of the planets observed in the Chemical Census tier in the Origin tier.,The system SHALL observe more than 25 of the planets observed in the Chemical Census tier in the Origin tier.,SHALL,no,0,nice_to_have,0,0.0
S14589_mandatory,S14589,mlm_tapt,2012_stequest_mrd_web,Link budget calculation for downlink shall be based on a maximum FER of 1E-7 at decoder output.,base downlink link-budget calculation on a maximum FER of 1E-7 at decoder output,mandatory,The system SHALL base downlink link-budget calculation on a maximum FER of 1E-7 at decoder output.,The system SHALL base downlink link-budget calculation on a maximum FER of 1E-7 at decoder output.,SHALL,yes,1,mandatory,3,1.0
S14589_recommended,S14589,mlm_tapt,2012_stequest_mrd_web,Link budget calculation for downlink shall be based on a maximum FER of 1E-7 at decoder output.,base downlink link-budget calculation on a maximum FER of 1E-7 at decoder output,recommended,The system SHOULD base downlink link-budget calculation on a maximum FER of 1E-7 at decoder output.,The system SHALL base downlink link-budget calculation on a maximum FER of 1E-7 at decoder output.,SHALL,no,0,recommended,2,0.67
S14589_optional,S14589,mlm_tapt,2012_stequest_mrd_web,Link budget calculation for downlink shall be based on a maximum FER of 1E-7 at decoder output.,base downlink link-budget calculation on a maximum FER of 1E-7 at decoder output,optional,The system MAY base downlink link-budget calculation on a maximum FER of 1E-7 at decoder output.,The system SHALL base downlink link-budget calculation on a maximum FER of 1E-7 at decoder output.,SHALL,no,0,optional,1,0.33
S14589_nice_to_have,S14589,mlm_tapt,2012_stequest_mrd_web,Link budget calculation for downlink shall be based on a maximum FER of 1E-7 at decoder output.,base downlink link-budget calculation on a maximum FER of 1E-7 at decoder output,nice_to_have,It would be useful if the system could base downlink link-budget calculation on a maximum FER of 1E-7 at decoder output.,The system SHALL base downlink link-budget calculation on a maximum FER of 1E-7 at decoder output.,SHALL,no,0,nice_to_have,0,0.0
S14614_mandatory,S14614,mlm_tapt,2019_jpss_dps,The Atmospheric Vertical Moisture Profile product shall provide atmospheric vertical moisture profiles with a horizontal cell size of 50 kilometers at nadir.,provide atmospheric vertical moisture profiles with a horizontal cell size of 50 kilometers at nadir,mandatory,The system SHALL provide atmospheric vertical moisture profiles with a horizontal cell size of 50 kilometers at nadir.,The system SHALL provide atmospheric vertical moisture profiles with a horizontal cell size of 50 kilometers at nadir.,SHALL,yes,1,mandatory,3,1.0
S14614_recommended,S14614,mlm_tapt,2019_jpss_dps,The Atmospheric Vertical Moisture Profile product shall provide atmospheric vertical moisture profiles with a horizontal cell size of 50 kilometers at nadir.,provide atmospheric vertical moisture profiles with a horizontal cell size of 50 kilometers at nadir,recommended,The system SHOULD provide atmospheric vertical moisture profiles with a horizontal cell size of 50 kilometers at nadir.,The system SHALL provide atmospheric vertical moisture profiles with a horizontal cell size of 50 kilometers at nadir.,SHALL,no,0,recommended,2,0.67
S14614_optional,S14614,mlm_tapt,2019_jpss_dps,The Atmospheric Vertical Moisture Profile product shall provide atmospheric vertical moisture profiles with a horizontal cell size of 50 kilometers at nadir.,provide atmospheric vertical moisture profiles with a horizontal cell size of 50 kilometers at nadir,optional,The system MAY provide atmospheric vertical moisture profiles with a horizontal cell size of 50 kilometers at nadir.,The system SHALL provide atmospheric vertical moisture profiles with a horizontal cell size of 50 kilometers at nadir.,SHALL,no,0,optional,1,0.33
S14614_nice_to_have,S14614,mlm_tapt,2019_jpss_dps,The Atmospheric Vertical Moisture Profile product shall provide atmospheric vertical moisture profiles with a horizontal cell size of 50 kilometers at nadir.,provide atmospheric vertical moisture profiles with a horizontal cell size of 50 kilometers at nadir,nice_to_have,It would be useful if the system could provide atmospheric vertical moisture profiles with a horizontal cell size of 50 kilometers at nadir.,The system SHALL provide atmospheric vertical moisture profiles with a horizontal cell size of 50 kilometers at nadir.,SHALL,no,0,nice_to_have,0,0.0
S14662_mandatory,S14662,mlm_tapt,2021_gmt_ord_web,The GMT shall provide protection from lightning.,provide protection from lightning,mandatory,The system SHALL provide protection from lightning.,The system SHALL provide protection from lightning.,SHALL,yes,1,mandatory,3,1.0
S14662_recommended,S14662,mlm_tapt,2021_gmt_ord_web,The GMT shall provide protection from lightning.,provide protection from lightning,recommended,The system SHOULD provide protection from lightning.,The system SHALL provide protection from lightning.,SHALL,no,0,recommended,2,0.67
S14662_optional,S14662,mlm_tapt,2021_gmt_ord_web,The GMT shall provide protection from lightning.,provide protection from lightning,optional,The system MAY provide protection from lightning.,The system SHALL provide protection from lightning.,SHALL,no,0,optional,1,0.33
S14662_nice_to_have,S14662,mlm_tapt,2021_gmt_ord_web,The GMT shall provide protection from lightning.,provide protection from lightning,nice_to_have,It would be useful if the system could provide protection from lightning.,The system SHALL provide protection from lightning.,SHALL,no,0,nice_to_have,0,0.0
S14831_mandatory,S14831,mlm_tapt,2021_gmt_oad_web,"The M2 Positioner shall compensate for the smaller, differential motions of the M2 segments.","compensate for the smaller, differential motions of the M2 segments",mandatory,"The system SHALL compensate for the smaller, differential motions of the M2 segments.","The system SHALL compensate for the smaller, differential motions of the M2 segments.",SHALL,yes,1,mandatory,3,1.0
S14831_recommended,S14831,mlm_tapt,2021_gmt_oad_web,"The M2 Positioner shall compensate for the smaller, differential motions of the M2 segments.","compensate for the smaller, differential motions of the M2 segments",recommended,"The system SHOULD compensate for the smaller, differential motions of the M2 segments.","The system SHALL compensate for the smaller, differential motions of the M2 segments.",SHALL,no,0,recommended,2,0.67
S14831_optional,S14831,mlm_tapt,2021_gmt_oad_web,"The M2 Positioner shall compensate for the smaller, differential motions of the M2 segments.","compensate for the smaller, differential motions of the M2 segments",optional,"The system MAY compensate for the smaller, differential motions of the M2 segments.","The system SHALL compensate for the smaller, differential motions of the M2 segments.",SHALL,no,0,optional,1,0.33
S14831_nice_to_have,S14831,mlm_tapt,2021_gmt_oad_web,"The M2 Positioner shall compensate for the smaller, differential motions of the M2 segments.","compensate for the smaller, differential motions of the M2 segments",nice_to_have,"It would be useful if the system could compensate for the smaller, differential motions of the M2 segments.","The system SHALL compensate for the smaller, differential motions of the M2 segments.",SHALL,no,0,nice_to_have,0,0.0
S15350_mandatory,S15350,mlm_tapt,2008_earthcare_web,The LEOP shall start at switchover from ground-supplied power to the space segment internal batteries.,start LEOP at switchover from ground-supplied power to the space segment internal batteries,mandatory,The system SHALL start LEOP at switchover from ground-supplied power to the space segment internal batteries.,The system SHALL start LEOP at switchover from ground-supplied power to the space segment internal batteries.,SHALL,yes,1,mandatory,3,1.0
S15350_recommended,S15350,mlm_tapt,2008_earthcare_web,The LEOP shall start at switchover from ground-supplied power to the space segment internal batteries.,start LEOP at switchover from ground-supplied power to the space segment internal batteries,recommended,The system SHOULD start LEOP at switchover from ground-supplied power to the space segment internal batteries.,The system SHALL start LEOP at switchover from ground-supplied power to the space segment internal batteries.,SHALL,no,0,recommended,2,0.67
S15350_optional,S15350,mlm_tapt,2008_earthcare_web,The LEOP shall start at switchover from ground-supplied power to the space segment internal batteries.,start LEOP at switchover from ground-supplied power to the space segment internal batteries,optional,The system MAY start LEOP at switchover from ground-supplied power to the space segment internal batteries.,The system SHALL start LEOP at switchover from ground-supplied power to the space segment internal batteries.,SHALL,no,0,optional,1,0.33
S15350_nice_to_have,S15350,mlm_tapt,2008_earthcare_web,The LEOP shall start at switchover from ground-supplied power to the space segment internal batteries.,start LEOP at switchover from ground-supplied power to the space segment internal batteries,nice_to_have,It would be useful if the system could start LEOP at switchover from ground-supplied power to the space segment internal batteries.,The system SHALL start LEOP at switchover from ground-supplied power to the space segment internal batteries.,SHALL,no,0,nice_to_have,0,0.0
S15399_mandatory,S15399,mlm_tapt,2016_teser_web,IF-SC shall withstand mechanical loads in all mission phases as defined in [AD2],withstand mechanical loads in all mission phases as defined in [AD2],mandatory,The system SHALL withstand mechanical loads in all mission phases as defined in [AD2].,The system SHALL withstand mechanical loads in all mission phases as defined in [AD2].,SHALL,yes,1,mandatory,3,1.0
S15399_recommended,S15399,mlm_tapt,2016_teser_web,IF-SC shall withstand mechanical loads in all mission phases as defined in [AD2],withstand mechanical loads in all mission phases as defined in [AD2],recommended,The system SHOULD withstand mechanical loads in all mission phases as defined in [AD2].,The system SHALL withstand mechanical loads in all mission phases as defined in [AD2].,SHALL,no,0,recommended,2,0.67
S15399_optional,S15399,mlm_tapt,2016_teser_web,IF-SC shall withstand mechanical loads in all mission phases as defined in [AD2],withstand mechanical loads in all mission phases as defined in [AD2],optional,The system MAY withstand mechanical loads in all mission phases as defined in [AD2].,The system SHALL withstand mechanical loads in all mission phases as defined in [AD2].,SHALL,no,0,optional,1,0.33
S15399_nice_to_have,S15399,mlm_tapt,2016_teser_web,IF-SC shall withstand mechanical loads in all mission phases as defined in [AD2],withstand mechanical loads in all mission phases as defined in [AD2],nice_to_have,It would be useful if the system could withstand mechanical loads in all mission phases as defined in [AD2].,The system SHALL withstand mechanical loads in all mission phases as defined in [AD2].,SHALL,no,0,nice_to_have,0,0.0
S15412_mandatory,S15412,mlm_tapt,2011_marcopolo_srd_WEB,"The inner structure of the NEA should be constrained, with the goal of doing this to a depth of about 100 m and a spatial resolution of about 10 m.",constrain the inner structure of the NEA to about 100 m depth and about 10 m spatial resolution,mandatory,The system SHALL constrain the inner structure of the NEA to about 100 m depth and about 10 m spatial resolution.,The system SHALL constrain the inner structure of the NEA to about 100 m depth and about 10 m spatial resolution.,SHALL,yes,1,mandatory,3,1.0
S15412_recommended,S15412,mlm_tapt,2011_marcopolo_srd_WEB,"The inner structure of the NEA should be constrained, with the goal of doing this to a depth of about 100 m and a spatial resolution of about 10 m.",constrain the inner structure of the NEA to about 100 m depth and about 10 m spatial resolution,recommended,The system SHOULD constrain the inner structure of the NEA to about 100 m depth and about 10 m spatial resolution.,The system SHALL constrain the inner structure of the NEA to about 100 m depth and about 10 m spatial resolution.,SHALL,no,0,recommended,2,0.67
S15412_optional,S15412,mlm_tapt,2011_marcopolo_srd_WEB,"The inner structure of the NEA should be constrained, with the goal of doing this to a depth of about 100 m and a spatial resolution of about 10 m.",constrain the inner structure of the NEA to about 100 m depth and about 10 m spatial resolution,optional,The system MAY constrain the inner structure of the NEA to about 100 m depth and about 10 m spatial resolution.,The system SHALL constrain the inner structure of the NEA to about 100 m depth and about 10 m spatial resolution.,SHALL,no,0,optional,1,0.33
S15412_nice_to_have,S15412,mlm_tapt,2011_marcopolo_srd_WEB,"The inner structure of the NEA should be constrained, with the goal of doing this to a depth of about 100 m and a spatial resolution of about 10 m.",constrain the inner structure of the NEA to about 100 m depth and about 10 m spatial resolution,nice_to_have,It would be useful if the system could constrain the inner structure of the NEA to about 100 m depth and about 10 m spatial resolution.,The system SHALL constrain the inner structure of the NEA to about 100 m depth and about 10 m spatial resolution.,SHALL,no,0,nice_to_have,0,0.0
S15447_mandatory,S15447,mlm_tapt,2021_tmt_ord_WEB,The observatory shall be designed to support the following duty cycle over its 50-year lifespan.,be designed to support the following duty cycle over its 50-year lifespan,mandatory,The system SHALL be designed to support the following duty cycle over its 50-year lifespan.,The system SHALL be designed to support the following duty cycle over its 50-year lifespan.,SHALL,yes,1,mandatory,3,1.0
S15447_recommended,S15447,mlm_tapt,2021_tmt_ord_WEB,The observatory shall be designed to support the following duty cycle over its 50-year lifespan.,be designed to support the following duty cycle over its 50-year lifespan,recommended,The system SHOULD be designed to support the following duty cycle over its 50-year lifespan.,The system SHALL be designed to support the following duty cycle over its 50-year lifespan.,SHALL,no,0,recommended,2,0.67
S15447_optional,S15447,mlm_tapt,2021_tmt_ord_WEB,The observatory shall be designed to support the following duty cycle over its 50-year lifespan.,be designed to support the following duty cycle over its 50-year lifespan,optional,The system MAY be designed to support the following duty cycle over its 50-year lifespan.,The system SHALL be designed to support the following duty cycle over its 50-year lifespan.,SHALL,no,0,optional,1,0.33
S15447_nice_to_have,S15447,mlm_tapt,2021_tmt_ord_WEB,The observatory shall be designed to support the following duty cycle over its 50-year lifespan.,be designed to support the following duty cycle over its 50-year lifespan,nice_to_have,It would be useful if the system could be designed to support the following duty cycle over its 50-year lifespan.,The system SHALL be designed to support the following duty cycle over its 50-year lifespan.,SHALL,no,0,nice_to_have,0,0.0
S15458_mandatory,S15458,mlm_tapt,2011_marcopolo_srd_WEB,"During the complete manufacturing process of the spacecraft, procedures shall be in place to keep all parts of the spacecraft clean to a level to be specified.",have procedures in place during the complete spacecraft manufacturing process to keep all parts of the spacecraft clean,mandatory,The system SHALL have procedures in place during the complete spacecraft manufacturing process to keep all parts of the spacecraft clean.,The system SHALL have procedures in place during the complete spacecraft manufacturing process to keep all parts of the spacecraft clean.,SHALL,yes,1,mandatory,3,1.0
S15458_recommended,S15458,mlm_tapt,2011_marcopolo_srd_WEB,"During the complete manufacturing process of the spacecraft, procedures shall be in place to keep all parts of the spacecraft clean to a level to be specified.",have procedures in place during the complete spacecraft manufacturing process to keep all parts of the spacecraft clean,recommended,The system SHOULD have procedures in place during the complete spacecraft manufacturing process to keep all parts of the spacecraft clean.,The system SHALL have procedures in place during the complete spacecraft manufacturing process to keep all parts of the spacecraft clean.,SHALL,no,0,recommended,2,0.67
S15458_optional,S15458,mlm_tapt,2011_marcopolo_srd_WEB,"During the complete manufacturing process of the spacecraft, procedures shall be in place to keep all parts of the spacecraft clean to a level to be specified.",have procedures in place during the complete spacecraft manufacturing process to keep all parts of the spacecraft clean,optional,The system MAY have procedures in place during the complete spacecraft manufacturing process to keep all parts of the spacecraft clean.,The system SHALL have procedures in place during the complete spacecraft manufacturing process to keep all parts of the spacecraft clean.,SHALL,no,0,optional,1,0.33
S15458_nice_to_have,S15458,mlm_tapt,2011_marcopolo_srd_WEB,"During the complete manufacturing process of the spacecraft, procedures shall be in place to keep all parts of the spacecraft clean to a level to be specified.",have procedures in place during the complete spacecraft manufacturing process to keep all parts of the spacecraft clean,nice_to_have,It would be useful if the system could have procedures in place during the complete spacecraft manufacturing process to keep all parts of the spacecraft clean.,The system SHALL have procedures in place during the complete spacecraft manufacturing process to keep all parts of the spacecraft clean.,SHALL,no,0,nice_to_have,0,0.0
S15528_mandatory,S15528,mlm_tapt,2019_jpss_l2_WEB,The ESPC shall transition full operations between the COOP and primary facilities in less than 12 hours.,transition full operations between the COOP and primary facilities in less than 12 hours,mandatory,The system SHALL transition full operations between the COOP and primary facilities in less than 12 hours.,The system SHALL transition full operations between the COOP and primary facilities in less than 12 hours.,SHALL,yes,1,mandatory,3,1.0
S15528_recommended,S15528,mlm_tapt,2019_jpss_l2_WEB,The ESPC shall transition full operations between the COOP and primary facilities in less than 12 hours.,transition full operations between the COOP and primary facilities in less than 12 hours,recommended,The system SHOULD transition full operations between the COOP and primary facilities in less than 12 hours.,The system SHALL transition full operations between the COOP and primary facilities in less than 12 hours.,SHALL,no,0,recommended,2,0.67
S15528_optional,S15528,mlm_tapt,2019_jpss_l2_WEB,The ESPC shall transition full operations between the COOP and primary facilities in less than 12 hours.,transition full operations between the COOP and primary facilities in less than 12 hours,optional,The system MAY transition full operations between the COOP and primary facilities in less than 12 hours.,The system SHALL transition full operations between the COOP and primary facilities in less than 12 hours.,SHALL,no,0,optional,1,0.33
S15528_nice_to_have,S15528,mlm_tapt,2019_jpss_l2_WEB,The ESPC shall transition full operations between the COOP and primary facilities in less than 12 hours.,transition full operations between the COOP and primary facilities in less than 12 hours,nice_to_have,It would be useful if the system could transition full operations between the COOP and primary facilities in less than 12 hours.,The system SHALL transition full operations between the COOP and primary facilities in less than 12 hours.,SHALL,no,0,nice_to_have,0,0.0
S15663_mandatory,S15663,mlm_tapt,2021_tmt_srd_WEB,The IRIS imager shall have a field of view greater than 30 x 30 arcsec.,have a field of view greater than 30 x 30 arcsec,mandatory,The system SHALL have a field of view greater than 30 x 30 arcsec.,The system SHALL have a field of view greater than 30 x 30 arcsec.,SHALL,yes,1,mandatory,3,1.0
S15663_recommended,S15663,mlm_tapt,2021_tmt_srd_WEB,The IRIS imager shall have a field of view greater than 30 x 30 arcsec.,have a field of view greater than 30 x 30 arcsec,recommended,The system SHOULD have a field of view greater than 30 x 30 arcsec.,The system SHALL have a field of view greater than 30 x 30 arcsec.,SHALL,no,0,recommended,2,0.67
S15663_optional,S15663,mlm_tapt,2021_tmt_srd_WEB,The IRIS imager shall have a field of view greater than 30 x 30 arcsec.,have a field of view greater than 30 x 30 arcsec,optional,The system MAY have a field of view greater than 30 x 30 arcsec.,The system SHALL have a field of view greater than 30 x 30 arcsec.,SHALL,no,0,optional,1,0.33
S15663_nice_to_have,S15663,mlm_tapt,2021_tmt_srd_WEB,The IRIS imager shall have a field of view greater than 30 x 30 arcsec.,have a field of view greater than 30 x 30 arcsec,nice_to_have,It would be useful if the system could have a field of view greater than 30 x 30 arcsec.,The system SHALL have a field of view greater than 30 x 30 arcsec.,SHALL,no,0,nice_to_have,0,0.0
S15746_mandatory,S15746,mlm_tapt,0000_mss_WEB,The radio terminal must provide IP packet data transmission.,provide IP packet data transmission,mandatory,The system SHALL provide IP packet data transmission.,The system SHALL provide IP packet data transmission.,SHALL,yes,1,mandatory,3,1.0
S15746_recommended,S15746,mlm_tapt,0000_mss_WEB,The radio terminal must provide IP packet data transmission.,provide IP packet data transmission,recommended,The system SHOULD provide IP packet data transmission.,The system SHALL provide IP packet data transmission.,SHALL,no,0,recommended,2,0.67
S15746_optional,S15746,mlm_tapt,0000_mss_WEB,The radio terminal must provide IP packet data transmission.,provide IP packet data transmission,optional,The system MAY provide IP packet data transmission.,The system SHALL provide IP packet data transmission.,SHALL,no,0,optional,1,0.33
S15746_nice_to_have,S15746,mlm_tapt,0000_mss_WEB,The radio terminal must provide IP packet data transmission.,provide IP packet data transmission,nice_to_have,It would be useful if the system could provide IP packet data transmission.,The system SHALL provide IP packet data transmission.,SHALL,no,0,nice_to_have,0,0.0
S15847_mandatory,S15847,mlm_tapt,2015_due_web,The GBPS shall provide means to ensure the quality of its outputs.,provide means to ensure the quality of its outputs,mandatory,The system SHALL provide means to ensure the quality of its outputs.,The system SHALL provide means to ensure the quality of its outputs.,SHALL,yes,1,mandatory,3,1.0
S15847_recommended,S15847,mlm_tapt,2015_due_web,The GBPS shall provide means to ensure the quality of its outputs.,provide means to ensure the quality of its outputs,recommended,The system SHOULD provide means to ensure the quality of its outputs.,The system SHALL provide means to ensure the quality of its outputs.,SHALL,no,0,recommended,2,0.67
S15847_optional,S15847,mlm_tapt,2015_due_web,The GBPS shall provide means to ensure the quality of its outputs.,provide means to ensure the quality of its outputs,optional,The system MAY provide means to ensure the quality of its outputs.,The system SHALL provide means to ensure the quality of its outputs.,SHALL,no,0,optional,1,0.33
S15847_nice_to_have,S15847,mlm_tapt,2015_due_web,The GBPS shall provide means to ensure the quality of its outputs.,provide means to ensure the quality of its outputs,nice_to_have,It would be useful if the system could provide means to ensure the quality of its outputs.,The system SHALL provide means to ensure the quality of its outputs.,SHALL,no,0,nice_to_have,0,0.0
S16300_mandatory,S16300,mlm_tapt,0000_mss_WEB,Suitable Car antennas must be provided.,provide suitable car antennas,mandatory,The system SHALL provide suitable car antennas.,The system SHALL provide suitable car antennas.,SHALL,yes,1,mandatory,3,1.0
S16300_recommended,S16300,mlm_tapt,0000_mss_WEB,Suitable Car antennas must be provided.,provide suitable car antennas,recommended,The system SHOULD provide suitable car antennas.,The system SHALL provide suitable car antennas.,SHALL,no,0,recommended,2,0.67
S16300_optional,S16300,mlm_tapt,0000_mss_WEB,Suitable Car antennas must be provided.,provide suitable car antennas,optional,The system MAY provide suitable car antennas.,The system SHALL provide suitable car antennas.,SHALL,no,0,optional,1,0.33
S16300_nice_to_have,S16300,mlm_tapt,0000_mss_WEB,Suitable Car antennas must be provided.,provide suitable car antennas,nice_to_have,It would be useful if the system could provide suitable car antennas.,The system SHALL provide suitable car antennas.,SHALL,no,0,nice_to_have,0,0.0
S16356_mandatory,S16356,mlm_tapt,2012_d51_web,The system shall automatically detect new ancillary data associated with recognised primary satellite data where such ancillary data is as defined by the DARD.,automatically detect new ancillary data associated with recognised primary satellite data where such ancillary data is as defined by the DARD,mandatory,The system SHALL automatically detect new ancillary data associated with recognised primary satellite data where such ancillary data is as defined by the DARD.,The system SHALL automatically detect new ancillary data associated with recognised primary satellite data where such ancillary data is as defined by the DARD.,SHALL,yes,1,mandatory,3,1.0
S16356_recommended,S16356,mlm_tapt,2012_d51_web,The system shall automatically detect new ancillary data associated with recognised primary satellite data where such ancillary data is as defined by the DARD.,automatically detect new ancillary data associated with recognised primary satellite data where such ancillary data is as defined by the DARD,recommended,The system SHOULD automatically detect new ancillary data associated with recognised primary satellite data where such ancillary data is as defined by the DARD.,The system SHALL automatically detect new ancillary data associated with recognised primary satellite data where such ancillary data is as defined by the DARD.,SHALL,no,0,recommended,2,0.67
S16356_optional,S16356,mlm_tapt,2012_d51_web,The system shall automatically detect new ancillary data associated with recognised primary satellite data where such ancillary data is as defined by the DARD.,automatically detect new ancillary data associated with recognised primary satellite data where such ancillary data is as defined by the DARD,optional,The system MAY automatically detect new ancillary data associated with recognised primary satellite data where such ancillary data is as defined by the DARD.,The system SHALL automatically detect new ancillary data associated with recognised primary satellite data where such ancillary data is as defined by the DARD.,SHALL,no,0,optional,1,0.33
S16356_nice_to_have,S16356,mlm_tapt,2012_d51_web,The system shall automatically detect new ancillary data associated with recognised primary satellite data where such ancillary data is as defined by the DARD.,automatically detect new ancillary data associated with recognised primary satellite data where such ancillary data is as defined by the DARD,nice_to_have,It would be useful if the system could automatically detect new ancillary data associated with recognised primary satellite data where such ancillary data is as defined by the DARD.,The system SHALL automatically detect new ancillary data associated with recognised primary satellite data where such ancillary data is as defined by the DARD.,SHALL,no,0,nice_to_have,0,0.0
S16894_mandatory,S16894,mlm_tapt,2005_skal1_WEB,"Each Element supplier shall provide a list of hazardous materials used for all items intended for use in the SKA1 detailing suggested handling precautions, disposal instructions and contra- indications.","provide a list of hazardous materials used for all items intended for use in the SKA1 detailing suggested handling precautions, disposal instructions and contra- indications",mandatory,"The system SHALL provide a list of hazardous materials used for all items intended for use in the SKA1 detailing suggested handling precautions, disposal instructions and contra- indications.","The system SHALL provide a list of hazardous materials used for all items intended for use in the SKA1 detailing suggested handling precautions, disposal instructions and contra- indications.",SHALL,yes,1,mandatory,3,1.0
S16894_recommended,S16894,mlm_tapt,2005_skal1_WEB,"Each Element supplier shall provide a list of hazardous materials used for all items intended for use in the SKA1 detailing suggested handling precautions, disposal instructions and contra- indications.","provide a list of hazardous materials used for all items intended for use in the SKA1 detailing suggested handling precautions, disposal instructions and contra- indications",recommended,"The system SHOULD provide a list of hazardous materials used for all items intended for use in the SKA1 detailing suggested handling precautions, disposal instructions and contra- indications.","The system SHALL provide a list of hazardous materials used for all items intended for use in the SKA1 detailing suggested handling precautions, disposal instructions and contra- indications.",SHALL,no,0,recommended,2,0.67
S16894_optional,S16894,mlm_tapt,2005_skal1_WEB,"Each Element supplier shall provide a list of hazardous materials used for all items intended for use in the SKA1 detailing suggested handling precautions, disposal instructions and contra- indications.","provide a list of hazardous materials used for all items intended for use in the SKA1 detailing suggested handling precautions, disposal instructions and contra- indications",optional,"The system MAY provide a list of hazardous materials used for all items intended for use in the SKA1 detailing suggested handling precautions, disposal instructions and contra- indications.","The system SHALL provide a list of hazardous materials used for all items intended for use in the SKA1 detailing suggested handling precautions, disposal instructions and contra- indications.",SHALL,no,0,optional,1,0.33
S16894_nice_to_have,S16894,mlm_tapt,2005_skal1_WEB,"Each Element supplier shall provide a list of hazardous materials used for all items intended for use in the SKA1 detailing suggested handling precautions, disposal instructions and contra- indications.","provide a list of hazardous materials used for all items intended for use in the SKA1 detailing suggested handling precautions, disposal instructions and contra- indications",nice_to_have,"It would be useful if the system could provide a list of hazardous materials used for all items intended for use in the SKA1 detailing suggested handling precautions, disposal instructions and contra- indications.","The system SHALL provide a list of hazardous materials used for all items intended for use in the SKA1 detailing suggested handling precautions, disposal instructions and contra- indications.",SHALL,no,0,nice_to_have,0,0.0
S16962_mandatory,S16962,mlm_tapt,0000_mss_WEB,The display simultaneously must present text and icons to show the status of the radio.,simultaneously present text and icons to show the status of the radio,mandatory,The system SHALL simultaneously present text and icons to show the status of the radio.,The system SHALL simultaneously present text and icons to show the status of the radio.,SHALL,yes,1,mandatory,3,1.0
S16962_recommended,S16962,mlm_tapt,0000_mss_WEB,The display simultaneously must present text and icons to show the status of the radio.,simultaneously present text and icons to show the status of the radio,recommended,The system SHOULD simultaneously present text and icons to show the status of the radio.,The system SHALL simultaneously present text and icons to show the status of the radio.,SHALL,no,0,recommended,2,0.67
S16962_optional,S16962,mlm_tapt,0000_mss_WEB,The display simultaneously must present text and icons to show the status of the radio.,simultaneously present text and icons to show the status of the radio,optional,The system MAY simultaneously present text and icons to show the status of the radio.,The system SHALL simultaneously present text and icons to show the status of the radio.,SHALL,no,0,optional,1,0.33
S16962_nice_to_have,S16962,mlm_tapt,0000_mss_WEB,The display simultaneously must present text and icons to show the status of the radio.,simultaneously present text and icons to show the status of the radio,nice_to_have,It would be useful if the system could simultaneously present text and icons to show the status of the radio.,The system SHALL simultaneously present text and icons to show the status of the radio.,SHALL,no,0,nice_to_have,0,0.0
S17172_mandatory,S17172,mlm_tapt,2004_hp_srs_web,The initial design for Primary Structures shall be subject to Longitudinal loads of 5 G and Lateral loads of 3 G .,provide an initial design for Primary Structures subject to Longitudinal loads of 5 G and Lateral loads of 3 G,mandatory,The system SHALL provide an initial design for Primary Structures subject to Longitudinal loads of 5 G and Lateral loads of 3 G.,The system SHALL provide an initial design for Primary Structures subject to Longitudinal loads of 5 G and Lateral loads of 3 G.,SHALL,yes,1,mandatory,3,1.0
S17172_recommended,S17172,mlm_tapt,2004_hp_srs_web,The initial design for Primary Structures shall be subject to Longitudinal loads of 5 G and Lateral loads of 3 G .,provide an initial design for Primary Structures subject to Longitudinal loads of 5 G and Lateral loads of 3 G,recommended,The system SHOULD provide an initial design for Primary Structures subject to Longitudinal loads of 5 G and Lateral loads of 3 G.,The system SHALL provide an initial design for Primary Structures subject to Longitudinal loads of 5 G and Lateral loads of 3 G.,SHALL,no,0,recommended,2,0.67
S17172_optional,S17172,mlm_tapt,2004_hp_srs_web,The initial design for Primary Structures shall be subject to Longitudinal loads of 5 G and Lateral loads of 3 G .,provide an initial design for Primary Structures subject to Longitudinal loads of 5 G and Lateral loads of 3 G,optional,The system MAY provide an initial design for Primary Structures subject to Longitudinal loads of 5 G and Lateral loads of 3 G.,The system SHALL provide an initial design for Primary Structures subject to Longitudinal loads of 5 G and Lateral loads of 3 G.,SHALL,no,0,optional,1,0.33
S17172_nice_to_have,S17172,mlm_tapt,2004_hp_srs_web,The initial design for Primary Structures shall be subject to Longitudinal loads of 5 G and Lateral loads of 3 G .,provide an initial design for Primary Structures subject to Longitudinal loads of 5 G and Lateral loads of 3 G,nice_to_have,It would be useful if the system could provide an initial design for Primary Structures subject to Longitudinal loads of 5 G and Lateral loads of 3 G.,The system SHALL provide an initial design for Primary Structures subject to Longitudinal loads of 5 G and Lateral loads of 3 G.,SHALL,no,0,nice_to_have,0,0.0
S17602_mandatory,S17602,mlm_tapt,2015_skal0_WEB,SKA1-LOW shall provide the capability to change observing modes within less than 5 seconds.,provide the capability to change observing modes within less than 5 seconds,mandatory,The system SHALL provide the capability to change observing modes within less than 5 seconds.,The system SHALL provide the capability to change observing modes within less than 5 seconds.,SHALL,yes,1,mandatory,3,1.0
S17602_recommended,S17602,mlm_tapt,2015_skal0_WEB,SKA1-LOW shall provide the capability to change observing modes within less than 5 seconds.,provide the capability to change observing modes within less than 5 seconds,recommended,The system SHOULD provide the capability to change observing modes within less than 5 seconds.,The system SHALL provide the capability to change observing modes within less than 5 seconds.,SHALL,no,0,recommended,2,0.67
S17602_optional,S17602,mlm_tapt,2015_skal0_WEB,SKA1-LOW shall provide the capability to change observing modes within less than 5 seconds.,provide the capability to change observing modes within less than 5 seconds,optional,The system MAY provide the capability to change observing modes within less than 5 seconds.,The system SHALL provide the capability to change observing modes within less than 5 seconds.,SHALL,no,0,optional,1,0.33
S17602_nice_to_have,S17602,mlm_tapt,2015_skal0_WEB,SKA1-LOW shall provide the capability to change observing modes within less than 5 seconds.,provide the capability to change observing modes within less than 5 seconds,nice_to_have,It would be useful if the system could provide the capability to change observing modes within less than 5 seconds.,The system SHALL provide the capability to change observing modes within less than 5 seconds.,SHALL,no,0,nice_to_have,0,0.0
S17637_mandatory,S17637,mlm_tapt,2019_jpss_l1rds_web,The JPSS shall support modifications to ESPC blended products.,support modifications to ESPC blended products,mandatory,The system SHALL support modifications to ESPC blended products.,The system SHALL support modifications to ESPC blended products.,SHALL,yes,1,mandatory,3,1.0
S17637_recommended,S17637,mlm_tapt,2019_jpss_l1rds_web,The JPSS shall support modifications to ESPC blended products.,support modifications to ESPC blended products,recommended,The system SHOULD support modifications to ESPC blended products.,The system SHALL support modifications to ESPC blended products.,SHALL,no,0,recommended,2,0.67
S17637_optional,S17637,mlm_tapt,2019_jpss_l1rds_web,The JPSS shall support modifications to ESPC blended products.,support modifications to ESPC blended products,optional,The system MAY support modifications to ESPC blended products.,The system SHALL support modifications to ESPC blended products.,SHALL,no,0,optional,1,0.33
S17637_nice_to_have,S17637,mlm_tapt,2019_jpss_l1rds_web,The JPSS shall support modifications to ESPC blended products.,support modifications to ESPC blended products,nice_to_have,It would be useful if the system could support modifications to ESPC blended products.,The system SHALL support modifications to ESPC blended products.,SHALL,no,0,nice_to_have,0,0.0
S17747_mandatory,S17747,mlm_tapt,2007_trs_mrd_web,"The down-link of recorded science data, housekeeping, and localization/synchronization data shall be started upon ground segment command only (TBC)","start the down-link of recorded science data, housekeeping, and localization/synchronization data only upon ground segment command",mandatory,"The system SHALL start the down-link of recorded science data, housekeeping, and localization/synchronization data only upon ground segment command.","The system SHALL start the down-link of recorded science data, housekeeping, and localization/synchronization data only upon ground segment command.",SHALL,yes,1,mandatory,3,1.0
S17747_recommended,S17747,mlm_tapt,2007_trs_mrd_web,"The down-link of recorded science data, housekeeping, and localization/synchronization data shall be started upon ground segment command only (TBC)","start the down-link of recorded science data, housekeeping, and localization/synchronization data only upon ground segment command",recommended,"The system SHOULD start the down-link of recorded science data, housekeeping, and localization/synchronization data only upon ground segment command.","The system SHALL start the down-link of recorded science data, housekeeping, and localization/synchronization data only upon ground segment command.",SHALL,no,0,recommended,2,0.67
S17747_optional,S17747,mlm_tapt,2007_trs_mrd_web,"The down-link of recorded science data, housekeeping, and localization/synchronization data shall be started upon ground segment command only (TBC)","start the down-link of recorded science data, housekeeping, and localization/synchronization data only upon ground segment command",optional,"The system MAY start the down-link of recorded science data, housekeeping, and localization/synchronization data only upon ground segment command.","The system SHALL start the down-link of recorded science data, housekeeping, and localization/synchronization data only upon ground segment command.",SHALL,no,0,optional,1,0.33
S17747_nice_to_have,S17747,mlm_tapt,2007_trs_mrd_web,"The down-link of recorded science data, housekeeping, and localization/synchronization data shall be started upon ground segment command only (TBC)","start the down-link of recorded science data, housekeeping, and localization/synchronization data only upon ground segment command",nice_to_have,"It would be useful if the system could start the down-link of recorded science data, housekeeping, and localization/synchronization data only upon ground segment command.","The system SHALL start the down-link of recorded science data, housekeeping, and localization/synchronization data only upon ground segment command.",SHALL,no,0,nice_to_have,0,0.0
S17873_mandatory,S17873,mlm_tapt,2015_due_web,The GBPS shall provide means to do quality checks and manual inspection of intermediate results during processing.,provide means to do quality checks and manual inspection of intermediate results during processing,mandatory,The system SHALL provide means to do quality checks and manual inspection of intermediate results during processing.,The system SHALL provide means to do quality checks and manual inspection of intermediate results during processing.,SHALL,yes,1,mandatory,3,1.0
S17873_recommended,S17873,mlm_tapt,2015_due_web,The GBPS shall provide means to do quality checks and manual inspection of intermediate results during processing.,provide means to do quality checks and manual inspection of intermediate results during processing,recommended,The system SHOULD provide means to do quality checks and manual inspection of intermediate results during processing.,The system SHALL provide means to do quality checks and manual inspection of intermediate results during processing.,SHALL,no,0,recommended,2,0.67
S17873_optional,S17873,mlm_tapt,2015_due_web,The GBPS shall provide means to do quality checks and manual inspection of intermediate results during processing.,provide means to do quality checks and manual inspection of intermediate results during processing,optional,The system MAY provide means to do quality checks and manual inspection of intermediate results during processing.,The system SHALL provide means to do quality checks and manual inspection of intermediate results during processing.,SHALL,no,0,optional,1,0.33
S17873_nice_to_have,S17873,mlm_tapt,2015_due_web,The GBPS shall provide means to do quality checks and manual inspection of intermediate results during processing.,provide means to do quality checks and manual inspection of intermediate results during processing,nice_to_have,It would be useful if the system could provide means to do quality checks and manual inspection of intermediate results during processing.,The system SHALL provide means to do quality checks and manual inspection of intermediate results during processing.,SHALL,no,0,nice_to_have,0,0.0
S18830_mandatory,S18830,mlm_tapt,2012_marcopolo_WEB,The spacecraft shall satisfy the electric and magnetic cleanliness (EMC) requirements specified by the payload (TBD reference).,satisfy the electric and magnetic cleanliness (EMC) requirements specified by the payload (TBD reference),mandatory,The system SHALL satisfy the electric and magnetic cleanliness (EMC) requirements specified by the payload (TBD reference).,The system SHALL satisfy the electric and magnetic cleanliness (EMC) requirements specified by the payload (TBD reference).,SHALL,yes,1,mandatory,3,1.0
S18830_recommended,S18830,mlm_tapt,2012_marcopolo_WEB,The spacecraft shall satisfy the electric and magnetic cleanliness (EMC) requirements specified by the payload (TBD reference).,satisfy the electric and magnetic cleanliness (EMC) requirements specified by the payload (TBD reference),recommended,The system SHOULD satisfy the electric and magnetic cleanliness (EMC) requirements specified by the payload (TBD reference).,The system SHALL satisfy the electric and magnetic cleanliness (EMC) requirements specified by the payload (TBD reference).,SHALL,no,0,recommended,2,0.67
S18830_optional,S18830,mlm_tapt,2012_marcopolo_WEB,The spacecraft shall satisfy the electric and magnetic cleanliness (EMC) requirements specified by the payload (TBD reference).,satisfy the electric and magnetic cleanliness (EMC) requirements specified by the payload (TBD reference),optional,The system MAY satisfy the electric and magnetic cleanliness (EMC) requirements specified by the payload (TBD reference).,The system SHALL satisfy the electric and magnetic cleanliness (EMC) requirements specified by the payload (TBD reference).,SHALL,no,0,optional,1,0.33
S18830_nice_to_have,S18830,mlm_tapt,2012_marcopolo_WEB,The spacecraft shall satisfy the electric and magnetic cleanliness (EMC) requirements specified by the payload (TBD reference).,satisfy the electric and magnetic cleanliness (EMC) requirements specified by the payload (TBD reference),nice_to_have,It would be useful if the system could satisfy the electric and magnetic cleanliness (EMC) requirements specified by the payload (TBD reference).,The system SHALL satisfy the electric and magnetic cleanliness (EMC) requirements specified by the payload (TBD reference).,SHALL,no,0,nice_to_have,0,0.0
S18887_mandatory,S18887,mlm_tapt,2008_earthcare_web,The minimum Particulate Cleanliness Level for BBR optical components shall be maintained at 50mm2/m2.,maintain the minimum Particulate Cleanliness Level for BBR optical components at 50 mm2/m2,mandatory,The system SHALL maintain the minimum Particulate Cleanliness Level for BBR optical components at 50 mm2/m2.,The system SHALL maintain the minimum Particulate Cleanliness Level for BBR optical components at 50 mm2/m2.,SHALL,yes,1,mandatory,3,1.0
S18887_recommended,S18887,mlm_tapt,2008_earthcare_web,The minimum Particulate Cleanliness Level for BBR optical components shall be maintained at 50mm2/m2.,maintain the minimum Particulate Cleanliness Level for BBR optical components at 50 mm2/m2,recommended,The system SHOULD maintain the minimum Particulate Cleanliness Level for BBR optical components at 50 mm2/m2.,The system SHALL maintain the minimum Particulate Cleanliness Level for BBR optical components at 50 mm2/m2.,SHALL,no,0,recommended,2,0.67
S18887_optional,S18887,mlm_tapt,2008_earthcare_web,The minimum Particulate Cleanliness Level for BBR optical components shall be maintained at 50mm2/m2.,maintain the minimum Particulate Cleanliness Level for BBR optical components at 50 mm2/m2,optional,The system MAY maintain the minimum Particulate Cleanliness Level for BBR optical components at 50 mm2/m2.,The system SHALL maintain the minimum Particulate Cleanliness Level for BBR optical components at 50 mm2/m2.,SHALL,no,0,optional,1,0.33
S18887_nice_to_have,S18887,mlm_tapt,2008_earthcare_web,The minimum Particulate Cleanliness Level for BBR optical components shall be maintained at 50mm2/m2.,maintain the minimum Particulate Cleanliness Level for BBR optical components at 50 mm2/m2,nice_to_have,It would be useful if the system could maintain the minimum Particulate Cleanliness Level for BBR optical components at 50 mm2/m2.,The system SHALL maintain the minimum Particulate Cleanliness Level for BBR optical components at 50 mm2/m2.,SHALL,no,0,nice_to_have,0,0.0
S18963_mandatory,S18963,mlm_tapt,2021_gmt_oad_web,The GMT Interlock and Safety System shall store all status information in the Engineering Archive.,store all status information in the Engineering Archive,mandatory,The system SHALL store all status information in the Engineering Archive.,The system SHALL store all status information in the Engineering Archive.,SHALL,yes,1,mandatory,3,1.0
S18963_recommended,S18963,mlm_tapt,2021_gmt_oad_web,The GMT Interlock and Safety System shall store all status information in the Engineering Archive.,store all status information in the Engineering Archive,recommended,The system SHOULD store all status information in the Engineering Archive.,The system SHALL store all status information in the Engineering Archive.,SHALL,no,0,recommended,2,0.67
S18963_optional,S18963,mlm_tapt,2021_gmt_oad_web,The GMT Interlock and Safety System shall store all status information in the Engineering Archive.,store all status information in the Engineering Archive,optional,The system MAY store all status information in the Engineering Archive.,The system SHALL store all status information in the Engineering Archive.,SHALL,no,0,optional,1,0.33
S18963_nice_to_have,S18963,mlm_tapt,2021_gmt_oad_web,The GMT Interlock and Safety System shall store all status information in the Engineering Archive.,store all status information in the Engineering Archive,nice_to_have,It would be useful if the system could store all status information in the Engineering Archive.,The system SHALL store all status information in the Engineering Archive.,SHALL,no,0,nice_to_have,0,0.0
S19306_mandatory,S19306,mlm_tapt,2019_jpss_dps,The Global Surface Type product shall be updated once per year.,update the Global Surface Type product once per year,mandatory,The system SHALL update the Global Surface Type product once per year.,The system SHALL update the Global Surface Type product once per year.,SHALL,yes,1,mandatory,3,1.0
S19306_recommended,S19306,mlm_tapt,2019_jpss_dps,The Global Surface Type product shall be updated once per year.,update the Global Surface Type product once per year,recommended,The system SHOULD update the Global Surface Type product once per year.,The system SHALL update the Global Surface Type product once per year.,SHALL,no,0,recommended,2,0.67
S19306_optional,S19306,mlm_tapt,2019_jpss_dps,The Global Surface Type product shall be updated once per year.,update the Global Surface Type product once per year,optional,The system MAY update the Global Surface Type product once per year.,The system SHALL update the Global Surface Type product once per year.,SHALL,no,0,optional,1,0.33
S19306_nice_to_have,S19306,mlm_tapt,2019_jpss_dps,The Global Surface Type product shall be updated once per year.,update the Global Surface Type product once per year,nice_to_have,It would be useful if the system could update the Global Surface Type product once per year.,The system SHALL update the Global Surface Type product once per year.,SHALL,no,0,nice_to_have,0,0.0
S19561_mandatory,S19561,mlm_tapt,2007_jwst_mrd_web,The DSN antenna diameter shall be 34 meters as specified in the JWST Flight Observatory to Ground Segment IRCD (JWST-IRCD-000696).,use a DSN antenna with a diameter of 34 meters as specified in the JWST Flight Observatory to Ground Segment IRCD (JWST-IRCD-000696),mandatory,The system SHALL use a DSN antenna with a diameter of 34 meters as specified in the JWST Flight Observatory to Ground Segment IRCD (JWST-IRCD-000696).,The system SHALL use a DSN antenna with a diameter of 34 meters as specified in the JWST Flight Observatory to Ground Segment IRCD (JWST-IRCD-000696).,SHALL,yes,1,mandatory,3,1.0
S19561_recommended,S19561,mlm_tapt,2007_jwst_mrd_web,The DSN antenna diameter shall be 34 meters as specified in the JWST Flight Observatory to Ground Segment IRCD (JWST-IRCD-000696).,use a DSN antenna with a diameter of 34 meters as specified in the JWST Flight Observatory to Ground Segment IRCD (JWST-IRCD-000696),recommended,The system SHOULD use a DSN antenna with a diameter of 34 meters as specified in the JWST Flight Observatory to Ground Segment IRCD (JWST-IRCD-000696).,The system SHALL use a DSN antenna with a diameter of 34 meters as specified in the JWST Flight Observatory to Ground Segment IRCD (JWST-IRCD-000696).,SHALL,no,0,recommended,2,0.67
S19561_optional,S19561,mlm_tapt,2007_jwst_mrd_web,The DSN antenna diameter shall be 34 meters as specified in the JWST Flight Observatory to Ground Segment IRCD (JWST-IRCD-000696).,use a DSN antenna with a diameter of 34 meters as specified in the JWST Flight Observatory to Ground Segment IRCD (JWST-IRCD-000696),optional,The system MAY use a DSN antenna with a diameter of 34 meters as specified in the JWST Flight Observatory to Ground Segment IRCD (JWST-IRCD-000696).,The system SHALL use a DSN antenna with a diameter of 34 meters as specified in the JWST Flight Observatory to Ground Segment IRCD (JWST-IRCD-000696).,SHALL,no,0,optional,1,0.33
S19561_nice_to_have,S19561,mlm_tapt,2007_jwst_mrd_web,The DSN antenna diameter shall be 34 meters as specified in the JWST Flight Observatory to Ground Segment IRCD (JWST-IRCD-000696).,use a DSN antenna with a diameter of 34 meters as specified in the JWST Flight Observatory to Ground Segment IRCD (JWST-IRCD-000696),nice_to_have,It would be useful if the system could use a DSN antenna with a diameter of 34 meters as specified in the JWST Flight Observatory to Ground Segment IRCD (JWST-IRCD-000696).,The system SHALL use a DSN antenna with a diameter of 34 meters as specified in the JWST Flight Observatory to Ground Segment IRCD (JWST-IRCD-000696).,SHALL,no,0,nice_to_have,0,0.0
S19566_mandatory,S19566,mlm_tapt,2021_gmt_oad_web,The GMT networks shall implement a Quality of Service protocol that prioritizes operation-critical network traffic between the summit and remote sites.,implement a Quality of Service protocol that prioritizes operation-critical network traffic between the summit and remote sites,mandatory,The system SHALL implement a Quality of Service protocol that prioritizes operation-critical network traffic between the summit and remote sites.,The system SHALL implement a Quality of Service protocol that prioritizes operation-critical network traffic between the summit and remote sites.,SHALL,yes,1,mandatory,3,1.0
S19566_recommended,S19566,mlm_tapt,2021_gmt_oad_web,The GMT networks shall implement a Quality of Service protocol that prioritizes operation-critical network traffic between the summit and remote sites.,implement a Quality of Service protocol that prioritizes operation-critical network traffic between the summit and remote sites,recommended,The system SHOULD implement a Quality of Service protocol that prioritizes operation-critical network traffic between the summit and remote sites.,The system SHALL implement a Quality of Service protocol that prioritizes operation-critical network traffic between the summit and remote sites.,SHALL,no,0,recommended,2,0.67
S19566_optional,S19566,mlm_tapt,2021_gmt_oad_web,The GMT networks shall implement a Quality of Service protocol that prioritizes operation-critical network traffic between the summit and remote sites.,implement a Quality of Service protocol that prioritizes operation-critical network traffic between the summit and remote sites,optional,The system MAY implement a Quality of Service protocol that prioritizes operation-critical network traffic between the summit and remote sites.,The system SHALL implement a Quality of Service protocol that prioritizes operation-critical network traffic between the summit and remote sites.,SHALL,no,0,optional,1,0.33
S19566_nice_to_have,S19566,mlm_tapt,2021_gmt_oad_web,The GMT networks shall implement a Quality of Service protocol that prioritizes operation-critical network traffic between the summit and remote sites.,implement a Quality of Service protocol that prioritizes operation-critical network traffic between the summit and remote sites,nice_to_have,It would be useful if the system could implement a Quality of Service protocol that prioritizes operation-critical network traffic between the summit and remote sites.,The system SHALL implement a Quality of Service protocol that prioritizes operation-critical network traffic between the summit and remote sites.,SHALL,no,0,nice_to_have,0,0.0
S19657_mandatory,S19657,mlm_tapt,2012_stequest_mrd_web,The position of ground clocks shall allow comparisons with the STE-defined in R-SPM-030.,position ground clocks to allow comparisons with the STE as defined in R-SPM-030,mandatory,The system SHALL position ground clocks to allow comparisons with the STE as defined in R-SPM-030.,The system SHALL position ground clocks to allow comparisons with the STE as defined in R-SPM-030.,SHALL,yes,1,mandatory,3,1.0
S19657_recommended,S19657,mlm_tapt,2012_stequest_mrd_web,The position of ground clocks shall allow comparisons with the STE-defined in R-SPM-030.,position ground clocks to allow comparisons with the STE as defined in R-SPM-030,recommended,The system SHOULD position ground clocks to allow comparisons with the STE as defined in R-SPM-030.,The system SHALL position ground clocks to allow comparisons with the STE as defined in R-SPM-030.,SHALL,no,0,recommended,2,0.67
S19657_optional,S19657,mlm_tapt,2012_stequest_mrd_web,The position of ground clocks shall allow comparisons with the STE-defined in R-SPM-030.,position ground clocks to allow comparisons with the STE as defined in R-SPM-030,optional,The system MAY position ground clocks to allow comparisons with the STE as defined in R-SPM-030.,The system SHALL position ground clocks to allow comparisons with the STE as defined in R-SPM-030.,SHALL,no,0,optional,1,0.33
S19657_nice_to_have,S19657,mlm_tapt,2012_stequest_mrd_web,The position of ground clocks shall allow comparisons with the STE-defined in R-SPM-030.,position ground clocks to allow comparisons with the STE as defined in R-SPM-030,nice_to_have,It would be useful if the system could position ground clocks to allow comparisons with the STE as defined in R-SPM-030.,The system SHALL position ground clocks to allow comparisons with the STE as defined in R-SPM-030.,SHALL,no,0,nice_to_have,0,0.0
S19834_mandatory,S19834,mlm_tapt,2021_tmt_ord_WEB,The TMT Observatory in Visitor and Service Observing Modes shall implement a Target of Opportunity Observation process.,implement a Target of Opportunity Observation process in Visitor and Service Observing Modes,mandatory,The system SHALL implement a Target of Opportunity Observation process in Visitor and Service Observing Modes.,The system SHALL implement a Target of Opportunity Observation process in Visitor and Service Observing Modes.,SHALL,yes,1,mandatory,3,1.0
S19834_recommended,S19834,mlm_tapt,2021_tmt_ord_WEB,The TMT Observatory in Visitor and Service Observing Modes shall implement a Target of Opportunity Observation process.,implement a Target of Opportunity Observation process in Visitor and Service Observing Modes,recommended,The system SHOULD implement a Target of Opportunity Observation process in Visitor and Service Observing Modes.,The system SHALL implement a Target of Opportunity Observation process in Visitor and Service Observing Modes.,SHALL,no,0,recommended,2,0.67
S19834_optional,S19834,mlm_tapt,2021_tmt_ord_WEB,The TMT Observatory in Visitor and Service Observing Modes shall implement a Target of Opportunity Observation process.,implement a Target of Opportunity Observation process in Visitor and Service Observing Modes,optional,The system MAY implement a Target of Opportunity Observation process in Visitor and Service Observing Modes.,The system SHALL implement a Target of Opportunity Observation process in Visitor and Service Observing Modes.,SHALL,no,0,optional,1,0.33
S19834_nice_to_have,S19834,mlm_tapt,2021_tmt_ord_WEB,The TMT Observatory in Visitor and Service Observing Modes shall implement a Target of Opportunity Observation process.,implement a Target of Opportunity Observation process in Visitor and Service Observing Modes,nice_to_have,It would be useful if the system could implement a Target of Opportunity Observation process in Visitor and Service Observing Modes.,The system SHALL implement a Target of Opportunity Observation process in Visitor and Service Observing Modes.,SHALL,no,0,nice_to_have,0,0.0
S19995_mandatory,S19995,mlm_tapt,2017_s45_mrtd_web,The IPSF in all channels in the UVN shall be sufficiently broad to allow spatially contiguous observations (exact formulation TBD).,ensure the IPSF in all channels in the UVN is sufficiently broad to allow spatially contiguous observations,mandatory,The system SHALL ensure the IPSF in all channels in the UVN is sufficiently broad to allow spatially contiguous observations.,The system SHALL ensure the IPSF in all channels in the UVN is sufficiently broad to allow spatially contiguous observations.,SHALL,yes,1,mandatory,3,1.0
S19995_recommended,S19995,mlm_tapt,2017_s45_mrtd_web,The IPSF in all channels in the UVN shall be sufficiently broad to allow spatially contiguous observations (exact formulation TBD).,ensure the IPSF in all channels in the UVN is sufficiently broad to allow spatially contiguous observations,recommended,The system SHOULD ensure the IPSF in all channels in the UVN is sufficiently broad to allow spatially contiguous observations.,The system SHALL ensure the IPSF in all channels in the UVN is sufficiently broad to allow spatially contiguous observations.,SHALL,no,0,recommended,2,0.67
S19995_optional,S19995,mlm_tapt,2017_s45_mrtd_web,The IPSF in all channels in the UVN shall be sufficiently broad to allow spatially contiguous observations (exact formulation TBD).,ensure the IPSF in all channels in the UVN is sufficiently broad to allow spatially contiguous observations,optional,The system MAY ensure the IPSF in all channels in the UVN is sufficiently broad to allow spatially contiguous observations.,The system SHALL ensure the IPSF in all channels in the UVN is sufficiently broad to allow spatially contiguous observations.,SHALL,no,0,optional,1,0.33
S19995_nice_to_have,S19995,mlm_tapt,2017_s45_mrtd_web,The IPSF in all channels in the UVN shall be sufficiently broad to allow spatially contiguous observations (exact formulation TBD).,ensure the IPSF in all channels in the UVN is sufficiently broad to allow spatially contiguous observations,nice_to_have,It would be useful if the system could ensure the IPSF in all channels in the UVN is sufficiently broad to allow spatially contiguous observations.,The system SHALL ensure the IPSF in all channels in the UVN is sufficiently broad to allow spatially contiguous observations.,SHALL,no,0,nice_to_have,0,0.0
S20227_mandatory,S20227,mlm_tapt,2015_skal0_WEB,"SKA1-MID shall provide (search, timing, archive and VLBI) non-imaging observation modes.","provide (search, timing, archive and VLBI) non-imaging observation modes",mandatory,"The system SHALL provide (search, timing, archive and VLBI) non-imaging observation modes.","The system SHALL provide (search, timing, archive and VLBI) non-imaging observation modes.",SHALL,yes,1,mandatory,3,1.0
S20227_recommended,S20227,mlm_tapt,2015_skal0_WEB,"SKA1-MID shall provide (search, timing, archive and VLBI) non-imaging observation modes.","provide (search, timing, archive and VLBI) non-imaging observation modes",recommended,"The system SHOULD provide (search, timing, archive and VLBI) non-imaging observation modes.","The system SHALL provide (search, timing, archive and VLBI) non-imaging observation modes.",SHALL,no,0,recommended,2,0.67
S20227_optional,S20227,mlm_tapt,2015_skal0_WEB,"SKA1-MID shall provide (search, timing, archive and VLBI) non-imaging observation modes.","provide (search, timing, archive and VLBI) non-imaging observation modes",optional,"The system MAY provide (search, timing, archive and VLBI) non-imaging observation modes.","The system SHALL provide (search, timing, archive and VLBI) non-imaging observation modes.",SHALL,no,0,optional,1,0.33
S20227_nice_to_have,S20227,mlm_tapt,2015_skal0_WEB,"SKA1-MID shall provide (search, timing, archive and VLBI) non-imaging observation modes.","provide (search, timing, archive and VLBI) non-imaging observation modes",nice_to_have,"It would be useful if the system could provide (search, timing, archive and VLBI) non-imaging observation modes.","The system SHALL provide (search, timing, archive and VLBI) non-imaging observation modes.",SHALL,no,0,nice_to_have,0,0.0
S20667_mandatory,S20667,mlm_tapt,2012_d51_web,The SICCI system shall functionally treat the provision of ECV data products to parties outside of the SICCI system commonly for both SIT and SIC.,functionally treat the provision of ECV data products to parties outside of the SICCI system commonly for both SIT and SIC,mandatory,The system SHALL functionally treat the provision of ECV data products to parties outside of the SICCI system commonly for both SIT and SIC.,The system SHALL functionally treat the provision of ECV data products to parties outside of the SICCI system commonly for both SIT and SIC.,SHALL,yes,1,mandatory,3,1.0
S20667_recommended,S20667,mlm_tapt,2012_d51_web,The SICCI system shall functionally treat the provision of ECV data products to parties outside of the SICCI system commonly for both SIT and SIC.,functionally treat the provision of ECV data products to parties outside of the SICCI system commonly for both SIT and SIC,recommended,The system SHOULD functionally treat the provision of ECV data products to parties outside of the SICCI system commonly for both SIT and SIC.,The system SHALL functionally treat the provision of ECV data products to parties outside of the SICCI system commonly for both SIT and SIC.,SHALL,no,0,recommended,2,0.67
S20667_optional,S20667,mlm_tapt,2012_d51_web,The SICCI system shall functionally treat the provision of ECV data products to parties outside of the SICCI system commonly for both SIT and SIC.,functionally treat the provision of ECV data products to parties outside of the SICCI system commonly for both SIT and SIC,optional,The system MAY functionally treat the provision of ECV data products to parties outside of the SICCI system commonly for both SIT and SIC.,The system SHALL functionally treat the provision of ECV data products to parties outside of the SICCI system commonly for both SIT and SIC.,SHALL,no,0,optional,1,0.33
S20667_nice_to_have,S20667,mlm_tapt,2012_d51_web,The SICCI system shall functionally treat the provision of ECV data products to parties outside of the SICCI system commonly for both SIT and SIC.,functionally treat the provision of ECV data products to parties outside of the SICCI system commonly for both SIT and SIC,nice_to_have,It would be useful if the system could functionally treat the provision of ECV data products to parties outside of the SICCI system commonly for both SIT and SIC.,The system SHALL functionally treat the provision of ECV data products to parties outside of the SICCI system commonly for both SIT and SIC.,SHALL,no,0,nice_to_have,0,0.0
S20754_mandatory,S20754,mlm_tapt,2021_tmt_srd_WEB,The site shall have minimal day-night temperature variations.,use a site with minimal day-night temperature variations,mandatory,The system SHALL use a site with minimal day-night temperature variations.,The system SHALL use a site with minimal day-night temperature variations.,SHALL,yes,1,mandatory,3,1.0
S20754_recommended,S20754,mlm_tapt,2021_tmt_srd_WEB,The site shall have minimal day-night temperature variations.,use a site with minimal day-night temperature variations,recommended,The system SHOULD use a site with minimal day-night temperature variations.,The system SHALL use a site with minimal day-night temperature variations.,SHALL,no,0,recommended,2,0.67
S20754_optional,S20754,mlm_tapt,2021_tmt_srd_WEB,The site shall have minimal day-night temperature variations.,use a site with minimal day-night temperature variations,optional,The system MAY use a site with minimal day-night temperature variations.,The system SHALL use a site with minimal day-night temperature variations.,SHALL,no,0,optional,1,0.33
S20754_nice_to_have,S20754,mlm_tapt,2021_tmt_srd_WEB,The site shall have minimal day-night temperature variations.,use a site with minimal day-night temperature variations,nice_to_have,It would be useful if the system could use a site with minimal day-night temperature variations.,The system SHALL use a site with minimal day-night temperature variations.,SHALL,no,0,nice_to_have,0,0.0
S21381_mandatory,S21381,mlm_tapt,2021_jpss2_web,"The Virtual Channel Frame Count field shall contain a sequential binary count (modulo-16,777,216) of each Transfer Frame transmitted within a specific Virtual Channel.","include a Virtual Channel Frame Count field containing a sequential binary count (modulo-16,777,216) of each Transfer Frame transmitted within a specific Virtual Channel",mandatory,"The system SHALL include a Virtual Channel Frame Count field containing a sequential binary count (modulo-16,777,216) of each Transfer Frame transmitted within a specific Virtual Channel.","The system SHALL include a Virtual Channel Frame Count field containing a sequential binary count (modulo-16,777,216) of each Transfer Frame transmitted within a specific Virtual Channel.",SHALL,yes,1,mandatory,3,1.0
S21381_recommended,S21381,mlm_tapt,2021_jpss2_web,"The Virtual Channel Frame Count field shall contain a sequential binary count (modulo-16,777,216) of each Transfer Frame transmitted within a specific Virtual Channel.","include a Virtual Channel Frame Count field containing a sequential binary count (modulo-16,777,216) of each Transfer Frame transmitted within a specific Virtual Channel",recommended,"The system SHOULD include a Virtual Channel Frame Count field containing a sequential binary count (modulo-16,777,216) of each Transfer Frame transmitted within a specific Virtual Channel.","The system SHALL include a Virtual Channel Frame Count field containing a sequential binary count (modulo-16,777,216) of each Transfer Frame transmitted within a specific Virtual Channel.",SHALL,no,0,recommended,2,0.67
S21381_optional,S21381,mlm_tapt,2021_jpss2_web,"The Virtual Channel Frame Count field shall contain a sequential binary count (modulo-16,777,216) of each Transfer Frame transmitted within a specific Virtual Channel.","include a Virtual Channel Frame Count field containing a sequential binary count (modulo-16,777,216) of each Transfer Frame transmitted within a specific Virtual Channel",optional,"The system MAY include a Virtual Channel Frame Count field containing a sequential binary count (modulo-16,777,216) of each Transfer Frame transmitted within a specific Virtual Channel.","The system SHALL include a Virtual Channel Frame Count field containing a sequential binary count (modulo-16,777,216) of each Transfer Frame transmitted within a specific Virtual Channel.",SHALL,no,0,optional,1,0.33
S21381_nice_to_have,S21381,mlm_tapt,2021_jpss2_web,"The Virtual Channel Frame Count field shall contain a sequential binary count (modulo-16,777,216) of each Transfer Frame transmitted within a specific Virtual Channel.","include a Virtual Channel Frame Count field containing a sequential binary count (modulo-16,777,216) of each Transfer Frame transmitted within a specific Virtual Channel",nice_to_have,"It would be useful if the system could include a Virtual Channel Frame Count field containing a sequential binary count (modulo-16,777,216) of each Transfer Frame transmitted within a specific Virtual Channel.","The system SHALL include a Virtual Channel Frame Count field containing a sequential binary count (modulo-16,777,216) of each Transfer Frame transmitted within a specific Virtual Channel.",SHALL,no,0,nice_to_have,0,0.0
S21385_mandatory,S21385,mlm_tapt,2015_due_web,There shall be an operational procedure to perform the necessary validation and other steps to perform the transfer to operations.,provide an operational procedure to perform the necessary validation and other steps to perform the transfer to operations,mandatory,The system SHALL provide an operational procedure to perform the necessary validation and other steps to perform the transfer to operations.,The system SHALL provide an operational procedure to perform the necessary validation and other steps to perform the transfer to operations.,SHALL,yes,1,mandatory,3,1.0
S21385_recommended,S21385,mlm_tapt,2015_due_web,There shall be an operational procedure to perform the necessary validation and other steps to perform the transfer to operations.,provide an operational procedure to perform the necessary validation and other steps to perform the transfer to operations,recommended,The system SHOULD provide an operational procedure to perform the necessary validation and other steps to perform the transfer to operations.,The system SHALL provide an operational procedure to perform the necessary validation and other steps to perform the transfer to operations.,SHALL,no,0,recommended,2,0.67
S21385_optional,S21385,mlm_tapt,2015_due_web,There shall be an operational procedure to perform the necessary validation and other steps to perform the transfer to operations.,provide an operational procedure to perform the necessary validation and other steps to perform the transfer to operations,optional,The system MAY provide an operational procedure to perform the necessary validation and other steps to perform the transfer to operations.,The system SHALL provide an operational procedure to perform the necessary validation and other steps to perform the transfer to operations.,SHALL,no,0,optional,1,0.33
S21385_nice_to_have,S21385,mlm_tapt,2015_due_web,There shall be an operational procedure to perform the necessary validation and other steps to perform the transfer to operations.,provide an operational procedure to perform the necessary validation and other steps to perform the transfer to operations,nice_to_have,It would be useful if the system could provide an operational procedure to perform the necessary validation and other steps to perform the transfer to operations.,The system SHALL provide an operational procedure to perform the necessary validation and other steps to perform the transfer to operations.,SHALL,no,0,nice_to_have,0,0.0
S21517_mandatory,S21517,mlm_tapt,2017_s45_mrtd_web,Level-0 data shall be available in real time to local users during overpass.,make Level-0 data available in real time to local users during overpass,mandatory,The system SHALL make Level-0 data available in real time to local users during overpass.,The system SHALL make Level-0 data available in real time to local users during overpass.,SHALL,yes,1,mandatory,3,1.0
S21517_recommended,S21517,mlm_tapt,2017_s45_mrtd_web,Level-0 data shall be available in real time to local users during overpass.,make Level-0 data available in real time to local users during overpass,recommended,The system SHOULD make Level-0 data available in real time to local users during overpass.,The system SHALL make Level-0 data available in real time to local users during overpass.,SHALL,no,0,recommended,2,0.67
S21517_optional,S21517,mlm_tapt,2017_s45_mrtd_web,Level-0 data shall be available in real time to local users during overpass.,make Level-0 data available in real time to local users during overpass,optional,The system MAY make Level-0 data available in real time to local users during overpass.,The system SHALL make Level-0 data available in real time to local users during overpass.,SHALL,no,0,optional,1,0.33
S21517_nice_to_have,S21517,mlm_tapt,2017_s45_mrtd_web,Level-0 data shall be available in real time to local users during overpass.,make Level-0 data available in real time to local users during overpass,nice_to_have,It would be useful if the system could make Level-0 data available in real time to local users during overpass.,The system SHALL make Level-0 data available in real time to local users during overpass.,SHALL,no,0,nice_to_have,0,0.0
S21589_mandatory,S21589,mlm_tapt,2011_marcopolo_srd_WEB,"If the mission scenario foresees any planetary flyby, it shall be possible to switch on all payload elements for testing.",enable switching on all payload elements for testing if the mission scenario includes any planetary flyby,mandatory,The system SHALL enable switching on all payload elements for testing if the mission scenario includes any planetary flyby.,The system SHALL enable switching on all payload elements for testing if the mission scenario includes any planetary flyby.,SHALL,yes,1,mandatory,3,1.0
S21589_recommended,S21589,mlm_tapt,2011_marcopolo_srd_WEB,"If the mission scenario foresees any planetary flyby, it shall be possible to switch on all payload elements for testing.",enable switching on all payload elements for testing if the mission scenario includes any planetary flyby,recommended,The system SHOULD enable switching on all payload elements for testing if the mission scenario includes any planetary flyby.,The system SHALL enable switching on all payload elements for testing if the mission scenario includes any planetary flyby.,SHALL,no,0,recommended,2,0.67
S21589_optional,S21589,mlm_tapt,2011_marcopolo_srd_WEB,"If the mission scenario foresees any planetary flyby, it shall be possible to switch on all payload elements for testing.",enable switching on all payload elements for testing if the mission scenario includes any planetary flyby,optional,The system MAY enable switching on all payload elements for testing if the mission scenario includes any planetary flyby.,The system SHALL enable switching on all payload elements for testing if the mission scenario includes any planetary flyby.,SHALL,no,0,optional,1,0.33
S21589_nice_to_have,S21589,mlm_tapt,2011_marcopolo_srd_WEB,"If the mission scenario foresees any planetary flyby, it shall be possible to switch on all payload elements for testing.",enable switching on all payload elements for testing if the mission scenario includes any planetary flyby,nice_to_have,It would be useful if the system could enable switching on all payload elements for testing if the mission scenario includes any planetary flyby.,The system SHALL enable switching on all payload elements for testing if the mission scenario includes any planetary flyby.,SHALL,no,0,nice_to_have,0,0.0
S21881_mandatory,S21881,mlm_tapt,2019_jpss_dps,"The ATMS TDR product shall provide antenna temperatures calibrated from ATMS RDRs, for all ATMS earth scene measurements, at the refresh rates of the instrument.","provide antenna temperatures calibrated from ATMS RDRs, for all ATMS earth scene measurements, at the refresh rates of the instrument",mandatory,"The system SHALL provide antenna temperatures calibrated from ATMS RDRs, for all ATMS earth scene measurements, at the refresh rates of the instrument.","The system SHALL provide antenna temperatures calibrated from ATMS RDRs, for all ATMS earth scene measurements, at the refresh rates of the instrument.",SHALL,yes,1,mandatory,3,1.0
S21881_recommended,S21881,mlm_tapt,2019_jpss_dps,"The ATMS TDR product shall provide antenna temperatures calibrated from ATMS RDRs, for all ATMS earth scene measurements, at the refresh rates of the instrument.","provide antenna temperatures calibrated from ATMS RDRs, for all ATMS earth scene measurements, at the refresh rates of the instrument",recommended,"The system SHOULD provide antenna temperatures calibrated from ATMS RDRs, for all ATMS earth scene measurements, at the refresh rates of the instrument.","The system SHALL provide antenna temperatures calibrated from ATMS RDRs, for all ATMS earth scene measurements, at the refresh rates of the instrument.",SHALL,no,0,recommended,2,0.67
S21881_optional,S21881,mlm_tapt,2019_jpss_dps,"The ATMS TDR product shall provide antenna temperatures calibrated from ATMS RDRs, for all ATMS earth scene measurements, at the refresh rates of the instrument.","provide antenna temperatures calibrated from ATMS RDRs, for all ATMS earth scene measurements, at the refresh rates of the instrument",optional,"The system MAY provide antenna temperatures calibrated from ATMS RDRs, for all ATMS earth scene measurements, at the refresh rates of the instrument.","The system SHALL provide antenna temperatures calibrated from ATMS RDRs, for all ATMS earth scene measurements, at the refresh rates of the instrument.",SHALL,no,0,optional,1,0.33
S21881_nice_to_have,S21881,mlm_tapt,2019_jpss_dps,"The ATMS TDR product shall provide antenna temperatures calibrated from ATMS RDRs, for all ATMS earth scene measurements, at the refresh rates of the instrument.","provide antenna temperatures calibrated from ATMS RDRs, for all ATMS earth scene measurements, at the refresh rates of the instrument",nice_to_have,"It would be useful if the system could provide antenna temperatures calibrated from ATMS RDRs, for all ATMS earth scene measurements, at the refresh rates of the instrument.","The system SHALL provide antenna temperatures calibrated from ATMS RDRs, for all ATMS earth scene measurements, at the refresh rates of the instrument.",SHALL,no,0,nice_to_have,0,0.0
S21919_mandatory,S21919,mlm_tapt,2012_stequest_mrd_web,Mode changes through telecommand shall be possible.,enable mode changes through telecommand,mandatory,The system SHALL enable mode changes through telecommand.,The system SHALL enable mode changes through telecommand.,SHALL,yes,1,mandatory,3,1.0
S21919_recommended,S21919,mlm_tapt,2012_stequest_mrd_web,Mode changes through telecommand shall be possible.,enable mode changes through telecommand,recommended,The system SHOULD enable mode changes through telecommand.,The system SHALL enable mode changes through telecommand.,SHALL,no,0,recommended,2,0.67
S21919_optional,S21919,mlm_tapt,2012_stequest_mrd_web,Mode changes through telecommand shall be possible.,enable mode changes through telecommand,optional,The system MAY enable mode changes through telecommand.,The system SHALL enable mode changes through telecommand.,SHALL,no,0,optional,1,0.33
S21919_nice_to_have,S21919,mlm_tapt,2012_stequest_mrd_web,Mode changes through telecommand shall be possible.,enable mode changes through telecommand,nice_to_have,It would be useful if the system could enable mode changes through telecommand.,The system SHALL enable mode changes through telecommand.,SHALL,no,0,nice_to_have,0,0.0
S21996_mandatory,S21996,mlm_tapt,2019_jpss_l1rds_web,"In a missed pass scenario, data shall be recovered on subsequent passes.",recover data on subsequent passes in a missed pass scenario,mandatory,The system SHALL recover data on subsequent passes in a missed pass scenario.,The system SHALL recover data on subsequent passes in a missed pass scenario.,SHALL,yes,1,mandatory,3,1.0
S21996_recommended,S21996,mlm_tapt,2019_jpss_l1rds_web,"In a missed pass scenario, data shall be recovered on subsequent passes.",recover data on subsequent passes in a missed pass scenario,recommended,The system SHOULD recover data on subsequent passes in a missed pass scenario.,The system SHALL recover data on subsequent passes in a missed pass scenario.,SHALL,no,0,recommended,2,0.67
S21996_optional,S21996,mlm_tapt,2019_jpss_l1rds_web,"In a missed pass scenario, data shall be recovered on subsequent passes.",recover data on subsequent passes in a missed pass scenario,optional,The system MAY recover data on subsequent passes in a missed pass scenario.,The system SHALL recover data on subsequent passes in a missed pass scenario.,SHALL,no,0,optional,1,0.33
S21996_nice_to_have,S21996,mlm_tapt,2019_jpss_l1rds_web,"In a missed pass scenario, data shall be recovered on subsequent passes.",recover data on subsequent passes in a missed pass scenario,nice_to_have,It would be useful if the system could recover data on subsequent passes in a missed pass scenario.,The system SHALL recover data on subsequent passes in a missed pass scenario.,SHALL,no,0,nice_to_have,0,0.0
S22774_mandatory,S22774,mlm_tapt,2007_jwst_mrd_web,The command uplink shall be SBand.,use S-Band for the command uplink,mandatory,The system SHALL use S-Band for the command uplink.,The system SHALL use S-Band for the command uplink.,SHALL,yes,1,mandatory,3,1.0
S22774_recommended,S22774,mlm_tapt,2007_jwst_mrd_web,The command uplink shall be SBand.,use S-Band for the command uplink,recommended,The system SHOULD use S-Band for the command uplink.,The system SHALL use S-Band for the command uplink.,SHALL,no,0,recommended,2,0.67
S22774_optional,S22774,mlm_tapt,2007_jwst_mrd_web,The command uplink shall be SBand.,use S-Band for the command uplink,optional,The system MAY use S-Band for the command uplink.,The system SHALL use S-Band for the command uplink.,SHALL,no,0,optional,1,0.33
S22774_nice_to_have,S22774,mlm_tapt,2007_jwst_mrd_web,The command uplink shall be SBand.,use S-Band for the command uplink,nice_to_have,It would be useful if the system could use S-Band for the command uplink.,The system SHALL use S-Band for the command uplink.,SHALL,no,0,nice_to_have,0,0.0
S22824_mandatory,S22824,mlm_tapt,2008_earthcare_web,CPR shall generate instrument science data packets for transmission to ground within CCSDS packets via the satellite science data subsystem.,generate instrument science data packets for transmission to ground within CCSDS packets via the satellite science data subsystem,mandatory,The system SHALL generate instrument science data packets for transmission to ground within CCSDS packets via the satellite science data subsystem.,The system SHALL generate instrument science data packets for transmission to ground within CCSDS packets via the satellite science data subsystem.,SHALL,yes,1,mandatory,3,1.0
S22824_recommended,S22824,mlm_tapt,2008_earthcare_web,CPR shall generate instrument science data packets for transmission to ground within CCSDS packets via the satellite science data subsystem.,generate instrument science data packets for transmission to ground within CCSDS packets via the satellite science data subsystem,recommended,The system SHOULD generate instrument science data packets for transmission to ground within CCSDS packets via the satellite science data subsystem.,The system SHALL generate instrument science data packets for transmission to ground within CCSDS packets via the satellite science data subsystem.,SHALL,no,0,recommended,2,0.67
S22824_optional,S22824,mlm_tapt,2008_earthcare_web,CPR shall generate instrument science data packets for transmission to ground within CCSDS packets via the satellite science data subsystem.,generate instrument science data packets for transmission to ground within CCSDS packets via the satellite science data subsystem,optional,The system MAY generate instrument science data packets for transmission to ground within CCSDS packets via the satellite science data subsystem.,The system SHALL generate instrument science data packets for transmission to ground within CCSDS packets via the satellite science data subsystem.,SHALL,no,0,optional,1,0.33
S22824_nice_to_have,S22824,mlm_tapt,2008_earthcare_web,CPR shall generate instrument science data packets for transmission to ground within CCSDS packets via the satellite science data subsystem.,generate instrument science data packets for transmission to ground within CCSDS packets via the satellite science data subsystem,nice_to_have,It would be useful if the system could generate instrument science data packets for transmission to ground within CCSDS packets via the satellite science data subsystem.,The system SHALL generate instrument science data packets for transmission to ground within CCSDS packets via the satellite science data subsystem.,SHALL,no,0,nice_to_have,0,0.0
S22836_mandatory,S22836,mlm_tapt,2021_gmt_ord_web,The GMT shall provide an internal communications system.,provide an internal communications system,mandatory,The system SHALL provide an internal communications system.,The system SHALL provide an internal communications system.,SHALL,yes,1,mandatory,3,1.0
S22836_recommended,S22836,mlm_tapt,2021_gmt_ord_web,The GMT shall provide an internal communications system.,provide an internal communications system,recommended,The system SHOULD provide an internal communications system.,The system SHALL provide an internal communications system.,SHALL,no,0,recommended,2,0.67
S22836_optional,S22836,mlm_tapt,2021_gmt_ord_web,The GMT shall provide an internal communications system.,provide an internal communications system,optional,The system MAY provide an internal communications system.,The system SHALL provide an internal communications system.,SHALL,no,0,optional,1,0.33
S22836_nice_to_have,S22836,mlm_tapt,2021_gmt_ord_web,The GMT shall provide an internal communications system.,provide an internal communications system,nice_to_have,It would be useful if the system could provide an internal communications system.,The system SHALL provide an internal communications system.,SHALL,no,0,nice_to_have,0,0.0
S23122_mandatory,S23122,mlm_tapt,2016_teser_web,The TCS subsystem shall be scalable to account for removing different S/C.,provide a TCS subsystem that is scalable to account for removing different S/C,mandatory,The system SHALL provide a TCS subsystem that is scalable to account for removing different S/C.,The system SHALL provide a TCS subsystem that is scalable to account for removing different S/C.,SHALL,yes,1,mandatory,3,1.0
S23122_recommended,S23122,mlm_tapt,2016_teser_web,The TCS subsystem shall be scalable to account for removing different S/C.,provide a TCS subsystem that is scalable to account for removing different S/C,recommended,The system SHOULD provide a TCS subsystem that is scalable to account for removing different S/C.,The system SHALL provide a TCS subsystem that is scalable to account for removing different S/C.,SHALL,no,0,recommended,2,0.67
S23122_optional,S23122,mlm_tapt,2016_teser_web,The TCS subsystem shall be scalable to account for removing different S/C.,provide a TCS subsystem that is scalable to account for removing different S/C,optional,The system MAY provide a TCS subsystem that is scalable to account for removing different S/C.,The system SHALL provide a TCS subsystem that is scalable to account for removing different S/C.,SHALL,no,0,optional,1,0.33
S23122_nice_to_have,S23122,mlm_tapt,2016_teser_web,The TCS subsystem shall be scalable to account for removing different S/C.,provide a TCS subsystem that is scalable to account for removing different S/C,nice_to_have,It would be useful if the system could provide a TCS subsystem that is scalable to account for removing different S/C.,The system SHALL provide a TCS subsystem that is scalable to account for removing different S/C.,SHALL,no,0,nice_to_have,0,0.0
S23124_mandatory,S23124,mlm_tapt,2021_gmt_oad_web,All standardized software user interfaces shall be accessible from remote workstations by users with the appropriate access credentials.,make all standardized software user interfaces accessible from remote workstations to users with appropriate access credentials,mandatory,The system SHALL make all standardized software user interfaces accessible from remote workstations to users with appropriate access credentials.,The system SHALL make all standardized software user interfaces accessible from remote workstations to users with appropriate access credentials.,SHALL,yes,1,mandatory,3,1.0
S23124_recommended,S23124,mlm_tapt,2021_gmt_oad_web,All standardized software user interfaces shall be accessible from remote workstations by users with the appropriate access credentials.,make all standardized software user interfaces accessible from remote workstations to users with appropriate access credentials,recommended,The system SHOULD make all standardized software user interfaces accessible from remote workstations to users with appropriate access credentials.,The system SHALL make all standardized software user interfaces accessible from remote workstations to users with appropriate access credentials.,SHALL,no,0,recommended,2,0.67
S23124_optional,S23124,mlm_tapt,2021_gmt_oad_web,All standardized software user interfaces shall be accessible from remote workstations by users with the appropriate access credentials.,make all standardized software user interfaces accessible from remote workstations to users with appropriate access credentials,optional,The system MAY make all standardized software user interfaces accessible from remote workstations to users with appropriate access credentials.,The system SHALL make all standardized software user interfaces accessible from remote workstations to users with appropriate access credentials.,SHALL,no,0,optional,1,0.33
S23124_nice_to_have,S23124,mlm_tapt,2021_gmt_oad_web,All standardized software user interfaces shall be accessible from remote workstations by users with the appropriate access credentials.,make all standardized software user interfaces accessible from remote workstations to users with appropriate access credentials,nice_to_have,It would be useful if the system could make all standardized software user interfaces accessible from remote workstations to users with appropriate access credentials.,The system SHALL make all standardized software user interfaces accessible from remote workstations to users with appropriate access credentials.,SHALL,no,0,nice_to_have,0,0.0
S23316_mandatory,S23316,mlm_tapt,2015_skal0_WEB,SKA1-LOW shall provide timing accuracy of at least 10 nsec over a 10 year time year interval to enable precision pulsar timing at 150  350 MHz (HPSO 5).,provide timing accuracy of at least 10 nsec over a 10 year time year interval to enable precision pulsar timing at 150  350 MHz (HPSO 5),mandatory,The system SHALL provide timing accuracy of at least 10 nsec over a 10 year time year interval to enable precision pulsar timing at 150  350 MHz (HPSO 5).,The system SHALL provide timing accuracy of at least 10 nsec over a 10 year time year interval to enable precision pulsar timing at 150  350 MHz (HPSO 5).,SHALL,yes,1,mandatory,3,1.0
S23316_recommended,S23316,mlm_tapt,2015_skal0_WEB,SKA1-LOW shall provide timing accuracy of at least 10 nsec over a 10 year time year interval to enable precision pulsar timing at 150  350 MHz (HPSO 5).,provide timing accuracy of at least 10 nsec over a 10 year time year interval to enable precision pulsar timing at 150  350 MHz (HPSO 5),recommended,The system SHOULD provide timing accuracy of at least 10 nsec over a 10 year time year interval to enable precision pulsar timing at 150  350 MHz (HPSO 5).,The system SHALL provide timing accuracy of at least 10 nsec over a 10 year time year interval to enable precision pulsar timing at 150  350 MHz (HPSO 5).,SHALL,no,0,recommended,2,0.67
S23316_optional,S23316,mlm_tapt,2015_skal0_WEB,SKA1-LOW shall provide timing accuracy of at least 10 nsec over a 10 year time year interval to enable precision pulsar timing at 150  350 MHz (HPSO 5).,provide timing accuracy of at least 10 nsec over a 10 year time year interval to enable precision pulsar timing at 150  350 MHz (HPSO 5),optional,The system MAY provide timing accuracy of at least 10 nsec over a 10 year time year interval to enable precision pulsar timing at 150  350 MHz (HPSO 5).,The system SHALL provide timing accuracy of at least 10 nsec over a 10 year time year interval to enable precision pulsar timing at 150  350 MHz (HPSO 5).,SHALL,no,0,optional,1,0.33
S23316_nice_to_have,S23316,mlm_tapt,2015_skal0_WEB,SKA1-LOW shall provide timing accuracy of at least 10 nsec over a 10 year time year interval to enable precision pulsar timing at 150  350 MHz (HPSO 5).,provide timing accuracy of at least 10 nsec over a 10 year time year interval to enable precision pulsar timing at 150  350 MHz (HPSO 5),nice_to_have,It would be useful if the system could provide timing accuracy of at least 10 nsec over a 10 year time year interval to enable precision pulsar timing at 150  350 MHz (HPSO 5).,The system SHALL provide timing accuracy of at least 10 nsec over a 10 year time year interval to enable precision pulsar timing at 150  350 MHz (HPSO 5).,SHALL,no,0,nice_to_have,0,0.0
S23342_mandatory,S23342,mlm_tapt,2005_skal1_WEB,"SKA1_Mid shall be able to change the pointing, centre frequency, and bandwidth of the individual tied-array beams within a single observing schedule.","change the pointing, centre frequency, and bandwidth of the individual tied-array beams within a single observing schedule",mandatory,"The system SHALL change the pointing, centre frequency, and bandwidth of the individual tied-array beams within a single observing schedule.","The system SHALL change the pointing, centre frequency, and bandwidth of the individual tied-array beams within a single observing schedule.",SHALL,yes,1,mandatory,3,1.0
S23342_recommended,S23342,mlm_tapt,2005_skal1_WEB,"SKA1_Mid shall be able to change the pointing, centre frequency, and bandwidth of the individual tied-array beams within a single observing schedule.","change the pointing, centre frequency, and bandwidth of the individual tied-array beams within a single observing schedule",recommended,"The system SHOULD change the pointing, centre frequency, and bandwidth of the individual tied-array beams within a single observing schedule.","The system SHALL change the pointing, centre frequency, and bandwidth of the individual tied-array beams within a single observing schedule.",SHALL,no,0,recommended,2,0.67
S23342_optional,S23342,mlm_tapt,2005_skal1_WEB,"SKA1_Mid shall be able to change the pointing, centre frequency, and bandwidth of the individual tied-array beams within a single observing schedule.","change the pointing, centre frequency, and bandwidth of the individual tied-array beams within a single observing schedule",optional,"The system MAY change the pointing, centre frequency, and bandwidth of the individual tied-array beams within a single observing schedule.","The system SHALL change the pointing, centre frequency, and bandwidth of the individual tied-array beams within a single observing schedule.",SHALL,no,0,optional,1,0.33
S23342_nice_to_have,S23342,mlm_tapt,2005_skal1_WEB,"SKA1_Mid shall be able to change the pointing, centre frequency, and bandwidth of the individual tied-array beams within a single observing schedule.","change the pointing, centre frequency, and bandwidth of the individual tied-array beams within a single observing schedule",nice_to_have,"It would be useful if the system could change the pointing, centre frequency, and bandwidth of the individual tied-array beams within a single observing schedule.","The system SHALL change the pointing, centre frequency, and bandwidth of the individual tied-array beams within a single observing schedule.",SHALL,no,0,nice_to_have,0,0.0
S23665_mandatory,S23665,mlm_tapt,2021_tmt_srd_WEB,"The site shall have high altitude (transparency, low water vapor, low temperature, smaller atmosphere dispersion).","use a site with high altitude (transparency, low water vapor, low temperature, smaller atmosphere dispersion)",mandatory,"The system SHALL use a site with high altitude (transparency, low water vapor, low temperature, smaller atmosphere dispersion).","The system SHALL use a site with high altitude (transparency, low water vapor, low temperature, smaller atmosphere dispersion).",SHALL,yes,1,mandatory,3,1.0
S23665_recommended,S23665,mlm_tapt,2021_tmt_srd_WEB,"The site shall have high altitude (transparency, low water vapor, low temperature, smaller atmosphere dispersion).","use a site with high altitude (transparency, low water vapor, low temperature, smaller atmosphere dispersion)",recommended,"The system SHOULD use a site with high altitude (transparency, low water vapor, low temperature, smaller atmosphere dispersion).","The system SHALL use a site with high altitude (transparency, low water vapor, low temperature, smaller atmosphere dispersion).",SHALL,no,0,recommended,2,0.67
S23665_optional,S23665,mlm_tapt,2021_tmt_srd_WEB,"The site shall have high altitude (transparency, low water vapor, low temperature, smaller atmosphere dispersion).","use a site with high altitude (transparency, low water vapor, low temperature, smaller atmosphere dispersion)",optional,"The system MAY use a site with high altitude (transparency, low water vapor, low temperature, smaller atmosphere dispersion).","The system SHALL use a site with high altitude (transparency, low water vapor, low temperature, smaller atmosphere dispersion).",SHALL,no,0,optional,1,0.33
S23665_nice_to_have,S23665,mlm_tapt,2021_tmt_srd_WEB,"The site shall have high altitude (transparency, low water vapor, low temperature, smaller atmosphere dispersion).","use a site with high altitude (transparency, low water vapor, low temperature, smaller atmosphere dispersion)",nice_to_have,"It would be useful if the system could use a site with high altitude (transparency, low water vapor, low temperature, smaller atmosphere dispersion).","The system SHALL use a site with high altitude (transparency, low water vapor, low temperature, smaller atmosphere dispersion).",SHALL,no,0,nice_to_have,0,0.0
S23937_mandatory,S23937,mlm_tapt,2006_hgs_ird_web,The HCSS shall pull the telecommand history data from the RTA.,pull the telecommand history data from the RTA,mandatory,The system SHALL pull the telecommand history data from the RTA.,The system SHALL pull the telecommand history data from the RTA.,SHALL,yes,1,mandatory,3,1.0
S23937_recommended,S23937,mlm_tapt,2006_hgs_ird_web,The HCSS shall pull the telecommand history data from the RTA.,pull the telecommand history data from the RTA,recommended,The system SHOULD pull the telecommand history data from the RTA.,The system SHALL pull the telecommand history data from the RTA.,SHALL,no,0,recommended,2,0.67
S23937_optional,S23937,mlm_tapt,2006_hgs_ird_web,The HCSS shall pull the telecommand history data from the RTA.,pull the telecommand history data from the RTA,optional,The system MAY pull the telecommand history data from the RTA.,The system SHALL pull the telecommand history data from the RTA.,SHALL,no,0,optional,1,0.33
S23937_nice_to_have,S23937,mlm_tapt,2006_hgs_ird_web,The HCSS shall pull the telecommand history data from the RTA.,pull the telecommand history data from the RTA,nice_to_have,It would be useful if the system could pull the telecommand history data from the RTA.,The system SHALL pull the telecommand history data from the RTA.,SHALL,no,0,nice_to_have,0,0.0
S24011_mandatory,S24011,mlm_tapt,spacebert_ecss,The position margin that the position-based scheduling subservice uses shall be declared when specifying that subservice.,declare the position margin used by the position-based scheduling subservice when that subservice is specified,mandatory,The system SHALL declare the position margin used by the position-based scheduling subservice when that subservice is specified.,The system SHALL declare the position margin used by the position-based scheduling subservice when that subservice is specified.,SHALL,yes,1,mandatory,3,1.0
S24011_recommended,S24011,mlm_tapt,spacebert_ecss,The position margin that the position-based scheduling subservice uses shall be declared when specifying that subservice.,declare the position margin used by the position-based scheduling subservice when that subservice is specified,recommended,The system SHOULD declare the position margin used by the position-based scheduling subservice when that subservice is specified.,The system SHALL declare the position margin used by the position-based scheduling subservice when that subservice is specified.,SHALL,no,0,recommended,2,0.67
S24011_optional,S24011,mlm_tapt,spacebert_ecss,The position margin that the position-based scheduling subservice uses shall be declared when specifying that subservice.,declare the position margin used by the position-based scheduling subservice when that subservice is specified,optional,The system MAY declare the position margin used by the position-based scheduling subservice when that subservice is specified.,The system SHALL declare the position margin used by the position-based scheduling subservice when that subservice is specified.,SHALL,no,0,optional,1,0.33
S24011_nice_to_have,S24011,mlm_tapt,spacebert_ecss,The position margin that the position-based scheduling subservice uses shall be declared when specifying that subservice.,declare the position margin used by the position-based scheduling subservice when that subservice is specified,nice_to_have,It would be useful if the system could declare the position margin used by the position-based scheduling subservice when that subservice is specified.,The system SHALL declare the position margin used by the position-based scheduling subservice when that subservice is specified.,SHALL,no,0,nice_to_have,0,0.0
S24695_mandatory,S24695,mlm_tapt,2019_jpss_dps,"The Sea Ice Concentration product shall provide sea ice concentration, globally over ocean, day and night, at the refresh rates of the instrument.","provide sea ice concentration, globally over ocean, day and night, at the refresh rates of the instrument",mandatory,"The system SHALL provide sea ice concentration, globally over ocean, day and night, at the refresh rates of the instrument.","The system SHALL provide sea ice concentration, globally over ocean, day and night, at the refresh rates of the instrument.",SHALL,yes,1,mandatory,3,1.0
S24695_recommended,S24695,mlm_tapt,2019_jpss_dps,"The Sea Ice Concentration product shall provide sea ice concentration, globally over ocean, day and night, at the refresh rates of the instrument.","provide sea ice concentration, globally over ocean, day and night, at the refresh rates of the instrument",recommended,"The system SHOULD provide sea ice concentration, globally over ocean, day and night, at the refresh rates of the instrument.","The system SHALL provide sea ice concentration, globally over ocean, day and night, at the refresh rates of the instrument.",SHALL,no,0,recommended,2,0.67
S24695_optional,S24695,mlm_tapt,2019_jpss_dps,"The Sea Ice Concentration product shall provide sea ice concentration, globally over ocean, day and night, at the refresh rates of the instrument.","provide sea ice concentration, globally over ocean, day and night, at the refresh rates of the instrument",optional,"The system MAY provide sea ice concentration, globally over ocean, day and night, at the refresh rates of the instrument.","The system SHALL provide sea ice concentration, globally over ocean, day and night, at the refresh rates of the instrument.",SHALL,no,0,optional,1,0.33
S24695_nice_to_have,S24695,mlm_tapt,2019_jpss_dps,"The Sea Ice Concentration product shall provide sea ice concentration, globally over ocean, day and night, at the refresh rates of the instrument.","provide sea ice concentration, globally over ocean, day and night, at the refresh rates of the instrument",nice_to_have,"It would be useful if the system could provide sea ice concentration, globally over ocean, day and night, at the refresh rates of the instrument.","The system SHALL provide sea ice concentration, globally over ocean, day and night, at the refresh rates of the instrument.",SHALL,no,0,nice_to_have,0,0.0
S24925_mandatory,S24925,mlm_tapt,2012_d51_web,During SICCI system development an observation report management system shall be employed to track all observation reports during software implementation,employ an observation report management system during SICCI system development to track all observation reports during software implementation,mandatory,The system SHALL employ an observation report management system during SICCI system development to track all observation reports during software implementation.,The system SHALL employ an observation report management system during SICCI system development to track all observation reports during software implementation.,SHALL,yes,1,mandatory,3,1.0
S24925_recommended,S24925,mlm_tapt,2012_d51_web,During SICCI system development an observation report management system shall be employed to track all observation reports during software implementation,employ an observation report management system during SICCI system development to track all observation reports during software implementation,recommended,The system SHOULD employ an observation report management system during SICCI system development to track all observation reports during software implementation.,The system SHALL employ an observation report management system during SICCI system development to track all observation reports during software implementation.,SHALL,no,0,recommended,2,0.67
S24925_optional,S24925,mlm_tapt,2012_d51_web,During SICCI system development an observation report management system shall be employed to track all observation reports during software implementation,employ an observation report management system during SICCI system development to track all observation reports during software implementation,optional,The system MAY employ an observation report management system during SICCI system development to track all observation reports during software implementation.,The system SHALL employ an observation report management system during SICCI system development to track all observation reports during software implementation.,SHALL,no,0,optional,1,0.33
S24925_nice_to_have,S24925,mlm_tapt,2012_d51_web,During SICCI system development an observation report management system shall be employed to track all observation reports during software implementation,employ an observation report management system during SICCI system development to track all observation reports during software implementation,nice_to_have,It would be useful if the system could employ an observation report management system during SICCI system development to track all observation reports during software implementation.,The system SHALL employ an observation report management system during SICCI system development to track all observation reports during software implementation.,SHALL,no,0,nice_to_have,0,0.0
S24963_mandatory,S24963,mlm_tapt,2019_jpss_dps,"The Land Surface Emissivity product shall provide microwave land surface emissivity, globally, in clear and cloudy conditions, at the refresh rate of the instrument.","provide microwave land surface emissivity, globally, in clear and cloudy conditions, at the refresh rate of the instrument",mandatory,"The system SHALL provide microwave land surface emissivity, globally, in clear and cloudy conditions, at the refresh rate of the instrument.","The system SHALL provide microwave land surface emissivity, globally, in clear and cloudy conditions, at the refresh rate of the instrument.",SHALL,yes,1,mandatory,3,1.0
S24963_recommended,S24963,mlm_tapt,2019_jpss_dps,"The Land Surface Emissivity product shall provide microwave land surface emissivity, globally, in clear and cloudy conditions, at the refresh rate of the instrument.","provide microwave land surface emissivity, globally, in clear and cloudy conditions, at the refresh rate of the instrument",recommended,"The system SHOULD provide microwave land surface emissivity, globally, in clear and cloudy conditions, at the refresh rate of the instrument.","The system SHALL provide microwave land surface emissivity, globally, in clear and cloudy conditions, at the refresh rate of the instrument.",SHALL,no,0,recommended,2,0.67
S24963_optional,S24963,mlm_tapt,2019_jpss_dps,"The Land Surface Emissivity product shall provide microwave land surface emissivity, globally, in clear and cloudy conditions, at the refresh rate of the instrument.","provide microwave land surface emissivity, globally, in clear and cloudy conditions, at the refresh rate of the instrument",optional,"The system MAY provide microwave land surface emissivity, globally, in clear and cloudy conditions, at the refresh rate of the instrument.","The system SHALL provide microwave land surface emissivity, globally, in clear and cloudy conditions, at the refresh rate of the instrument.",SHALL,no,0,optional,1,0.33
S24963_nice_to_have,S24963,mlm_tapt,2019_jpss_dps,"The Land Surface Emissivity product shall provide microwave land surface emissivity, globally, in clear and cloudy conditions, at the refresh rate of the instrument.","provide microwave land surface emissivity, globally, in clear and cloudy conditions, at the refresh rate of the instrument",nice_to_have,"It would be useful if the system could provide microwave land surface emissivity, globally, in clear and cloudy conditions, at the refresh rate of the instrument.","The system SHALL provide microwave land surface emissivity, globally, in clear and cloudy conditions, at the refresh rate of the instrument.",SHALL,no,0,nice_to_have,0,0.0
S24989_mandatory,S24989,mlm_tapt,2019_jpss_dps,"The Soil Moisture product shall provide soil moisture in the skin layer, globally, in daytime and night, under all weather conditions, at the refresh rates of the instrument.","provide soil moisture in the skin layer, globally, in daytime and night, under all weather conditions, at the refresh rates of the instrument",mandatory,"The system SHALL provide soil moisture in the skin layer, globally, in daytime and night, under all weather conditions, at the refresh rates of the instrument.","The system SHALL provide soil moisture in the skin layer, globally, in daytime and night, under all weather conditions, at the refresh rates of the instrument.",SHALL,yes,1,mandatory,3,1.0
S24989_recommended,S24989,mlm_tapt,2019_jpss_dps,"The Soil Moisture product shall provide soil moisture in the skin layer, globally, in daytime and night, under all weather conditions, at the refresh rates of the instrument.","provide soil moisture in the skin layer, globally, in daytime and night, under all weather conditions, at the refresh rates of the instrument",recommended,"The system SHOULD provide soil moisture in the skin layer, globally, in daytime and night, under all weather conditions, at the refresh rates of the instrument.","The system SHALL provide soil moisture in the skin layer, globally, in daytime and night, under all weather conditions, at the refresh rates of the instrument.",SHALL,no,0,recommended,2,0.67
S24989_optional,S24989,mlm_tapt,2019_jpss_dps,"The Soil Moisture product shall provide soil moisture in the skin layer, globally, in daytime and night, under all weather conditions, at the refresh rates of the instrument.","provide soil moisture in the skin layer, globally, in daytime and night, under all weather conditions, at the refresh rates of the instrument",optional,"The system MAY provide soil moisture in the skin layer, globally, in daytime and night, under all weather conditions, at the refresh rates of the instrument.","The system SHALL provide soil moisture in the skin layer, globally, in daytime and night, under all weather conditions, at the refresh rates of the instrument.",SHALL,no,0,optional,1,0.33
S24989_nice_to_have,S24989,mlm_tapt,2019_jpss_dps,"The Soil Moisture product shall provide soil moisture in the skin layer, globally, in daytime and night, under all weather conditions, at the refresh rates of the instrument.","provide soil moisture in the skin layer, globally, in daytime and night, under all weather conditions, at the refresh rates of the instrument",nice_to_have,"It would be useful if the system could provide soil moisture in the skin layer, globally, in daytime and night, under all weather conditions, at the refresh rates of the instrument.","The system SHALL provide soil moisture in the skin layer, globally, in daytime and night, under all weather conditions, at the refresh rates of the instrument.",SHALL,no,0,nice_to_have,0,0.0
S25179_mandatory,S25179,mlm_tapt,2019_jpss_l1rds_web,"S-NPP and JPSS-n satellite operational outages, excluding on-orbit failures, shall be less than 2 hours over any 30-day period for the mission lifetime.","limit S-NPP and JPSS-n satellite operational outages, excluding on-orbit failures, to less than 2 hours over any 30-day period for the mission lifetime",mandatory,"The system SHALL limit S-NPP and JPSS-n satellite operational outages, excluding on-orbit failures, to less than 2 hours over any 30-day period for the mission lifetime.","The system SHALL limit S-NPP and JPSS-n satellite operational outages, excluding on-orbit failures, to less than 2 hours over any 30-day period for the mission lifetime.",SHALL,yes,1,mandatory,3,1.0
S25179_recommended,S25179,mlm_tapt,2019_jpss_l1rds_web,"S-NPP and JPSS-n satellite operational outages, excluding on-orbit failures, shall be less than 2 hours over any 30-day period for the mission lifetime.","limit S-NPP and JPSS-n satellite operational outages, excluding on-orbit failures, to less than 2 hours over any 30-day period for the mission lifetime",recommended,"The system SHOULD limit S-NPP and JPSS-n satellite operational outages, excluding on-orbit failures, to less than 2 hours over any 30-day period for the mission lifetime.","The system SHALL limit S-NPP and JPSS-n satellite operational outages, excluding on-orbit failures, to less than 2 hours over any 30-day period for the mission lifetime.",SHALL,no,0,recommended,2,0.67
S25179_optional,S25179,mlm_tapt,2019_jpss_l1rds_web,"S-NPP and JPSS-n satellite operational outages, excluding on-orbit failures, shall be less than 2 hours over any 30-day period for the mission lifetime.","limit S-NPP and JPSS-n satellite operational outages, excluding on-orbit failures, to less than 2 hours over any 30-day period for the mission lifetime",optional,"The system MAY limit S-NPP and JPSS-n satellite operational outages, excluding on-orbit failures, to less than 2 hours over any 30-day period for the mission lifetime.","The system SHALL limit S-NPP and JPSS-n satellite operational outages, excluding on-orbit failures, to less than 2 hours over any 30-day period for the mission lifetime.",SHALL,no,0,optional,1,0.33
S25179_nice_to_have,S25179,mlm_tapt,2019_jpss_l1rds_web,"S-NPP and JPSS-n satellite operational outages, excluding on-orbit failures, shall be less than 2 hours over any 30-day period for the mission lifetime.","limit S-NPP and JPSS-n satellite operational outages, excluding on-orbit failures, to less than 2 hours over any 30-day period for the mission lifetime",nice_to_have,"It would be useful if the system could limit S-NPP and JPSS-n satellite operational outages, excluding on-orbit failures, to less than 2 hours over any 30-day period for the mission lifetime.","The system SHALL limit S-NPP and JPSS-n satellite operational outages, excluding on-orbit failures, to less than 2 hours over any 30-day period for the mission lifetime.",SHALL,no,0,nice_to_have,0,0.0
S25352_mandatory,S25352,mlm_tapt,2011_dot_WEB,The Core System shall notify an authorized System Operator within 30 seconds upon a failure.,notify an authorized System Operator within 30 seconds upon a failure,mandatory,The system SHALL notify an authorized System Operator within 30 seconds upon a failure.,The system SHALL notify an authorized System Operator within 30 seconds upon a failure.,SHALL,yes,1,mandatory,3,1.0
S25352_recommended,S25352,mlm_tapt,2011_dot_WEB,The Core System shall notify an authorized System Operator within 30 seconds upon a failure.,notify an authorized System Operator within 30 seconds upon a failure,recommended,The system SHOULD notify an authorized System Operator within 30 seconds upon a failure.,The system SHALL notify an authorized System Operator within 30 seconds upon a failure.,SHALL,no,0,recommended,2,0.67
S25352_optional,S25352,mlm_tapt,2011_dot_WEB,The Core System shall notify an authorized System Operator within 30 seconds upon a failure.,notify an authorized System Operator within 30 seconds upon a failure,optional,The system MAY notify an authorized System Operator within 30 seconds upon a failure.,The system SHALL notify an authorized System Operator within 30 seconds upon a failure.,SHALL,no,0,optional,1,0.33
S25352_nice_to_have,S25352,mlm_tapt,2011_dot_WEB,The Core System shall notify an authorized System Operator within 30 seconds upon a failure.,notify an authorized System Operator within 30 seconds upon a failure,nice_to_have,It would be useful if the system could notify an authorized System Operator within 30 seconds upon a failure.,The system SHALL notify an authorized System Operator within 30 seconds upon a failure.,SHALL,no,0,nice_to_have,0,0.0
S25560_mandatory,S25560,mlm_tapt,2008_earthcare_web,"Information on the most recent down-linked packet (Packet APID, SSC and time) shall be available in the housekeeping telemetry.","make information on the most recent down-linked packet (Packet APID, SSC and time) available in the housekeeping telemetry",mandatory,"The system SHALL make information on the most recent down-linked packet (Packet APID, SSC and time) available in the housekeeping telemetry.","The system SHALL make information on the most recent down-linked packet (Packet APID, SSC and time) available in the housekeeping telemetry.",SHALL,yes,1,mandatory,3,1.0
S25560_recommended,S25560,mlm_tapt,2008_earthcare_web,"Information on the most recent down-linked packet (Packet APID, SSC and time) shall be available in the housekeeping telemetry.","make information on the most recent down-linked packet (Packet APID, SSC and time) available in the housekeeping telemetry",recommended,"The system SHOULD make information on the most recent down-linked packet (Packet APID, SSC and time) available in the housekeeping telemetry.","The system SHALL make information on the most recent down-linked packet (Packet APID, SSC and time) available in the housekeeping telemetry.",SHALL,no,0,recommended,2,0.67
S25560_optional,S25560,mlm_tapt,2008_earthcare_web,"Information on the most recent down-linked packet (Packet APID, SSC and time) shall be available in the housekeeping telemetry.","make information on the most recent down-linked packet (Packet APID, SSC and time) available in the housekeeping telemetry",optional,"The system MAY make information on the most recent down-linked packet (Packet APID, SSC and time) available in the housekeeping telemetry.","The system SHALL make information on the most recent down-linked packet (Packet APID, SSC and time) available in the housekeeping telemetry.",SHALL,no,0,optional,1,0.33
S25560_nice_to_have,S25560,mlm_tapt,2008_earthcare_web,"Information on the most recent down-linked packet (Packet APID, SSC and time) shall be available in the housekeeping telemetry.","make information on the most recent down-linked packet (Packet APID, SSC and time) available in the housekeeping telemetry",nice_to_have,"It would be useful if the system could make information on the most recent down-linked packet (Packet APID, SSC and time) available in the housekeeping telemetry.","The system SHALL make information on the most recent down-linked packet (Packet APID, SSC and time) available in the housekeeping telemetry.",SHALL,no,0,nice_to_have,0,0.0
S25638_mandatory,S25638,mlm_tapt,2009_gg_WEB,"The GG system shall perform systematic checks on the data validity and quality,",perform systematic checks on the data validity and quality,mandatory,The system SHALL perform systematic checks on the data validity and quality.,The system SHALL perform systematic checks on the data validity and quality.,SHALL,yes,1,mandatory,3,1.0
S25638_recommended,S25638,mlm_tapt,2009_gg_WEB,"The GG system shall perform systematic checks on the data validity and quality,",perform systematic checks on the data validity and quality,recommended,The system SHOULD perform systematic checks on the data validity and quality.,The system SHALL perform systematic checks on the data validity and quality.,SHALL,no,0,recommended,2,0.67
S25638_optional,S25638,mlm_tapt,2009_gg_WEB,"The GG system shall perform systematic checks on the data validity and quality,",perform systematic checks on the data validity and quality,optional,The system MAY perform systematic checks on the data validity and quality.,The system SHALL perform systematic checks on the data validity and quality.,SHALL,no,0,optional,1,0.33
S25638_nice_to_have,S25638,mlm_tapt,2009_gg_WEB,"The GG system shall perform systematic checks on the data validity and quality,",perform systematic checks on the data validity and quality,nice_to_have,It would be useful if the system could perform systematic checks on the data validity and quality.,The system SHALL perform systematic checks on the data validity and quality.,SHALL,no,0,nice_to_have,0,0.0
S25793_mandatory,S25793,mlm_tapt,2003_hp_ird_web,A telemetry packet for successful command acceptance shall be generated by the receiving application for every telecommand packet properly received and containing valid data.,have the receiving application generate a telemetry packet for successful command acceptance for every telecommand packet that is properly received and contains valid data,mandatory,The system SHALL have the receiving application generate a telemetry packet for successful command acceptance for every telecommand packet that is properly received and contains valid data.,The system SHALL have the receiving application generate a telemetry packet for successful command acceptance for every telecommand packet that is properly received and contains valid data.,SHALL,yes,1,mandatory,3,1.0
S25793_recommended,S25793,mlm_tapt,2003_hp_ird_web,A telemetry packet for successful command acceptance shall be generated by the receiving application for every telecommand packet properly received and containing valid data.,have the receiving application generate a telemetry packet for successful command acceptance for every telecommand packet that is properly received and contains valid data,recommended,The system SHOULD have the receiving application generate a telemetry packet for successful command acceptance for every telecommand packet that is properly received and contains valid data.,The system SHALL have the receiving application generate a telemetry packet for successful command acceptance for every telecommand packet that is properly received and contains valid data.,SHALL,no,0,recommended,2,0.67
S25793_optional,S25793,mlm_tapt,2003_hp_ird_web,A telemetry packet for successful command acceptance shall be generated by the receiving application for every telecommand packet properly received and containing valid data.,have the receiving application generate a telemetry packet for successful command acceptance for every telecommand packet that is properly received and contains valid data,optional,The system MAY have the receiving application generate a telemetry packet for successful command acceptance for every telecommand packet that is properly received and contains valid data.,The system SHALL have the receiving application generate a telemetry packet for successful command acceptance for every telecommand packet that is properly received and contains valid data.,SHALL,no,0,optional,1,0.33
S25793_nice_to_have,S25793,mlm_tapt,2003_hp_ird_web,A telemetry packet for successful command acceptance shall be generated by the receiving application for every telecommand packet properly received and containing valid data.,have the receiving application generate a telemetry packet for successful command acceptance for every telecommand packet that is properly received and contains valid data,nice_to_have,It would be useful if the system could have the receiving application generate a telemetry packet for successful command acceptance for every telecommand packet that is properly received and contains valid data.,The system SHALL have the receiving application generate a telemetry packet for successful command acceptance for every telecommand packet that is properly received and contains valid data.,SHALL,no,0,nice_to_have,0,0.0
S25963_mandatory,S25963,mlm_tapt,2013_echo_mrd_WEB,"During the commissioning phase, check-out of the spacecraft functions and verification of all subsystems performances shall be performed.",perform check-out of the spacecraft functions and verify the performance of all subsystems during the commissioning phase,mandatory,The system SHALL perform check-out of the spacecraft functions and verify the performance of all subsystems during the commissioning phase.,The system SHALL perform check-out of the spacecraft functions and verify the performance of all subsystems during the commissioning phase.,SHALL,yes,1,mandatory,3,1.0
S25963_recommended,S25963,mlm_tapt,2013_echo_mrd_WEB,"During the commissioning phase, check-out of the spacecraft functions and verification of all subsystems performances shall be performed.",perform check-out of the spacecraft functions and verify the performance of all subsystems during the commissioning phase,recommended,The system SHOULD perform check-out of the spacecraft functions and verify the performance of all subsystems during the commissioning phase.,The system SHALL perform check-out of the spacecraft functions and verify the performance of all subsystems during the commissioning phase.,SHALL,no,0,recommended,2,0.67
S25963_optional,S25963,mlm_tapt,2013_echo_mrd_WEB,"During the commissioning phase, check-out of the spacecraft functions and verification of all subsystems performances shall be performed.",perform check-out of the spacecraft functions and verify the performance of all subsystems during the commissioning phase,optional,The system MAY perform check-out of the spacecraft functions and verify the performance of all subsystems during the commissioning phase.,The system SHALL perform check-out of the spacecraft functions and verify the performance of all subsystems during the commissioning phase.,SHALL,no,0,optional,1,0.33
S25963_nice_to_have,S25963,mlm_tapt,2013_echo_mrd_WEB,"During the commissioning phase, check-out of the spacecraft functions and verification of all subsystems performances shall be performed.",perform check-out of the spacecraft functions and verify the performance of all subsystems during the commissioning phase,nice_to_have,It would be useful if the system could perform check-out of the spacecraft functions and verify the performance of all subsystems during the commissioning phase.,The system SHALL perform check-out of the spacecraft functions and verify the performance of all subsystems during the commissioning phase.,SHALL,no,0,nice_to_have,0,0.0
S26038_mandatory,S26038,mlm_tapt,2013_loft_mrd_web,The magnetic field strength at the WFM location shall be lower than 4 Gauss.,keep the magnetic field strength at the WFM location lower than 4 Gauss,mandatory,The system SHALL keep the magnetic field strength at the WFM location lower than 4 Gauss.,The system SHALL keep the magnetic field strength at the WFM location lower than 4 Gauss.,SHALL,yes,1,mandatory,3,1.0
S26038_recommended,S26038,mlm_tapt,2013_loft_mrd_web,The magnetic field strength at the WFM location shall be lower than 4 Gauss.,keep the magnetic field strength at the WFM location lower than 4 Gauss,recommended,The system SHOULD keep the magnetic field strength at the WFM location lower than 4 Gauss.,The system SHALL keep the magnetic field strength at the WFM location lower than 4 Gauss.,SHALL,no,0,recommended,2,0.67
S26038_optional,S26038,mlm_tapt,2013_loft_mrd_web,The magnetic field strength at the WFM location shall be lower than 4 Gauss.,keep the magnetic field strength at the WFM location lower than 4 Gauss,optional,The system MAY keep the magnetic field strength at the WFM location lower than 4 Gauss.,The system SHALL keep the magnetic field strength at the WFM location lower than 4 Gauss.,SHALL,no,0,optional,1,0.33
S26038_nice_to_have,S26038,mlm_tapt,2013_loft_mrd_web,The magnetic field strength at the WFM location shall be lower than 4 Gauss.,keep the magnetic field strength at the WFM location lower than 4 Gauss,nice_to_have,It would be useful if the system could keep the magnetic field strength at the WFM location lower than 4 Gauss.,The system SHALL keep the magnetic field strength at the WFM location lower than 4 Gauss.,SHALL,no,0,nice_to_have,0,0.0
S26210_mandatory,S26210,mlm_tapt,2011_marcopolo_srd_WEB,A shape model of the NEA shall be obtained with an accuracy of typically 1 m in height and spatial resolution with respect to the centre of mass.,obtain a shape model of the NEA with an accuracy of typically 1 m in height and spatial resolution with respect to the centre of mass,mandatory,The system SHALL obtain a shape model of the NEA with an accuracy of typically 1 m in height and spatial resolution with respect to the centre of mass.,The system SHALL obtain a shape model of the NEA with an accuracy of typically 1 m in height and spatial resolution with respect to the centre of mass.,SHALL,yes,1,mandatory,3,1.0
S26210_recommended,S26210,mlm_tapt,2011_marcopolo_srd_WEB,A shape model of the NEA shall be obtained with an accuracy of typically 1 m in height and spatial resolution with respect to the centre of mass.,obtain a shape model of the NEA with an accuracy of typically 1 m in height and spatial resolution with respect to the centre of mass,recommended,The system SHOULD obtain a shape model of the NEA with an accuracy of typically 1 m in height and spatial resolution with respect to the centre of mass.,The system SHALL obtain a shape model of the NEA with an accuracy of typically 1 m in height and spatial resolution with respect to the centre of mass.,SHALL,no,0,recommended,2,0.67
S26210_optional,S26210,mlm_tapt,2011_marcopolo_srd_WEB,A shape model of the NEA shall be obtained with an accuracy of typically 1 m in height and spatial resolution with respect to the centre of mass.,obtain a shape model of the NEA with an accuracy of typically 1 m in height and spatial resolution with respect to the centre of mass,optional,The system MAY obtain a shape model of the NEA with an accuracy of typically 1 m in height and spatial resolution with respect to the centre of mass.,The system SHALL obtain a shape model of the NEA with an accuracy of typically 1 m in height and spatial resolution with respect to the centre of mass.,SHALL,no,0,optional,1,0.33
S26210_nice_to_have,S26210,mlm_tapt,2011_marcopolo_srd_WEB,A shape model of the NEA shall be obtained with an accuracy of typically 1 m in height and spatial resolution with respect to the centre of mass.,obtain a shape model of the NEA with an accuracy of typically 1 m in height and spatial resolution with respect to the centre of mass,nice_to_have,It would be useful if the system could obtain a shape model of the NEA with an accuracy of typically 1 m in height and spatial resolution with respect to the centre of mass.,The system SHALL obtain a shape model of the NEA with an accuracy of typically 1 m in height and spatial resolution with respect to the centre of mass.,SHALL,no,0,nice_to_have,0,0.0
S26441_mandatory,S26441,mlm_tapt,2018_jpss_l0_web,The algorithm shall produce the cloud liquid water product under all-weather conditions.,produce the cloud liquid water product under all-weather conditions,mandatory,The system SHALL produce the cloud liquid water product under all-weather conditions.,The system SHALL produce the cloud liquid water product under all-weather conditions.,SHALL,yes,1,mandatory,3,1.0
S26441_recommended,S26441,mlm_tapt,2018_jpss_l0_web,The algorithm shall produce the cloud liquid water product under all-weather conditions.,produce the cloud liquid water product under all-weather conditions,recommended,The system SHOULD produce the cloud liquid water product under all-weather conditions.,The system SHALL produce the cloud liquid water product under all-weather conditions.,SHALL,no,0,recommended,2,0.67
S26441_optional,S26441,mlm_tapt,2018_jpss_l0_web,The algorithm shall produce the cloud liquid water product under all-weather conditions.,produce the cloud liquid water product under all-weather conditions,optional,The system MAY produce the cloud liquid water product under all-weather conditions.,The system SHALL produce the cloud liquid water product under all-weather conditions.,SHALL,no,0,optional,1,0.33
S26441_nice_to_have,S26441,mlm_tapt,2018_jpss_l0_web,The algorithm shall produce the cloud liquid water product under all-weather conditions.,produce the cloud liquid water product under all-weather conditions,nice_to_have,It would be useful if the system could produce the cloud liquid water product under all-weather conditions.,The system SHALL produce the cloud liquid water product under all-weather conditions.,SHALL,no,0,nice_to_have,0,0.0
S26449_mandatory,S26449,mlm_tapt,2003_hp_ird_web,"It shall be possible to modify the on-board software, either by modifying the image on non-volatile memory or by patching the image in working memory, while the unit affected is operational.",support modification of the on-board software by modifying the image on non-volatile memory or patching the image in working memory while the affected unit is operational,mandatory,The system SHALL support modification of the on-board software by modifying the image on non-volatile memory or patching the image in working memory while the affected unit is operational.,The system SHALL support modification of the on-board software by modifying the image on non-volatile memory or patching the image in working memory while the affected unit is operational.,SHALL,yes,1,mandatory,3,1.0
S26449_recommended,S26449,mlm_tapt,2003_hp_ird_web,"It shall be possible to modify the on-board software, either by modifying the image on non-volatile memory or by patching the image in working memory, while the unit affected is operational.",support modification of the on-board software by modifying the image on non-volatile memory or patching the image in working memory while the affected unit is operational,recommended,The system SHOULD support modification of the on-board software by modifying the image on non-volatile memory or patching the image in working memory while the affected unit is operational.,The system SHALL support modification of the on-board software by modifying the image on non-volatile memory or patching the image in working memory while the affected unit is operational.,SHALL,no,0,recommended,2,0.67
S26449_optional,S26449,mlm_tapt,2003_hp_ird_web,"It shall be possible to modify the on-board software, either by modifying the image on non-volatile memory or by patching the image in working memory, while the unit affected is operational.",support modification of the on-board software by modifying the image on non-volatile memory or patching the image in working memory while the affected unit is operational,optional,The system MAY support modification of the on-board software by modifying the image on non-volatile memory or patching the image in working memory while the affected unit is operational.,The system SHALL support modification of the on-board software by modifying the image on non-volatile memory or patching the image in working memory while the affected unit is operational.,SHALL,no,0,optional,1,0.33
S26449_nice_to_have,S26449,mlm_tapt,2003_hp_ird_web,"It shall be possible to modify the on-board software, either by modifying the image on non-volatile memory or by patching the image in working memory, while the unit affected is operational.",support modification of the on-board software by modifying the image on non-volatile memory or patching the image in working memory while the affected unit is operational,nice_to_have,It would be useful if the system could support modification of the on-board software by modifying the image on non-volatile memory or patching the image in working memory while the affected unit is operational.,The system SHALL support modification of the on-board software by modifying the image on non-volatile memory or patching the image in working memory while the affected unit is operational.,SHALL,no,0,nice_to_have,0,0.0
S26653_mandatory,S26653,mlm_tapt,2019_jpss_dps,The Vegetation Health Index Suite product shall provide geolocation of horizontal cell centers with a 3-sigma mapping uncertainty of 4 kilometers.,provide geolocation of horizontal cell centers with a 3-sigma mapping uncertainty of 4 kilometers,mandatory,The system SHALL provide geolocation of horizontal cell centers with a 3-sigma mapping uncertainty of 4 kilometers.,The system SHALL provide geolocation of horizontal cell centers with a 3-sigma mapping uncertainty of 4 kilometers.,SHALL,yes,1,mandatory,3,1.0
S26653_recommended,S26653,mlm_tapt,2019_jpss_dps,The Vegetation Health Index Suite product shall provide geolocation of horizontal cell centers with a 3-sigma mapping uncertainty of 4 kilometers.,provide geolocation of horizontal cell centers with a 3-sigma mapping uncertainty of 4 kilometers,recommended,The system SHOULD provide geolocation of horizontal cell centers with a 3-sigma mapping uncertainty of 4 kilometers.,The system SHALL provide geolocation of horizontal cell centers with a 3-sigma mapping uncertainty of 4 kilometers.,SHALL,no,0,recommended,2,0.67
S26653_optional,S26653,mlm_tapt,2019_jpss_dps,The Vegetation Health Index Suite product shall provide geolocation of horizontal cell centers with a 3-sigma mapping uncertainty of 4 kilometers.,provide geolocation of horizontal cell centers with a 3-sigma mapping uncertainty of 4 kilometers,optional,The system MAY provide geolocation of horizontal cell centers with a 3-sigma mapping uncertainty of 4 kilometers.,The system SHALL provide geolocation of horizontal cell centers with a 3-sigma mapping uncertainty of 4 kilometers.,SHALL,no,0,optional,1,0.33
S26653_nice_to_have,S26653,mlm_tapt,2019_jpss_dps,The Vegetation Health Index Suite product shall provide geolocation of horizontal cell centers with a 3-sigma mapping uncertainty of 4 kilometers.,provide geolocation of horizontal cell centers with a 3-sigma mapping uncertainty of 4 kilometers,nice_to_have,It would be useful if the system could provide geolocation of horizontal cell centers with a 3-sigma mapping uncertainty of 4 kilometers.,The system SHALL provide geolocation of horizontal cell centers with a 3-sigma mapping uncertainty of 4 kilometers.,SHALL,no,0,nice_to_have,0,0.0
S27099_mandatory,S27099,mlm_tapt,2021_tmt_oad_WEB,The elevation structure shall include locking devices that prevent motion during servicing operations when the telescope is zenith pointing or horizon pointing.,include locking devices that prevent motion during servicing operations when the telescope is zenith pointing or horizon pointing,mandatory,The system SHALL include locking devices that prevent motion during servicing operations when the telescope is zenith pointing or horizon pointing.,The system SHALL include locking devices that prevent motion during servicing operations when the telescope is zenith pointing or horizon pointing.,SHALL,yes,1,mandatory,3,1.0
S27099_recommended,S27099,mlm_tapt,2021_tmt_oad_WEB,The elevation structure shall include locking devices that prevent motion during servicing operations when the telescope is zenith pointing or horizon pointing.,include locking devices that prevent motion during servicing operations when the telescope is zenith pointing or horizon pointing,recommended,The system SHOULD include locking devices that prevent motion during servicing operations when the telescope is zenith pointing or horizon pointing.,The system SHALL include locking devices that prevent motion during servicing operations when the telescope is zenith pointing or horizon pointing.,SHALL,no,0,recommended,2,0.67
S27099_optional,S27099,mlm_tapt,2021_tmt_oad_WEB,The elevation structure shall include locking devices that prevent motion during servicing operations when the telescope is zenith pointing or horizon pointing.,include locking devices that prevent motion during servicing operations when the telescope is zenith pointing or horizon pointing,optional,The system MAY include locking devices that prevent motion during servicing operations when the telescope is zenith pointing or horizon pointing.,The system SHALL include locking devices that prevent motion during servicing operations when the telescope is zenith pointing or horizon pointing.,SHALL,no,0,optional,1,0.33
S27099_nice_to_have,S27099,mlm_tapt,2021_tmt_oad_WEB,The elevation structure shall include locking devices that prevent motion during servicing operations when the telescope is zenith pointing or horizon pointing.,include locking devices that prevent motion during servicing operations when the telescope is zenith pointing or horizon pointing,nice_to_have,It would be useful if the system could include locking devices that prevent motion during servicing operations when the telescope is zenith pointing or horizon pointing.,The system SHALL include locking devices that prevent motion during servicing operations when the telescope is zenith pointing or horizon pointing.,SHALL,no,0,nice_to_have,0,0.0
S27166_mandatory,S27166,mlm_tapt,2013_loft_mrd_web,"The S/C shall support replacement of the on-board software, either partially or totally, with software up-linked from the ground.","support replacement of the on-board software, either partially or totally, with software up-linked from the ground",mandatory,"The system SHALL support replacement of the on-board software, either partially or totally, with software up-linked from the ground.","The system SHALL support replacement of the on-board software, either partially or totally, with software up-linked from the ground.",SHALL,yes,1,mandatory,3,1.0
S27166_recommended,S27166,mlm_tapt,2013_loft_mrd_web,"The S/C shall support replacement of the on-board software, either partially or totally, with software up-linked from the ground.","support replacement of the on-board software, either partially or totally, with software up-linked from the ground",recommended,"The system SHOULD support replacement of the on-board software, either partially or totally, with software up-linked from the ground.","The system SHALL support replacement of the on-board software, either partially or totally, with software up-linked from the ground.",SHALL,no,0,recommended,2,0.67
S27166_optional,S27166,mlm_tapt,2013_loft_mrd_web,"The S/C shall support replacement of the on-board software, either partially or totally, with software up-linked from the ground.","support replacement of the on-board software, either partially or totally, with software up-linked from the ground",optional,"The system MAY support replacement of the on-board software, either partially or totally, with software up-linked from the ground.","The system SHALL support replacement of the on-board software, either partially or totally, with software up-linked from the ground.",SHALL,no,0,optional,1,0.33
S27166_nice_to_have,S27166,mlm_tapt,2013_loft_mrd_web,"The S/C shall support replacement of the on-board software, either partially or totally, with software up-linked from the ground.","support replacement of the on-board software, either partially or totally, with software up-linked from the ground",nice_to_have,"It would be useful if the system could support replacement of the on-board software, either partially or totally, with software up-linked from the ground.","The system SHALL support replacement of the on-board software, either partially or totally, with software up-linked from the ground.",SHALL,no,0,nice_to_have,0,0.0
S27182_mandatory,S27182,mlm_tapt,2021_gmt_oad_web,The OCS shall provide visualization to support assessment of runtime observing conditions.,provide visualization to support assessment of runtime observing conditions,mandatory,The system SHALL provide visualization to support assessment of runtime observing conditions.,The system SHALL provide visualization to support assessment of runtime observing conditions.,SHALL,yes,1,mandatory,3,1.0
S27182_recommended,S27182,mlm_tapt,2021_gmt_oad_web,The OCS shall provide visualization to support assessment of runtime observing conditions.,provide visualization to support assessment of runtime observing conditions,recommended,The system SHOULD provide visualization to support assessment of runtime observing conditions.,The system SHALL provide visualization to support assessment of runtime observing conditions.,SHALL,no,0,recommended,2,0.67
S27182_optional,S27182,mlm_tapt,2021_gmt_oad_web,The OCS shall provide visualization to support assessment of runtime observing conditions.,provide visualization to support assessment of runtime observing conditions,optional,The system MAY provide visualization to support assessment of runtime observing conditions.,The system SHALL provide visualization to support assessment of runtime observing conditions.,SHALL,no,0,optional,1,0.33
S27182_nice_to_have,S27182,mlm_tapt,2021_gmt_oad_web,The OCS shall provide visualization to support assessment of runtime observing conditions.,provide visualization to support assessment of runtime observing conditions,nice_to_have,It would be useful if the system could provide visualization to support assessment of runtime observing conditions.,The system SHALL provide visualization to support assessment of runtime observing conditions.,SHALL,no,0,nice_to_have,0,0.0
S27528_mandatory,S27528,mlm_tapt,2021_gmt_ord_web,The GMT shall support the Queue mode of science operations.,support the Queue mode of science operations,mandatory,The system SHALL support the Queue mode of science operations.,The system SHALL support the Queue mode of science operations.,SHALL,yes,1,mandatory,3,1.0
S27528_recommended,S27528,mlm_tapt,2021_gmt_ord_web,The GMT shall support the Queue mode of science operations.,support the Queue mode of science operations,recommended,The system SHOULD support the Queue mode of science operations.,The system SHALL support the Queue mode of science operations.,SHALL,no,0,recommended,2,0.67
S27528_optional,S27528,mlm_tapt,2021_gmt_ord_web,The GMT shall support the Queue mode of science operations.,support the Queue mode of science operations,optional,The system MAY support the Queue mode of science operations.,The system SHALL support the Queue mode of science operations.,SHALL,no,0,optional,1,0.33
S27528_nice_to_have,S27528,mlm_tapt,2021_gmt_ord_web,The GMT shall support the Queue mode of science operations.,support the Queue mode of science operations,nice_to_have,It would be useful if the system could support the Queue mode of science operations.,The system SHALL support the Queue mode of science operations.,SHALL,no,0,nice_to_have,0,0.0
S28068_mandatory,S28068,mlm_tapt,2009_gg_WEB,"Total mass budget in launch configuration shall be compliant with the launcher capability, referred to selected orbit.",maintain the total mass budget in launch configuration within the launcher capability for the selected orbit,mandatory,The system SHALL maintain the total mass budget in launch configuration within the launcher capability for the selected orbit.,The system SHALL maintain the total mass budget in launch configuration within the launcher capability for the selected orbit.,SHALL,yes,1,mandatory,3,1.0
S28068_recommended,S28068,mlm_tapt,2009_gg_WEB,"Total mass budget in launch configuration shall be compliant with the launcher capability, referred to selected orbit.",maintain the total mass budget in launch configuration within the launcher capability for the selected orbit,recommended,The system SHOULD maintain the total mass budget in launch configuration within the launcher capability for the selected orbit.,The system SHALL maintain the total mass budget in launch configuration within the launcher capability for the selected orbit.,SHALL,no,0,recommended,2,0.67
S28068_optional,S28068,mlm_tapt,2009_gg_WEB,"Total mass budget in launch configuration shall be compliant with the launcher capability, referred to selected orbit.",maintain the total mass budget in launch configuration within the launcher capability for the selected orbit,optional,The system MAY maintain the total mass budget in launch configuration within the launcher capability for the selected orbit.,The system SHALL maintain the total mass budget in launch configuration within the launcher capability for the selected orbit.,SHALL,no,0,optional,1,0.33
S28068_nice_to_have,S28068,mlm_tapt,2009_gg_WEB,"Total mass budget in launch configuration shall be compliant with the launcher capability, referred to selected orbit.",maintain the total mass budget in launch configuration within the launcher capability for the selected orbit,nice_to_have,It would be useful if the system could maintain the total mass budget in launch configuration within the launcher capability for the selected orbit.,The system SHALL maintain the total mass budget in launch configuration within the launcher capability for the selected orbit.,SHALL,no,0,nice_to_have,0,0.0
S28235_mandatory,S28235,mlm_tapt,2007_jwst_mrd_web,The Ground Segment shall provide a minimum of 4 hours of contact time per day with the Observatory.,provide a minimum of 4 hours of contact time per day with the Observatory,mandatory,The system SHALL provide a minimum of 4 hours of contact time per day with the Observatory.,The system SHALL provide a minimum of 4 hours of contact time per day with the Observatory.,SHALL,yes,1,mandatory,3,1.0
S28235_recommended,S28235,mlm_tapt,2007_jwst_mrd_web,The Ground Segment shall provide a minimum of 4 hours of contact time per day with the Observatory.,provide a minimum of 4 hours of contact time per day with the Observatory,recommended,The system SHOULD provide a minimum of 4 hours of contact time per day with the Observatory.,The system SHALL provide a minimum of 4 hours of contact time per day with the Observatory.,SHALL,no,0,recommended,2,0.67
S28235_optional,S28235,mlm_tapt,2007_jwst_mrd_web,The Ground Segment shall provide a minimum of 4 hours of contact time per day with the Observatory.,provide a minimum of 4 hours of contact time per day with the Observatory,optional,The system MAY provide a minimum of 4 hours of contact time per day with the Observatory.,The system SHALL provide a minimum of 4 hours of contact time per day with the Observatory.,SHALL,no,0,optional,1,0.33
S28235_nice_to_have,S28235,mlm_tapt,2007_jwst_mrd_web,The Ground Segment shall provide a minimum of 4 hours of contact time per day with the Observatory.,provide a minimum of 4 hours of contact time per day with the Observatory,nice_to_have,It would be useful if the system could provide a minimum of 4 hours of contact time per day with the Observatory.,The system SHALL provide a minimum of 4 hours of contact time per day with the Observatory.,SHALL,no,0,nice_to_have,0,0.0
S29179_mandatory,S29179,mlm_tapt,2004_hp_srs_web,All software codes shall be dynamically analysed by a standard tool.,dynamically analyse all software code with a standard tool,mandatory,The system SHALL dynamically analyse all software code with a standard tool.,The system SHALL dynamically analyse all software code with a standard tool.,SHALL,yes,1,mandatory,3,1.0
S29179_recommended,S29179,mlm_tapt,2004_hp_srs_web,All software codes shall be dynamically analysed by a standard tool.,dynamically analyse all software code with a standard tool,recommended,The system SHOULD dynamically analyse all software code with a standard tool.,The system SHALL dynamically analyse all software code with a standard tool.,SHALL,no,0,recommended,2,0.67
S29179_optional,S29179,mlm_tapt,2004_hp_srs_web,All software codes shall be dynamically analysed by a standard tool.,dynamically analyse all software code with a standard tool,optional,The system MAY dynamically analyse all software code with a standard tool.,The system SHALL dynamically analyse all software code with a standard tool.,SHALL,no,0,optional,1,0.33
S29179_nice_to_have,S29179,mlm_tapt,2004_hp_srs_web,All software codes shall be dynamically analysed by a standard tool.,dynamically analyse all software code with a standard tool,nice_to_have,It would be useful if the system could dynamically analyse all software code with a standard tool.,The system SHALL dynamically analyse all software code with a standard tool.,SHALL,no,0,nice_to_have,0,0.0
S29664_mandatory,S29664,mlm_tapt,0000_mss_WEB,"The unit shall provide adjustable rotation speed from 0,2°/s to 30°/s in the azimuth and from 0,2°/s to 15°/s in the vertical","provide adjustable rotation speed from 0,2°/s to 30°/s in the azimuth and from 0,2°/s to 15°/s in the vertical",mandatory,"The system SHALL provide adjustable rotation speed from 0,2°/s to 30°/s in the azimuth and from 0,2°/s to 15°/s in the vertical.","The system SHALL provide adjustable rotation speed from 0,2°/s to 30°/s in the azimuth and from 0,2°/s to 15°/s in the vertical.",SHALL,yes,1,mandatory,3,1.0
S29664_recommended,S29664,mlm_tapt,0000_mss_WEB,"The unit shall provide adjustable rotation speed from 0,2°/s to 30°/s in the azimuth and from 0,2°/s to 15°/s in the vertical","provide adjustable rotation speed from 0,2°/s to 30°/s in the azimuth and from 0,2°/s to 15°/s in the vertical",recommended,"The system SHOULD provide adjustable rotation speed from 0,2°/s to 30°/s in the azimuth and from 0,2°/s to 15°/s in the vertical.","The system SHALL provide adjustable rotation speed from 0,2°/s to 30°/s in the azimuth and from 0,2°/s to 15°/s in the vertical.",SHALL,no,0,recommended,2,0.67
S29664_optional,S29664,mlm_tapt,0000_mss_WEB,"The unit shall provide adjustable rotation speed from 0,2°/s to 30°/s in the azimuth and from 0,2°/s to 15°/s in the vertical","provide adjustable rotation speed from 0,2°/s to 30°/s in the azimuth and from 0,2°/s to 15°/s in the vertical",optional,"The system MAY provide adjustable rotation speed from 0,2°/s to 30°/s in the azimuth and from 0,2°/s to 15°/s in the vertical.","The system SHALL provide adjustable rotation speed from 0,2°/s to 30°/s in the azimuth and from 0,2°/s to 15°/s in the vertical.",SHALL,no,0,optional,1,0.33
S29664_nice_to_have,S29664,mlm_tapt,0000_mss_WEB,"The unit shall provide adjustable rotation speed from 0,2°/s to 30°/s in the azimuth and from 0,2°/s to 15°/s in the vertical","provide adjustable rotation speed from 0,2°/s to 30°/s in the azimuth and from 0,2°/s to 15°/s in the vertical",nice_to_have,"It would be useful if the system could provide adjustable rotation speed from 0,2°/s to 30°/s in the azimuth and from 0,2°/s to 15°/s in the vertical.","The system SHALL provide adjustable rotation speed from 0,2°/s to 30°/s in the azimuth and from 0,2°/s to 15°/s in the vertical.",SHALL,no,0,nice_to_have,0,0.0
S29819_mandatory,S29819,mlm_tapt,2021_gmt_ord_web,The Observatory shall provide controls to prevent unsafe interactions between Observatory subsystems.,provide controls to prevent unsafe interactions between Observatory subsystems,mandatory,The system SHALL provide controls to prevent unsafe interactions between Observatory subsystems.,The system SHALL provide controls to prevent unsafe interactions between Observatory subsystems.,SHALL,yes,1,mandatory,3,1.0
S29819_recommended,S29819,mlm_tapt,2021_gmt_ord_web,The Observatory shall provide controls to prevent unsafe interactions between Observatory subsystems.,provide controls to prevent unsafe interactions between Observatory subsystems,recommended,The system SHOULD provide controls to prevent unsafe interactions between Observatory subsystems.,The system SHALL provide controls to prevent unsafe interactions between Observatory subsystems.,SHALL,no,0,recommended,2,0.67
S29819_optional,S29819,mlm_tapt,2021_gmt_ord_web,The Observatory shall provide controls to prevent unsafe interactions between Observatory subsystems.,provide controls to prevent unsafe interactions between Observatory subsystems,optional,The system MAY provide controls to prevent unsafe interactions between Observatory subsystems.,The system SHALL provide controls to prevent unsafe interactions between Observatory subsystems.,SHALL,no,0,optional,1,0.33
S29819_nice_to_have,S29819,mlm_tapt,2021_gmt_ord_web,The Observatory shall provide controls to prevent unsafe interactions between Observatory subsystems.,provide controls to prevent unsafe interactions between Observatory subsystems,nice_to_have,It would be useful if the system could provide controls to prevent unsafe interactions between Observatory subsystems.,The system SHALL provide controls to prevent unsafe interactions between Observatory subsystems.,SHALL,no,0,nice_to_have,0,0.0
S29953_mandatory,S29953,mlm_tapt,1998_grace_WEB,The IPU shall output attitude measurements in the form of quaternions for use by the AOCS at a 1 Hz rate.,output attitude measurements in the form of quaternions for use by the AOCS at a 1 Hz rate,mandatory,The system SHALL output attitude measurements in the form of quaternions for use by the AOCS at a 1 Hz rate.,The system SHALL output attitude measurements in the form of quaternions for use by the AOCS at a 1 Hz rate.,SHALL,yes,1,mandatory,3,1.0
S29953_recommended,S29953,mlm_tapt,1998_grace_WEB,The IPU shall output attitude measurements in the form of quaternions for use by the AOCS at a 1 Hz rate.,output attitude measurements in the form of quaternions for use by the AOCS at a 1 Hz rate,recommended,The system SHOULD output attitude measurements in the form of quaternions for use by the AOCS at a 1 Hz rate.,The system SHALL output attitude measurements in the form of quaternions for use by the AOCS at a 1 Hz rate.,SHALL,no,0,recommended,2,0.67
S29953_optional,S29953,mlm_tapt,1998_grace_WEB,The IPU shall output attitude measurements in the form of quaternions for use by the AOCS at a 1 Hz rate.,output attitude measurements in the form of quaternions for use by the AOCS at a 1 Hz rate,optional,The system MAY output attitude measurements in the form of quaternions for use by the AOCS at a 1 Hz rate.,The system SHALL output attitude measurements in the form of quaternions for use by the AOCS at a 1 Hz rate.,SHALL,no,0,optional,1,0.33
S29953_nice_to_have,S29953,mlm_tapt,1998_grace_WEB,The IPU shall output attitude measurements in the form of quaternions for use by the AOCS at a 1 Hz rate.,output attitude measurements in the form of quaternions for use by the AOCS at a 1 Hz rate,nice_to_have,It would be useful if the system could output attitude measurements in the form of quaternions for use by the AOCS at a 1 Hz rate.,The system SHALL output attitude measurements in the form of quaternions for use by the AOCS at a 1 Hz rate.,SHALL,no,0,nice_to_have,0,0.0
S30175_mandatory,S30175,mlm_tapt,2012_d51_web,Any non-registered user shall be able to access all areas of the SICCI portal other than for the downloading of SICCI products.,allow non-registered users to access all areas of the SICCI portal except those used for downloading SICCI products,mandatory,The system SHALL allow non-registered users to access all areas of the SICCI portal except those used for downloading SICCI products.,The system SHALL allow non-registered users to access all areas of the SICCI portal except those used for downloading SICCI products.,SHALL,yes,1,mandatory,3,1.0
S30175_recommended,S30175,mlm_tapt,2012_d51_web,Any non-registered user shall be able to access all areas of the SICCI portal other than for the downloading of SICCI products.,allow non-registered users to access all areas of the SICCI portal except those used for downloading SICCI products,recommended,The system SHOULD allow non-registered users to access all areas of the SICCI portal except those used for downloading SICCI products.,The system SHALL allow non-registered users to access all areas of the SICCI portal except those used for downloading SICCI products.,SHALL,no,0,recommended,2,0.67
S30175_optional,S30175,mlm_tapt,2012_d51_web,Any non-registered user shall be able to access all areas of the SICCI portal other than for the downloading of SICCI products.,allow non-registered users to access all areas of the SICCI portal except those used for downloading SICCI products,optional,The system MAY allow non-registered users to access all areas of the SICCI portal except those used for downloading SICCI products.,The system SHALL allow non-registered users to access all areas of the SICCI portal except those used for downloading SICCI products.,SHALL,no,0,optional,1,0.33
S30175_nice_to_have,S30175,mlm_tapt,2012_d51_web,Any non-registered user shall be able to access all areas of the SICCI portal other than for the downloading of SICCI products.,allow non-registered users to access all areas of the SICCI portal except those used for downloading SICCI products,nice_to_have,It would be useful if the system could allow non-registered users to access all areas of the SICCI portal except those used for downloading SICCI products.,The system SHALL allow non-registered users to access all areas of the SICCI portal except those used for downloading SICCI products.,SHALL,no,0,nice_to_have,0,0.0
S30281_mandatory,S30281,mlm_tapt,2007_jwst_mrd_web,The command uplink shall be at 250 bps.,provide a command uplink at 250 bps,mandatory,The system SHALL provide a command uplink at 250 bps.,The system SHALL provide a command uplink at 250 bps.,SHALL,yes,1,mandatory,3,1.0
S30281_recommended,S30281,mlm_tapt,2007_jwst_mrd_web,The command uplink shall be at 250 bps.,provide a command uplink at 250 bps,recommended,The system SHOULD provide a command uplink at 250 bps.,The system SHALL provide a command uplink at 250 bps.,SHALL,no,0,recommended,2,0.67
S30281_optional,S30281,mlm_tapt,2007_jwst_mrd_web,The command uplink shall be at 250 bps.,provide a command uplink at 250 bps,optional,The system MAY provide a command uplink at 250 bps.,The system SHALL provide a command uplink at 250 bps.,SHALL,no,0,optional,1,0.33
S30281_nice_to_have,S30281,mlm_tapt,2007_jwst_mrd_web,The command uplink shall be at 250 bps.,provide a command uplink at 250 bps,nice_to_have,It would be useful if the system could provide a command uplink at 250 bps.,The system SHALL provide a command uplink at 250 bps.,SHALL,no,0,nice_to_have,0,0.0
S30582_mandatory,S30582,mlm_tapt,2021_tmt_oad_WEB,An engineering workshop and optical lab shall be provided adjacent to the enclosure.,provide an engineering workshop and optical lab adjacent to the enclosure,mandatory,The system SHALL provide an engineering workshop and optical lab adjacent to the enclosure.,The system SHALL provide an engineering workshop and optical lab adjacent to the enclosure.,SHALL,yes,1,mandatory,3,1.0
S30582_recommended,S30582,mlm_tapt,2021_tmt_oad_WEB,An engineering workshop and optical lab shall be provided adjacent to the enclosure.,provide an engineering workshop and optical lab adjacent to the enclosure,recommended,The system SHOULD provide an engineering workshop and optical lab adjacent to the enclosure.,The system SHALL provide an engineering workshop and optical lab adjacent to the enclosure.,SHALL,no,0,recommended,2,0.67
S30582_optional,S30582,mlm_tapt,2021_tmt_oad_WEB,An engineering workshop and optical lab shall be provided adjacent to the enclosure.,provide an engineering workshop and optical lab adjacent to the enclosure,optional,The system MAY provide an engineering workshop and optical lab adjacent to the enclosure.,The system SHALL provide an engineering workshop and optical lab adjacent to the enclosure.,SHALL,no,0,optional,1,0.33
S30582_nice_to_have,S30582,mlm_tapt,2021_tmt_oad_WEB,An engineering workshop and optical lab shall be provided adjacent to the enclosure.,provide an engineering workshop and optical lab adjacent to the enclosure,nice_to_have,It would be useful if the system could provide an engineering workshop and optical lab adjacent to the enclosure.,The system SHALL provide an engineering workshop and optical lab adjacent to the enclosure.,SHALL,no,0,nice_to_have,0,0.0
S30981_mandatory,S30981,mlm_tapt,2019_gateway_WEB,The Gateway shall distribute primary power using two bi-directional power domains to each axial docking port.,distribute primary power using two bi-directional power domains to each axial docking port,mandatory,The system SHALL distribute primary power using two bi-directional power domains to each axial docking port.,The system SHALL distribute primary power using two bi-directional power domains to each axial docking port.,SHALL,yes,1,mandatory,3,1.0
S30981_recommended,S30981,mlm_tapt,2019_gateway_WEB,The Gateway shall distribute primary power using two bi-directional power domains to each axial docking port.,distribute primary power using two bi-directional power domains to each axial docking port,recommended,The system SHOULD distribute primary power using two bi-directional power domains to each axial docking port.,The system SHALL distribute primary power using two bi-directional power domains to each axial docking port.,SHALL,no,0,recommended,2,0.67
S30981_optional,S30981,mlm_tapt,2019_gateway_WEB,The Gateway shall distribute primary power using two bi-directional power domains to each axial docking port.,distribute primary power using two bi-directional power domains to each axial docking port,optional,The system MAY distribute primary power using two bi-directional power domains to each axial docking port.,The system SHALL distribute primary power using two bi-directional power domains to each axial docking port.,SHALL,no,0,optional,1,0.33
S30981_nice_to_have,S30981,mlm_tapt,2019_gateway_WEB,The Gateway shall distribute primary power using two bi-directional power domains to each axial docking port.,distribute primary power using two bi-directional power domains to each axial docking port,nice_to_have,It would be useful if the system could distribute primary power using two bi-directional power domains to each axial docking port.,The system SHALL distribute primary power using two bi-directional power domains to each axial docking port.,SHALL,no,0,nice_to_have,0,0.0
S31553_mandatory,S31553,mlm_tapt,2017_s45_mrtd_web,The performance requirements shall be met for SZAs smaller than 80o.,meet the performance requirements for SZAs smaller than 80 degrees,mandatory,The system SHALL meet the performance requirements for SZAs smaller than 80 degrees.,The system SHALL meet the performance requirements for SZAs smaller than 80 degrees.,SHALL,yes,1,mandatory,3,1.0
S31553_recommended,S31553,mlm_tapt,2017_s45_mrtd_web,The performance requirements shall be met for SZAs smaller than 80o.,meet the performance requirements for SZAs smaller than 80 degrees,recommended,The system SHOULD meet the performance requirements for SZAs smaller than 80 degrees.,The system SHALL meet the performance requirements for SZAs smaller than 80 degrees.,SHALL,no,0,recommended,2,0.67
S31553_optional,S31553,mlm_tapt,2017_s45_mrtd_web,The performance requirements shall be met for SZAs smaller than 80o.,meet the performance requirements for SZAs smaller than 80 degrees,optional,The system MAY meet the performance requirements for SZAs smaller than 80 degrees.,The system SHALL meet the performance requirements for SZAs smaller than 80 degrees.,SHALL,no,0,optional,1,0.33
S31553_nice_to_have,S31553,mlm_tapt,2017_s45_mrtd_web,The performance requirements shall be met for SZAs smaller than 80o.,meet the performance requirements for SZAs smaller than 80 degrees,nice_to_have,It would be useful if the system could meet the performance requirements for SZAs smaller than 80 degrees.,The system SHALL meet the performance requirements for SZAs smaller than 80 degrees.,SHALL,no,0,nice_to_have,0,0.0
S31586_mandatory,S31586,mlm_tapt,2005_wise_mos_WEB,The MOS shall determine the ephemeris for the WISE Flight-system.,determine the ephemeris for the WISE Flight-system,mandatory,The system SHALL determine the ephemeris for the WISE Flight-system.,The system SHALL determine the ephemeris for the WISE Flight-system.,SHALL,yes,1,mandatory,3,1.0
S31586_recommended,S31586,mlm_tapt,2005_wise_mos_WEB,The MOS shall determine the ephemeris for the WISE Flight-system.,determine the ephemeris for the WISE Flight-system,recommended,The system SHOULD determine the ephemeris for the WISE Flight-system.,The system SHALL determine the ephemeris for the WISE Flight-system.,SHALL,no,0,recommended,2,0.67
S31586_optional,S31586,mlm_tapt,2005_wise_mos_WEB,The MOS shall determine the ephemeris for the WISE Flight-system.,determine the ephemeris for the WISE Flight-system,optional,The system MAY determine the ephemeris for the WISE Flight-system.,The system SHALL determine the ephemeris for the WISE Flight-system.,SHALL,no,0,optional,1,0.33
S31586_nice_to_have,S31586,mlm_tapt,2005_wise_mos_WEB,The MOS shall determine the ephemeris for the WISE Flight-system.,determine the ephemeris for the WISE Flight-system,nice_to_have,It would be useful if the system could determine the ephemeris for the WISE Flight-system.,The system SHALL determine the ephemeris for the WISE Flight-system.,SHALL,no,0,nice_to_have,0,0.0
S31823_mandatory,S31823,mlm_tapt,2012_d51_web,The SIT sub-system shall manage a metadata catalogue of SIT products generated by the ECV processing chain,manage a metadata catalogue of SIT products generated by the ECV processing chain,mandatory,The system SHALL manage a metadata catalogue of SIT products generated by the ECV processing chain.,The system SHALL manage a metadata catalogue of SIT products generated by the ECV processing chain.,SHALL,yes,1,mandatory,3,1.0
S31823_recommended,S31823,mlm_tapt,2012_d51_web,The SIT sub-system shall manage a metadata catalogue of SIT products generated by the ECV processing chain,manage a metadata catalogue of SIT products generated by the ECV processing chain,recommended,The system SHOULD manage a metadata catalogue of SIT products generated by the ECV processing chain.,The system SHALL manage a metadata catalogue of SIT products generated by the ECV processing chain.,SHALL,no,0,recommended,2,0.67
S31823_optional,S31823,mlm_tapt,2012_d51_web,The SIT sub-system shall manage a metadata catalogue of SIT products generated by the ECV processing chain,manage a metadata catalogue of SIT products generated by the ECV processing chain,optional,The system MAY manage a metadata catalogue of SIT products generated by the ECV processing chain.,The system SHALL manage a metadata catalogue of SIT products generated by the ECV processing chain.,SHALL,no,0,optional,1,0.33
S31823_nice_to_have,S31823,mlm_tapt,2012_d51_web,The SIT sub-system shall manage a metadata catalogue of SIT products generated by the ECV processing chain,manage a metadata catalogue of SIT products generated by the ECV processing chain,nice_to_have,It would be useful if the system could manage a metadata catalogue of SIT products generated by the ECV processing chain.,The system SHALL manage a metadata catalogue of SIT products generated by the ECV processing chain.,SHALL,no,0,nice_to_have,0,0.0
S32187_mandatory,S32187,mlm_tapt,spacebert_ecss,"The supplier shall calculate the results for TML, RML and CVCM (theoretically all zero) as for a normal VCM-test.","calculate the results for TML, RML and CVCM (theoretically all zero) as for a normal VCM-test",mandatory,"The system SHALL calculate the results for TML, RML and CVCM (theoretically all zero) as for a normal VCM-test.","The system SHALL calculate the results for TML, RML and CVCM (theoretically all zero) as for a normal VCM-test.",SHALL,yes,1,mandatory,3,1.0
S32187_recommended,S32187,mlm_tapt,spacebert_ecss,"The supplier shall calculate the results for TML, RML and CVCM (theoretically all zero) as for a normal VCM-test.","calculate the results for TML, RML and CVCM (theoretically all zero) as for a normal VCM-test",recommended,"The system SHOULD calculate the results for TML, RML and CVCM (theoretically all zero) as for a normal VCM-test.","The system SHALL calculate the results for TML, RML and CVCM (theoretically all zero) as for a normal VCM-test.",SHALL,no,0,recommended,2,0.67
S32187_optional,S32187,mlm_tapt,spacebert_ecss,"The supplier shall calculate the results for TML, RML and CVCM (theoretically all zero) as for a normal VCM-test.","calculate the results for TML, RML and CVCM (theoretically all zero) as for a normal VCM-test",optional,"The system MAY calculate the results for TML, RML and CVCM (theoretically all zero) as for a normal VCM-test.","The system SHALL calculate the results for TML, RML and CVCM (theoretically all zero) as for a normal VCM-test.",SHALL,no,0,optional,1,0.33
S32187_nice_to_have,S32187,mlm_tapt,spacebert_ecss,"The supplier shall calculate the results for TML, RML and CVCM (theoretically all zero) as for a normal VCM-test.","calculate the results for TML, RML and CVCM (theoretically all zero) as for a normal VCM-test",nice_to_have,"It would be useful if the system could calculate the results for TML, RML and CVCM (theoretically all zero) as for a normal VCM-test.","The system SHALL calculate the results for TML, RML and CVCM (theoretically all zero) as for a normal VCM-test.",SHALL,no,0,nice_to_have,0,0.0
S32448_mandatory,S32448,mlm_tapt,2004_hp_srs_web,The spacecraft design shall support real time housekeeping data (spacecraft and payload),support real time housekeeping data (spacecraft and payload),mandatory,The system SHALL support real time housekeeping data (spacecraft and payload).,The system SHALL support real time housekeeping data (spacecraft and payload).,SHALL,yes,1,mandatory,3,1.0
S32448_recommended,S32448,mlm_tapt,2004_hp_srs_web,The spacecraft design shall support real time housekeeping data (spacecraft and payload),support real time housekeeping data (spacecraft and payload),recommended,The system SHOULD support real time housekeeping data (spacecraft and payload).,The system SHALL support real time housekeeping data (spacecraft and payload).,SHALL,no,0,recommended,2,0.67
S32448_optional,S32448,mlm_tapt,2004_hp_srs_web,The spacecraft design shall support real time housekeeping data (spacecraft and payload),support real time housekeeping data (spacecraft and payload),optional,The system MAY support real time housekeeping data (spacecraft and payload).,The system SHALL support real time housekeeping data (spacecraft and payload).,SHALL,no,0,optional,1,0.33
S32448_nice_to_have,S32448,mlm_tapt,2004_hp_srs_web,The spacecraft design shall support real time housekeeping data (spacecraft and payload),support real time housekeeping data (spacecraft and payload),nice_to_have,It would be useful if the system could support real time housekeeping data (spacecraft and payload).,The system SHALL support real time housekeeping data (spacecraft and payload).,SHALL,no,0,nice_to_have,0,0.0
S32545_mandatory,S32545,mlm_tapt,2016_teser_web,The PMD module structures shall withstand loads in all mission phases as defined in [AD2],withstand loads in all mission phases as defined in [AD2],mandatory,The system SHALL withstand loads in all mission phases as defined in [AD2].,The system SHALL withstand loads in all mission phases as defined in [AD2].,SHALL,yes,1,mandatory,3,1.0
S32545_recommended,S32545,mlm_tapt,2016_teser_web,The PMD module structures shall withstand loads in all mission phases as defined in [AD2],withstand loads in all mission phases as defined in [AD2],recommended,The system SHOULD withstand loads in all mission phases as defined in [AD2].,The system SHALL withstand loads in all mission phases as defined in [AD2].,SHALL,no,0,recommended,2,0.67
S32545_optional,S32545,mlm_tapt,2016_teser_web,The PMD module structures shall withstand loads in all mission phases as defined in [AD2],withstand loads in all mission phases as defined in [AD2],optional,The system MAY withstand loads in all mission phases as defined in [AD2].,The system SHALL withstand loads in all mission phases as defined in [AD2].,SHALL,no,0,optional,1,0.33
S32545_nice_to_have,S32545,mlm_tapt,2016_teser_web,The PMD module structures shall withstand loads in all mission phases as defined in [AD2],withstand loads in all mission phases as defined in [AD2],nice_to_have,It would be useful if the system could withstand loads in all mission phases as defined in [AD2].,The system SHALL withstand loads in all mission phases as defined in [AD2].,SHALL,no,0,nice_to_have,0,0.0
S32776_mandatory,S32776,mlm_tapt,2019_gateway_WEB,"The Gateway shall collect, contain, and dispose of crew bodily wastes.","collect, contain, and dispose of crew bodily wastes",mandatory,"The system SHALL collect, contain, and dispose of crew bodily wastes.","The system SHALL collect, contain, and dispose of crew bodily wastes.",SHALL,yes,1,mandatory,3,1.0
S32776_recommended,S32776,mlm_tapt,2019_gateway_WEB,"The Gateway shall collect, contain, and dispose of crew bodily wastes.","collect, contain, and dispose of crew bodily wastes",recommended,"The system SHOULD collect, contain, and dispose of crew bodily wastes.","The system SHALL collect, contain, and dispose of crew bodily wastes.",SHALL,no,0,recommended,2,0.67
S32776_optional,S32776,mlm_tapt,2019_gateway_WEB,"The Gateway shall collect, contain, and dispose of crew bodily wastes.","collect, contain, and dispose of crew bodily wastes",optional,"The system MAY collect, contain, and dispose of crew bodily wastes.","The system SHALL collect, contain, and dispose of crew bodily wastes.",SHALL,no,0,optional,1,0.33
S32776_nice_to_have,S32776,mlm_tapt,2019_gateway_WEB,"The Gateway shall collect, contain, and dispose of crew bodily wastes.","collect, contain, and dispose of crew bodily wastes",nice_to_have,"It would be useful if the system could collect, contain, and dispose of crew bodily wastes.","The system SHALL collect, contain, and dispose of crew bodily wastes.",SHALL,no,0,nice_to_have,0,0.0
S32948_mandatory,S32948,mlm_tapt,spacebert_ecss,The supplier shall take the wire or cable to be submitted to this test procedure from stock with minimum handling.,take the wire or cable to be submitted to this test procedure from stock with minimum handling,mandatory,The system SHALL take the wire or cable to be submitted to this test procedure from stock with minimum handling.,The system SHALL take the wire or cable to be submitted to this test procedure from stock with minimum handling.,SHALL,yes,1,mandatory,3,1.0
S32948_recommended,S32948,mlm_tapt,spacebert_ecss,The supplier shall take the wire or cable to be submitted to this test procedure from stock with minimum handling.,take the wire or cable to be submitted to this test procedure from stock with minimum handling,recommended,The system SHOULD take the wire or cable to be submitted to this test procedure from stock with minimum handling.,The system SHALL take the wire or cable to be submitted to this test procedure from stock with minimum handling.,SHALL,no,0,recommended,2,0.67
S32948_optional,S32948,mlm_tapt,spacebert_ecss,The supplier shall take the wire or cable to be submitted to this test procedure from stock with minimum handling.,take the wire or cable to be submitted to this test procedure from stock with minimum handling,optional,The system MAY take the wire or cable to be submitted to this test procedure from stock with minimum handling.,The system SHALL take the wire or cable to be submitted to this test procedure from stock with minimum handling.,SHALL,no,0,optional,1,0.33
S32948_nice_to_have,S32948,mlm_tapt,spacebert_ecss,The supplier shall take the wire or cable to be submitted to this test procedure from stock with minimum handling.,take the wire or cable to be submitted to this test procedure from stock with minimum handling,nice_to_have,It would be useful if the system could take the wire or cable to be submitted to this test procedure from stock with minimum handling.,The system SHALL take the wire or cable to be submitted to this test procedure from stock with minimum handling.,SHALL,no,0,nice_to_have,0,0.0
S32987_mandatory,S32987,mlm_tapt,2011_dot_WEB,The Core2Core Subsystem shall transition to degraded mode of operations when a software failure within the Core2Core Subsystem is detected.,transition to degraded mode of operations when a software failure within the Core2Core Subsystem is detected,mandatory,The system SHALL transition to degraded mode of operations when a software failure within the Core2Core Subsystem is detected.,The system SHALL transition to degraded mode of operations when a software failure within the Core2Core Subsystem is detected.,SHALL,yes,1,mandatory,3,1.0
S32987_recommended,S32987,mlm_tapt,2011_dot_WEB,The Core2Core Subsystem shall transition to degraded mode of operations when a software failure within the Core2Core Subsystem is detected.,transition to degraded mode of operations when a software failure within the Core2Core Subsystem is detected,recommended,The system SHOULD transition to degraded mode of operations when a software failure within the Core2Core Subsystem is detected.,The system SHALL transition to degraded mode of operations when a software failure within the Core2Core Subsystem is detected.,SHALL,no,0,recommended,2,0.67
S32987_optional,S32987,mlm_tapt,2011_dot_WEB,The Core2Core Subsystem shall transition to degraded mode of operations when a software failure within the Core2Core Subsystem is detected.,transition to degraded mode of operations when a software failure within the Core2Core Subsystem is detected,optional,The system MAY transition to degraded mode of operations when a software failure within the Core2Core Subsystem is detected.,The system SHALL transition to degraded mode of operations when a software failure within the Core2Core Subsystem is detected.,SHALL,no,0,optional,1,0.33
S32987_nice_to_have,S32987,mlm_tapt,2011_dot_WEB,The Core2Core Subsystem shall transition to degraded mode of operations when a software failure within the Core2Core Subsystem is detected.,transition to degraded mode of operations when a software failure within the Core2Core Subsystem is detected,nice_to_have,It would be useful if the system could transition to degraded mode of operations when a software failure within the Core2Core Subsystem is detected.,The system SHALL transition to degraded mode of operations when a software failure within the Core2Core Subsystem is detected.,SHALL,no,0,nice_to_have,0,0.0
S33362_mandatory,S33362,mlm_tapt,2019_gateway_WEB,The Gateway shall provide crew displays and controls that are operable by a crewmember from within any habitable environment.,provide crew displays and controls that are operable by a crewmember from within any habitable environment,mandatory,The system SHALL provide crew displays and controls that are operable by a crewmember from within any habitable environment.,The system SHALL provide crew displays and controls that are operable by a crewmember from within any habitable environment.,SHALL,yes,1,mandatory,3,1.0
S33362_recommended,S33362,mlm_tapt,2019_gateway_WEB,The Gateway shall provide crew displays and controls that are operable by a crewmember from within any habitable environment.,provide crew displays and controls that are operable by a crewmember from within any habitable environment,recommended,The system SHOULD provide crew displays and controls that are operable by a crewmember from within any habitable environment.,The system SHALL provide crew displays and controls that are operable by a crewmember from within any habitable environment.,SHALL,no,0,recommended,2,0.67
S33362_optional,S33362,mlm_tapt,2019_gateway_WEB,The Gateway shall provide crew displays and controls that are operable by a crewmember from within any habitable environment.,provide crew displays and controls that are operable by a crewmember from within any habitable environment,optional,The system MAY provide crew displays and controls that are operable by a crewmember from within any habitable environment.,The system SHALL provide crew displays and controls that are operable by a crewmember from within any habitable environment.,SHALL,no,0,optional,1,0.33
S33362_nice_to_have,S33362,mlm_tapt,2019_gateway_WEB,The Gateway shall provide crew displays and controls that are operable by a crewmember from within any habitable environment.,provide crew displays and controls that are operable by a crewmember from within any habitable environment,nice_to_have,It would be useful if the system could provide crew displays and controls that are operable by a crewmember from within any habitable environment.,The system SHALL provide crew displays and controls that are operable by a crewmember from within any habitable environment.,SHALL,no,0,nice_to_have,0,0.0
S33525_mandatory,S33525,mlm_tapt,2005_wise_mos_WEB,The MOS shall participate in at least one major spacecraft operational test performed at the launch site.,participate in at least one major spacecraft operational test performed at the launch site,mandatory,The system SHALL participate in at least one major spacecraft operational test performed at the launch site.,The system SHALL participate in at least one major spacecraft operational test performed at the launch site.,SHALL,yes,1,mandatory,3,1.0
S33525_recommended,S33525,mlm_tapt,2005_wise_mos_WEB,The MOS shall participate in at least one major spacecraft operational test performed at the launch site.,participate in at least one major spacecraft operational test performed at the launch site,recommended,The system SHOULD participate in at least one major spacecraft operational test performed at the launch site.,The system SHALL participate in at least one major spacecraft operational test performed at the launch site.,SHALL,no,0,recommended,2,0.67
S33525_optional,S33525,mlm_tapt,2005_wise_mos_WEB,The MOS shall participate in at least one major spacecraft operational test performed at the launch site.,participate in at least one major spacecraft operational test performed at the launch site,optional,The system MAY participate in at least one major spacecraft operational test performed at the launch site.,The system SHALL participate in at least one major spacecraft operational test performed at the launch site.,SHALL,no,0,optional,1,0.33
S33525_nice_to_have,S33525,mlm_tapt,2005_wise_mos_WEB,The MOS shall participate in at least one major spacecraft operational test performed at the launch site.,participate in at least one major spacecraft operational test performed at the launch site,nice_to_have,It would be useful if the system could participate in at least one major spacecraft operational test performed at the launch site.,The system SHALL participate in at least one major spacecraft operational test performed at the launch site.,SHALL,no,0,nice_to_have,0,0.0
S33708_mandatory,S33708,mlm_tapt,0000_mss_WEB,Radio terminals offered must feature a dedicated on/off key.,feature a dedicated on/off key,mandatory,The system SHALL feature a dedicated on/off key.,The system SHALL feature a dedicated on/off key.,SHALL,yes,1,mandatory,3,1.0
S33708_recommended,S33708,mlm_tapt,0000_mss_WEB,Radio terminals offered must feature a dedicated on/off key.,feature a dedicated on/off key,recommended,The system SHOULD feature a dedicated on/off key.,The system SHALL feature a dedicated on/off key.,SHALL,no,0,recommended,2,0.67
S33708_optional,S33708,mlm_tapt,0000_mss_WEB,Radio terminals offered must feature a dedicated on/off key.,feature a dedicated on/off key,optional,The system MAY feature a dedicated on/off key.,The system SHALL feature a dedicated on/off key.,SHALL,no,0,optional,1,0.33
S33708_nice_to_have,S33708,mlm_tapt,0000_mss_WEB,Radio terminals offered must feature a dedicated on/off key.,feature a dedicated on/off key,nice_to_have,It would be useful if the system could feature a dedicated on/off key.,The system SHALL feature a dedicated on/off key.,SHALL,no,0,nice_to_have,0,0.0
S34050_mandatory,S34050,mlm_tapt,2012_marcopolo_WEB,The S/C shall be able to receive a TC from the ground to switch from Collision Avoidance Mode to Safe Mode.,receive a TC from the ground to switch from Collision Avoidance Mode to Safe Mode,mandatory,The system SHALL receive a TC from the ground to switch from Collision Avoidance Mode to Safe Mode.,The system SHALL receive a TC from the ground to switch from Collision Avoidance Mode to Safe Mode.,SHALL,yes,1,mandatory,3,1.0
S34050_recommended,S34050,mlm_tapt,2012_marcopolo_WEB,The S/C shall be able to receive a TC from the ground to switch from Collision Avoidance Mode to Safe Mode.,receive a TC from the ground to switch from Collision Avoidance Mode to Safe Mode,recommended,The system SHOULD receive a TC from the ground to switch from Collision Avoidance Mode to Safe Mode.,The system SHALL receive a TC from the ground to switch from Collision Avoidance Mode to Safe Mode.,SHALL,no,0,recommended,2,0.67
S34050_optional,S34050,mlm_tapt,2012_marcopolo_WEB,The S/C shall be able to receive a TC from the ground to switch from Collision Avoidance Mode to Safe Mode.,receive a TC from the ground to switch from Collision Avoidance Mode to Safe Mode,optional,The system MAY receive a TC from the ground to switch from Collision Avoidance Mode to Safe Mode.,The system SHALL receive a TC from the ground to switch from Collision Avoidance Mode to Safe Mode.,SHALL,no,0,optional,1,0.33
S34050_nice_to_have,S34050,mlm_tapt,2012_marcopolo_WEB,The S/C shall be able to receive a TC from the ground to switch from Collision Avoidance Mode to Safe Mode.,receive a TC from the ground to switch from Collision Avoidance Mode to Safe Mode,nice_to_have,It would be useful if the system could receive a TC from the ground to switch from Collision Avoidance Mode to Safe Mode.,The system SHALL receive a TC from the ground to switch from Collision Avoidance Mode to Safe Mode.,SHALL,no,0,nice_to_have,0,0.0
S34346_mandatory,S34346,mlm_tapt,2011_dot_WEB,The Service Monitor Subsystem shall add hardware components by an authorized System Operator upon request,allow an authorized System Operator to add hardware components upon request,mandatory,The system SHALL allow an authorized System Operator to add hardware components upon request.,The system SHALL allow an authorized System Operator to add hardware components upon request.,SHALL,yes,1,mandatory,3,1.0
S34346_recommended,S34346,mlm_tapt,2011_dot_WEB,The Service Monitor Subsystem shall add hardware components by an authorized System Operator upon request,allow an authorized System Operator to add hardware components upon request,recommended,The system SHOULD allow an authorized System Operator to add hardware components upon request.,The system SHALL allow an authorized System Operator to add hardware components upon request.,SHALL,no,0,recommended,2,0.67
S34346_optional,S34346,mlm_tapt,2011_dot_WEB,The Service Monitor Subsystem shall add hardware components by an authorized System Operator upon request,allow an authorized System Operator to add hardware components upon request,optional,The system MAY allow an authorized System Operator to add hardware components upon request.,The system SHALL allow an authorized System Operator to add hardware components upon request.,SHALL,no,0,optional,1,0.33
S34346_nice_to_have,S34346,mlm_tapt,2011_dot_WEB,The Service Monitor Subsystem shall add hardware components by an authorized System Operator upon request,allow an authorized System Operator to add hardware components upon request,nice_to_have,It would be useful if the system could allow an authorized System Operator to add hardware components upon request.,The system SHALL allow an authorized System Operator to add hardware components upon request.,SHALL,no,0,nice_to_have,0,0.0
S34869_mandatory,S34869,mlm_tapt,2021_jpss2_web,"The X-band HRD interface shall have a modulation of OQPSK, with alternating bits on I and Q.",provide an X-band HRD interface with OQPSK modulation and alternating bits on I and Q,mandatory,The system SHALL provide an X-band HRD interface with OQPSK modulation and alternating bits on I and Q.,The system SHALL provide an X-band HRD interface with OQPSK modulation and alternating bits on I and Q.,SHALL,yes,1,mandatory,3,1.0
S34869_recommended,S34869,mlm_tapt,2021_jpss2_web,"The X-band HRD interface shall have a modulation of OQPSK, with alternating bits on I and Q.",provide an X-band HRD interface with OQPSK modulation and alternating bits on I and Q,recommended,The system SHOULD provide an X-band HRD interface with OQPSK modulation and alternating bits on I and Q.,The system SHALL provide an X-band HRD interface with OQPSK modulation and alternating bits on I and Q.,SHALL,no,0,recommended,2,0.67
S34869_optional,S34869,mlm_tapt,2021_jpss2_web,"The X-band HRD interface shall have a modulation of OQPSK, with alternating bits on I and Q.",provide an X-band HRD interface with OQPSK modulation and alternating bits on I and Q,optional,The system MAY provide an X-band HRD interface with OQPSK modulation and alternating bits on I and Q.,The system SHALL provide an X-band HRD interface with OQPSK modulation and alternating bits on I and Q.,SHALL,no,0,optional,1,0.33
S34869_nice_to_have,S34869,mlm_tapt,2021_jpss2_web,"The X-band HRD interface shall have a modulation of OQPSK, with alternating bits on I and Q.",provide an X-band HRD interface with OQPSK modulation and alternating bits on I and Q,nice_to_have,It would be useful if the system could provide an X-band HRD interface with OQPSK modulation and alternating bits on I and Q.,The system SHALL provide an X-band HRD interface with OQPSK modulation and alternating bits on I and Q.,SHALL,no,0,nice_to_have,0,0.0
S35434_mandatory,S35434,mlm_tapt,2008_earthcare_web,The number of BBR modes and on-board correction functions shall be kept to the strict minimum required to meet the requirements.,keep the number of BBR modes and on-board correction functions to the strict minimum needed to meet the requirements,mandatory,The system SHALL keep the number of BBR modes and on-board correction functions to the strict minimum needed to meet the requirements.,The system SHALL keep the number of BBR modes and on-board correction functions to the strict minimum needed to meet the requirements.,SHALL,yes,1,mandatory,3,1.0
S35434_recommended,S35434,mlm_tapt,2008_earthcare_web,The number of BBR modes and on-board correction functions shall be kept to the strict minimum required to meet the requirements.,keep the number of BBR modes and on-board correction functions to the strict minimum needed to meet the requirements,recommended,The system SHOULD keep the number of BBR modes and on-board correction functions to the strict minimum needed to meet the requirements.,The system SHALL keep the number of BBR modes and on-board correction functions to the strict minimum needed to meet the requirements.,SHALL,no,0,recommended,2,0.67
S35434_optional,S35434,mlm_tapt,2008_earthcare_web,The number of BBR modes and on-board correction functions shall be kept to the strict minimum required to meet the requirements.,keep the number of BBR modes and on-board correction functions to the strict minimum needed to meet the requirements,optional,The system MAY keep the number of BBR modes and on-board correction functions to the strict minimum needed to meet the requirements.,The system SHALL keep the number of BBR modes and on-board correction functions to the strict minimum needed to meet the requirements.,SHALL,no,0,optional,1,0.33
S35434_nice_to_have,S35434,mlm_tapt,2008_earthcare_web,The number of BBR modes and on-board correction functions shall be kept to the strict minimum required to meet the requirements.,keep the number of BBR modes and on-board correction functions to the strict minimum needed to meet the requirements,nice_to_have,It would be useful if the system could keep the number of BBR modes and on-board correction functions to the strict minimum needed to meet the requirements.,The system SHALL keep the number of BBR modes and on-board correction functions to the strict minimum needed to meet the requirements.,SHALL,no,0,nice_to_have,0,0.0
S35918_mandatory,S35918,mlm_tapt,2004_hp_srs_web,A frequency control plan shall be established and maintained as part of the EMC programme.,establish and maintain a frequency control plan as part of the EMC programme,mandatory,The system SHALL establish and maintain a frequency control plan as part of the EMC programme.,The system SHALL establish and maintain a frequency control plan as part of the EMC programme.,SHALL,yes,1,mandatory,3,1.0
S35918_recommended,S35918,mlm_tapt,2004_hp_srs_web,A frequency control plan shall be established and maintained as part of the EMC programme.,establish and maintain a frequency control plan as part of the EMC programme,recommended,The system SHOULD establish and maintain a frequency control plan as part of the EMC programme.,The system SHALL establish and maintain a frequency control plan as part of the EMC programme.,SHALL,no,0,recommended,2,0.67
S35918_optional,S35918,mlm_tapt,2004_hp_srs_web,A frequency control plan shall be established and maintained as part of the EMC programme.,establish and maintain a frequency control plan as part of the EMC programme,optional,The system MAY establish and maintain a frequency control plan as part of the EMC programme.,The system SHALL establish and maintain a frequency control plan as part of the EMC programme.,SHALL,no,0,optional,1,0.33
S35918_nice_to_have,S35918,mlm_tapt,2004_hp_srs_web,A frequency control plan shall be established and maintained as part of the EMC programme.,establish and maintain a frequency control plan as part of the EMC programme,nice_to_have,It would be useful if the system could establish and maintain a frequency control plan as part of the EMC programme.,The system SHALL establish and maintain a frequency control plan as part of the EMC programme.,SHALL,no,0,nice_to_have,0,0.0
S36404_mandatory,S36404,mlm_tapt,2009_gg_WEB,"The spacecraft shall have the capability to handle all the telecommands received from ground, transmit them to the payload instrument and send back all acknowledgments for ground control.","handle all telecommands received from ground, transmit them to the payload instrument, and send back all acknowledgments for ground control",mandatory,"The system SHALL handle all telecommands received from ground, transmit them to the payload instrument, and send back all acknowledgments for ground control.","The system SHALL handle all telecommands received from ground, transmit them to the payload instrument, and send back all acknowledgments for ground control.",SHALL,yes,1,mandatory,3,1.0
S36404_recommended,S36404,mlm_tapt,2009_gg_WEB,"The spacecraft shall have the capability to handle all the telecommands received from ground, transmit them to the payload instrument and send back all acknowledgments for ground control.","handle all telecommands received from ground, transmit them to the payload instrument, and send back all acknowledgments for ground control",recommended,"The system SHOULD handle all telecommands received from ground, transmit them to the payload instrument, and send back all acknowledgments for ground control.","The system SHALL handle all telecommands received from ground, transmit them to the payload instrument, and send back all acknowledgments for ground control.",SHALL,no,0,recommended,2,0.67
S36404_optional,S36404,mlm_tapt,2009_gg_WEB,"The spacecraft shall have the capability to handle all the telecommands received from ground, transmit them to the payload instrument and send back all acknowledgments for ground control.","handle all telecommands received from ground, transmit them to the payload instrument, and send back all acknowledgments for ground control",optional,"The system MAY handle all telecommands received from ground, transmit them to the payload instrument, and send back all acknowledgments for ground control.","The system SHALL handle all telecommands received from ground, transmit them to the payload instrument, and send back all acknowledgments for ground control.",SHALL,no,0,optional,1,0.33
S36404_nice_to_have,S36404,mlm_tapt,2009_gg_WEB,"The spacecraft shall have the capability to handle all the telecommands received from ground, transmit them to the payload instrument and send back all acknowledgments for ground control.","handle all telecommands received from ground, transmit them to the payload instrument, and send back all acknowledgments for ground control",nice_to_have,"It would be useful if the system could handle all telecommands received from ground, transmit them to the payload instrument, and send back all acknowledgments for ground control.","The system SHALL handle all telecommands received from ground, transmit them to the payload instrument, and send back all acknowledgments for ground control.",SHALL,no,0,nice_to_have,0,0.0
S36535_mandatory,S36535,mlm_tapt,2013_echo_mrd_WEB,"For design and analysis purposes, an average of 2 safe mode events of 2 days (plus recovery time) each per year shall be considered.",use an average of 2 safe mode events of 2 days plus recovery time each per year for design and analysis purposes,mandatory,The system SHALL use an average of 2 safe mode events of 2 days plus recovery time each per year for design and analysis purposes.,The system SHALL use an average of 2 safe mode events of 2 days plus recovery time each per year for design and analysis purposes.,SHALL,yes,1,mandatory,3,1.0
S36535_recommended,S36535,mlm_tapt,2013_echo_mrd_WEB,"For design and analysis purposes, an average of 2 safe mode events of 2 days (plus recovery time) each per year shall be considered.",use an average of 2 safe mode events of 2 days plus recovery time each per year for design and analysis purposes,recommended,The system SHOULD use an average of 2 safe mode events of 2 days plus recovery time each per year for design and analysis purposes.,The system SHALL use an average of 2 safe mode events of 2 days plus recovery time each per year for design and analysis purposes.,SHALL,no,0,recommended,2,0.67
S36535_optional,S36535,mlm_tapt,2013_echo_mrd_WEB,"For design and analysis purposes, an average of 2 safe mode events of 2 days (plus recovery time) each per year shall be considered.",use an average of 2 safe mode events of 2 days plus recovery time each per year for design and analysis purposes,optional,The system MAY use an average of 2 safe mode events of 2 days plus recovery time each per year for design and analysis purposes.,The system SHALL use an average of 2 safe mode events of 2 days plus recovery time each per year for design and analysis purposes.,SHALL,no,0,optional,1,0.33
S36535_nice_to_have,S36535,mlm_tapt,2013_echo_mrd_WEB,"For design and analysis purposes, an average of 2 safe mode events of 2 days (plus recovery time) each per year shall be considered.",use an average of 2 safe mode events of 2 days plus recovery time each per year for design and analysis purposes,nice_to_have,It would be useful if the system could use an average of 2 safe mode events of 2 days plus recovery time each per year for design and analysis purposes.,The system SHALL use an average of 2 safe mode events of 2 days plus recovery time each per year for design and analysis purposes.,SHALL,no,0,nice_to_have,0,0.0
S36919_mandatory,S36919,mlm_tapt,2015_due_web,The GBPS shall integrate the GB processors for retrieval.,integrate the GB processors for retrieval,mandatory,The system SHALL integrate the GB processors for retrieval.,The system SHALL integrate the GB processors for retrieval.,SHALL,yes,1,mandatory,3,1.0
S36919_recommended,S36919,mlm_tapt,2015_due_web,The GBPS shall integrate the GB processors for retrieval.,integrate the GB processors for retrieval,recommended,The system SHOULD integrate the GB processors for retrieval.,The system SHALL integrate the GB processors for retrieval.,SHALL,no,0,recommended,2,0.67
S36919_optional,S36919,mlm_tapt,2015_due_web,The GBPS shall integrate the GB processors for retrieval.,integrate the GB processors for retrieval,optional,The system MAY integrate the GB processors for retrieval.,The system SHALL integrate the GB processors for retrieval.,SHALL,no,0,optional,1,0.33
S36919_nice_to_have,S36919,mlm_tapt,2015_due_web,The GBPS shall integrate the GB processors for retrieval.,integrate the GB processors for retrieval,nice_to_have,It would be useful if the system could integrate the GB processors for retrieval.,The system SHALL integrate the GB processors for retrieval.,SHALL,no,0,nice_to_have,0,0.0
S37331_mandatory,S37331,mlm_tapt,2009_spica_srd_WEB,The SPICA telescope shall be an aperture as large as possible which is compatible with the launch fairing.,provide a SPICA telescope aperture as large as possible while remaining compatible with the launch fairing,mandatory,The system SHALL provide a SPICA telescope aperture as large as possible while remaining compatible with the launch fairing.,The system SHALL provide a SPICA telescope aperture as large as possible while remaining compatible with the launch fairing.,SHALL,yes,1,mandatory,3,1.0
S37331_recommended,S37331,mlm_tapt,2009_spica_srd_WEB,The SPICA telescope shall be an aperture as large as possible which is compatible with the launch fairing.,provide a SPICA telescope aperture as large as possible while remaining compatible with the launch fairing,recommended,The system SHOULD provide a SPICA telescope aperture as large as possible while remaining compatible with the launch fairing.,The system SHALL provide a SPICA telescope aperture as large as possible while remaining compatible with the launch fairing.,SHALL,no,0,recommended,2,0.67
S37331_optional,S37331,mlm_tapt,2009_spica_srd_WEB,The SPICA telescope shall be an aperture as large as possible which is compatible with the launch fairing.,provide a SPICA telescope aperture as large as possible while remaining compatible with the launch fairing,optional,The system MAY provide a SPICA telescope aperture as large as possible while remaining compatible with the launch fairing.,The system SHALL provide a SPICA telescope aperture as large as possible while remaining compatible with the launch fairing.,SHALL,no,0,optional,1,0.33
S37331_nice_to_have,S37331,mlm_tapt,2009_spica_srd_WEB,The SPICA telescope shall be an aperture as large as possible which is compatible with the launch fairing.,provide a SPICA telescope aperture as large as possible while remaining compatible with the launch fairing,nice_to_have,It would be useful if the system could provide a SPICA telescope aperture as large as possible while remaining compatible with the launch fairing.,The system SHALL provide a SPICA telescope aperture as large as possible while remaining compatible with the launch fairing.,SHALL,no,0,nice_to_have,0,0.0
S37725_mandatory,S37725,mlm_tapt,2015_due_web,The structure shall allow to keep several versions of outputs at the same time.,allow several versions of outputs to be kept at the same time,mandatory,The system SHALL allow several versions of outputs to be kept at the same time.,The system SHALL allow several versions of outputs to be kept at the same time.,SHALL,yes,1,mandatory,3,1.0
S37725_recommended,S37725,mlm_tapt,2015_due_web,The structure shall allow to keep several versions of outputs at the same time.,allow several versions of outputs to be kept at the same time,recommended,The system SHOULD allow several versions of outputs to be kept at the same time.,The system SHALL allow several versions of outputs to be kept at the same time.,SHALL,no,0,recommended,2,0.67
S37725_optional,S37725,mlm_tapt,2015_due_web,The structure shall allow to keep several versions of outputs at the same time.,allow several versions of outputs to be kept at the same time,optional,The system MAY allow several versions of outputs to be kept at the same time.,The system SHALL allow several versions of outputs to be kept at the same time.,SHALL,no,0,optional,1,0.33
S37725_nice_to_have,S37725,mlm_tapt,2015_due_web,The structure shall allow to keep several versions of outputs at the same time.,allow several versions of outputs to be kept at the same time,nice_to_have,It would be useful if the system could allow several versions of outputs to be kept at the same time.,The system SHALL allow several versions of outputs to be kept at the same time.,SHALL,no,0,nice_to_have,0,0.0
S37805_mandatory,S37805,mlm_tapt,2021_tmt_srd_WEB,The site shall have minimal seasonal temperature variations.,be located at a site with minimal seasonal temperature variations,mandatory,The system SHALL be located at a site with minimal seasonal temperature variations.,The system SHALL be located at a site with minimal seasonal temperature variations.,SHALL,yes,1,mandatory,3,1.0
S37805_recommended,S37805,mlm_tapt,2021_tmt_srd_WEB,The site shall have minimal seasonal temperature variations.,be located at a site with minimal seasonal temperature variations,recommended,The system SHOULD be located at a site with minimal seasonal temperature variations.,The system SHALL be located at a site with minimal seasonal temperature variations.,SHALL,no,0,recommended,2,0.67
S37805_optional,S37805,mlm_tapt,2021_tmt_srd_WEB,The site shall have minimal seasonal temperature variations.,be located at a site with minimal seasonal temperature variations,optional,The system MAY be located at a site with minimal seasonal temperature variations.,The system SHALL be located at a site with minimal seasonal temperature variations.,SHALL,no,0,optional,1,0.33
S37805_nice_to_have,S37805,mlm_tapt,2021_tmt_srd_WEB,The site shall have minimal seasonal temperature variations.,be located at a site with minimal seasonal temperature variations,nice_to_have,It would be useful if the system could be located at a site with minimal seasonal temperature variations.,The system SHALL be located at a site with minimal seasonal temperature variations.,SHALL,no,0,nice_to_have,0,0.0
S37977_mandatory,S37977,mlm_tapt,2021_tmt_srd_WEB,The observatory shall observe anywhere on the sky from 1° to 65° zenith angle.,observe anywhere on the sky from 1° to 65° zenith angle,mandatory,The system SHALL observe anywhere on the sky from 1° to 65° zenith angle.,The system SHALL observe anywhere on the sky from 1° to 65° zenith angle.,SHALL,yes,1,mandatory,3,1.0
S37977_recommended,S37977,mlm_tapt,2021_tmt_srd_WEB,The observatory shall observe anywhere on the sky from 1° to 65° zenith angle.,observe anywhere on the sky from 1° to 65° zenith angle,recommended,The system SHOULD observe anywhere on the sky from 1° to 65° zenith angle.,The system SHALL observe anywhere on the sky from 1° to 65° zenith angle.,SHALL,no,0,recommended,2,0.67
S37977_optional,S37977,mlm_tapt,2021_tmt_srd_WEB,The observatory shall observe anywhere on the sky from 1° to 65° zenith angle.,observe anywhere on the sky from 1° to 65° zenith angle,optional,The system MAY observe anywhere on the sky from 1° to 65° zenith angle.,The system SHALL observe anywhere on the sky from 1° to 65° zenith angle.,SHALL,no,0,optional,1,0.33
S37977_nice_to_have,S37977,mlm_tapt,2021_tmt_srd_WEB,The observatory shall observe anywhere on the sky from 1° to 65° zenith angle.,observe anywhere on the sky from 1° to 65° zenith angle,nice_to_have,It would be useful if the system could observe anywhere on the sky from 1° to 65° zenith angle.,The system SHALL observe anywhere on the sky from 1° to 65° zenith angle.,SHALL,no,0,nice_to_have,0,0.0
S38042_mandatory,S38042,mlm_tapt,2015_due_web,The product generation module shall include a converter to derive AGB from GSV.,include a converter to derive AGB from GSV,mandatory,The system SHALL include a converter to derive AGB from GSV.,The system SHALL include a converter to derive AGB from GSV.,SHALL,yes,1,mandatory,3,1.0
S38042_recommended,S38042,mlm_tapt,2015_due_web,The product generation module shall include a converter to derive AGB from GSV.,include a converter to derive AGB from GSV,recommended,The system SHOULD include a converter to derive AGB from GSV.,The system SHALL include a converter to derive AGB from GSV.,SHALL,no,0,recommended,2,0.67
S38042_optional,S38042,mlm_tapt,2015_due_web,The product generation module shall include a converter to derive AGB from GSV.,include a converter to derive AGB from GSV,optional,The system MAY include a converter to derive AGB from GSV.,The system SHALL include a converter to derive AGB from GSV.,SHALL,no,0,optional,1,0.33
S38042_nice_to_have,S38042,mlm_tapt,2015_due_web,The product generation module shall include a converter to derive AGB from GSV.,include a converter to derive AGB from GSV,nice_to_have,It would be useful if the system could include a converter to derive AGB from GSV.,The system SHALL include a converter to derive AGB from GSV.,SHALL,no,0,nice_to_have,0,0.0
S38085_mandatory,S38085,mlm_tapt,2003_hp_ird_web,The procedures presented in the SUM shall be validated at S/C system and subsystem level testing.,validate the procedures presented in the SUM at S/C system and subsystem level testing,mandatory,The system SHALL validate the procedures presented in the SUM at S/C system and subsystem level testing.,The system SHALL validate the procedures presented in the SUM at S/C system and subsystem level testing.,SHALL,yes,1,mandatory,3,1.0
S38085_recommended,S38085,mlm_tapt,2003_hp_ird_web,The procedures presented in the SUM shall be validated at S/C system and subsystem level testing.,validate the procedures presented in the SUM at S/C system and subsystem level testing,recommended,The system SHOULD validate the procedures presented in the SUM at S/C system and subsystem level testing.,The system SHALL validate the procedures presented in the SUM at S/C system and subsystem level testing.,SHALL,no,0,recommended,2,0.67
S38085_optional,S38085,mlm_tapt,2003_hp_ird_web,The procedures presented in the SUM shall be validated at S/C system and subsystem level testing.,validate the procedures presented in the SUM at S/C system and subsystem level testing,optional,The system MAY validate the procedures presented in the SUM at S/C system and subsystem level testing.,The system SHALL validate the procedures presented in the SUM at S/C system and subsystem level testing.,SHALL,no,0,optional,1,0.33
S38085_nice_to_have,S38085,mlm_tapt,2003_hp_ird_web,The procedures presented in the SUM shall be validated at S/C system and subsystem level testing.,validate the procedures presented in the SUM at S/C system and subsystem level testing,nice_to_have,It would be useful if the system could validate the procedures presented in the SUM at S/C system and subsystem level testing.,The system SHALL validate the procedures presented in the SUM at S/C system and subsystem level testing.,SHALL,no,0,nice_to_have,0,0.0
S38687_mandatory,S38687,mlm_tapt,2021_tmt_ord_WEB,The TMT Observatory shall execute service observing on behalf of PIs from a combined list of observing blocks from all partners via a scheduling process over six month periods.,execute service observing on behalf of PIs from a combined list of observing blocks from all partners via a scheduling process over six month periods,mandatory,The system SHALL execute service observing on behalf of PIs from a combined list of observing blocks from all partners via a scheduling process over six month periods.,The system SHALL execute service observing on behalf of PIs from a combined list of observing blocks from all partners via a scheduling process over six month periods.,SHALL,yes,1,mandatory,3,1.0
S38687_recommended,S38687,mlm_tapt,2021_tmt_ord_WEB,The TMT Observatory shall execute service observing on behalf of PIs from a combined list of observing blocks from all partners via a scheduling process over six month periods.,execute service observing on behalf of PIs from a combined list of observing blocks from all partners via a scheduling process over six month periods,recommended,The system SHOULD execute service observing on behalf of PIs from a combined list of observing blocks from all partners via a scheduling process over six month periods.,The system SHALL execute service observing on behalf of PIs from a combined list of observing blocks from all partners via a scheduling process over six month periods.,SHALL,no,0,recommended,2,0.67
S38687_optional,S38687,mlm_tapt,2021_tmt_ord_WEB,The TMT Observatory shall execute service observing on behalf of PIs from a combined list of observing blocks from all partners via a scheduling process over six month periods.,execute service observing on behalf of PIs from a combined list of observing blocks from all partners via a scheduling process over six month periods,optional,The system MAY execute service observing on behalf of PIs from a combined list of observing blocks from all partners via a scheduling process over six month periods.,The system SHALL execute service observing on behalf of PIs from a combined list of observing blocks from all partners via a scheduling process over six month periods.,SHALL,no,0,optional,1,0.33
S38687_nice_to_have,S38687,mlm_tapt,2021_tmt_ord_WEB,The TMT Observatory shall execute service observing on behalf of PIs from a combined list of observing blocks from all partners via a scheduling process over six month periods.,execute service observing on behalf of PIs from a combined list of observing blocks from all partners via a scheduling process over six month periods,nice_to_have,It would be useful if the system could execute service observing on behalf of PIs from a combined list of observing blocks from all partners via a scheduling process over six month periods.,The system SHALL execute service observing on behalf of PIs from a combined list of observing blocks from all partners via a scheduling process over six month periods.,SHALL,no,0,nice_to_have,0,0.0
S38831_mandatory,S38831,mlm_tapt,2007_jwst_mrd_web,The operational JWST System shall be in continuous two-way communication from separation from the upper stage of the launch vehicle until the completion of Observatory Primary Mirror Phasing activities.,be in continuous two-way communication from separation from the upper stage of the launch vehicle until the completion of Observatory Primary Mirror Phasing activities,mandatory,The system SHALL be in continuous two-way communication from separation from the upper stage of the launch vehicle until the completion of Observatory Primary Mirror Phasing activities.,The system SHALL be in continuous two-way communication from separation from the upper stage of the launch vehicle until the completion of Observatory Primary Mirror Phasing activities.,SHALL,yes,1,mandatory,3,1.0
S38831_recommended,S38831,mlm_tapt,2007_jwst_mrd_web,The operational JWST System shall be in continuous two-way communication from separation from the upper stage of the launch vehicle until the completion of Observatory Primary Mirror Phasing activities.,be in continuous two-way communication from separation from the upper stage of the launch vehicle until the completion of Observatory Primary Mirror Phasing activities,recommended,The system SHOULD be in continuous two-way communication from separation from the upper stage of the launch vehicle until the completion of Observatory Primary Mirror Phasing activities.,The system SHALL be in continuous two-way communication from separation from the upper stage of the launch vehicle until the completion of Observatory Primary Mirror Phasing activities.,SHALL,no,0,recommended,2,0.67
S38831_optional,S38831,mlm_tapt,2007_jwst_mrd_web,The operational JWST System shall be in continuous two-way communication from separation from the upper stage of the launch vehicle until the completion of Observatory Primary Mirror Phasing activities.,be in continuous two-way communication from separation from the upper stage of the launch vehicle until the completion of Observatory Primary Mirror Phasing activities,optional,The system MAY be in continuous two-way communication from separation from the upper stage of the launch vehicle until the completion of Observatory Primary Mirror Phasing activities.,The system SHALL be in continuous two-way communication from separation from the upper stage of the launch vehicle until the completion of Observatory Primary Mirror Phasing activities.,SHALL,no,0,optional,1,0.33
S38831_nice_to_have,S38831,mlm_tapt,2007_jwst_mrd_web,The operational JWST System shall be in continuous two-way communication from separation from the upper stage of the launch vehicle until the completion of Observatory Primary Mirror Phasing activities.,be in continuous two-way communication from separation from the upper stage of the launch vehicle until the completion of Observatory Primary Mirror Phasing activities,nice_to_have,It would be useful if the system could be in continuous two-way communication from separation from the upper stage of the launch vehicle until the completion of Observatory Primary Mirror Phasing activities.,The system SHALL be in continuous two-way communication from separation from the upper stage of the launch vehicle until the completion of Observatory Primary Mirror Phasing activities.,SHALL,no,0,nice_to_have,0,0.0
S38968_mandatory,S38968,mlm_tapt,2021_jpss2_web,Milliseconds of day shall be an unsigned 32-bit integer of the number of milliseconds since midnight UTC of the current day.,represent milliseconds of day as an unsigned 32-bit integer equal to the number of milliseconds since midnight UTC of the current day,mandatory,The system SHALL represent milliseconds of day as an unsigned 32-bit integer equal to the number of milliseconds since midnight UTC of the current day.,The system SHALL represent milliseconds of day as an unsigned 32-bit integer equal to the number of milliseconds since midnight UTC of the current day.,SHALL,yes,1,mandatory,3,1.0
S38968_recommended,S38968,mlm_tapt,2021_jpss2_web,Milliseconds of day shall be an unsigned 32-bit integer of the number of milliseconds since midnight UTC of the current day.,represent milliseconds of day as an unsigned 32-bit integer equal to the number of milliseconds since midnight UTC of the current day,recommended,The system SHOULD represent milliseconds of day as an unsigned 32-bit integer equal to the number of milliseconds since midnight UTC of the current day.,The system SHALL represent milliseconds of day as an unsigned 32-bit integer equal to the number of milliseconds since midnight UTC of the current day.,SHALL,no,0,recommended,2,0.67
S38968_optional,S38968,mlm_tapt,2021_jpss2_web,Milliseconds of day shall be an unsigned 32-bit integer of the number of milliseconds since midnight UTC of the current day.,represent milliseconds of day as an unsigned 32-bit integer equal to the number of milliseconds since midnight UTC of the current day,optional,The system MAY represent milliseconds of day as an unsigned 32-bit integer equal to the number of milliseconds since midnight UTC of the current day.,The system SHALL represent milliseconds of day as an unsigned 32-bit integer equal to the number of milliseconds since midnight UTC of the current day.,SHALL,no,0,optional,1,0.33
S38968_nice_to_have,S38968,mlm_tapt,2021_jpss2_web,Milliseconds of day shall be an unsigned 32-bit integer of the number of milliseconds since midnight UTC of the current day.,represent milliseconds of day as an unsigned 32-bit integer equal to the number of milliseconds since midnight UTC of the current day,nice_to_have,It would be useful if the system could represent milliseconds of day as an unsigned 32-bit integer equal to the number of milliseconds since midnight UTC of the current day.,The system SHALL represent milliseconds of day as an unsigned 32-bit integer equal to the number of milliseconds since midnight UTC of the current day.,SHALL,no,0,nice_to_have,0,0.0
S39040_mandatory,S39040,mlm_tapt,1998_grace_WEB,The KBR shall be designed to reject multipath from the satellite to better than -56 dB relative to the direct signal.,reject multipath from the satellite to better than -56 dB relative to the direct signal,mandatory,The system SHALL reject multipath from the satellite to better than -56 dB relative to the direct signal.,The system SHALL reject multipath from the satellite to better than -56 dB relative to the direct signal.,SHALL,yes,1,mandatory,3,1.0
S39040_recommended,S39040,mlm_tapt,1998_grace_WEB,The KBR shall be designed to reject multipath from the satellite to better than -56 dB relative to the direct signal.,reject multipath from the satellite to better than -56 dB relative to the direct signal,recommended,The system SHOULD reject multipath from the satellite to better than -56 dB relative to the direct signal.,The system SHALL reject multipath from the satellite to better than -56 dB relative to the direct signal.,SHALL,no,0,recommended,2,0.67
S39040_optional,S39040,mlm_tapt,1998_grace_WEB,The KBR shall be designed to reject multipath from the satellite to better than -56 dB relative to the direct signal.,reject multipath from the satellite to better than -56 dB relative to the direct signal,optional,The system MAY reject multipath from the satellite to better than -56 dB relative to the direct signal.,The system SHALL reject multipath from the satellite to better than -56 dB relative to the direct signal.,SHALL,no,0,optional,1,0.33
S39040_nice_to_have,S39040,mlm_tapt,1998_grace_WEB,The KBR shall be designed to reject multipath from the satellite to better than -56 dB relative to the direct signal.,reject multipath from the satellite to better than -56 dB relative to the direct signal,nice_to_have,It would be useful if the system could reject multipath from the satellite to better than -56 dB relative to the direct signal.,The system SHALL reject multipath from the satellite to better than -56 dB relative to the direct signal.,SHALL,no,0,nice_to_have,0,0.0
