item_id,seed_id,source_dataset,original_requirement,capability_text,source_modality,source_statement,candidate_requirement,mandatory_keyword,task1_gold_decision,task1_gold_yes,task2_gold_modality,ordinal_strength,numeric_strength
S0001_mandatory,S0001,NICE,'The system shall refresh the display every 60 seconds.',refresh the display every 60 seconds,mandatory,The system MUST refresh the display every 60 seconds.,The system MUST refresh the display every 60 seconds.,MUST,yes,1,mandatory,3,1.0
S0001_recommended,S0001,NICE,'The system shall refresh the display every 60 seconds.',refresh the display every 60 seconds,recommended,The system SHOULD refresh the display every 60 seconds.,The system MUST refresh the display every 60 seconds.,MUST,no,0,recommended,2,0.67
S0001_optional,S0001,NICE,'The system shall refresh the display every 60 seconds.',refresh the display every 60 seconds,optional,The system MAY refresh the display every 60 seconds.,The system MUST refresh the display every 60 seconds.,MUST,no,0,optional,1,0.33
S0001_nice_to_have,S0001,NICE,'The system shall refresh the display every 60 seconds.',refresh the display every 60 seconds,nice_to_have,It would be useful if the system could refresh the display every 60 seconds.,The system MUST refresh the display every 60 seconds.,MUST,no,0,nice_to_have,0,0.0
S0002_mandatory,S0002,NICE,'The application shall match the color of the schema set forth by Department of Homeland Security',match the color of the schema set forth by Department of Homeland Security,mandatory,The system MUST match the color of the schema set forth by Department of Homeland Security.,The system MUST match the color of the schema set forth by Department of Homeland Security.,MUST,yes,1,mandatory,3,1.0
S0002_recommended,S0002,NICE,'The application shall match the color of the schema set forth by Department of Homeland Security',match the color of the schema set forth by Department of Homeland Security,recommended,The system SHOULD match the color of the schema set forth by Department of Homeland Security.,The system MUST match the color of the schema set forth by Department of Homeland Security.,MUST,no,0,recommended,2,0.67
S0002_optional,S0002,NICE,'The application shall match the color of the schema set forth by Department of Homeland Security',match the color of the schema set forth by Department of Homeland Security,optional,The system MAY match the color of the schema set forth by Department of Homeland Security.,The system MUST match the color of the schema set forth by Department of Homeland Security.,MUST,no,0,optional,1,0.33
S0002_nice_to_have,S0002,NICE,'The application shall match the color of the schema set forth by Department of Homeland Security',match the color of the schema set forth by Department of Homeland Security,nice_to_have,It would be useful if the system could match the color of the schema set forth by Department of Homeland Security.,The system MUST match the color of the schema set forth by Department of Homeland Security.,MUST,no,0,nice_to_have,0,0.0
S0008_mandatory,S0008,NICE,'The product shall respond fast to keep up-to-date data in the display.',respond fast to keep up-to-date data in the display,mandatory,The system MUST respond fast to keep up-to-date data in the display.,The system MUST respond fast to keep up-to-date data in the display.,MUST,yes,1,mandatory,3,1.0
S0008_recommended,S0008,NICE,'The product shall respond fast to keep up-to-date data in the display.',respond fast to keep up-to-date data in the display,recommended,The system SHOULD respond fast to keep up-to-date data in the display.,The system MUST respond fast to keep up-to-date data in the display.,MUST,no,0,recommended,2,0.67
S0008_optional,S0008,NICE,'The product shall respond fast to keep up-to-date data in the display.',respond fast to keep up-to-date data in the display,optional,The system MAY respond fast to keep up-to-date data in the display.,The system MUST respond fast to keep up-to-date data in the display.,MUST,no,0,optional,1,0.33
S0008_nice_to_have,S0008,NICE,'The product shall respond fast to keep up-to-date data in the display.',respond fast to keep up-to-date data in the display,nice_to_have,It would be useful if the system could respond fast to keep up-to-date data in the display.,The system MUST respond fast to keep up-to-date data in the display.,MUST,no,0,nice_to_have,0,0.0
S0009_mandatory,S0009,NICE,'The system shall have a MDI form that allows for the viewing of the graph and the data table.',have a MDI form that allows for the viewing of the graph and the data table,mandatory,The system MUST have a MDI form that allows for the viewing of the graph and the data table.,The system MUST have a MDI form that allows for the viewing of the graph and the data table.,MUST,yes,1,mandatory,3,1.0
S0009_recommended,S0009,NICE,'The system shall have a MDI form that allows for the viewing of the graph and the data table.',have a MDI form that allows for the viewing of the graph and the data table,recommended,The system SHOULD have a MDI form that allows for the viewing of the graph and the data table.,The system MUST have a MDI form that allows for the viewing of the graph and the data table.,MUST,no,0,recommended,2,0.67
S0009_optional,S0009,NICE,'The system shall have a MDI form that allows for the viewing of the graph and the data table.',have a MDI form that allows for the viewing of the graph and the data table,optional,The system MAY have a MDI form that allows for the viewing of the graph and the data table.,The system MUST have a MDI form that allows for the viewing of the graph and the data table.,MUST,no,0,optional,1,0.33
S0009_nice_to_have,S0009,NICE,'The system shall have a MDI form that allows for the viewing of the graph and the data table.',have a MDI form that allows for the viewing of the graph and the data table,nice_to_have,It would be useful if the system could have a MDI form that allows for the viewing of the graph and the data table.,The system MUST have a MDI form that allows for the viewing of the graph and the data table.,MUST,no,0,nice_to_have,0,0.0
S0010_mandatory,S0010,NICE,'The system shall display Events in a vertical table by time.',display Events in a vertical table by time,mandatory,The system MUST display Events in a vertical table by time.,The system MUST display Events in a vertical table by time.,MUST,yes,1,mandatory,3,1.0
S0010_recommended,S0010,NICE,'The system shall display Events in a vertical table by time.',display Events in a vertical table by time,recommended,The system SHOULD display Events in a vertical table by time.,The system MUST display Events in a vertical table by time.,MUST,no,0,recommended,2,0.67
S0010_optional,S0010,NICE,'The system shall display Events in a vertical table by time.',display Events in a vertical table by time,optional,The system MAY display Events in a vertical table by time.,The system MUST display Events in a vertical table by time.,MUST,no,0,optional,1,0.33
S0010_nice_to_have,S0010,NICE,'The system shall display Events in a vertical table by time.',display Events in a vertical table by time,nice_to_have,It would be useful if the system could display Events in a vertical table by time.,The system MUST display Events in a vertical table by time.,MUST,no,0,nice_to_have,0,0.0
S0011_mandatory,S0011,NICE,'The system shall display the Events in a graph by time.',display the Events in a graph by time,mandatory,The system MUST display the Events in a graph by time.,The system MUST display the Events in a graph by time.,MUST,yes,1,mandatory,3,1.0
S0011_recommended,S0011,NICE,'The system shall display the Events in a graph by time.',display the Events in a graph by time,recommended,The system SHOULD display the Events in a graph by time.,The system MUST display the Events in a graph by time.,MUST,no,0,recommended,2,0.67
S0011_optional,S0011,NICE,'The system shall display the Events in a graph by time.',display the Events in a graph by time,optional,The system MAY display the Events in a graph by time.,The system MUST display the Events in a graph by time.,MUST,no,0,optional,1,0.33
S0011_nice_to_have,S0011,NICE,'The system shall display the Events in a graph by time.',display the Events in a graph by time,nice_to_have,It would be useful if the system could display the Events in a graph by time.,The system MUST display the Events in a graph by time.,MUST,no,0,nice_to_have,0,0.0
S0012_mandatory,S0012,NICE,'The system shall display Events or Activities.',display Events or Activities,mandatory,The system MUST display Events or Activities.,The system MUST display Events or Activities.,MUST,yes,1,mandatory,3,1.0
S0012_recommended,S0012,NICE,'The system shall display Events or Activities.',display Events or Activities,recommended,The system SHOULD display Events or Activities.,The system MUST display Events or Activities.,MUST,no,0,recommended,2,0.67
S0012_optional,S0012,NICE,'The system shall display Events or Activities.',display Events or Activities,optional,The system MAY display Events or Activities.,The system MUST display Events or Activities.,MUST,no,0,optional,1,0.33
S0012_nice_to_have,S0012,NICE,'The system shall display Events or Activities.',display Events or Activities,nice_to_have,It would be useful if the system could display Events or Activities.,The system MUST display Events or Activities.,MUST,no,0,nice_to_have,0,0.0
S0014_mandatory,S0014,NICE,'The data displayed in both the nodes within the graph and the rows in the table are MSEL Summary data',display MSEL Summary data in both graph nodes and table rows,mandatory,The system MUST display MSEL Summary data in both graph nodes and table rows.,The system MUST display MSEL Summary data in both graph nodes and table rows.,MUST,yes,1,mandatory,3,1.0
S0014_recommended,S0014,NICE,'The data displayed in both the nodes within the graph and the rows in the table are MSEL Summary data',display MSEL Summary data in both graph nodes and table rows,recommended,The system SHOULD display MSEL Summary data in both graph nodes and table rows.,The system MUST display MSEL Summary data in both graph nodes and table rows.,MUST,no,0,recommended,2,0.67
S0014_optional,S0014,NICE,'The data displayed in both the nodes within the graph and the rows in the table are MSEL Summary data',display MSEL Summary data in both graph nodes and table rows,optional,The system MAY display MSEL Summary data in both graph nodes and table rows.,The system MUST display MSEL Summary data in both graph nodes and table rows.,MUST,no,0,optional,1,0.33
S0014_nice_to_have,S0014,NICE,'The data displayed in both the nodes within the graph and the rows in the table are MSEL Summary data',display MSEL Summary data in both graph nodes and table rows,nice_to_have,It would be useful if the system could display MSEL Summary data in both graph nodes and table rows.,The system MUST display MSEL Summary data in both graph nodes and table rows.,MUST,no,0,nice_to_have,0,0.0
S0015_mandatory,S0015,NICE,'The table side of the display shall be split into 2 regions: sequential and temporal.',split the table side of the display into sequential and temporal regions,mandatory,The system MUST split the table side of the display into sequential and temporal regions.,The system MUST split the table side of the display into sequential and temporal regions.,MUST,yes,1,mandatory,3,1.0
S0015_recommended,S0015,NICE,'The table side of the display shall be split into 2 regions: sequential and temporal.',split the table side of the display into sequential and temporal regions,recommended,The system SHOULD split the table side of the display into sequential and temporal regions.,The system MUST split the table side of the display into sequential and temporal regions.,MUST,no,0,recommended,2,0.67
S0015_optional,S0015,NICE,'The table side of the display shall be split into 2 regions: sequential and temporal.',split the table side of the display into sequential and temporal regions,optional,The system MAY split the table side of the display into sequential and temporal regions.,The system MUST split the table side of the display into sequential and temporal regions.,MUST,no,0,optional,1,0.33
S0015_nice_to_have,S0015,NICE,'The table side of the display shall be split into 2 regions: sequential and temporal.',split the table side of the display into sequential and temporal regions,nice_to_have,It would be useful if the system could split the table side of the display into sequential and temporal regions.,The system MUST split the table side of the display into sequential and temporal regions.,MUST,no,0,nice_to_have,0,0.0
S0018_mandatory,S0018,NICE,'The system shall color code events according to their variance from current time.',color code events according to their variance from current time,mandatory,The system MUST color code events according to their variance from current time.,The system MUST color code events according to their variance from current time.,MUST,yes,1,mandatory,3,1.0
S0018_recommended,S0018,NICE,'The system shall color code events according to their variance from current time.',color code events according to their variance from current time,recommended,The system SHOULD color code events according to their variance from current time.,The system MUST color code events according to their variance from current time.,MUST,no,0,recommended,2,0.67
S0018_optional,S0018,NICE,'The system shall color code events according to their variance from current time.',color code events according to their variance from current time,optional,The system MAY color code events according to their variance from current time.,The system MUST color code events according to their variance from current time.,MUST,no,0,optional,1,0.33
S0018_nice_to_have,S0018,NICE,'The system shall color code events according to their variance from current time.',color code events according to their variance from current time,nice_to_have,It would be useful if the system could color code events according to their variance from current time.,The system MUST color code events according to their variance from current time.,MUST,no,0,nice_to_have,0,0.0
S0021_mandatory,S0021,NICE,'The system shall allow modification of the display.',allow modification of the display,mandatory,The system MUST allow modification of the display.,The system MUST allow modification of the display.,MUST,yes,1,mandatory,3,1.0
S0021_recommended,S0021,NICE,'The system shall allow modification of the display.',allow modification of the display,recommended,The system SHOULD allow modification of the display.,The system MUST allow modification of the display.,MUST,no,0,recommended,2,0.67
S0021_optional,S0021,NICE,'The system shall allow modification of the display.',allow modification of the display,optional,The system MAY allow modification of the display.,The system MUST allow modification of the display.,MUST,no,0,optional,1,0.33
S0021_nice_to_have,S0021,NICE,'The system shall allow modification of the display.',allow modification of the display,nice_to_have,It would be useful if the system could allow modification of the display.,The system MUST allow modification of the display.,MUST,no,0,nice_to_have,0,0.0
S0022_mandatory,S0022,NICE,'The system shall offer a display of all the Events in the exercise.',offer a display of all the Events in the exercise,mandatory,The system MUST offer a display of all the Events in the exercise.,The system MUST offer a display of all the Events in the exercise.,MUST,yes,1,mandatory,3,1.0
S0022_recommended,S0022,NICE,'The system shall offer a display of all the Events in the exercise.',offer a display of all the Events in the exercise,recommended,The system SHOULD offer a display of all the Events in the exercise.,The system MUST offer a display of all the Events in the exercise.,MUST,no,0,recommended,2,0.67
S0022_optional,S0022,NICE,'The system shall offer a display of all the Events in the exercise.',offer a display of all the Events in the exercise,optional,The system MAY offer a display of all the Events in the exercise.,The system MUST offer a display of all the Events in the exercise.,MUST,no,0,optional,1,0.33
S0022_nice_to_have,S0022,NICE,'The system shall offer a display of all the Events in the exercise.',offer a display of all the Events in the exercise,nice_to_have,It would be useful if the system could offer a display of all the Events in the exercise.,The system MUST offer a display of all the Events in the exercise.,MUST,no,0,nice_to_have,0,0.0
S0023_mandatory,S0023,NICE,'The system shall filter data by: Venues and Key Events.',filter data by: Venues and Key Events,mandatory,The system MUST filter data by: Venues and Key Events.,The system MUST filter data by: Venues and Key Events.,MUST,yes,1,mandatory,3,1.0
S0023_recommended,S0023,NICE,'The system shall filter data by: Venues and Key Events.',filter data by: Venues and Key Events,recommended,The system SHOULD filter data by: Venues and Key Events.,The system MUST filter data by: Venues and Key Events.,MUST,no,0,recommended,2,0.67
S0023_optional,S0023,NICE,'The system shall filter data by: Venues and Key Events.',filter data by: Venues and Key Events,optional,The system MAY filter data by: Venues and Key Events.,The system MUST filter data by: Venues and Key Events.,MUST,no,0,optional,1,0.33
S0023_nice_to_have,S0023,NICE,'The system shall filter data by: Venues and Key Events.',filter data by: Venues and Key Events,nice_to_have,It would be useful if the system could filter data by: Venues and Key Events.,The system MUST filter data by: Venues and Key Events.,MUST,no,0,nice_to_have,0,0.0
S0024_mandatory,S0024,NICE,'The system shall allow a user to define the time segments',allow a user to define the time segments,mandatory,The system MUST allow a user to define the time segments.,The system MUST allow a user to define the time segments.,MUST,yes,1,mandatory,3,1.0
S0024_recommended,S0024,NICE,'The system shall allow a user to define the time segments',allow a user to define the time segments,recommended,The system SHOULD allow a user to define the time segments.,The system MUST allow a user to define the time segments.,MUST,no,0,recommended,2,0.67
S0024_optional,S0024,NICE,'The system shall allow a user to define the time segments',allow a user to define the time segments,optional,The system MAY allow a user to define the time segments.,The system MUST allow a user to define the time segments.,MUST,no,0,optional,1,0.33
S0024_nice_to_have,S0024,NICE,'The system shall allow a user to define the time segments',allow a user to define the time segments,nice_to_have,It would be useful if the system could allow a user to define the time segments.,The system MUST allow a user to define the time segments.,MUST,no,0,nice_to_have,0,0.0
S0025_mandatory,S0025,NICE,'The system shall display the local and exercise time in separate clocks',display the local and exercise time in separate clocks,mandatory,The system MUST display the local and exercise time in separate clocks.,The system MUST display the local and exercise time in separate clocks.,MUST,yes,1,mandatory,3,1.0
S0025_recommended,S0025,NICE,'The system shall display the local and exercise time in separate clocks',display the local and exercise time in separate clocks,recommended,The system SHOULD display the local and exercise time in separate clocks.,The system MUST display the local and exercise time in separate clocks.,MUST,no,0,recommended,2,0.67
S0025_optional,S0025,NICE,'The system shall display the local and exercise time in separate clocks',display the local and exercise time in separate clocks,optional,The system MAY display the local and exercise time in separate clocks.,The system MUST display the local and exercise time in separate clocks.,MUST,no,0,optional,1,0.33
S0025_nice_to_have,S0025,NICE,'The system shall display the local and exercise time in separate clocks',display the local and exercise time in separate clocks,nice_to_have,It would be useful if the system could display the local and exercise time in separate clocks.,The system MUST display the local and exercise time in separate clocks.,MUST,no,0,nice_to_have,0,0.0
S0026_mandatory,S0026,NICE,'The system shall offer the ability to pause and resume the refresh of data.',offer the ability to pause and resume the refresh of data,mandatory,The system MUST offer the ability to pause and resume the refresh of data.,The system MUST offer the ability to pause and resume the refresh of data.,MUST,yes,1,mandatory,3,1.0
S0026_recommended,S0026,NICE,'The system shall offer the ability to pause and resume the refresh of data.',offer the ability to pause and resume the refresh of data,recommended,The system SHOULD offer the ability to pause and resume the refresh of data.,The system MUST offer the ability to pause and resume the refresh of data.,MUST,no,0,recommended,2,0.67
S0026_optional,S0026,NICE,'The system shall offer the ability to pause and resume the refresh of data.',offer the ability to pause and resume the refresh of data,optional,The system MAY offer the ability to pause and resume the refresh of data.,The system MUST offer the ability to pause and resume the refresh of data.,MUST,no,0,optional,1,0.33
S0026_nice_to_have,S0026,NICE,'The system shall offer the ability to pause and resume the refresh of data.',offer the ability to pause and resume the refresh of data,nice_to_have,It would be useful if the system could offer the ability to pause and resume the refresh of data.,The system MUST offer the ability to pause and resume the refresh of data.,MUST,no,0,nice_to_have,0,0.0
S0027_mandatory,S0027,NICE,'The system shall provide charts for the Activity or Event actual versus assumed time.',provide charts for the Activity or Event actual versus assumed time,mandatory,The system MUST provide charts for the Activity or Event actual versus assumed time.,The system MUST provide charts for the Activity or Event actual versus assumed time.,MUST,yes,1,mandatory,3,1.0
S0027_recommended,S0027,NICE,'The system shall provide charts for the Activity or Event actual versus assumed time.',provide charts for the Activity or Event actual versus assumed time,recommended,The system SHOULD provide charts for the Activity or Event actual versus assumed time.,The system MUST provide charts for the Activity or Event actual versus assumed time.,MUST,no,0,recommended,2,0.67
S0027_optional,S0027,NICE,'The system shall provide charts for the Activity or Event actual versus assumed time.',provide charts for the Activity or Event actual versus assumed time,optional,The system MAY provide charts for the Activity or Event actual versus assumed time.,The system MUST provide charts for the Activity or Event actual versus assumed time.,MUST,no,0,optional,1,0.33
S0027_nice_to_have,S0027,NICE,'The system shall provide charts for the Activity or Event actual versus assumed time.',provide charts for the Activity or Event actual versus assumed time,nice_to_have,It would be useful if the system could provide charts for the Activity or Event actual versus assumed time.,The system MUST provide charts for the Activity or Event actual versus assumed time.,MUST,no,0,nice_to_have,0,0.0
S0028_mandatory,S0028,NICE,'The system shall provide a history report of changes made to the Activity or Event data',provide a history report of changes made to the Activity or Event data,mandatory,The system MUST provide a history report of changes made to the Activity or Event data.,The system MUST provide a history report of changes made to the Activity or Event data.,MUST,yes,1,mandatory,3,1.0
S0028_recommended,S0028,NICE,'The system shall provide a history report of changes made to the Activity or Event data',provide a history report of changes made to the Activity or Event data,recommended,The system SHOULD provide a history report of changes made to the Activity or Event data.,The system MUST provide a history report of changes made to the Activity or Event data.,MUST,no,0,recommended,2,0.67
S0028_optional,S0028,NICE,'The system shall provide a history report of changes made to the Activity or Event data',provide a history report of changes made to the Activity or Event data,optional,The system MAY provide a history report of changes made to the Activity or Event data.,The system MUST provide a history report of changes made to the Activity or Event data.,MUST,no,0,optional,1,0.33
S0028_nice_to_have,S0028,NICE,'The system shall provide a history report of changes made to the Activity or Event data',provide a history report of changes made to the Activity or Event data,nice_to_have,It would be useful if the system could provide a history report of changes made to the Activity or Event data.,The system MUST provide a history report of changes made to the Activity or Event data.,MUST,no,0,nice_to_have,0,0.0
S0029_mandatory,S0029,NICE,'The look and feel of the system shall conform to the user interface standards of the smart device.',conform to the smart device user interface standards in look and feel,mandatory,The system MUST conform to the smart device user interface standards in look and feel.,The system MUST conform to the smart device user interface standards in look and feel.,MUST,yes,1,mandatory,3,1.0
S0029_recommended,S0029,NICE,'The look and feel of the system shall conform to the user interface standards of the smart device.',conform to the smart device user interface standards in look and feel,recommended,The system SHOULD conform to the smart device user interface standards in look and feel.,The system MUST conform to the smart device user interface standards in look and feel.,MUST,no,0,recommended,2,0.67
S0029_optional,S0029,NICE,'The look and feel of the system shall conform to the user interface standards of the smart device.',conform to the smart device user interface standards in look and feel,optional,The system MAY conform to the smart device user interface standards in look and feel.,The system MUST conform to the smart device user interface standards in look and feel.,MUST,no,0,optional,1,0.33
S0029_nice_to_have,S0029,NICE,'The look and feel of the system shall conform to the user interface standards of the smart device.',conform to the smart device user interface standards in look and feel,nice_to_have,It would be useful if the system could conform to the smart device user interface standards in look and feel.,The system MUST conform to the smart device user interface standards in look and feel.,MUST,no,0,nice_to_have,0,0.0
S0030_mandatory,S0030,NICE,'The user interface shall have standard menus buttons for navigation',provide standard menu buttons for navigation,mandatory,The system MUST provide standard menu buttons for navigation.,The system MUST provide standard menu buttons for navigation.,MUST,yes,1,mandatory,3,1.0
S0030_recommended,S0030,NICE,'The user interface shall have standard menus buttons for navigation',provide standard menu buttons for navigation,recommended,The system SHOULD provide standard menu buttons for navigation.,The system MUST provide standard menu buttons for navigation.,MUST,no,0,recommended,2,0.67
S0030_optional,S0030,NICE,'The user interface shall have standard menus buttons for navigation',provide standard menu buttons for navigation,optional,The system MAY provide standard menu buttons for navigation.,The system MUST provide standard menu buttons for navigation.,MUST,no,0,optional,1,0.33
S0030_nice_to_have,S0030,NICE,'The user interface shall have standard menus buttons for navigation',provide standard menu buttons for navigation,nice_to_have,It would be useful if the system could provide standard menu buttons for navigation.,The system MUST provide standard menu buttons for navigation.,MUST,no,0,nice_to_have,0,0.0
S0031_mandatory,S0031,NICE,'The system shall have a professional appearance',have a professional appearance,mandatory,The system MUST have a professional appearance.,The system MUST have a professional appearance.,MUST,yes,1,mandatory,3,1.0
S0031_recommended,S0031,NICE,'The system shall have a professional appearance',have a professional appearance,recommended,The system SHOULD have a professional appearance.,The system MUST have a professional appearance.,MUST,no,0,recommended,2,0.67
S0031_optional,S0031,NICE,'The system shall have a professional appearance',have a professional appearance,optional,The system MAY have a professional appearance.,The system MUST have a professional appearance.,MUST,no,0,optional,1,0.33
S0031_nice_to_have,S0031,NICE,'The system shall have a professional appearance',have a professional appearance,nice_to_have,It would be useful if the system could have a professional appearance.,The system MUST have a professional appearance.,MUST,no,0,nice_to_have,0,0.0
S0032_mandatory,S0032,NICE,'The product shall have a consistent color scheme and fonts.',have a consistent color scheme and fonts,mandatory,The system MUST have a consistent color scheme and fonts.,The system MUST have a consistent color scheme and fonts.,MUST,yes,1,mandatory,3,1.0
S0032_recommended,S0032,NICE,'The product shall have a consistent color scheme and fonts.',have a consistent color scheme and fonts,recommended,The system SHOULD have a consistent color scheme and fonts.,The system MUST have a consistent color scheme and fonts.,MUST,no,0,recommended,2,0.67
S0032_optional,S0032,NICE,'The product shall have a consistent color scheme and fonts.',have a consistent color scheme and fonts,optional,The system MAY have a consistent color scheme and fonts.,The system MUST have a consistent color scheme and fonts.,MUST,no,0,optional,1,0.33
S0032_nice_to_have,S0032,NICE,'The product shall have a consistent color scheme and fonts.',have a consistent color scheme and fonts,nice_to_have,It would be useful if the system could have a consistent color scheme and fonts.,The system MUST have a consistent color scheme and fonts.,MUST,no,0,nice_to_have,0,0.0
S0034_mandatory,S0034,NICE,'The system shall be intuitive and self explanatory.',be intuitive and self explanatory,mandatory,The system MUST be intuitive and self explanatory.,The system MUST be intuitive and self explanatory.,MUST,yes,1,mandatory,3,1.0
S0034_recommended,S0034,NICE,'The system shall be intuitive and self explanatory.',be intuitive and self explanatory,recommended,The system SHOULD be intuitive and self explanatory.,The system MUST be intuitive and self explanatory.,MUST,no,0,recommended,2,0.67
S0034_optional,S0034,NICE,'The system shall be intuitive and self explanatory.',be intuitive and self explanatory,optional,The system MAY be intuitive and self explanatory.,The system MUST be intuitive and self explanatory.,MUST,no,0,optional,1,0.33
S0034_nice_to_have,S0034,NICE,'The system shall be intuitive and self explanatory.',be intuitive and self explanatory,nice_to_have,It would be useful if the system could be intuitive and self explanatory.,The system MUST be intuitive and self explanatory.,MUST,no,0,nice_to_have,0,0.0
S0035_mandatory,S0035,NICE,'The product shall be easy for a realtor to learn.',be easy for a realtor to learn,mandatory,The system MUST be easy for a realtor to learn.,The system MUST be easy for a realtor to learn.,MUST,yes,1,mandatory,3,1.0
S0035_recommended,S0035,NICE,'The product shall be easy for a realtor to learn.',be easy for a realtor to learn,recommended,The system SHOULD be easy for a realtor to learn.,The system MUST be easy for a realtor to learn.,MUST,no,0,recommended,2,0.67
S0035_optional,S0035,NICE,'The product shall be easy for a realtor to learn.',be easy for a realtor to learn,optional,The system MAY be easy for a realtor to learn.,The system MUST be easy for a realtor to learn.,MUST,no,0,optional,1,0.33
S0035_nice_to_have,S0035,NICE,'The product shall be easy for a realtor to learn.',be easy for a realtor to learn,nice_to_have,It would be useful if the system could be easy for a realtor to learn.,The system MUST be easy for a realtor to learn.,MUST,no,0,nice_to_have,0,0.0
S0036_mandatory,S0036,NICE,'The product shall use symbols and words that are naturally understandable by the realtor community.',use symbols and words that are naturally understandable by the realtor community,mandatory,The system MUST use symbols and words that are naturally understandable by the realtor community.,The system MUST use symbols and words that are naturally understandable by the realtor community.,MUST,yes,1,mandatory,3,1.0
S0036_recommended,S0036,NICE,'The product shall use symbols and words that are naturally understandable by the realtor community.',use symbols and words that are naturally understandable by the realtor community,recommended,The system SHOULD use symbols and words that are naturally understandable by the realtor community.,The system MUST use symbols and words that are naturally understandable by the realtor community.,MUST,no,0,recommended,2,0.67
S0036_optional,S0036,NICE,'The product shall use symbols and words that are naturally understandable by the realtor community.',use symbols and words that are naturally understandable by the realtor community,optional,The system MAY use symbols and words that are naturally understandable by the realtor community.,The system MUST use symbols and words that are naturally understandable by the realtor community.,MUST,no,0,optional,1,0.33
S0036_nice_to_have,S0036,NICE,'The product shall use symbols and words that are naturally understandable by the realtor community.',use symbols and words that are naturally understandable by the realtor community,nice_to_have,It would be useful if the system could use symbols and words that are naturally understandable by the realtor community.,The system MUST use symbols and words that are naturally understandable by the realtor community.,MUST,no,0,nice_to_have,0,0.0
S0037_mandatory,S0037,NICE,'The product shall produce search results in an acceptable time',produce search results in an acceptable time,mandatory,The system MUST produce search results in an acceptable time.,The system MUST produce search results in an acceptable time.,MUST,yes,1,mandatory,3,1.0
S0037_recommended,S0037,NICE,'The product shall produce search results in an acceptable time',produce search results in an acceptable time,recommended,The system SHOULD produce search results in an acceptable time.,The system MUST produce search results in an acceptable time.,MUST,no,0,recommended,2,0.67
S0037_optional,S0037,NICE,'The product shall produce search results in an acceptable time',produce search results in an acceptable time,optional,The system MAY produce search results in an acceptable time.,The system MUST produce search results in an acceptable time.,MUST,no,0,optional,1,0.33
S0037_nice_to_have,S0037,NICE,'The product shall produce search results in an acceptable time',produce search results in an acceptable time,nice_to_have,It would be useful if the system could produce search results in an acceptable time.,The system MUST produce search results in an acceptable time.,MUST,no,0,nice_to_have,0,0.0
S0039_mandatory,S0039,NICE,'The product shall generate a CMA report in an acceptable time.',generate a CMA report in an acceptable time,mandatory,The system MUST generate a CMA report in an acceptable time.,The system MUST generate a CMA report in an acceptable time.,MUST,yes,1,mandatory,3,1.0
S0039_recommended,S0039,NICE,'The product shall generate a CMA report in an acceptable time.',generate a CMA report in an acceptable time,recommended,The system SHOULD generate a CMA report in an acceptable time.,The system MUST generate a CMA report in an acceptable time.,MUST,no,0,recommended,2,0.67
S0039_optional,S0039,NICE,'The product shall generate a CMA report in an acceptable time.',generate a CMA report in an acceptable time,optional,The system MAY generate a CMA report in an acceptable time.,The system MUST generate a CMA report in an acceptable time.,MUST,no,0,optional,1,0.33
S0039_nice_to_have,S0039,NICE,'The product shall generate a CMA report in an acceptable time.',generate a CMA report in an acceptable time,nice_to_have,It would be useful if the system could generate a CMA report in an acceptable time.,The system MUST generate a CMA report in an acceptable time.,MUST,no,0,nice_to_have,0,0.0
S0041_mandatory,S0041,NICE,'The product shall synchronize contacts and appointments in an acceptable time.',synchronize contacts and appointments in an acceptable time,mandatory,The system MUST synchronize contacts and appointments in an acceptable time.,The system MUST synchronize contacts and appointments in an acceptable time.,MUST,yes,1,mandatory,3,1.0
S0041_recommended,S0041,NICE,'The product shall synchronize contacts and appointments in an acceptable time.',synchronize contacts and appointments in an acceptable time,recommended,The system SHOULD synchronize contacts and appointments in an acceptable time.,The system MUST synchronize contacts and appointments in an acceptable time.,MUST,no,0,recommended,2,0.67
S0041_optional,S0041,NICE,'The product shall synchronize contacts and appointments in an acceptable time.',synchronize contacts and appointments in an acceptable time,optional,The system MAY synchronize contacts and appointments in an acceptable time.,The system MUST synchronize contacts and appointments in an acceptable time.,MUST,no,0,optional,1,0.33
S0041_nice_to_have,S0041,NICE,'The product shall synchronize contacts and appointments in an acceptable time.',synchronize contacts and appointments in an acceptable time,nice_to_have,It would be useful if the system could synchronize contacts and appointments in an acceptable time.,The system MUST synchronize contacts and appointments in an acceptable time.,MUST,no,0,nice_to_have,0,0.0
S0042_mandatory,S0042,NICE,'The product shall synchronize with the office system every hour.',synchronize with the office system every hour,mandatory,The system MUST synchronize with the office system every hour.,The system MUST synchronize with the office system every hour.,MUST,yes,1,mandatory,3,1.0
S0042_recommended,S0042,NICE,'The product shall synchronize with the office system every hour.',synchronize with the office system every hour,recommended,The system SHOULD synchronize with the office system every hour.,The system MUST synchronize with the office system every hour.,MUST,no,0,recommended,2,0.67
S0042_optional,S0042,NICE,'The product shall synchronize with the office system every hour.',synchronize with the office system every hour,optional,The system MAY synchronize with the office system every hour.,The system MUST synchronize with the office system every hour.,MUST,no,0,optional,1,0.33
S0042_nice_to_have,S0042,NICE,'The product shall synchronize with the office system every hour.',synchronize with the office system every hour,nice_to_have,It would be useful if the system could synchronize with the office system every hour.,The system MUST synchronize with the office system every hour.,MUST,no,0,nice_to_have,0,0.0
S0043_mandatory,S0043,NICE,'The product shall be available for use 24 hours per day 365 days per year',be available for use 24 hours per day 365 days per year,mandatory,The system MUST be available for use 24 hours per day 365 days per year.,The system MUST be available for use 24 hours per day 365 days per year.,MUST,yes,1,mandatory,3,1.0
S0043_recommended,S0043,NICE,'The product shall be available for use 24 hours per day 365 days per year',be available for use 24 hours per day 365 days per year,recommended,The system SHOULD be available for use 24 hours per day 365 days per year.,The system MUST be available for use 24 hours per day 365 days per year.,MUST,no,0,recommended,2,0.67
S0043_optional,S0043,NICE,'The product shall be available for use 24 hours per day 365 days per year',be available for use 24 hours per day 365 days per year,optional,The system MAY be available for use 24 hours per day 365 days per year.,The system MUST be available for use 24 hours per day 365 days per year.,MUST,no,0,optional,1,0.33
S0043_nice_to_have,S0043,NICE,'The product shall be available for use 24 hours per day 365 days per year',be available for use 24 hours per day 365 days per year,nice_to_have,It would be useful if the system could be available for use 24 hours per day 365 days per year.,The system MUST be available for use 24 hours per day 365 days per year.,MUST,no,0,nice_to_have,0,0.0
S0044_mandatory,S0044,NICE,'Out of 1000 accesses to the system the system is available 999 times.',be available for 999 out of 1000 access attempts,mandatory,The system MUST be available for 999 out of 1000 access attempts.,The system MUST be available for 999 out of 1000 access attempts.,MUST,yes,1,mandatory,3,1.0
S0044_recommended,S0044,NICE,'Out of 1000 accesses to the system the system is available 999 times.',be available for 999 out of 1000 access attempts,recommended,The system SHOULD be available for 999 out of 1000 access attempts.,The system MUST be available for 999 out of 1000 access attempts.,MUST,no,0,recommended,2,0.67
S0044_optional,S0044,NICE,'Out of 1000 accesses to the system the system is available 999 times.',be available for 999 out of 1000 access attempts,optional,The system MAY be available for 999 out of 1000 access attempts.,The system MUST be available for 999 out of 1000 access attempts.,MUST,no,0,optional,1,0.33
S0044_nice_to_have,S0044,NICE,'Out of 1000 accesses to the system the system is available 999 times.',be available for 999 out of 1000 access attempts,nice_to_have,It would be useful if the system could be available for 999 out of 1000 access attempts.,The system MUST be available for 999 out of 1000 access attempts.,MUST,no,0,nice_to_have,0,0.0
S0045_mandatory,S0045,NICE,'The product shall operate in offline mode whenever internet connection is unavailable.',operate in offline mode whenever internet connection is unavailable,mandatory,The system MUST operate in offline mode whenever internet connection is unavailable.,The system MUST operate in offline mode whenever internet connection is unavailable.,MUST,yes,1,mandatory,3,1.0
S0045_recommended,S0045,NICE,'The product shall operate in offline mode whenever internet connection is unavailable.',operate in offline mode whenever internet connection is unavailable,recommended,The system SHOULD operate in offline mode whenever internet connection is unavailable.,The system MUST operate in offline mode whenever internet connection is unavailable.,MUST,no,0,recommended,2,0.67
S0045_optional,S0045,NICE,'The product shall operate in offline mode whenever internet connection is unavailable.',operate in offline mode whenever internet connection is unavailable,optional,The system MAY operate in offline mode whenever internet connection is unavailable.,The system MUST operate in offline mode whenever internet connection is unavailable.,MUST,no,0,optional,1,0.33
S0045_nice_to_have,S0045,NICE,'The product shall operate in offline mode whenever internet connection is unavailable.',operate in offline mode whenever internet connection is unavailable,nice_to_have,It would be useful if the system could operate in offline mode whenever internet connection is unavailable.,The system MUST operate in offline mode whenever internet connection is unavailable.,MUST,no,0,nice_to_have,0,0.0
S0046_mandatory,S0046,NICE,'The product shall allow the user to view previously downloaded search results CMA reports and appointments.',allow the user to view previously downloaded search results CMA reports and appointments,mandatory,The system MUST allow the user to view previously downloaded search results CMA reports and appointments.,The system MUST allow the user to view previously downloaded search results CMA reports and appointments.,MUST,yes,1,mandatory,3,1.0
S0046_recommended,S0046,NICE,'The product shall allow the user to view previously downloaded search results CMA reports and appointments.',allow the user to view previously downloaded search results CMA reports and appointments,recommended,The system SHOULD allow the user to view previously downloaded search results CMA reports and appointments.,The system MUST allow the user to view previously downloaded search results CMA reports and appointments.,MUST,no,0,recommended,2,0.67
S0046_optional,S0046,NICE,'The product shall allow the user to view previously downloaded search results CMA reports and appointments.',allow the user to view previously downloaded search results CMA reports and appointments,optional,The system MAY allow the user to view previously downloaded search results CMA reports and appointments.,The system MUST allow the user to view previously downloaded search results CMA reports and appointments.,MUST,no,0,optional,1,0.33
S0046_nice_to_have,S0046,NICE,'The product shall allow the user to view previously downloaded search results CMA reports and appointments.',allow the user to view previously downloaded search results CMA reports and appointments,nice_to_have,It would be useful if the system could allow the user to view previously downloaded search results CMA reports and appointments.,The system MUST allow the user to view previously downloaded search results CMA reports and appointments.,MUST,no,0,nice_to_have,0,0.0
S0047_mandatory,S0047,NICE,'The product shall retain user preferences in the event of a failure.',retain user preferences in the event of a failure,mandatory,The system MUST retain user preferences in the event of a failure.,The system MUST retain user preferences in the event of a failure.,MUST,yes,1,mandatory,3,1.0
S0047_recommended,S0047,NICE,'The product shall retain user preferences in the event of a failure.',retain user preferences in the event of a failure,recommended,The system SHOULD retain user preferences in the event of a failure.,The system MUST retain user preferences in the event of a failure.,MUST,no,0,recommended,2,0.67
S0047_optional,S0047,NICE,'The product shall retain user preferences in the event of a failure.',retain user preferences in the event of a failure,optional,The system MAY retain user preferences in the event of a failure.,The system MUST retain user preferences in the event of a failure.,MUST,no,0,optional,1,0.33
S0047_nice_to_have,S0047,NICE,'The product shall retain user preferences in the event of a failure.',retain user preferences in the event of a failure,nice_to_have,It would be useful if the system could retain user preferences in the event of a failure.,The system MUST retain user preferences in the event of a failure.,MUST,no,0,nice_to_have,0,0.0
S0049_mandatory,S0049,NICE,'The product shall be able to support multiple remote users',support multiple remote users,mandatory,The system MUST support multiple remote users.,The system MUST support multiple remote users.,MUST,yes,1,mandatory,3,1.0
S0049_recommended,S0049,NICE,'The product shall be able to support multiple remote users',support multiple remote users,recommended,The system SHOULD support multiple remote users.,The system MUST support multiple remote users.,MUST,no,0,recommended,2,0.67
S0049_optional,S0049,NICE,'The product shall be able to support multiple remote users',support multiple remote users,optional,The system MAY support multiple remote users.,The system MUST support multiple remote users.,MUST,no,0,optional,1,0.33
S0049_nice_to_have,S0049,NICE,'The product shall be able to support multiple remote users',support multiple remote users,nice_to_have,It would be useful if the system could support multiple remote users.,The system MUST support multiple remote users.,MUST,no,0,nice_to_have,0,0.0
S0050_mandatory,S0050,NICE,'The product shall be able support 1000 simultaneous users.',be able support 1000 simultaneous users,mandatory,The system MUST be able support 1000 simultaneous users.,The system MUST be able support 1000 simultaneous users.,MUST,yes,1,mandatory,3,1.0
S0050_recommended,S0050,NICE,'The product shall be able support 1000 simultaneous users.',be able support 1000 simultaneous users,recommended,The system SHOULD be able support 1000 simultaneous users.,The system MUST be able support 1000 simultaneous users.,MUST,no,0,recommended,2,0.67
S0050_optional,S0050,NICE,'The product shall be able support 1000 simultaneous users.',be able support 1000 simultaneous users,optional,The system MAY be able support 1000 simultaneous users.,The system MUST be able support 1000 simultaneous users.,MUST,no,0,optional,1,0.33
S0050_nice_to_have,S0050,NICE,'The product shall be able support 1000 simultaneous users.',be able support 1000 simultaneous users,nice_to_have,It would be useful if the system could be able support 1000 simultaneous users.,The system MUST be able support 1000 simultaneous users.,MUST,no,0,nice_to_have,0,0.0
S0054_mandatory,S0054,NICE,'The product is expected to run on Windows CE and Palm operating systems.',run on Windows CE and Palm operating systems,mandatory,The system MUST run on Windows CE and Palm operating systems.,The system MUST run on Windows CE and Palm operating systems.,MUST,yes,1,mandatory,3,1.0
S0054_recommended,S0054,NICE,'The product is expected to run on Windows CE and Palm operating systems.',run on Windows CE and Palm operating systems,recommended,The system SHOULD run on Windows CE and Palm operating systems.,The system MUST run on Windows CE and Palm operating systems.,MUST,no,0,recommended,2,0.67
S0054_optional,S0054,NICE,'The product is expected to run on Windows CE and Palm operating systems.',run on Windows CE and Palm operating systems,optional,The system MAY run on Windows CE and Palm operating systems.,The system MUST run on Windows CE and Palm operating systems.,MUST,no,0,optional,1,0.33
S0054_nice_to_have,S0054,NICE,'The product is expected to run on Windows CE and Palm operating systems.',run on Windows CE and Palm operating systems,nice_to_have,It would be useful if the system could run on Windows CE and Palm operating systems.,The system MUST run on Windows CE and Palm operating systems.,MUST,no,0,nice_to_have,0,0.0
S0055_mandatory,S0055,NICE,'Only registered realtors shall be able to access the system.',allow only registered realtors to access the system,mandatory,The system MUST allow only registered realtors to access the system.,The system MUST allow only registered realtors to access the system.,MUST,yes,1,mandatory,3,1.0
S0055_recommended,S0055,NICE,'Only registered realtors shall be able to access the system.',allow only registered realtors to access the system,recommended,The system SHOULD allow only registered realtors to access the system.,The system MUST allow only registered realtors to access the system.,MUST,no,0,recommended,2,0.67
S0055_optional,S0055,NICE,'Only registered realtors shall be able to access the system.',allow only registered realtors to access the system,optional,The system MAY allow only registered realtors to access the system.,The system MUST allow only registered realtors to access the system.,MUST,no,0,optional,1,0.33
S0055_nice_to_have,S0055,NICE,'Only registered realtors shall be able to access the system.',allow only registered realtors to access the system,nice_to_have,It would be useful if the system could allow only registered realtors to access the system.,The system MUST allow only registered realtors to access the system.,MUST,no,0,nice_to_have,0,0.0
S0056_mandatory,S0056,NICE,'Every user of the system shall be authenticated and authorized.',authenticate and authorize every system user,mandatory,The system MUST authenticate and authorize every system user.,The system MUST authenticate and authorize every system user.,MUST,yes,1,mandatory,3,1.0
S0056_recommended,S0056,NICE,'Every user of the system shall be authenticated and authorized.',authenticate and authorize every system user,recommended,The system SHOULD authenticate and authorize every system user.,The system MUST authenticate and authorize every system user.,MUST,no,0,recommended,2,0.67
S0056_optional,S0056,NICE,'Every user of the system shall be authenticated and authorized.',authenticate and authorize every system user,optional,The system MAY authenticate and authorize every system user.,The system MUST authenticate and authorize every system user.,MUST,no,0,optional,1,0.33
S0056_nice_to_have,S0056,NICE,'Every user of the system shall be authenticated and authorized.',authenticate and authorize every system user,nice_to_have,It would be useful if the system could authenticate and authorize every system user.,The system MUST authenticate and authorize every system user.,MUST,no,0,nice_to_have,0,0.0
S0057_mandatory,S0057,NICE,'The product shall prevent its data from incorrect data being introduced.',prevent its data from incorrect data being introduced,mandatory,The system MUST prevent its data from incorrect data being introduced.,The system MUST prevent its data from incorrect data being introduced.,MUST,yes,1,mandatory,3,1.0
S0057_recommended,S0057,NICE,'The product shall prevent its data from incorrect data being introduced.',prevent its data from incorrect data being introduced,recommended,The system SHOULD prevent its data from incorrect data being introduced.,The system MUST prevent its data from incorrect data being introduced.,MUST,no,0,recommended,2,0.67
S0057_optional,S0057,NICE,'The product shall prevent its data from incorrect data being introduced.',prevent its data from incorrect data being introduced,optional,The system MAY prevent its data from incorrect data being introduced.,The system MUST prevent its data from incorrect data being introduced.,MUST,no,0,optional,1,0.33
S0057_nice_to_have,S0057,NICE,'The product shall prevent its data from incorrect data being introduced.',prevent its data from incorrect data being introduced,nice_to_have,It would be useful if the system could prevent its data from incorrect data being introduced.,The system MUST prevent its data from incorrect data being introduced.,MUST,no,0,nice_to_have,0,0.0
S0058_mandatory,S0058,NICE,'The system shall allow a real estate agent to query MLS information',allow a real estate agent to query MLS information,mandatory,The system MUST allow a real estate agent to query MLS information.,The system MUST allow a real estate agent to query MLS information.,MUST,yes,1,mandatory,3,1.0
S0058_recommended,S0058,NICE,'The system shall allow a real estate agent to query MLS information',allow a real estate agent to query MLS information,recommended,The system SHOULD allow a real estate agent to query MLS information.,The system MUST allow a real estate agent to query MLS information.,MUST,no,0,recommended,2,0.67
S0058_optional,S0058,NICE,'The system shall allow a real estate agent to query MLS information',allow a real estate agent to query MLS information,optional,The system MAY allow a real estate agent to query MLS information.,The system MUST allow a real estate agent to query MLS information.,MUST,no,0,optional,1,0.33
S0058_nice_to_have,S0058,NICE,'The system shall allow a real estate agent to query MLS information',allow a real estate agent to query MLS information,nice_to_have,It would be useful if the system could allow a real estate agent to query MLS information.,The system MUST allow a real estate agent to query MLS information.,MUST,no,0,nice_to_have,0,0.0
S0059_mandatory,S0059,NICE,'The user shall be able to get driving directions to a selected property',provide users with driving directions to a selected property,mandatory,The system MUST provide users with driving directions to a selected property.,The system MUST provide users with driving directions to a selected property.,MUST,yes,1,mandatory,3,1.0
S0059_recommended,S0059,NICE,'The user shall be able to get driving directions to a selected property',provide users with driving directions to a selected property,recommended,The system SHOULD provide users with driving directions to a selected property.,The system MUST provide users with driving directions to a selected property.,MUST,no,0,recommended,2,0.67
S0059_optional,S0059,NICE,'The user shall be able to get driving directions to a selected property',provide users with driving directions to a selected property,optional,The system MAY provide users with driving directions to a selected property.,The system MUST provide users with driving directions to a selected property.,MUST,no,0,optional,1,0.33
S0059_nice_to_have,S0059,NICE,'The user shall be able to get driving directions to a selected property',provide users with driving directions to a selected property,nice_to_have,It would be useful if the system could provide users with driving directions to a selected property.,The system MUST provide users with driving directions to a selected property.,MUST,no,0,nice_to_have,0,0.0
S0060_mandatory,S0060,NICE,'The user shall be able to download appointments and contact information for clients',allow users to download appointments and client contact information,mandatory,The system MUST allow users to download appointments and client contact information.,The system MUST allow users to download appointments and client contact information.,MUST,yes,1,mandatory,3,1.0
S0060_recommended,S0060,NICE,'The user shall be able to download appointments and contact information for clients',allow users to download appointments and client contact information,recommended,The system SHOULD allow users to download appointments and client contact information.,The system MUST allow users to download appointments and client contact information.,MUST,no,0,recommended,2,0.67
S0060_optional,S0060,NICE,'The user shall be able to download appointments and contact information for clients',allow users to download appointments and client contact information,optional,The system MAY allow users to download appointments and client contact information.,The system MUST allow users to download appointments and client contact information.,MUST,no,0,optional,1,0.33
S0060_nice_to_have,S0060,NICE,'The user shall be able to download appointments and contact information for clients',allow users to download appointments and client contact information,nice_to_have,It would be useful if the system could allow users to download appointments and client contact information.,The system MUST allow users to download appointments and client contact information.,MUST,no,0,nice_to_have,0,0.0
S0061_mandatory,S0061,NICE,'The system shall display clear property images in the search results',display clear property images in the search results,mandatory,The system MUST display clear property images in the search results.,The system MUST display clear property images in the search results.,MUST,yes,1,mandatory,3,1.0
S0061_recommended,S0061,NICE,'The system shall display clear property images in the search results',display clear property images in the search results,recommended,The system SHOULD display clear property images in the search results.,The system MUST display clear property images in the search results.,MUST,no,0,recommended,2,0.67
S0061_optional,S0061,NICE,'The system shall display clear property images in the search results',display clear property images in the search results,optional,The system MAY display clear property images in the search results.,The system MUST display clear property images in the search results.,MUST,no,0,optional,1,0.33
S0061_nice_to_have,S0061,NICE,'The system shall display clear property images in the search results',display clear property images in the search results,nice_to_have,It would be useful if the system could display clear property images in the search results.,The system MUST display clear property images in the search results.,MUST,no,0,nice_to_have,0,0.0
S0062_mandatory,S0062,NICE,'The system shall update or create new property listings in the MLS',update or create new property listings in the MLS,mandatory,The system MUST update or create new property listings in the MLS.,The system MUST update or create new property listings in the MLS.,MUST,yes,1,mandatory,3,1.0
S0062_recommended,S0062,NICE,'The system shall update or create new property listings in the MLS',update or create new property listings in the MLS,recommended,The system SHOULD update or create new property listings in the MLS.,The system MUST update or create new property listings in the MLS.,MUST,no,0,recommended,2,0.67
S0062_optional,S0062,NICE,'The system shall update or create new property listings in the MLS',update or create new property listings in the MLS,optional,The system MAY update or create new property listings in the MLS.,The system MUST update or create new property listings in the MLS.,MUST,no,0,optional,1,0.33
S0062_nice_to_have,S0062,NICE,'The system shall update or create new property listings in the MLS',update or create new property listings in the MLS,nice_to_have,It would be useful if the system could update or create new property listings in the MLS.,The system MUST update or create new property listings in the MLS.,MUST,no,0,nice_to_have,0,0.0
S0063_mandatory,S0063,NICE,'Realtor shall be able to generate a CMA report based on property criteria',allow realtors to generate CMA reports based on property criteria,mandatory,The system MUST allow realtors to generate CMA reports based on property criteria.,The system MUST allow realtors to generate CMA reports based on property criteria.,MUST,yes,1,mandatory,3,1.0
S0063_recommended,S0063,NICE,'Realtor shall be able to generate a CMA report based on property criteria',allow realtors to generate CMA reports based on property criteria,recommended,The system SHOULD allow realtors to generate CMA reports based on property criteria.,The system MUST allow realtors to generate CMA reports based on property criteria.,MUST,no,0,recommended,2,0.67
S0063_optional,S0063,NICE,'Realtor shall be able to generate a CMA report based on property criteria',allow realtors to generate CMA reports based on property criteria,optional,The system MAY allow realtors to generate CMA reports based on property criteria.,The system MUST allow realtors to generate CMA reports based on property criteria.,MUST,no,0,optional,1,0.33
S0063_nice_to_have,S0063,NICE,'Realtor shall be able to generate a CMA report based on property criteria',allow realtors to generate CMA reports based on property criteria,nice_to_have,It would be useful if the system could allow realtors to generate CMA reports based on property criteria.,The system MUST allow realtors to generate CMA reports based on property criteria.,MUST,no,0,nice_to_have,0,0.0
S0064_mandatory,S0064,NICE,'The system shall be able to call the seller or buyer to schedule an appointment',call the seller or buyer to schedule an appointment,mandatory,The system MUST call the seller or buyer to schedule an appointment.,The system MUST call the seller or buyer to schedule an appointment.,MUST,yes,1,mandatory,3,1.0
S0064_recommended,S0064,NICE,'The system shall be able to call the seller or buyer to schedule an appointment',call the seller or buyer to schedule an appointment,recommended,The system SHOULD call the seller or buyer to schedule an appointment.,The system MUST call the seller or buyer to schedule an appointment.,MUST,no,0,recommended,2,0.67
S0064_optional,S0064,NICE,'The system shall be able to call the seller or buyer to schedule an appointment',call the seller or buyer to schedule an appointment,optional,The system MAY call the seller or buyer to schedule an appointment.,The system MUST call the seller or buyer to schedule an appointment.,MUST,no,0,optional,1,0.33
S0064_nice_to_have,S0064,NICE,'The system shall be able to call the seller or buyer to schedule an appointment',call the seller or buyer to schedule an appointment,nice_to_have,It would be useful if the system could call the seller or buyer to schedule an appointment.,The system MUST call the seller or buyer to schedule an appointment.,MUST,no,0,nice_to_have,0,0.0
S0065_mandatory,S0065,NICE,'The realtor shall be notified of new client appointments after automatic synchronization with office system',notify realtors of new client appointments after automatic synchronization with the office system,mandatory,The system MUST notify realtors of new client appointments after automatic synchronization with the office system.,The system MUST notify realtors of new client appointments after automatic synchronization with the office system.,MUST,yes,1,mandatory,3,1.0
S0065_recommended,S0065,NICE,'The realtor shall be notified of new client appointments after automatic synchronization with office system',notify realtors of new client appointments after automatic synchronization with the office system,recommended,The system SHOULD notify realtors of new client appointments after automatic synchronization with the office system.,The system MUST notify realtors of new client appointments after automatic synchronization with the office system.,MUST,no,0,recommended,2,0.67
S0065_optional,S0065,NICE,'The realtor shall be notified of new client appointments after automatic synchronization with office system',notify realtors of new client appointments after automatic synchronization with the office system,optional,The system MAY notify realtors of new client appointments after automatic synchronization with the office system.,The system MUST notify realtors of new client appointments after automatic synchronization with the office system.,MUST,no,0,optional,1,0.33
S0065_nice_to_have,S0065,NICE,'The realtor shall be notified of new client appointments after automatic synchronization with office system',notify realtors of new client appointments after automatic synchronization with the office system,nice_to_have,It would be useful if the system could notify realtors of new client appointments after automatic synchronization with the office system.,The system MUST notify realtors of new client appointments after automatic synchronization with the office system.,MUST,no,0,nice_to_have,0,0.0
S0066_mandatory,S0066,NICE,'The realtor shall be able to retrieve a map showing property locations for a specified area',allow realtors to retrieve maps showing property locations for a specified area,mandatory,The system MUST allow realtors to retrieve maps showing property locations for a specified area.,The system MUST allow realtors to retrieve maps showing property locations for a specified area.,MUST,yes,1,mandatory,3,1.0
S0066_recommended,S0066,NICE,'The realtor shall be able to retrieve a map showing property locations for a specified area',allow realtors to retrieve maps showing property locations for a specified area,recommended,The system SHOULD allow realtors to retrieve maps showing property locations for a specified area.,The system MUST allow realtors to retrieve maps showing property locations for a specified area.,MUST,no,0,recommended,2,0.67
S0066_optional,S0066,NICE,'The realtor shall be able to retrieve a map showing property locations for a specified area',allow realtors to retrieve maps showing property locations for a specified area,optional,The system MAY allow realtors to retrieve maps showing property locations for a specified area.,The system MUST allow realtors to retrieve maps showing property locations for a specified area.,MUST,no,0,optional,1,0.33
S0066_nice_to_have,S0066,NICE,'The realtor shall be able to retrieve a map showing property locations for a specified area',allow realtors to retrieve maps showing property locations for a specified area,nice_to_have,It would be useful if the system could allow realtors to retrieve maps showing property locations for a specified area.,The system MUST allow realtors to retrieve maps showing property locations for a specified area.,MUST,no,0,nice_to_have,0,0.0
S0067_mandatory,S0067,NICE,'The system shall notify the realtor when a seller or buyer responds to an appointment request',notify the realtor when a seller or buyer responds to an appointment request,mandatory,The system MUST notify the realtor when a seller or buyer responds to an appointment request.,The system MUST notify the realtor when a seller or buyer responds to an appointment request.,MUST,yes,1,mandatory,3,1.0
S0067_recommended,S0067,NICE,'The system shall notify the realtor when a seller or buyer responds to an appointment request',notify the realtor when a seller or buyer responds to an appointment request,recommended,The system SHOULD notify the realtor when a seller or buyer responds to an appointment request.,The system MUST notify the realtor when a seller or buyer responds to an appointment request.,MUST,no,0,recommended,2,0.67
S0067_optional,S0067,NICE,'The system shall notify the realtor when a seller or buyer responds to an appointment request',notify the realtor when a seller or buyer responds to an appointment request,optional,The system MAY notify the realtor when a seller or buyer responds to an appointment request.,The system MUST notify the realtor when a seller or buyer responds to an appointment request.,MUST,no,0,optional,1,0.33
S0067_nice_to_have,S0067,NICE,'The system shall notify the realtor when a seller or buyer responds to an appointment request',notify the realtor when a seller or buyer responds to an appointment request,nice_to_have,It would be useful if the system could notify the realtor when a seller or buyer responds to an appointment request.,The system MUST notify the realtor when a seller or buyer responds to an appointment request.,MUST,no,0,nice_to_have,0,0.0
S0068_mandatory,S0068,NICE,'The product shall allow the user to save the property search results.',allow the user to save the property search results,mandatory,The system MUST allow the user to save the property search results.,The system MUST allow the user to save the property search results.,MUST,yes,1,mandatory,3,1.0
S0068_recommended,S0068,NICE,'The product shall allow the user to save the property search results.',allow the user to save the property search results,recommended,The system SHOULD allow the user to save the property search results.,The system MUST allow the user to save the property search results.,MUST,no,0,recommended,2,0.67
S0068_optional,S0068,NICE,'The product shall allow the user to save the property search results.',allow the user to save the property search results,optional,The system MAY allow the user to save the property search results.,The system MUST allow the user to save the property search results.,MUST,no,0,optional,1,0.33
S0068_nice_to_have,S0068,NICE,'The product shall allow the user to save the property search results.',allow the user to save the property search results,nice_to_have,It would be useful if the system could allow the user to save the property search results.,The system MUST allow the user to save the property search results.,MUST,no,0,nice_to_have,0,0.0
S0069_mandatory,S0069,NICE,'The system shall be easy to use by the Program Administrators/Nursing Staff Members.',be easy to use by the Program Administrators/Nursing Staff Members,mandatory,The system MUST be easy to use by the Program Administrators/Nursing Staff Members.,The system MUST be easy to use by the Program Administrators/Nursing Staff Members.,MUST,yes,1,mandatory,3,1.0
S0069_recommended,S0069,NICE,'The system shall be easy to use by the Program Administrators/Nursing Staff Members.',be easy to use by the Program Administrators/Nursing Staff Members,recommended,The system SHOULD be easy to use by the Program Administrators/Nursing Staff Members.,The system MUST be easy to use by the Program Administrators/Nursing Staff Members.,MUST,no,0,recommended,2,0.67
S0069_optional,S0069,NICE,'The system shall be easy to use by the Program Administrators/Nursing Staff Members.',be easy to use by the Program Administrators/Nursing Staff Members,optional,The system MAY be easy to use by the Program Administrators/Nursing Staff Members.,The system MUST be easy to use by the Program Administrators/Nursing Staff Members.,MUST,no,0,optional,1,0.33
S0069_nice_to_have,S0069,NICE,'The system shall be easy to use by the Program Administrators/Nursing Staff Members.',be easy to use by the Program Administrators/Nursing Staff Members,nice_to_have,It would be useful if the system could be easy to use by the Program Administrators/Nursing Staff Members.,The system MUST be easy to use by the Program Administrators/Nursing Staff Members.,MUST,no,0,nice_to_have,0,0.0
S0070_mandatory,S0070,NICE,'All of the users shall be able to use the system after one day of training.',be usable by all users after one day of training,mandatory,The system MUST be usable by all users after one day of training.,The system MUST be usable by all users after one day of training.,MUST,yes,1,mandatory,3,1.0
S0070_recommended,S0070,NICE,'All of the users shall be able to use the system after one day of training.',be usable by all users after one day of training,recommended,The system SHOULD be usable by all users after one day of training.,The system MUST be usable by all users after one day of training.,MUST,no,0,recommended,2,0.67
S0070_optional,S0070,NICE,'All of the users shall be able to use the system after one day of training.',be usable by all users after one day of training,optional,The system MAY be usable by all users after one day of training.,The system MUST be usable by all users after one day of training.,MUST,no,0,optional,1,0.33
S0070_nice_to_have,S0070,NICE,'All of the users shall be able to use the system after one day of training.',be usable by all users after one day of training,nice_to_have,It would be useful if the system could be usable by all users after one day of training.,The system MUST be usable by all users after one day of training.,MUST,no,0,nice_to_have,0,0.0
S0071_mandatory,S0071,NICE,'The system shall help the user avoid making mistakes while scheduling classes and clinicals for the nursing students.',help the user avoid making mistakes while scheduling classes and clinicals for the nursing students,mandatory,The system MUST help the user avoid making mistakes while scheduling classes and clinicals for the nursing students.,The system MUST help the user avoid making mistakes while scheduling classes and clinicals for the nursing students.,MUST,yes,1,mandatory,3,1.0
S0071_recommended,S0071,NICE,'The system shall help the user avoid making mistakes while scheduling classes and clinicals for the nursing students.',help the user avoid making mistakes while scheduling classes and clinicals for the nursing students,recommended,The system SHOULD help the user avoid making mistakes while scheduling classes and clinicals for the nursing students.,The system MUST help the user avoid making mistakes while scheduling classes and clinicals for the nursing students.,MUST,no,0,recommended,2,0.67
S0071_optional,S0071,NICE,'The system shall help the user avoid making mistakes while scheduling classes and clinicals for the nursing students.',help the user avoid making mistakes while scheduling classes and clinicals for the nursing students,optional,The system MAY help the user avoid making mistakes while scheduling classes and clinicals for the nursing students.,The system MUST help the user avoid making mistakes while scheduling classes and clinicals for the nursing students.,MUST,no,0,optional,1,0.33
S0071_nice_to_have,S0071,NICE,'The system shall help the user avoid making mistakes while scheduling classes and clinicals for the nursing students.',help the user avoid making mistakes while scheduling classes and clinicals for the nursing students,nice_to_have,It would be useful if the system could help the user avoid making mistakes while scheduling classes and clinicals for the nursing students.,The system MUST help the user avoid making mistakes while scheduling classes and clinicals for the nursing students.,MUST,no,0,nice_to_have,0,0.0
S0073_mandatory,S0073,NICE,'The system shall be intuitive to the Program Administrators/Nursing Staff Members.',be intuitive to the Program Administrators/Nursing Staff Members,mandatory,The system MUST be intuitive to the Program Administrators/Nursing Staff Members.,The system MUST be intuitive to the Program Administrators/Nursing Staff Members.,MUST,yes,1,mandatory,3,1.0
S0073_recommended,S0073,NICE,'The system shall be intuitive to the Program Administrators/Nursing Staff Members.',be intuitive to the Program Administrators/Nursing Staff Members,recommended,The system SHOULD be intuitive to the Program Administrators/Nursing Staff Members.,The system MUST be intuitive to the Program Administrators/Nursing Staff Members.,MUST,no,0,recommended,2,0.67
S0073_optional,S0073,NICE,'The system shall be intuitive to the Program Administrators/Nursing Staff Members.',be intuitive to the Program Administrators/Nursing Staff Members,optional,The system MAY be intuitive to the Program Administrators/Nursing Staff Members.,The system MUST be intuitive to the Program Administrators/Nursing Staff Members.,MUST,no,0,optional,1,0.33
S0073_nice_to_have,S0073,NICE,'The system shall be intuitive to the Program Administrators/Nursing Staff Members.',be intuitive to the Program Administrators/Nursing Staff Members,nice_to_have,It would be useful if the system could be intuitive to the Program Administrators/Nursing Staff Members.,The system MUST be intuitive to the Program Administrators/Nursing Staff Members.,MUST,no,0,nice_to_have,0,0.0
S0074_mandatory,S0074,NICE,'2 out of 3 Program Administrators/Nursing Staff Members shall successfully be able to use the system to manage the scheduling of classes and clinicals.',enable program administrators and nursing staff members to manage class and clinical scheduling,mandatory,The system MUST enable program administrators and nursing staff members to manage class and clinical scheduling.,The system MUST enable program administrators and nursing staff members to manage class and clinical scheduling.,MUST,yes,1,mandatory,3,1.0
S0074_recommended,S0074,NICE,'2 out of 3 Program Administrators/Nursing Staff Members shall successfully be able to use the system to manage the scheduling of classes and clinicals.',enable program administrators and nursing staff members to manage class and clinical scheduling,recommended,The system SHOULD enable program administrators and nursing staff members to manage class and clinical scheduling.,The system MUST enable program administrators and nursing staff members to manage class and clinical scheduling.,MUST,no,0,recommended,2,0.67
S0074_optional,S0074,NICE,'2 out of 3 Program Administrators/Nursing Staff Members shall successfully be able to use the system to manage the scheduling of classes and clinicals.',enable program administrators and nursing staff members to manage class and clinical scheduling,optional,The system MAY enable program administrators and nursing staff members to manage class and clinical scheduling.,The system MUST enable program administrators and nursing staff members to manage class and clinical scheduling.,MUST,no,0,optional,1,0.33
S0074_nice_to_have,S0074,NICE,'2 out of 3 Program Administrators/Nursing Staff Members shall successfully be able to use the system to manage the scheduling of classes and clinicals.',enable program administrators and nursing staff members to manage class and clinical scheduling,nice_to_have,It would be useful if the system could enable program administrators and nursing staff members to manage class and clinical scheduling.,The system MUST enable program administrators and nursing staff members to manage class and clinical scheduling.,MUST,no,0,nice_to_have,0,0.0
S0075_mandatory,S0075,NICE,'The system shall use symbols and words that are naturally understandable by the user community.',use symbols and words that are naturally understandable by the user community,mandatory,The system MUST use symbols and words that are naturally understandable by the user community.,The system MUST use symbols and words that are naturally understandable by the user community.,MUST,yes,1,mandatory,3,1.0
S0075_recommended,S0075,NICE,'The system shall use symbols and words that are naturally understandable by the user community.',use symbols and words that are naturally understandable by the user community,recommended,The system SHOULD use symbols and words that are naturally understandable by the user community.,The system MUST use symbols and words that are naturally understandable by the user community.,MUST,no,0,recommended,2,0.67
S0075_optional,S0075,NICE,'The system shall use symbols and words that are naturally understandable by the user community.',use symbols and words that are naturally understandable by the user community,optional,The system MAY use symbols and words that are naturally understandable by the user community.,The system MUST use symbols and words that are naturally understandable by the user community.,MUST,no,0,optional,1,0.33
S0075_nice_to_have,S0075,NICE,'The system shall use symbols and words that are naturally understandable by the user community.',use symbols and words that are naturally understandable by the user community,nice_to_have,It would be useful if the system could use symbols and words that are naturally understandable by the user community.,The system MUST use symbols and words that are naturally understandable by the user community.,MUST,no,0,nice_to_have,0,0.0
S0076_mandatory,S0076,NICE,'The verbiage used within the system shall be consistent with Standard English and the terminology of the national Nursing Community.',use Standard English and national Nursing Community terminology consistently,mandatory,The system MUST use Standard English and national Nursing Community terminology consistently.,The system MUST use Standard English and national Nursing Community terminology consistently.,MUST,yes,1,mandatory,3,1.0
S0076_recommended,S0076,NICE,'The verbiage used within the system shall be consistent with Standard English and the terminology of the national Nursing Community.',use Standard English and national Nursing Community terminology consistently,recommended,The system SHOULD use Standard English and national Nursing Community terminology consistently.,The system MUST use Standard English and national Nursing Community terminology consistently.,MUST,no,0,recommended,2,0.67
S0076_optional,S0076,NICE,'The verbiage used within the system shall be consistent with Standard English and the terminology of the national Nursing Community.',use Standard English and national Nursing Community terminology consistently,optional,The system MAY use Standard English and national Nursing Community terminology consistently.,The system MUST use Standard English and national Nursing Community terminology consistently.,MUST,no,0,optional,1,0.33
S0076_nice_to_have,S0076,NICE,'The verbiage used within the system shall be consistent with Standard English and the terminology of the national Nursing Community.',use Standard English and national Nursing Community terminology consistently,nice_to_have,It would be useful if the system could use Standard English and national Nursing Community terminology consistently.,The system MUST use Standard English and national Nursing Community terminology consistently.,MUST,no,0,nice_to_have,0,0.0
S0077_mandatory,S0077,NICE,'Staff members shall be able to complete a set of tasks in a timely manner.',enable staff members to complete assigned tasks in a timely manner,mandatory,The system MUST enable staff members to complete assigned tasks in a timely manner.,The system MUST enable staff members to complete assigned tasks in a timely manner.,MUST,yes,1,mandatory,3,1.0
S0077_recommended,S0077,NICE,'Staff members shall be able to complete a set of tasks in a timely manner.',enable staff members to complete assigned tasks in a timely manner,recommended,The system SHOULD enable staff members to complete assigned tasks in a timely manner.,The system MUST enable staff members to complete assigned tasks in a timely manner.,MUST,no,0,recommended,2,0.67
S0077_optional,S0077,NICE,'Staff members shall be able to complete a set of tasks in a timely manner.',enable staff members to complete assigned tasks in a timely manner,optional,The system MAY enable staff members to complete assigned tasks in a timely manner.,The system MUST enable staff members to complete assigned tasks in a timely manner.,MUST,no,0,optional,1,0.33
S0077_nice_to_have,S0077,NICE,'Staff members shall be able to complete a set of tasks in a timely manner.',enable staff members to complete assigned tasks in a timely manner,nice_to_have,It would be useful if the system could enable staff members to complete assigned tasks in a timely manner.,The system MUST enable staff members to complete assigned tasks in a timely manner.,MUST,no,0,nice_to_have,0,0.0
S0079_mandatory,S0079,NICE,'The system shall be available for use between the hours of 8am and 6pm.',be available for use between the hours of 8am and 6pm,mandatory,The system MUST be available for use between the hours of 8am and 6pm.,The system MUST be available for use between the hours of 8am and 6pm.,MUST,yes,1,mandatory,3,1.0
S0079_recommended,S0079,NICE,'The system shall be available for use between the hours of 8am and 6pm.',be available for use between the hours of 8am and 6pm,recommended,The system SHOULD be available for use between the hours of 8am and 6pm.,The system MUST be available for use between the hours of 8am and 6pm.,MUST,no,0,recommended,2,0.67
S0079_optional,S0079,NICE,'The system shall be available for use between the hours of 8am and 6pm.',be available for use between the hours of 8am and 6pm,optional,The system MAY be available for use between the hours of 8am and 6pm.,The system MUST be available for use between the hours of 8am and 6pm.,MUST,no,0,optional,1,0.33
S0079_nice_to_have,S0079,NICE,'The system shall be available for use between the hours of 8am and 6pm.',be available for use between the hours of 8am and 6pm,nice_to_have,It would be useful if the system could be available for use between the hours of 8am and 6pm.,The system MUST be available for use between the hours of 8am and 6pm.,MUST,no,0,nice_to_have,0,0.0
S0081_mandatory,S0081,NICE,'system shall be able to handle all of the user requests/usage during business hours.',handle all of the user requests/usage during business hours,mandatory,The system MUST handle all of the user requests/usage during business hours.,The system MUST handle all of the user requests/usage during business hours.,MUST,yes,1,mandatory,3,1.0
S0081_recommended,S0081,NICE,'system shall be able to handle all of the user requests/usage during business hours.',handle all of the user requests/usage during business hours,recommended,The system SHOULD handle all of the user requests/usage during business hours.,The system MUST handle all of the user requests/usage during business hours.,MUST,no,0,recommended,2,0.67
S0081_optional,S0081,NICE,'system shall be able to handle all of the user requests/usage during business hours.',handle all of the user requests/usage during business hours,optional,The system MAY handle all of the user requests/usage during business hours.,The system MUST handle all of the user requests/usage during business hours.,MUST,no,0,optional,1,0.33
S0081_nice_to_have,S0081,NICE,'system shall be able to handle all of the user requests/usage during business hours.',handle all of the user requests/usage during business hours,nice_to_have,It would be useful if the system could handle all of the user requests/usage during business hours.,The system MUST handle all of the user requests/usage during business hours.,MUST,no,0,nice_to_have,0,0.0
S0082_mandatory,S0082,NICE,'The system shall cater to 10 simultaneous users from 9am to 5pm.',cater to 10 simultaneous users from 9am to 5pm,mandatory,The system MUST cater to 10 simultaneous users from 9am to 5pm.,The system MUST cater to 10 simultaneous users from 9am to 5pm.,MUST,yes,1,mandatory,3,1.0
S0082_recommended,S0082,NICE,'The system shall cater to 10 simultaneous users from 9am to 5pm.',cater to 10 simultaneous users from 9am to 5pm,recommended,The system SHOULD cater to 10 simultaneous users from 9am to 5pm.,The system MUST cater to 10 simultaneous users from 9am to 5pm.,MUST,no,0,recommended,2,0.67
S0082_optional,S0082,NICE,'The system shall cater to 10 simultaneous users from 9am to 5pm.',cater to 10 simultaneous users from 9am to 5pm,optional,The system MAY cater to 10 simultaneous users from 9am to 5pm.,The system MUST cater to 10 simultaneous users from 9am to 5pm.,MUST,no,0,optional,1,0.33
S0082_nice_to_have,S0082,NICE,'The system shall cater to 10 simultaneous users from 9am to 5pm.',cater to 10 simultaneous users from 9am to 5pm,nice_to_have,It would be useful if the system could cater to 10 simultaneous users from 9am to 5pm.,The system MUST cater to 10 simultaneous users from 9am to 5pm.,MUST,no,0,nice_to_have,0,0.0
S0084_mandatory,S0084,NICE,'The system shall be expected to manage the nursing program curriculum and class/clinical scheduling for a minimum of 5 years.',be expected to manage the nursing program curriculum and class/clinical scheduling for a minimum of 5 years,mandatory,The system MUST be expected to manage the nursing program curriculum and class/clinical scheduling for a minimum of 5 years.,The system MUST be expected to manage the nursing program curriculum and class/clinical scheduling for a minimum of 5 years.,MUST,yes,1,mandatory,3,1.0
S0084_recommended,S0084,NICE,'The system shall be expected to manage the nursing program curriculum and class/clinical scheduling for a minimum of 5 years.',be expected to manage the nursing program curriculum and class/clinical scheduling for a minimum of 5 years,recommended,The system SHOULD be expected to manage the nursing program curriculum and class/clinical scheduling for a minimum of 5 years.,The system MUST be expected to manage the nursing program curriculum and class/clinical scheduling for a minimum of 5 years.,MUST,no,0,recommended,2,0.67
S0084_optional,S0084,NICE,'The system shall be expected to manage the nursing program curriculum and class/clinical scheduling for a minimum of 5 years.',be expected to manage the nursing program curriculum and class/clinical scheduling for a minimum of 5 years,optional,The system MAY be expected to manage the nursing program curriculum and class/clinical scheduling for a minimum of 5 years.,The system MUST be expected to manage the nursing program curriculum and class/clinical scheduling for a minimum of 5 years.,MUST,no,0,optional,1,0.33
S0084_nice_to_have,S0084,NICE,'The system shall be expected to manage the nursing program curriculum and class/clinical scheduling for a minimum of 5 years.',be expected to manage the nursing program curriculum and class/clinical scheduling for a minimum of 5 years,nice_to_have,It would be useful if the system could be expected to manage the nursing program curriculum and class/clinical scheduling for a minimum of 5 years.,The system MUST be expected to manage the nursing program curriculum and class/clinical scheduling for a minimum of 5 years.,MUST,no,0,nice_to_have,0,0.0
S0085_mandatory,S0085,NICE,'The system shall able to operate within a business office environment typical of the Nursing Department at DePaul University.',operate within a business office environment typical of the Nursing Department at DePaul University,mandatory,The system MUST operate within a business office environment typical of the Nursing Department at DePaul University.,The system MUST operate within a business office environment typical of the Nursing Department at DePaul University.,MUST,yes,1,mandatory,3,1.0
S0085_recommended,S0085,NICE,'The system shall able to operate within a business office environment typical of the Nursing Department at DePaul University.',operate within a business office environment typical of the Nursing Department at DePaul University,recommended,The system SHOULD operate within a business office environment typical of the Nursing Department at DePaul University.,The system MUST operate within a business office environment typical of the Nursing Department at DePaul University.,MUST,no,0,recommended,2,0.67
S0085_optional,S0085,NICE,'The system shall able to operate within a business office environment typical of the Nursing Department at DePaul University.',operate within a business office environment typical of the Nursing Department at DePaul University,optional,The system MAY operate within a business office environment typical of the Nursing Department at DePaul University.,The system MUST operate within a business office environment typical of the Nursing Department at DePaul University.,MUST,no,0,optional,1,0.33
S0085_nice_to_have,S0085,NICE,'The system shall able to operate within a business office environment typical of the Nursing Department at DePaul University.',operate within a business office environment typical of the Nursing Department at DePaul University,nice_to_have,It would be useful if the system could operate within a business office environment typical of the Nursing Department at DePaul University.,The system MUST operate within a business office environment typical of the Nursing Department at DePaul University.,MUST,no,0,nice_to_have,0,0.0
S0086_mandatory,S0086,NICE,'The system shall be used within the specifications defined by the computers used by the Program Administrators/Nursing Staff Members.',be used within the specifications defined by the computers used by the Program Administrators/Nursing Staff Members,mandatory,The system MUST be used within the specifications defined by the computers used by the Program Administrators/Nursing Staff Members.,The system MUST be used within the specifications defined by the computers used by the Program Administrators/Nursing Staff Members.,MUST,yes,1,mandatory,3,1.0
S0086_recommended,S0086,NICE,'The system shall be used within the specifications defined by the computers used by the Program Administrators/Nursing Staff Members.',be used within the specifications defined by the computers used by the Program Administrators/Nursing Staff Members,recommended,The system SHOULD be used within the specifications defined by the computers used by the Program Administrators/Nursing Staff Members.,The system MUST be used within the specifications defined by the computers used by the Program Administrators/Nursing Staff Members.,MUST,no,0,recommended,2,0.67
S0086_optional,S0086,NICE,'The system shall be used within the specifications defined by the computers used by the Program Administrators/Nursing Staff Members.',be used within the specifications defined by the computers used by the Program Administrators/Nursing Staff Members,optional,The system MAY be used within the specifications defined by the computers used by the Program Administrators/Nursing Staff Members.,The system MUST be used within the specifications defined by the computers used by the Program Administrators/Nursing Staff Members.,MUST,no,0,optional,1,0.33
S0086_nice_to_have,S0086,NICE,'The system shall be used within the specifications defined by the computers used by the Program Administrators/Nursing Staff Members.',be used within the specifications defined by the computers used by the Program Administrators/Nursing Staff Members,nice_to_have,It would be useful if the system could be used within the specifications defined by the computers used by the Program Administrators/Nursing Staff Members.,The system MUST be used within the specifications defined by the computers used by the Program Administrators/Nursing Staff Members.,MUST,no,0,nice_to_have,0,0.0
S0087_mandatory,S0087,NICE,'The system shall operate within the Windows XP Professional operating system.',operate within the Windows XP Professional operating system,mandatory,The system MUST operate within the Windows XP Professional operating system.,The system MUST operate within the Windows XP Professional operating system.,MUST,yes,1,mandatory,3,1.0
S0087_recommended,S0087,NICE,'The system shall operate within the Windows XP Professional operating system.',operate within the Windows XP Professional operating system,recommended,The system SHOULD operate within the Windows XP Professional operating system.,The system MUST operate within the Windows XP Professional operating system.,MUST,no,0,recommended,2,0.67
S0087_optional,S0087,NICE,'The system shall operate within the Windows XP Professional operating system.',operate within the Windows XP Professional operating system,optional,The system MAY operate within the Windows XP Professional operating system.,The system MUST operate within the Windows XP Professional operating system.,MUST,no,0,optional,1,0.33
S0087_nice_to_have,S0087,NICE,'The system shall operate within the Windows XP Professional operating system.',operate within the Windows XP Professional operating system,nice_to_have,It would be useful if the system could operate within the Windows XP Professional operating system.,The system MUST operate within the Windows XP Professional operating system.,MUST,no,0,nice_to_have,0,0.0
S0088_mandatory,S0088,NICE,The system shall interface with CampusConnect's central server',with CampusConnect's central server,mandatory,The system MUST with CampusConnect's central server.,The system MUST with CampusConnect's central server.,MUST,yes,1,mandatory,3,1.0
S0088_recommended,S0088,NICE,The system shall interface with CampusConnect's central server',with CampusConnect's central server,recommended,The system SHOULD with CampusConnect's central server.,The system MUST with CampusConnect's central server.,MUST,no,0,recommended,2,0.67
S0088_optional,S0088,NICE,The system shall interface with CampusConnect's central server',with CampusConnect's central server,optional,The system MAY with CampusConnect's central server.,The system MUST with CampusConnect's central server.,MUST,no,0,optional,1,0.33
S0088_nice_to_have,S0088,NICE,The system shall interface with CampusConnect's central server',with CampusConnect's central server,nice_to_have,It would be useful if the system could with CampusConnect's central server.,The system MUST with CampusConnect's central server.,MUST,no,0,nice_to_have,0,0.0
S0089_mandatory,S0089,NICE,'The system shall interface with the faculty central server.',with the faculty central server,mandatory,The system MUST with the faculty central server.,The system MUST with the faculty central server.,MUST,yes,1,mandatory,3,1.0
S0089_recommended,S0089,NICE,'The system shall interface with the faculty central server.',with the faculty central server,recommended,The system SHOULD with the faculty central server.,The system MUST with the faculty central server.,MUST,no,0,recommended,2,0.67
S0089_optional,S0089,NICE,'The system shall interface with the faculty central server.',with the faculty central server,optional,The system MAY with the faculty central server.,The system MUST with the faculty central server.,MUST,no,0,optional,1,0.33
S0089_nice_to_have,S0089,NICE,'The system shall interface with the faculty central server.',with the faculty central server,nice_to_have,It would be useful if the system could with the faculty central server.,The system MUST with the faculty central server.,MUST,no,0,nice_to_have,0,0.0
S0090_mandatory,S0090,NICE,'The system shall interface with the student master server.',with the student master server,mandatory,The system MUST with the student master server.,The system MUST with the student master server.,MUST,yes,1,mandatory,3,1.0
S0090_recommended,S0090,NICE,'The system shall interface with the student master server.',with the student master server,recommended,The system SHOULD with the student master server.,The system MUST with the student master server.,MUST,no,0,recommended,2,0.67
S0090_optional,S0090,NICE,'The system shall interface with the student master server.',with the student master server,optional,The system MAY with the student master server.,The system MUST with the student master server.,MUST,no,0,optional,1,0.33
S0090_nice_to_have,S0090,NICE,'The system shall interface with the student master server.',with the student master server,nice_to_have,It would be useful if the system could with the student master server.,The system MUST with the student master server.,MUST,no,0,nice_to_have,0,0.0
S0091_mandatory,S0091,NICE,'We must be able to interface with any HTML browser.',interface with any HTML browser,mandatory,The system MUST interface with any HTML browser.,The system MUST interface with any HTML browser.,MUST,yes,1,mandatory,3,1.0
S0091_recommended,S0091,NICE,'We must be able to interface with any HTML browser.',interface with any HTML browser,recommended,The system SHOULD interface with any HTML browser.,The system MUST interface with any HTML browser.,MUST,no,0,recommended,2,0.67
S0091_optional,S0091,NICE,'We must be able to interface with any HTML browser.',interface with any HTML browser,optional,The system MAY interface with any HTML browser.,The system MUST interface with any HTML browser.,MUST,no,0,optional,1,0.33
S0091_nice_to_have,S0091,NICE,'We must be able to interface with any HTML browser.',interface with any HTML browser,nice_to_have,It would be useful if the system could interface with any HTML browser.,The system MUST interface with any HTML browser.,MUST,no,0,nice_to_have,0,0.0
S0092_mandatory,S0092,NICE,'Only authorized users shall have access to clinical site information.',restrict access to clinical site information to authorized users,mandatory,The system MUST restrict access to clinical site information to authorized users.,The system MUST restrict access to clinical site information to authorized users.,MUST,yes,1,mandatory,3,1.0
S0092_recommended,S0092,NICE,'Only authorized users shall have access to clinical site information.',restrict access to clinical site information to authorized users,recommended,The system SHOULD restrict access to clinical site information to authorized users.,The system MUST restrict access to clinical site information to authorized users.,MUST,no,0,recommended,2,0.67
S0092_optional,S0092,NICE,'Only authorized users shall have access to clinical site information.',restrict access to clinical site information to authorized users,optional,The system MAY restrict access to clinical site information to authorized users.,The system MUST restrict access to clinical site information to authorized users.,MUST,no,0,optional,1,0.33
S0092_nice_to_have,S0092,NICE,'Only authorized users shall have access to clinical site information.',restrict access to clinical site information to authorized users,nice_to_have,It would be useful if the system could restrict access to clinical site information to authorized users.,The system MUST restrict access to clinical site information to authorized users.,MUST,no,0,nice_to_have,0,0.0
S0093_mandatory,S0093,NICE,'Program Administrators/Nursing Staff Members are the only people who shall have access to clinical site details.',restrict access to clinical site details to Program Administrators and Nursing Staff Members,mandatory,The system MUST restrict access to clinical site details to Program Administrators and Nursing Staff Members.,The system MUST restrict access to clinical site details to Program Administrators and Nursing Staff Members.,MUST,yes,1,mandatory,3,1.0
S0093_recommended,S0093,NICE,'Program Administrators/Nursing Staff Members are the only people who shall have access to clinical site details.',restrict access to clinical site details to Program Administrators and Nursing Staff Members,recommended,The system SHOULD restrict access to clinical site details to Program Administrators and Nursing Staff Members.,The system MUST restrict access to clinical site details to Program Administrators and Nursing Staff Members.,MUST,no,0,recommended,2,0.67
S0093_optional,S0093,NICE,'Program Administrators/Nursing Staff Members are the only people who shall have access to clinical site details.',restrict access to clinical site details to Program Administrators and Nursing Staff Members,optional,The system MAY restrict access to clinical site details to Program Administrators and Nursing Staff Members.,The system MUST restrict access to clinical site details to Program Administrators and Nursing Staff Members.,MUST,no,0,optional,1,0.33
S0093_nice_to_have,S0093,NICE,'Program Administrators/Nursing Staff Members are the only people who shall have access to clinical site details.',restrict access to clinical site details to Program Administrators and Nursing Staff Members,nice_to_have,It would be useful if the system could restrict access to clinical site details to Program Administrators and Nursing Staff Members.,The system MUST restrict access to clinical site details to Program Administrators and Nursing Staff Members.,MUST,no,0,nice_to_have,0,0.0
S0094_mandatory,S0094,NICE,Only authorized users shall have access to students' personal information.',restrict access to students' personal information to authorized users,mandatory,The system MUST restrict access to students' personal information to authorized users.,The system MUST restrict access to students' personal information to authorized users.,MUST,yes,1,mandatory,3,1.0
S0094_recommended,S0094,NICE,Only authorized users shall have access to students' personal information.',restrict access to students' personal information to authorized users,recommended,The system SHOULD restrict access to students' personal information to authorized users.,The system MUST restrict access to students' personal information to authorized users.,MUST,no,0,recommended,2,0.67
S0094_optional,S0094,NICE,Only authorized users shall have access to students' personal information.',restrict access to students' personal information to authorized users,optional,The system MAY restrict access to students' personal information to authorized users.,The system MUST restrict access to students' personal information to authorized users.,MUST,no,0,optional,1,0.33
S0094_nice_to_have,S0094,NICE,Only authorized users shall have access to students' personal information.',restrict access to students' personal information to authorized users,nice_to_have,It would be useful if the system could restrict access to students' personal information to authorized users.,The system MUST restrict access to students' personal information to authorized users.,MUST,no,0,nice_to_have,0,0.0
S0095_mandatory,S0095,NICE,Dr Susan Poslusny and Dr Julie Donalek are the only people who shall have access to students' personal information.',restrict access to students' personal information to Dr Susan Poslusny and Dr Julie Donalek,mandatory,The system MUST restrict access to students' personal information to Dr Susan Poslusny and Dr Julie Donalek.,The system MUST restrict access to students' personal information to Dr Susan Poslusny and Dr Julie Donalek.,MUST,yes,1,mandatory,3,1.0
S0095_recommended,S0095,NICE,Dr Susan Poslusny and Dr Julie Donalek are the only people who shall have access to students' personal information.',restrict access to students' personal information to Dr Susan Poslusny and Dr Julie Donalek,recommended,The system SHOULD restrict access to students' personal information to Dr Susan Poslusny and Dr Julie Donalek.,The system MUST restrict access to students' personal information to Dr Susan Poslusny and Dr Julie Donalek.,MUST,no,0,recommended,2,0.67
S0095_optional,S0095,NICE,Dr Susan Poslusny and Dr Julie Donalek are the only people who shall have access to students' personal information.',restrict access to students' personal information to Dr Susan Poslusny and Dr Julie Donalek,optional,The system MAY restrict access to students' personal information to Dr Susan Poslusny and Dr Julie Donalek.,The system MUST restrict access to students' personal information to Dr Susan Poslusny and Dr Julie Donalek.,MUST,no,0,optional,1,0.33
S0095_nice_to_have,S0095,NICE,Dr Susan Poslusny and Dr Julie Donalek are the only people who shall have access to students' personal information.',restrict access to students' personal information to Dr Susan Poslusny and Dr Julie Donalek,nice_to_have,It would be useful if the system could restrict access to students' personal information to Dr Susan Poslusny and Dr Julie Donalek.,The system MUST restrict access to students' personal information to Dr Susan Poslusny and Dr Julie Donalek.,MUST,no,0,nice_to_have,0,0.0
S0096_mandatory,S0096,NICE,'Only authorized users shall have access to the portion of the system that interfaces with CampusConnect.',restrict access to the CampusConnect interface portion of the system to authorized users,mandatory,The system MUST restrict access to the CampusConnect interface portion of the system to authorized users.,The system MUST restrict access to the CampusConnect interface portion of the system to authorized users.,MUST,yes,1,mandatory,3,1.0
S0096_recommended,S0096,NICE,'Only authorized users shall have access to the portion of the system that interfaces with CampusConnect.',restrict access to the CampusConnect interface portion of the system to authorized users,recommended,The system SHOULD restrict access to the CampusConnect interface portion of the system to authorized users.,The system MUST restrict access to the CampusConnect interface portion of the system to authorized users.,MUST,no,0,recommended,2,0.67
S0096_optional,S0096,NICE,'Only authorized users shall have access to the portion of the system that interfaces with CampusConnect.',restrict access to the CampusConnect interface portion of the system to authorized users,optional,The system MAY restrict access to the CampusConnect interface portion of the system to authorized users.,The system MUST restrict access to the CampusConnect interface portion of the system to authorized users.,MUST,no,0,optional,1,0.33
S0096_nice_to_have,S0096,NICE,'Only authorized users shall have access to the portion of the system that interfaces with CampusConnect.',restrict access to the CampusConnect interface portion of the system to authorized users,nice_to_have,It would be useful if the system could restrict access to the CampusConnect interface portion of the system to authorized users.,The system MUST restrict access to the CampusConnect interface portion of the system to authorized users.,MUST,no,0,nice_to_have,0,0.0
S0097_mandatory,S0097,NICE,'Fit Criterion: Dr Susan Poslusny and Karen Sysol are the only people who shall have access to the final class section scheduling for the system that interfaces with CampusConnect.',restrict access to final class section scheduling for the CampusConnect interface to Dr Susan Poslusny and Karen Sysol,mandatory,The system MUST restrict access to final class section scheduling for the CampusConnect interface to Dr Susan Poslusny and Karen Sysol.,The system MUST restrict access to final class section scheduling for the CampusConnect interface to Dr Susan Poslusny and Karen Sysol.,MUST,yes,1,mandatory,3,1.0
S0097_recommended,S0097,NICE,'Fit Criterion: Dr Susan Poslusny and Karen Sysol are the only people who shall have access to the final class section scheduling for the system that interfaces with CampusConnect.',restrict access to final class section scheduling for the CampusConnect interface to Dr Susan Poslusny and Karen Sysol,recommended,The system SHOULD restrict access to final class section scheduling for the CampusConnect interface to Dr Susan Poslusny and Karen Sysol.,The system MUST restrict access to final class section scheduling for the CampusConnect interface to Dr Susan Poslusny and Karen Sysol.,MUST,no,0,recommended,2,0.67
S0097_optional,S0097,NICE,'Fit Criterion: Dr Susan Poslusny and Karen Sysol are the only people who shall have access to the final class section scheduling for the system that interfaces with CampusConnect.',restrict access to final class section scheduling for the CampusConnect interface to Dr Susan Poslusny and Karen Sysol,optional,The system MAY restrict access to final class section scheduling for the CampusConnect interface to Dr Susan Poslusny and Karen Sysol.,The system MUST restrict access to final class section scheduling for the CampusConnect interface to Dr Susan Poslusny and Karen Sysol.,MUST,no,0,optional,1,0.33
S0097_nice_to_have,S0097,NICE,'Fit Criterion: Dr Susan Poslusny and Karen Sysol are the only people who shall have access to the final class section scheduling for the system that interfaces with CampusConnect.',restrict access to final class section scheduling for the CampusConnect interface to Dr Susan Poslusny and Karen Sysol,nice_to_have,It would be useful if the system could restrict access to final class section scheduling for the CampusConnect interface to Dr Susan Poslusny and Karen Sysol.,The system MUST restrict access to final class section scheduling for the CampusConnect interface to Dr Susan Poslusny and Karen Sysol.,MUST,no,0,nice_to_have,0,0.0
S0098_mandatory,S0098,NICE,'The system shall have basic data integrity checking to reduce the possibility of incorrect or invalid data being introduced.',have basic data integrity checking to reduce the possibility of incorrect or invalid data being introduced,mandatory,The system MUST have basic data integrity checking to reduce the possibility of incorrect or invalid data being introduced.,The system MUST have basic data integrity checking to reduce the possibility of incorrect or invalid data being introduced.,MUST,yes,1,mandatory,3,1.0
S0098_recommended,S0098,NICE,'The system shall have basic data integrity checking to reduce the possibility of incorrect or invalid data being introduced.',have basic data integrity checking to reduce the possibility of incorrect or invalid data being introduced,recommended,The system SHOULD have basic data integrity checking to reduce the possibility of incorrect or invalid data being introduced.,The system MUST have basic data integrity checking to reduce the possibility of incorrect or invalid data being introduced.,MUST,no,0,recommended,2,0.67
S0098_optional,S0098,NICE,'The system shall have basic data integrity checking to reduce the possibility of incorrect or invalid data being introduced.',have basic data integrity checking to reduce the possibility of incorrect or invalid data being introduced,optional,The system MAY have basic data integrity checking to reduce the possibility of incorrect or invalid data being introduced.,The system MUST have basic data integrity checking to reduce the possibility of incorrect or invalid data being introduced.,MUST,no,0,optional,1,0.33
S0098_nice_to_have,S0098,NICE,'The system shall have basic data integrity checking to reduce the possibility of incorrect or invalid data being introduced.',have basic data integrity checking to reduce the possibility of incorrect or invalid data being introduced,nice_to_have,It would be useful if the system could have basic data integrity checking to reduce the possibility of incorrect or invalid data being introduced.,The system MUST have basic data integrity checking to reduce the possibility of incorrect or invalid data being introduced.,MUST,no,0,nice_to_have,0,0.0
S0099_mandatory,S0099,NICE,The system shall protect private information in accordance with the organization's information policy.',protect private information in accordance with the organization's information policy,mandatory,The system MUST protect private information in accordance with the organization's information policy.,The system MUST protect private information in accordance with the organization's information policy.,MUST,yes,1,mandatory,3,1.0
S0099_recommended,S0099,NICE,The system shall protect private information in accordance with the organization's information policy.',protect private information in accordance with the organization's information policy,recommended,The system SHOULD protect private information in accordance with the organization's information policy.,The system MUST protect private information in accordance with the organization's information policy.,MUST,no,0,recommended,2,0.67
S0099_optional,S0099,NICE,The system shall protect private information in accordance with the organization's information policy.',protect private information in accordance with the organization's information policy,optional,The system MAY protect private information in accordance with the organization's information policy.,The system MUST protect private information in accordance with the organization's information policy.,MUST,no,0,optional,1,0.33
S0099_nice_to_have,S0099,NICE,The system shall protect private information in accordance with the organization's information policy.',protect private information in accordance with the organization's information policy,nice_to_have,It would be useful if the system could protect private information in accordance with the organization's information policy.,The system MUST protect private information in accordance with the organization's information policy.,MUST,no,0,nice_to_have,0,0.0
S0100_mandatory,S0100,NICE,'The system shall be built such that it is as secure as possible from malicious interference.',be built such that it is as secure as possible from malicious interference,mandatory,The system MUST be built such that it is as secure as possible from malicious interference.,The system MUST be built such that it is as secure as possible from malicious interference.,MUST,yes,1,mandatory,3,1.0
S0100_recommended,S0100,NICE,'The system shall be built such that it is as secure as possible from malicious interference.',be built such that it is as secure as possible from malicious interference,recommended,The system SHOULD be built such that it is as secure as possible from malicious interference.,The system MUST be built such that it is as secure as possible from malicious interference.,MUST,no,0,recommended,2,0.67
S0100_optional,S0100,NICE,'The system shall be built such that it is as secure as possible from malicious interference.',be built such that it is as secure as possible from malicious interference,optional,The system MAY be built such that it is as secure as possible from malicious interference.,The system MUST be built such that it is as secure as possible from malicious interference.,MUST,no,0,optional,1,0.33
S0100_nice_to_have,S0100,NICE,'The system shall be built such that it is as secure as possible from malicious interference.',be built such that it is as secure as possible from malicious interference,nice_to_have,It would be useful if the system could be built such that it is as secure as possible from malicious interference.,The system MUST be built such that it is as secure as possible from malicious interference.,MUST,no,0,nice_to_have,0,0.0
S0101_mandatory,S0101,NICE,The system shall use the organization's standard virus protection software to help monitor threats to itself.',use the organization's standard virus protection software to help monitor threats to itself,mandatory,The system MUST use the organization's standard virus protection software to help monitor threats to itself.,The system MUST use the organization's standard virus protection software to help monitor threats to itself.,MUST,yes,1,mandatory,3,1.0
S0101_recommended,S0101,NICE,The system shall use the organization's standard virus protection software to help monitor threats to itself.',use the organization's standard virus protection software to help monitor threats to itself,recommended,The system SHOULD use the organization's standard virus protection software to help monitor threats to itself.,The system MUST use the organization's standard virus protection software to help monitor threats to itself.,MUST,no,0,recommended,2,0.67
S0101_optional,S0101,NICE,The system shall use the organization's standard virus protection software to help monitor threats to itself.',use the organization's standard virus protection software to help monitor threats to itself,optional,The system MAY use the organization's standard virus protection software to help monitor threats to itself.,The system MUST use the organization's standard virus protection software to help monitor threats to itself.,MUST,no,0,optional,1,0.33
S0101_nice_to_have,S0101,NICE,The system shall use the organization's standard virus protection software to help monitor threats to itself.',use the organization's standard virus protection software to help monitor threats to itself,nice_to_have,It would be useful if the system could use the organization's standard virus protection software to help monitor threats to itself.,The system MUST use the organization's standard virus protection software to help monitor threats to itself.,MUST,no,0,nice_to_have,0,0.0
S0102_mandatory,S0102,NICE,'A cohort shall be associated to one Program of Study offered by the department.',associate each cohort with one Program of Study offered by the department,mandatory,The system MUST associate each cohort with one Program of Study offered by the department.,The system MUST associate each cohort with one Program of Study offered by the department.,MUST,yes,1,mandatory,3,1.0
S0102_recommended,S0102,NICE,'A cohort shall be associated to one Program of Study offered by the department.',associate each cohort with one Program of Study offered by the department,recommended,The system SHOULD associate each cohort with one Program of Study offered by the department.,The system MUST associate each cohort with one Program of Study offered by the department.,MUST,no,0,recommended,2,0.67
S0102_optional,S0102,NICE,'A cohort shall be associated to one Program of Study offered by the department.',associate each cohort with one Program of Study offered by the department,optional,The system MAY associate each cohort with one Program of Study offered by the department.,The system MUST associate each cohort with one Program of Study offered by the department.,MUST,no,0,optional,1,0.33
S0102_nice_to_have,S0102,NICE,'A cohort shall be associated to one Program of Study offered by the department.',associate each cohort with one Program of Study offered by the department,nice_to_have,It would be useful if the system could associate each cohort with one Program of Study offered by the department.,The system MUST associate each cohort with one Program of Study offered by the department.,MUST,no,0,nice_to_have,0,0.0
S0103_mandatory,S0103,NICE,'Program Administrators and Nursing Staff Members shall be able to add a listing of students to a cohort.',allow Program Administrators and Nursing Staff Members to add student listings to cohorts,mandatory,The system MUST allow Program Administrators and Nursing Staff Members to add student listings to cohorts.,The system MUST allow Program Administrators and Nursing Staff Members to add student listings to cohorts.,MUST,yes,1,mandatory,3,1.0
S0103_recommended,S0103,NICE,'Program Administrators and Nursing Staff Members shall be able to add a listing of students to a cohort.',allow Program Administrators and Nursing Staff Members to add student listings to cohorts,recommended,The system SHOULD allow Program Administrators and Nursing Staff Members to add student listings to cohorts.,The system MUST allow Program Administrators and Nursing Staff Members to add student listings to cohorts.,MUST,no,0,recommended,2,0.67
S0103_optional,S0103,NICE,'Program Administrators and Nursing Staff Members shall be able to add a listing of students to a cohort.',allow Program Administrators and Nursing Staff Members to add student listings to cohorts,optional,The system MAY allow Program Administrators and Nursing Staff Members to add student listings to cohorts.,The system MUST allow Program Administrators and Nursing Staff Members to add student listings to cohorts.,MUST,no,0,optional,1,0.33
S0103_nice_to_have,S0103,NICE,'Program Administrators and Nursing Staff Members shall be able to add a listing of students to a cohort.',allow Program Administrators and Nursing Staff Members to add student listings to cohorts,nice_to_have,It would be useful if the system could allow Program Administrators and Nursing Staff Members to add student listings to cohorts.,The system MUST allow Program Administrators and Nursing Staff Members to add student listings to cohorts.,MUST,no,0,nice_to_have,0,0.0
S0104_mandatory,S0104,NICE,'Program Administrators and Nursing Staff Members shall be able to add a single student to a cohort',allow Program Administrators and Nursing Staff Members to add single students to cohorts,mandatory,The system MUST allow Program Administrators and Nursing Staff Members to add single students to cohorts.,The system MUST allow Program Administrators and Nursing Staff Members to add single students to cohorts.,MUST,yes,1,mandatory,3,1.0
S0104_recommended,S0104,NICE,'Program Administrators and Nursing Staff Members shall be able to add a single student to a cohort',allow Program Administrators and Nursing Staff Members to add single students to cohorts,recommended,The system SHOULD allow Program Administrators and Nursing Staff Members to add single students to cohorts.,The system MUST allow Program Administrators and Nursing Staff Members to add single students to cohorts.,MUST,no,0,recommended,2,0.67
S0104_optional,S0104,NICE,'Program Administrators and Nursing Staff Members shall be able to add a single student to a cohort',allow Program Administrators and Nursing Staff Members to add single students to cohorts,optional,The system MAY allow Program Administrators and Nursing Staff Members to add single students to cohorts.,The system MUST allow Program Administrators and Nursing Staff Members to add single students to cohorts.,MUST,no,0,optional,1,0.33
S0104_nice_to_have,S0104,NICE,'Program Administrators and Nursing Staff Members shall be able to add a single student to a cohort',allow Program Administrators and Nursing Staff Members to add single students to cohorts,nice_to_have,It would be useful if the system could allow Program Administrators and Nursing Staff Members to add single students to cohorts.,The system MUST allow Program Administrators and Nursing Staff Members to add single students to cohorts.,MUST,no,0,nice_to_have,0,0.0
S0105_mandatory,S0105,NICE,Students added to a cohort shall be eligible for the cohort's Program of Study.',ensure students added to a cohort are eligible for the cohort Program of Study,mandatory,The system MUST ensure students added to a cohort are eligible for the cohort Program of Study.,The system MUST ensure students added to a cohort are eligible for the cohort Program of Study.,MUST,yes,1,mandatory,3,1.0
S0105_recommended,S0105,NICE,Students added to a cohort shall be eligible for the cohort's Program of Study.',ensure students added to a cohort are eligible for the cohort Program of Study,recommended,The system SHOULD ensure students added to a cohort are eligible for the cohort Program of Study.,The system MUST ensure students added to a cohort are eligible for the cohort Program of Study.,MUST,no,0,recommended,2,0.67
S0105_optional,S0105,NICE,Students added to a cohort shall be eligible for the cohort's Program of Study.',ensure students added to a cohort are eligible for the cohort Program of Study,optional,The system MAY ensure students added to a cohort are eligible for the cohort Program of Study.,The system MUST ensure students added to a cohort are eligible for the cohort Program of Study.,MUST,no,0,optional,1,0.33
S0105_nice_to_have,S0105,NICE,Students added to a cohort shall be eligible for the cohort's Program of Study.',ensure students added to a cohort are eligible for the cohort Program of Study,nice_to_have,It would be useful if the system could ensure students added to a cohort are eligible for the cohort Program of Study.,The system MUST ensure students added to a cohort are eligible for the cohort Program of Study.,MUST,no,0,nice_to_have,0,0.0
S0106_mandatory,S0106,NICE,'Program Administrators and Nursing Staff Members shall be able to specify the preferred sequence of classes for a given cohort.',allow Program Administrators and Nursing Staff Members to specify the preferred class sequence for a cohort,mandatory,The system MUST allow Program Administrators and Nursing Staff Members to specify the preferred class sequence for a cohort.,The system MUST allow Program Administrators and Nursing Staff Members to specify the preferred class sequence for a cohort.,MUST,yes,1,mandatory,3,1.0
S0106_recommended,S0106,NICE,'Program Administrators and Nursing Staff Members shall be able to specify the preferred sequence of classes for a given cohort.',allow Program Administrators and Nursing Staff Members to specify the preferred class sequence for a cohort,recommended,The system SHOULD allow Program Administrators and Nursing Staff Members to specify the preferred class sequence for a cohort.,The system MUST allow Program Administrators and Nursing Staff Members to specify the preferred class sequence for a cohort.,MUST,no,0,recommended,2,0.67
S0106_optional,S0106,NICE,'Program Administrators and Nursing Staff Members shall be able to specify the preferred sequence of classes for a given cohort.',allow Program Administrators and Nursing Staff Members to specify the preferred class sequence for a cohort,optional,The system MAY allow Program Administrators and Nursing Staff Members to specify the preferred class sequence for a cohort.,The system MUST allow Program Administrators and Nursing Staff Members to specify the preferred class sequence for a cohort.,MUST,no,0,optional,1,0.33
S0106_nice_to_have,S0106,NICE,'Program Administrators and Nursing Staff Members shall be able to specify the preferred sequence of classes for a given cohort.',allow Program Administrators and Nursing Staff Members to specify the preferred class sequence for a cohort,nice_to_have,It would be useful if the system could allow Program Administrators and Nursing Staff Members to specify the preferred class sequence for a cohort.,The system MUST allow Program Administrators and Nursing Staff Members to specify the preferred class sequence for a cohort.,MUST,no,0,nice_to_have,0,0.0
S0107_mandatory,S0107,NICE,'For each class within a sequence for a cohort Program Administrators and Nursing Staff Members shall be able to specify which quarter that class will be offered.',allow Program Administrators and Nursing Staff Members to specify the offering quarter for each class in a cohort sequence,mandatory,The system MUST allow Program Administrators and Nursing Staff Members to specify the offering quarter for each class in a cohort sequence.,The system MUST allow Program Administrators and Nursing Staff Members to specify the offering quarter for each class in a cohort sequence.,MUST,yes,1,mandatory,3,1.0
S0107_recommended,S0107,NICE,'For each class within a sequence for a cohort Program Administrators and Nursing Staff Members shall be able to specify which quarter that class will be offered.',allow Program Administrators and Nursing Staff Members to specify the offering quarter for each class in a cohort sequence,recommended,The system SHOULD allow Program Administrators and Nursing Staff Members to specify the offering quarter for each class in a cohort sequence.,The system MUST allow Program Administrators and Nursing Staff Members to specify the offering quarter for each class in a cohort sequence.,MUST,no,0,recommended,2,0.67
S0107_optional,S0107,NICE,'For each class within a sequence for a cohort Program Administrators and Nursing Staff Members shall be able to specify which quarter that class will be offered.',allow Program Administrators and Nursing Staff Members to specify the offering quarter for each class in a cohort sequence,optional,The system MAY allow Program Administrators and Nursing Staff Members to specify the offering quarter for each class in a cohort sequence.,The system MUST allow Program Administrators and Nursing Staff Members to specify the offering quarter for each class in a cohort sequence.,MUST,no,0,optional,1,0.33
S0107_nice_to_have,S0107,NICE,'For each class within a sequence for a cohort Program Administrators and Nursing Staff Members shall be able to specify which quarter that class will be offered.',allow Program Administrators and Nursing Staff Members to specify the offering quarter for each class in a cohort sequence,nice_to_have,It would be useful if the system could allow Program Administrators and Nursing Staff Members to specify the offering quarter for each class in a cohort sequence.,The system MUST allow Program Administrators and Nursing Staff Members to specify the offering quarter for each class in a cohort sequence.,MUST,no,0,nice_to_have,0,0.0
S0108_mandatory,S0108,NICE,'Program Administrators and Nursing Staff Members shall be able to add new classes to a sequence of classes',allow Program Administrators and Nursing Staff Members to add new classes to class sequences,mandatory,The system MUST allow Program Administrators and Nursing Staff Members to add new classes to class sequences.,The system MUST allow Program Administrators and Nursing Staff Members to add new classes to class sequences.,MUST,yes,1,mandatory,3,1.0
S0108_recommended,S0108,NICE,'Program Administrators and Nursing Staff Members shall be able to add new classes to a sequence of classes',allow Program Administrators and Nursing Staff Members to add new classes to class sequences,recommended,The system SHOULD allow Program Administrators and Nursing Staff Members to add new classes to class sequences.,The system MUST allow Program Administrators and Nursing Staff Members to add new classes to class sequences.,MUST,no,0,recommended,2,0.67
S0108_optional,S0108,NICE,'Program Administrators and Nursing Staff Members shall be able to add new classes to a sequence of classes',allow Program Administrators and Nursing Staff Members to add new classes to class sequences,optional,The system MAY allow Program Administrators and Nursing Staff Members to add new classes to class sequences.,The system MUST allow Program Administrators and Nursing Staff Members to add new classes to class sequences.,MUST,no,0,optional,1,0.33
S0108_nice_to_have,S0108,NICE,'Program Administrators and Nursing Staff Members shall be able to add new classes to a sequence of classes',allow Program Administrators and Nursing Staff Members to add new classes to class sequences,nice_to_have,It would be useful if the system could allow Program Administrators and Nursing Staff Members to add new classes to class sequences.,The system MUST allow Program Administrators and Nursing Staff Members to add new classes to class sequences.,MUST,no,0,nice_to_have,0,0.0
S0111_mandatory,S0111,NICE,'Program Administrators and Nursing Staff Members shall be able to add new classes for the nursing department into the system.',allow Program Administrators and Nursing Staff Members to add new nursing department classes to the system,mandatory,The system MUST allow Program Administrators and Nursing Staff Members to add new nursing department classes to the system.,The system MUST allow Program Administrators and Nursing Staff Members to add new nursing department classes to the system.,MUST,yes,1,mandatory,3,1.0
S0111_recommended,S0111,NICE,'Program Administrators and Nursing Staff Members shall be able to add new classes for the nursing department into the system.',allow Program Administrators and Nursing Staff Members to add new nursing department classes to the system,recommended,The system SHOULD allow Program Administrators and Nursing Staff Members to add new nursing department classes to the system.,The system MUST allow Program Administrators and Nursing Staff Members to add new nursing department classes to the system.,MUST,no,0,recommended,2,0.67
S0111_optional,S0111,NICE,'Program Administrators and Nursing Staff Members shall be able to add new classes for the nursing department into the system.',allow Program Administrators and Nursing Staff Members to add new nursing department classes to the system,optional,The system MAY allow Program Administrators and Nursing Staff Members to add new nursing department classes to the system.,The system MUST allow Program Administrators and Nursing Staff Members to add new nursing department classes to the system.,MUST,no,0,optional,1,0.33
S0111_nice_to_have,S0111,NICE,'Program Administrators and Nursing Staff Members shall be able to add new classes for the nursing department into the system.',allow Program Administrators and Nursing Staff Members to add new nursing department classes to the system,nice_to_have,It would be useful if the system could allow Program Administrators and Nursing Staff Members to add new nursing department classes to the system.,The system MUST allow Program Administrators and Nursing Staff Members to add new nursing department classes to the system.,MUST,no,0,nice_to_have,0,0.0
S0112_mandatory,S0112,NICE,'A class shall be either a non-clinical class or a clinical class.',classify each class as either non-clinical or clinical,mandatory,The system MUST classify each class as either non-clinical or clinical.,The system MUST classify each class as either non-clinical or clinical.,MUST,yes,1,mandatory,3,1.0
S0112_recommended,S0112,NICE,'A class shall be either a non-clinical class or a clinical class.',classify each class as either non-clinical or clinical,recommended,The system SHOULD classify each class as either non-clinical or clinical.,The system MUST classify each class as either non-clinical or clinical.,MUST,no,0,recommended,2,0.67
S0112_optional,S0112,NICE,'A class shall be either a non-clinical class or a clinical class.',classify each class as either non-clinical or clinical,optional,The system MAY classify each class as either non-clinical or clinical.,The system MUST classify each class as either non-clinical or clinical.,MUST,no,0,optional,1,0.33
S0112_nice_to_have,S0112,NICE,'A class shall be either a non-clinical class or a clinical class.',classify each class as either non-clinical or clinical,nice_to_have,It would be useful if the system could classify each class as either non-clinical or clinical.,The system MUST classify each class as either non-clinical or clinical.,MUST,no,0,nice_to_have,0,0.0
S0113_mandatory,S0113,NICE,'A non-clinical class shall specify the course name lecture room requirements and instructor needs.',capture course name lecture room requirements and instructor needs for non-clinical classes,mandatory,The system MUST capture course name lecture room requirements and instructor needs for non-clinical classes.,The system MUST capture course name lecture room requirements and instructor needs for non-clinical classes.,MUST,yes,1,mandatory,3,1.0
S0113_recommended,S0113,NICE,'A non-clinical class shall specify the course name lecture room requirements and instructor needs.',capture course name lecture room requirements and instructor needs for non-clinical classes,recommended,The system SHOULD capture course name lecture room requirements and instructor needs for non-clinical classes.,The system MUST capture course name lecture room requirements and instructor needs for non-clinical classes.,MUST,no,0,recommended,2,0.67
S0113_optional,S0113,NICE,'A non-clinical class shall specify the course name lecture room requirements and instructor needs.',capture course name lecture room requirements and instructor needs for non-clinical classes,optional,The system MAY capture course name lecture room requirements and instructor needs for non-clinical classes.,The system MUST capture course name lecture room requirements and instructor needs for non-clinical classes.,MUST,no,0,optional,1,0.33
S0113_nice_to_have,S0113,NICE,'A non-clinical class shall specify the course name lecture room requirements and instructor needs.',capture course name lecture room requirements and instructor needs for non-clinical classes,nice_to_have,It would be useful if the system could capture course name lecture room requirements and instructor needs for non-clinical classes.,The system MUST capture course name lecture room requirements and instructor needs for non-clinical classes.,MUST,no,0,nice_to_have,0,0.0
S0114_mandatory,S0114,NICE,'A clinical class shall specify the course name lecture room requirements clinical site needs lecture instructor needs and clinical lab instructor needs.',capture course name lecture room requirements clinical site needs lecture instructor needs and clinical lab instructor needs for clinical classes,mandatory,The system MUST capture course name lecture room requirements clinical site needs lecture instructor needs and clinical lab instructor needs for clinical classes.,The system MUST capture course name lecture room requirements clinical site needs lecture instructor needs and clinical lab instructor needs for clinical classes.,MUST,yes,1,mandatory,3,1.0
S0114_recommended,S0114,NICE,'A clinical class shall specify the course name lecture room requirements clinical site needs lecture instructor needs and clinical lab instructor needs.',capture course name lecture room requirements clinical site needs lecture instructor needs and clinical lab instructor needs for clinical classes,recommended,The system SHOULD capture course name lecture room requirements clinical site needs lecture instructor needs and clinical lab instructor needs for clinical classes.,The system MUST capture course name lecture room requirements clinical site needs lecture instructor needs and clinical lab instructor needs for clinical classes.,MUST,no,0,recommended,2,0.67
S0114_optional,S0114,NICE,'A clinical class shall specify the course name lecture room requirements clinical site needs lecture instructor needs and clinical lab instructor needs.',capture course name lecture room requirements clinical site needs lecture instructor needs and clinical lab instructor needs for clinical classes,optional,The system MAY capture course name lecture room requirements clinical site needs lecture instructor needs and clinical lab instructor needs for clinical classes.,The system MUST capture course name lecture room requirements clinical site needs lecture instructor needs and clinical lab instructor needs for clinical classes.,MUST,no,0,optional,1,0.33
S0114_nice_to_have,S0114,NICE,'A clinical class shall specify the course name lecture room requirements clinical site needs lecture instructor needs and clinical lab instructor needs.',capture course name lecture room requirements clinical site needs lecture instructor needs and clinical lab instructor needs for clinical classes,nice_to_have,It would be useful if the system could capture course name lecture room requirements clinical site needs lecture instructor needs and clinical lab instructor needs for clinical classes.,The system MUST capture course name lecture room requirements clinical site needs lecture instructor needs and clinical lab instructor needs for clinical classes.,MUST,no,0,nice_to_have,0,0.0
S0115_mandatory,S0115,NICE,'Program Administrators/Nursing Staff Members shall be able to create a new Program of Study.',allow Program Administrators and Nursing Staff Members to create Programs of Study,mandatory,The system MUST allow Program Administrators and Nursing Staff Members to create Programs of Study.,The system MUST allow Program Administrators and Nursing Staff Members to create Programs of Study.,MUST,yes,1,mandatory,3,1.0
S0115_recommended,S0115,NICE,'Program Administrators/Nursing Staff Members shall be able to create a new Program of Study.',allow Program Administrators and Nursing Staff Members to create Programs of Study,recommended,The system SHOULD allow Program Administrators and Nursing Staff Members to create Programs of Study.,The system MUST allow Program Administrators and Nursing Staff Members to create Programs of Study.,MUST,no,0,recommended,2,0.67
S0115_optional,S0115,NICE,'Program Administrators/Nursing Staff Members shall be able to create a new Program of Study.',allow Program Administrators and Nursing Staff Members to create Programs of Study,optional,The system MAY allow Program Administrators and Nursing Staff Members to create Programs of Study.,The system MUST allow Program Administrators and Nursing Staff Members to create Programs of Study.,MUST,no,0,optional,1,0.33
S0115_nice_to_have,S0115,NICE,'Program Administrators/Nursing Staff Members shall be able to create a new Program of Study.',allow Program Administrators and Nursing Staff Members to create Programs of Study,nice_to_have,It would be useful if the system could allow Program Administrators and Nursing Staff Members to create Programs of Study.,The system MUST allow Program Administrators and Nursing Staff Members to create Programs of Study.,MUST,no,0,nice_to_have,0,0.0
S0117_mandatory,S0117,NICE,'Program Administrators and Nursing Staff Members shall have the ability to specify which classes are required for a Program of Study',allow Program Administrators and Nursing Staff Members to specify required classes for a Program of Study,mandatory,The system MUST allow Program Administrators and Nursing Staff Members to specify required classes for a Program of Study.,The system MUST allow Program Administrators and Nursing Staff Members to specify required classes for a Program of Study.,MUST,yes,1,mandatory,3,1.0
S0117_recommended,S0117,NICE,'Program Administrators and Nursing Staff Members shall have the ability to specify which classes are required for a Program of Study',allow Program Administrators and Nursing Staff Members to specify required classes for a Program of Study,recommended,The system SHOULD allow Program Administrators and Nursing Staff Members to specify required classes for a Program of Study.,The system MUST allow Program Administrators and Nursing Staff Members to specify required classes for a Program of Study.,MUST,no,0,recommended,2,0.67
S0117_optional,S0117,NICE,'Program Administrators and Nursing Staff Members shall have the ability to specify which classes are required for a Program of Study',allow Program Administrators and Nursing Staff Members to specify required classes for a Program of Study,optional,The system MAY allow Program Administrators and Nursing Staff Members to specify required classes for a Program of Study.,The system MUST allow Program Administrators and Nursing Staff Members to specify required classes for a Program of Study.,MUST,no,0,optional,1,0.33
S0117_nice_to_have,S0117,NICE,'Program Administrators and Nursing Staff Members shall have the ability to specify which classes are required for a Program of Study',allow Program Administrators and Nursing Staff Members to specify required classes for a Program of Study,nice_to_have,It would be useful if the system could allow Program Administrators and Nursing Staff Members to specify required classes for a Program of Study.,The system MUST allow Program Administrators and Nursing Staff Members to specify required classes for a Program of Study.,MUST,no,0,nice_to_have,0,0.0
S0118_mandatory,S0118,NICE,The system shall be able to display a report of needed classes for a given quarter for all cohorts of all programs for Program Administrators/Nursing Staff Members' planning purposes.',display a report of needed classes for a given quarter for all cohorts of all programs for Program Administrators/Nursing Staff Members' planning purposes,mandatory,The system MUST display a report of needed classes for a given quarter for all cohorts of all programs for Program Administrators/Nursing Staff Members' planning purposes.,The system MUST display a report of needed classes for a given quarter for all cohorts of all programs for Program Administrators/Nursing Staff Members' planning purposes.,MUST,yes,1,mandatory,3,1.0
S0118_recommended,S0118,NICE,The system shall be able to display a report of needed classes for a given quarter for all cohorts of all programs for Program Administrators/Nursing Staff Members' planning purposes.',display a report of needed classes for a given quarter for all cohorts of all programs for Program Administrators/Nursing Staff Members' planning purposes,recommended,The system SHOULD display a report of needed classes for a given quarter for all cohorts of all programs for Program Administrators/Nursing Staff Members' planning purposes.,The system MUST display a report of needed classes for a given quarter for all cohorts of all programs for Program Administrators/Nursing Staff Members' planning purposes.,MUST,no,0,recommended,2,0.67
S0118_optional,S0118,NICE,The system shall be able to display a report of needed classes for a given quarter for all cohorts of all programs for Program Administrators/Nursing Staff Members' planning purposes.',display a report of needed classes for a given quarter for all cohorts of all programs for Program Administrators/Nursing Staff Members' planning purposes,optional,The system MAY display a report of needed classes for a given quarter for all cohorts of all programs for Program Administrators/Nursing Staff Members' planning purposes.,The system MUST display a report of needed classes for a given quarter for all cohorts of all programs for Program Administrators/Nursing Staff Members' planning purposes.,MUST,no,0,optional,1,0.33
S0118_nice_to_have,S0118,NICE,The system shall be able to display a report of needed classes for a given quarter for all cohorts of all programs for Program Administrators/Nursing Staff Members' planning purposes.',display a report of needed classes for a given quarter for all cohorts of all programs for Program Administrators/Nursing Staff Members' planning purposes,nice_to_have,It would be useful if the system could display a report of needed classes for a given quarter for all cohorts of all programs for Program Administrators/Nursing Staff Members' planning purposes.,The system MUST display a report of needed classes for a given quarter for all cohorts of all programs for Program Administrators/Nursing Staff Members' planning purposes.,MUST,no,0,nice_to_have,0,0.0
S0121_mandatory,S0121,NICE,'Program Administrators and Nursing Staff Members shall be able to add a new clinical site into the system.',allow Program Administrators and Nursing Staff Members to add new clinical sites to the system,mandatory,The system MUST allow Program Administrators and Nursing Staff Members to add new clinical sites to the system.,The system MUST allow Program Administrators and Nursing Staff Members to add new clinical sites to the system.,MUST,yes,1,mandatory,3,1.0
S0121_recommended,S0121,NICE,'Program Administrators and Nursing Staff Members shall be able to add a new clinical site into the system.',allow Program Administrators and Nursing Staff Members to add new clinical sites to the system,recommended,The system SHOULD allow Program Administrators and Nursing Staff Members to add new clinical sites to the system.,The system MUST allow Program Administrators and Nursing Staff Members to add new clinical sites to the system.,MUST,no,0,recommended,2,0.67
S0121_optional,S0121,NICE,'Program Administrators and Nursing Staff Members shall be able to add a new clinical site into the system.',allow Program Administrators and Nursing Staff Members to add new clinical sites to the system,optional,The system MAY allow Program Administrators and Nursing Staff Members to add new clinical sites to the system.,The system MUST allow Program Administrators and Nursing Staff Members to add new clinical sites to the system.,MUST,no,0,optional,1,0.33
S0121_nice_to_have,S0121,NICE,'Program Administrators and Nursing Staff Members shall be able to add a new clinical site into the system.',allow Program Administrators and Nursing Staff Members to add new clinical sites to the system,nice_to_have,It would be useful if the system could allow Program Administrators and Nursing Staff Members to add new clinical sites to the system.,The system MUST allow Program Administrators and Nursing Staff Members to add new clinical sites to the system.,MUST,no,0,nice_to_have,0,0.0
S0123_mandatory,S0123,NICE,'Program Administrators and Nursing Staff Members shall be able to add a new clinical lab section for an existing clinical class into the System.',allow Program Administrators and Nursing Staff Members to add new clinical lab sections for existing clinical classes,mandatory,The system MUST allow Program Administrators and Nursing Staff Members to add new clinical lab sections for existing clinical classes.,The system MUST allow Program Administrators and Nursing Staff Members to add new clinical lab sections for existing clinical classes.,MUST,yes,1,mandatory,3,1.0
S0123_recommended,S0123,NICE,'Program Administrators and Nursing Staff Members shall be able to add a new clinical lab section for an existing clinical class into the System.',allow Program Administrators and Nursing Staff Members to add new clinical lab sections for existing clinical classes,recommended,The system SHOULD allow Program Administrators and Nursing Staff Members to add new clinical lab sections for existing clinical classes.,The system MUST allow Program Administrators and Nursing Staff Members to add new clinical lab sections for existing clinical classes.,MUST,no,0,recommended,2,0.67
S0123_optional,S0123,NICE,'Program Administrators and Nursing Staff Members shall be able to add a new clinical lab section for an existing clinical class into the System.',allow Program Administrators and Nursing Staff Members to add new clinical lab sections for existing clinical classes,optional,The system MAY allow Program Administrators and Nursing Staff Members to add new clinical lab sections for existing clinical classes.,The system MUST allow Program Administrators and Nursing Staff Members to add new clinical lab sections for existing clinical classes.,MUST,no,0,optional,1,0.33
S0123_nice_to_have,S0123,NICE,'Program Administrators and Nursing Staff Members shall be able to add a new clinical lab section for an existing clinical class into the System.',allow Program Administrators and Nursing Staff Members to add new clinical lab sections for existing clinical classes,nice_to_have,It would be useful if the system could allow Program Administrators and Nursing Staff Members to add new clinical lab sections for existing clinical classes.,The system MUST allow Program Administrators and Nursing Staff Members to add new clinical lab sections for existing clinical classes.,MUST,no,0,nice_to_have,0,0.0
S0124_mandatory,S0124,NICE,'A clinical lab section shall include the clinical site name the class instructor day and time of the lab.',include the clinical site name class instructor day and lab time for each clinical lab section,mandatory,The system MUST include the clinical site name class instructor day and lab time for each clinical lab section.,The system MUST include the clinical site name class instructor day and lab time for each clinical lab section.,MUST,yes,1,mandatory,3,1.0
S0124_recommended,S0124,NICE,'A clinical lab section shall include the clinical site name the class instructor day and time of the lab.',include the clinical site name class instructor day and lab time for each clinical lab section,recommended,The system SHOULD include the clinical site name class instructor day and lab time for each clinical lab section.,The system MUST include the clinical site name class instructor day and lab time for each clinical lab section.,MUST,no,0,recommended,2,0.67
S0124_optional,S0124,NICE,'A clinical lab section shall include the clinical site name the class instructor day and time of the lab.',include the clinical site name class instructor day and lab time for each clinical lab section,optional,The system MAY include the clinical site name class instructor day and lab time for each clinical lab section.,The system MUST include the clinical site name class instructor day and lab time for each clinical lab section.,MUST,no,0,optional,1,0.33
S0124_nice_to_have,S0124,NICE,'A clinical lab section shall include the clinical site name the class instructor day and time of the lab.',include the clinical site name class instructor day and lab time for each clinical lab section,nice_to_have,It would be useful if the system could include the clinical site name class instructor day and lab time for each clinical lab section.,The system MUST include the clinical site name class instructor day and lab time for each clinical lab section.,MUST,no,0,nice_to_have,0,0.0
S0125_mandatory,S0125,NICE,'Program Administrators and Nursing Staff Members shall be able to add a student who has registered for a clinical class to a clinical lab section for that class.',allow Program Administrators and Nursing Staff Members to add registered clinical-class students to clinical lab sections,mandatory,The system MUST allow Program Administrators and Nursing Staff Members to add registered clinical-class students to clinical lab sections.,The system MUST allow Program Administrators and Nursing Staff Members to add registered clinical-class students to clinical lab sections.,MUST,yes,1,mandatory,3,1.0
S0125_recommended,S0125,NICE,'Program Administrators and Nursing Staff Members shall be able to add a student who has registered for a clinical class to a clinical lab section for that class.',allow Program Administrators and Nursing Staff Members to add registered clinical-class students to clinical lab sections,recommended,The system SHOULD allow Program Administrators and Nursing Staff Members to add registered clinical-class students to clinical lab sections.,The system MUST allow Program Administrators and Nursing Staff Members to add registered clinical-class students to clinical lab sections.,MUST,no,0,recommended,2,0.67
S0125_optional,S0125,NICE,'Program Administrators and Nursing Staff Members shall be able to add a student who has registered for a clinical class to a clinical lab section for that class.',allow Program Administrators and Nursing Staff Members to add registered clinical-class students to clinical lab sections,optional,The system MAY allow Program Administrators and Nursing Staff Members to add registered clinical-class students to clinical lab sections.,The system MUST allow Program Administrators and Nursing Staff Members to add registered clinical-class students to clinical lab sections.,MUST,no,0,optional,1,0.33
S0125_nice_to_have,S0125,NICE,'Program Administrators and Nursing Staff Members shall be able to add a student who has registered for a clinical class to a clinical lab section for that class.',allow Program Administrators and Nursing Staff Members to add registered clinical-class students to clinical lab sections,nice_to_have,It would be useful if the system could allow Program Administrators and Nursing Staff Members to add registered clinical-class students to clinical lab sections.,The system MUST allow Program Administrators and Nursing Staff Members to add registered clinical-class students to clinical lab sections.,MUST,no,0,nice_to_have,0,0.0
S0126_mandatory,S0126,NICE,'The system shall allow a Program Administrator or Nursing staff member to remove a student from a clinical lab section.',allow a Program Administrator or Nursing staff member to remove a student from a clinical lab section,mandatory,The system MUST allow a Program Administrator or Nursing staff member to remove a student from a clinical lab section.,The system MUST allow a Program Administrator or Nursing staff member to remove a student from a clinical lab section.,MUST,yes,1,mandatory,3,1.0
S0126_recommended,S0126,NICE,'The system shall allow a Program Administrator or Nursing staff member to remove a student from a clinical lab section.',allow a Program Administrator or Nursing staff member to remove a student from a clinical lab section,recommended,The system SHOULD allow a Program Administrator or Nursing staff member to remove a student from a clinical lab section.,The system MUST allow a Program Administrator or Nursing staff member to remove a student from a clinical lab section.,MUST,no,0,recommended,2,0.67
S0126_optional,S0126,NICE,'The system shall allow a Program Administrator or Nursing staff member to remove a student from a clinical lab section.',allow a Program Administrator or Nursing staff member to remove a student from a clinical lab section,optional,The system MAY allow a Program Administrator or Nursing staff member to remove a student from a clinical lab section.,The system MUST allow a Program Administrator or Nursing staff member to remove a student from a clinical lab section.,MUST,no,0,optional,1,0.33
S0126_nice_to_have,S0126,NICE,'The system shall allow a Program Administrator or Nursing staff member to remove a student from a clinical lab section.',allow a Program Administrator or Nursing staff member to remove a student from a clinical lab section,nice_to_have,It would be useful if the system could allow a Program Administrator or Nursing staff member to remove a student from a clinical lab section.,The system MUST allow a Program Administrator or Nursing staff member to remove a student from a clinical lab section.,MUST,no,0,nice_to_have,0,0.0
S0127_mandatory,S0127,NICE,'The system shall allow a Program Administrator/Nursing Staff Member to move a student from one clinical lab section to another clinical lab section corresponding to the same clinical class.',allow a Program Administrator/Nursing Staff Member to move a student from one clinical lab section to another clinical lab section corresponding to the same clinical class,mandatory,The system MUST allow a Program Administrator/Nursing Staff Member to move a student from one clinical lab section to another clinical lab section corresponding to the same clinical class.,The system MUST allow a Program Administrator/Nursing Staff Member to move a student from one clinical lab section to another clinical lab section corresponding to the same clinical class.,MUST,yes,1,mandatory,3,1.0
S0127_recommended,S0127,NICE,'The system shall allow a Program Administrator/Nursing Staff Member to move a student from one clinical lab section to another clinical lab section corresponding to the same clinical class.',allow a Program Administrator/Nursing Staff Member to move a student from one clinical lab section to another clinical lab section corresponding to the same clinical class,recommended,The system SHOULD allow a Program Administrator/Nursing Staff Member to move a student from one clinical lab section to another clinical lab section corresponding to the same clinical class.,The system MUST allow a Program Administrator/Nursing Staff Member to move a student from one clinical lab section to another clinical lab section corresponding to the same clinical class.,MUST,no,0,recommended,2,0.67
S0127_optional,S0127,NICE,'The system shall allow a Program Administrator/Nursing Staff Member to move a student from one clinical lab section to another clinical lab section corresponding to the same clinical class.',allow a Program Administrator/Nursing Staff Member to move a student from one clinical lab section to another clinical lab section corresponding to the same clinical class,optional,The system MAY allow a Program Administrator/Nursing Staff Member to move a student from one clinical lab section to another clinical lab section corresponding to the same clinical class.,The system MUST allow a Program Administrator/Nursing Staff Member to move a student from one clinical lab section to another clinical lab section corresponding to the same clinical class.,MUST,no,0,optional,1,0.33
S0127_nice_to_have,S0127,NICE,'The system shall allow a Program Administrator/Nursing Staff Member to move a student from one clinical lab section to another clinical lab section corresponding to the same clinical class.',allow a Program Administrator/Nursing Staff Member to move a student from one clinical lab section to another clinical lab section corresponding to the same clinical class,nice_to_have,It would be useful if the system could allow a Program Administrator/Nursing Staff Member to move a student from one clinical lab section to another clinical lab section corresponding to the same clinical class.,The system MUST allow a Program Administrator/Nursing Staff Member to move a student from one clinical lab section to another clinical lab section corresponding to the same clinical class.,MUST,no,0,nice_to_have,0,0.0
S0129_mandatory,S0129,NICE,'A Program Administrator/Nursing Staff Member shall be able to add a new nursing student to the system.',allow Program Administrators and Nursing Staff Members to add new nursing students to the system,mandatory,The system MUST allow Program Administrators and Nursing Staff Members to add new nursing students to the system.,The system MUST allow Program Administrators and Nursing Staff Members to add new nursing students to the system.,MUST,yes,1,mandatory,3,1.0
S0129_recommended,S0129,NICE,'A Program Administrator/Nursing Staff Member shall be able to add a new nursing student to the system.',allow Program Administrators and Nursing Staff Members to add new nursing students to the system,recommended,The system SHOULD allow Program Administrators and Nursing Staff Members to add new nursing students to the system.,The system MUST allow Program Administrators and Nursing Staff Members to add new nursing students to the system.,MUST,no,0,recommended,2,0.67
S0129_optional,S0129,NICE,'A Program Administrator/Nursing Staff Member shall be able to add a new nursing student to the system.',allow Program Administrators and Nursing Staff Members to add new nursing students to the system,optional,The system MAY allow Program Administrators and Nursing Staff Members to add new nursing students to the system.,The system MUST allow Program Administrators and Nursing Staff Members to add new nursing students to the system.,MUST,no,0,optional,1,0.33
S0129_nice_to_have,S0129,NICE,'A Program Administrator/Nursing Staff Member shall be able to add a new nursing student to the system.',allow Program Administrators and Nursing Staff Members to add new nursing students to the system,nice_to_have,It would be useful if the system could allow Program Administrators and Nursing Staff Members to add new nursing students to the system.,The system MUST allow Program Administrators and Nursing Staff Members to add new nursing students to the system.,MUST,no,0,nice_to_have,0,0.0
S0130_mandatory,S0130,NICE,'A staff member shall have the ability to manage the progress of a part time student which includes modifying their sequence of classes and timeline of classes.',allow staff members to manage part-time student progress by modifying class sequences and timelines,mandatory,The system MUST allow staff members to manage part-time student progress by modifying class sequences and timelines.,The system MUST allow staff members to manage part-time student progress by modifying class sequences and timelines.,MUST,yes,1,mandatory,3,1.0
S0130_recommended,S0130,NICE,'A staff member shall have the ability to manage the progress of a part time student which includes modifying their sequence of classes and timeline of classes.',allow staff members to manage part-time student progress by modifying class sequences and timelines,recommended,The system SHOULD allow staff members to manage part-time student progress by modifying class sequences and timelines.,The system MUST allow staff members to manage part-time student progress by modifying class sequences and timelines.,MUST,no,0,recommended,2,0.67
S0130_optional,S0130,NICE,'A staff member shall have the ability to manage the progress of a part time student which includes modifying their sequence of classes and timeline of classes.',allow staff members to manage part-time student progress by modifying class sequences and timelines,optional,The system MAY allow staff members to manage part-time student progress by modifying class sequences and timelines.,The system MUST allow staff members to manage part-time student progress by modifying class sequences and timelines.,MUST,no,0,optional,1,0.33
S0130_nice_to_have,S0130,NICE,'A staff member shall have the ability to manage the progress of a part time student which includes modifying their sequence of classes and timeline of classes.',allow staff members to manage part-time student progress by modifying class sequences and timelines,nice_to_have,It would be useful if the system could allow staff members to manage part-time student progress by modifying class sequences and timelines.,The system MUST allow staff members to manage part-time student progress by modifying class sequences and timelines.,MUST,no,0,nice_to_have,0,0.0
S0131_mandatory,S0131,NICE,'The system shall be able to display a printable summary for individual cohorts which will include the students enlisted the Program of study sequence of classes cohort progress through the program and timeline of completion.',display a printable summary for individual cohorts which will include the students enlisted the Program of study sequence of classes cohort progress through the program and timeline of completion,mandatory,The system MUST display a printable summary for individual cohorts which will include the students enlisted the Program of study sequence of classes cohort progress through the program and timeline of completion.,The system MUST display a printable summary for individual cohorts which will include the students enlisted the Program of study sequence of classes cohort progress through the program and timeline of completion.,MUST,yes,1,mandatory,3,1.0
S0131_recommended,S0131,NICE,'The system shall be able to display a printable summary for individual cohorts which will include the students enlisted the Program of study sequence of classes cohort progress through the program and timeline of completion.',display a printable summary for individual cohorts which will include the students enlisted the Program of study sequence of classes cohort progress through the program and timeline of completion,recommended,The system SHOULD display a printable summary for individual cohorts which will include the students enlisted the Program of study sequence of classes cohort progress through the program and timeline of completion.,The system MUST display a printable summary for individual cohorts which will include the students enlisted the Program of study sequence of classes cohort progress through the program and timeline of completion.,MUST,no,0,recommended,2,0.67
S0131_optional,S0131,NICE,'The system shall be able to display a printable summary for individual cohorts which will include the students enlisted the Program of study sequence of classes cohort progress through the program and timeline of completion.',display a printable summary for individual cohorts which will include the students enlisted the Program of study sequence of classes cohort progress through the program and timeline of completion,optional,The system MAY display a printable summary for individual cohorts which will include the students enlisted the Program of study sequence of classes cohort progress through the program and timeline of completion.,The system MUST display a printable summary for individual cohorts which will include the students enlisted the Program of study sequence of classes cohort progress through the program and timeline of completion.,MUST,no,0,optional,1,0.33
S0131_nice_to_have,S0131,NICE,'The system shall be able to display a printable summary for individual cohorts which will include the students enlisted the Program of study sequence of classes cohort progress through the program and timeline of completion.',display a printable summary for individual cohorts which will include the students enlisted the Program of study sequence of classes cohort progress through the program and timeline of completion,nice_to_have,It would be useful if the system could display a printable summary for individual cohorts which will include the students enlisted the Program of study sequence of classes cohort progress through the program and timeline of completion.,The system MUST display a printable summary for individual cohorts which will include the students enlisted the Program of study sequence of classes cohort progress through the program and timeline of completion.,MUST,no,0,nice_to_have,0,0.0
S0135_mandatory,S0135,NICE,'The system shall be able to display a printable summary of the system log.',display a printable summary of the system log,mandatory,The system MUST display a printable summary of the system log.,The system MUST display a printable summary of the system log.,MUST,yes,1,mandatory,3,1.0
S0135_recommended,S0135,NICE,'The system shall be able to display a printable summary of the system log.',display a printable summary of the system log,recommended,The system SHOULD display a printable summary of the system log.,The system MUST display a printable summary of the system log.,MUST,no,0,recommended,2,0.67
S0135_optional,S0135,NICE,'The system shall be able to display a printable summary of the system log.',display a printable summary of the system log,optional,The system MAY display a printable summary of the system log.,The system MUST display a printable summary of the system log.,MUST,no,0,optional,1,0.33
S0135_nice_to_have,S0135,NICE,'The system shall be able to display a printable summary of the system log.',display a printable summary of the system log,nice_to_have,It would be useful if the system could display a printable summary of the system log.,The system MUST display a printable summary of the system log.,MUST,no,0,nice_to_have,0,0.0
S0137_mandatory,S0137,NICE,'The system will use the stored e-mail addresses as a primary means of communicating information to affected parties.',use the stored e-mail addresses as a primary means of communicating information to affected parties,mandatory,The system MUST use the stored e-mail addresses as a primary means of communicating information to affected parties.,The system MUST use the stored e-mail addresses as a primary means of communicating information to affected parties.,MUST,yes,1,mandatory,3,1.0
S0137_recommended,S0137,NICE,'The system will use the stored e-mail addresses as a primary means of communicating information to affected parties.',use the stored e-mail addresses as a primary means of communicating information to affected parties,recommended,The system SHOULD use the stored e-mail addresses as a primary means of communicating information to affected parties.,The system MUST use the stored e-mail addresses as a primary means of communicating information to affected parties.,MUST,no,0,recommended,2,0.67
S0137_optional,S0137,NICE,'The system will use the stored e-mail addresses as a primary means of communicating information to affected parties.',use the stored e-mail addresses as a primary means of communicating information to affected parties,optional,The system MAY use the stored e-mail addresses as a primary means of communicating information to affected parties.,The system MUST use the stored e-mail addresses as a primary means of communicating information to affected parties.,MUST,no,0,optional,1,0.33
S0137_nice_to_have,S0137,NICE,'The system will use the stored e-mail addresses as a primary means of communicating information to affected parties.',use the stored e-mail addresses as a primary means of communicating information to affected parties,nice_to_have,It would be useful if the system could use the stored e-mail addresses as a primary means of communicating information to affected parties.,The system MUST use the stored e-mail addresses as a primary means of communicating information to affected parties.,MUST,no,0,nice_to_have,0,0.0
S0143_mandatory,S0143,NICE,'Program Administrators/Nursing Staff Members shall have the ability to modify information relating to cohorts including cohort identifier program of study preferred sequence of classes and quarters that a cohort will be taking specific classes.',allow Program Administrators and Nursing Staff Members to modify cohort information including identifier Program of Study preferred class sequence and class quarters,mandatory,The system MUST allow Program Administrators and Nursing Staff Members to modify cohort information including identifier Program of Study preferred class sequence and class quarters.,The system MUST allow Program Administrators and Nursing Staff Members to modify cohort information including identifier Program of Study preferred class sequence and class quarters.,MUST,yes,1,mandatory,3,1.0
S0143_recommended,S0143,NICE,'Program Administrators/Nursing Staff Members shall have the ability to modify information relating to cohorts including cohort identifier program of study preferred sequence of classes and quarters that a cohort will be taking specific classes.',allow Program Administrators and Nursing Staff Members to modify cohort information including identifier Program of Study preferred class sequence and class quarters,recommended,The system SHOULD allow Program Administrators and Nursing Staff Members to modify cohort information including identifier Program of Study preferred class sequence and class quarters.,The system MUST allow Program Administrators and Nursing Staff Members to modify cohort information including identifier Program of Study preferred class sequence and class quarters.,MUST,no,0,recommended,2,0.67
S0143_optional,S0143,NICE,'Program Administrators/Nursing Staff Members shall have the ability to modify information relating to cohorts including cohort identifier program of study preferred sequence of classes and quarters that a cohort will be taking specific classes.',allow Program Administrators and Nursing Staff Members to modify cohort information including identifier Program of Study preferred class sequence and class quarters,optional,The system MAY allow Program Administrators and Nursing Staff Members to modify cohort information including identifier Program of Study preferred class sequence and class quarters.,The system MUST allow Program Administrators and Nursing Staff Members to modify cohort information including identifier Program of Study preferred class sequence and class quarters.,MUST,no,0,optional,1,0.33
S0143_nice_to_have,S0143,NICE,'Program Administrators/Nursing Staff Members shall have the ability to modify information relating to cohorts including cohort identifier program of study preferred sequence of classes and quarters that a cohort will be taking specific classes.',allow Program Administrators and Nursing Staff Members to modify cohort information including identifier Program of Study preferred class sequence and class quarters,nice_to_have,It would be useful if the system could allow Program Administrators and Nursing Staff Members to modify cohort information including identifier Program of Study preferred class sequence and class quarters.,The system MUST allow Program Administrators and Nursing Staff Members to modify cohort information including identifier Program of Study preferred class sequence and class quarters.,MUST,no,0,nice_to_have,0,0.0
S0145_mandatory,S0145,NICE,'Program Administrators/Nursing Staff Members shall have the ability to modify information relating to a Clinical Site including the clinical site name site contact person contact information and address.',allow Program Administrators and Nursing Staff Members to modify clinical site information including name contact person contact information and address,mandatory,The system MUST allow Program Administrators and Nursing Staff Members to modify clinical site information including name contact person contact information and address.,The system MUST allow Program Administrators and Nursing Staff Members to modify clinical site information including name contact person contact information and address.,MUST,yes,1,mandatory,3,1.0
S0145_recommended,S0145,NICE,'Program Administrators/Nursing Staff Members shall have the ability to modify information relating to a Clinical Site including the clinical site name site contact person contact information and address.',allow Program Administrators and Nursing Staff Members to modify clinical site information including name contact person contact information and address,recommended,The system SHOULD allow Program Administrators and Nursing Staff Members to modify clinical site information including name contact person contact information and address.,The system MUST allow Program Administrators and Nursing Staff Members to modify clinical site information including name contact person contact information and address.,MUST,no,0,recommended,2,0.67
S0145_optional,S0145,NICE,'Program Administrators/Nursing Staff Members shall have the ability to modify information relating to a Clinical Site including the clinical site name site contact person contact information and address.',allow Program Administrators and Nursing Staff Members to modify clinical site information including name contact person contact information and address,optional,The system MAY allow Program Administrators and Nursing Staff Members to modify clinical site information including name contact person contact information and address.,The system MUST allow Program Administrators and Nursing Staff Members to modify clinical site information including name contact person contact information and address.,MUST,no,0,optional,1,0.33
S0145_nice_to_have,S0145,NICE,'Program Administrators/Nursing Staff Members shall have the ability to modify information relating to a Clinical Site including the clinical site name site contact person contact information and address.',allow Program Administrators and Nursing Staff Members to modify clinical site information including name contact person contact information and address,nice_to_have,It would be useful if the system could allow Program Administrators and Nursing Staff Members to modify clinical site information including name contact person contact information and address.,The system MUST allow Program Administrators and Nursing Staff Members to modify clinical site information including name contact person contact information and address.,MUST,no,0,nice_to_have,0,0.0
S0148_mandatory,S0148,NICE,'The Disputes application shall comply with the corporate standards for user interface creation for internally and externally used applications.',comply with corporate user interface creation standards for internal and external applications,mandatory,The system MUST comply with corporate user interface creation standards for internal and external applications.,The system MUST comply with corporate user interface creation standards for internal and external applications.,MUST,yes,1,mandatory,3,1.0
S0148_recommended,S0148,NICE,'The Disputes application shall comply with the corporate standards for user interface creation for internally and externally used applications.',comply with corporate user interface creation standards for internal and external applications,recommended,The system SHOULD comply with corporate user interface creation standards for internal and external applications.,The system MUST comply with corporate user interface creation standards for internal and external applications.,MUST,no,0,recommended,2,0.67
S0148_optional,S0148,NICE,'The Disputes application shall comply with the corporate standards for user interface creation for internally and externally used applications.',comply with corporate user interface creation standards for internal and external applications,optional,The system MAY comply with corporate user interface creation standards for internal and external applications.,The system MUST comply with corporate user interface creation standards for internal and external applications.,MUST,no,0,optional,1,0.33
S0148_nice_to_have,S0148,NICE,'The Disputes application shall comply with the corporate standards for user interface creation for internally and externally used applications.',comply with corporate user interface creation standards for internal and external applications,nice_to_have,It would be useful if the system could comply with corporate user interface creation standards for internal and external applications.,The system MUST comply with corporate user interface creation standards for internal and external applications.,MUST,no,0,nice_to_have,0,0.0
S0149_mandatory,S0149,NICE,'All screens created as part of the Disputes application must comply with corporate standards for interface creation.',ensure all Disputes application screens comply with corporate interface creation standards,mandatory,The system MUST ensure all Disputes application screens comply with corporate interface creation standards.,The system MUST ensure all Disputes application screens comply with corporate interface creation standards.,MUST,yes,1,mandatory,3,1.0
S0149_recommended,S0149,NICE,'All screens created as part of the Disputes application must comply with corporate standards for interface creation.',ensure all Disputes application screens comply with corporate interface creation standards,recommended,The system SHOULD ensure all Disputes application screens comply with corporate interface creation standards.,The system MUST ensure all Disputes application screens comply with corporate interface creation standards.,MUST,no,0,recommended,2,0.67
S0149_optional,S0149,NICE,'All screens created as part of the Disputes application must comply with corporate standards for interface creation.',ensure all Disputes application screens comply with corporate interface creation standards,optional,The system MAY ensure all Disputes application screens comply with corporate interface creation standards.,The system MUST ensure all Disputes application screens comply with corporate interface creation standards.,MUST,no,0,optional,1,0.33
S0149_nice_to_have,S0149,NICE,'All screens created as part of the Disputes application must comply with corporate standards for interface creation.',ensure all Disputes application screens comply with corporate interface creation standards,nice_to_have,It would be useful if the system could ensure all Disputes application screens comply with corporate interface creation standards.,The system MUST ensure all Disputes application screens comply with corporate interface creation standards.,MUST,no,0,nice_to_have,0,0.0
S0150_mandatory,S0150,NICE,'The list of dispute cases that are displayed after a search is performed must be color coded for easy identification of dispute cases based upon the dispute case status.',color-code dispute search results by dispute case status for easy identification,mandatory,The system MUST color-code dispute search results by dispute case status for easy identification.,The system MUST color-code dispute search results by dispute case status for easy identification.,MUST,yes,1,mandatory,3,1.0
S0150_recommended,S0150,NICE,'The list of dispute cases that are displayed after a search is performed must be color coded for easy identification of dispute cases based upon the dispute case status.',color-code dispute search results by dispute case status for easy identification,recommended,The system SHOULD color-code dispute search results by dispute case status for easy identification.,The system MUST color-code dispute search results by dispute case status for easy identification.,MUST,no,0,recommended,2,0.67
S0150_optional,S0150,NICE,'The list of dispute cases that are displayed after a search is performed must be color coded for easy identification of dispute cases based upon the dispute case status.',color-code dispute search results by dispute case status for easy identification,optional,The system MAY color-code dispute search results by dispute case status for easy identification.,The system MUST color-code dispute search results by dispute case status for easy identification.,MUST,no,0,optional,1,0.33
S0150_nice_to_have,S0150,NICE,'The list of dispute cases that are displayed after a search is performed must be color coded for easy identification of dispute cases based upon the dispute case status.',color-code dispute search results by dispute case status for easy identification,nice_to_have,It would be useful if the system could color-code dispute search results by dispute case status for easy identification.,The system MUST color-code dispute search results by dispute case status for easy identification.,MUST,no,0,nice_to_have,0,0.0
S0162_mandatory,S0162,NICE,'The Disputes application shall ensure that only users with the appropriate access level are allowed to initiate dispute requests.',allow only users with the appropriate access level to initiate dispute requests,mandatory,The system MUST allow only users with the appropriate access level to initiate dispute requests.,The system MUST allow only users with the appropriate access level to initiate dispute requests.,MUST,yes,1,mandatory,3,1.0
S0162_recommended,S0162,NICE,'The Disputes application shall ensure that only users with the appropriate access level are allowed to initiate dispute requests.',allow only users with the appropriate access level to initiate dispute requests,recommended,The system SHOULD allow only users with the appropriate access level to initiate dispute requests.,The system MUST allow only users with the appropriate access level to initiate dispute requests.,MUST,no,0,recommended,2,0.67
S0162_optional,S0162,NICE,'The Disputes application shall ensure that only users with the appropriate access level are allowed to initiate dispute requests.',allow only users with the appropriate access level to initiate dispute requests,optional,The system MAY allow only users with the appropriate access level to initiate dispute requests.,The system MUST allow only users with the appropriate access level to initiate dispute requests.,MUST,no,0,optional,1,0.33
S0162_nice_to_have,S0162,NICE,'The Disputes application shall ensure that only users with the appropriate access level are allowed to initiate dispute requests.',allow only users with the appropriate access level to initiate dispute requests,nice_to_have,It would be useful if the system could allow only users with the appropriate access level to initiate dispute requests.,The system MUST allow only users with the appropriate access level to initiate dispute requests.,MUST,no,0,nice_to_have,0,0.0
S0163_mandatory,S0163,NICE,'Only users with Update access must be able to initiate dispute requests.',allow only users with Update access to initiate dispute requests,mandatory,The system MUST allow only users with Update access to initiate dispute requests.,The system MUST allow only users with Update access to initiate dispute requests.,MUST,yes,1,mandatory,3,1.0
S0163_recommended,S0163,NICE,'Only users with Update access must be able to initiate dispute requests.',allow only users with Update access to initiate dispute requests,recommended,The system SHOULD allow only users with Update access to initiate dispute requests.,The system MUST allow only users with Update access to initiate dispute requests.,MUST,no,0,recommended,2,0.67
S0163_optional,S0163,NICE,'Only users with Update access must be able to initiate dispute requests.',allow only users with Update access to initiate dispute requests,optional,The system MAY allow only users with Update access to initiate dispute requests.,The system MUST allow only users with Update access to initiate dispute requests.,MUST,no,0,optional,1,0.33
S0163_nice_to_have,S0163,NICE,'Only users with Update access must be able to initiate dispute requests.',allow only users with Update access to initiate dispute requests,nice_to_have,It would be useful if the system could allow only users with Update access to initiate dispute requests.,The system MUST allow only users with Update access to initiate dispute requests.,MUST,no,0,nice_to_have,0,0.0
S0164_mandatory,S0164,NICE,'The Disputes application shall ensure that only authorized users are allowed to logon to the application.',allow only authorized users to log on to the application,mandatory,The system MUST allow only authorized users to log on to the application.,The system MUST allow only authorized users to log on to the application.,MUST,yes,1,mandatory,3,1.0
S0164_recommended,S0164,NICE,'The Disputes application shall ensure that only authorized users are allowed to logon to the application.',allow only authorized users to log on to the application,recommended,The system SHOULD allow only authorized users to log on to the application.,The system MUST allow only authorized users to log on to the application.,MUST,no,0,recommended,2,0.67
S0164_optional,S0164,NICE,'The Disputes application shall ensure that only authorized users are allowed to logon to the application.',allow only authorized users to log on to the application,optional,The system MAY allow only authorized users to log on to the application.,The system MUST allow only authorized users to log on to the application.,MUST,no,0,optional,1,0.33
S0164_nice_to_have,S0164,NICE,'The Disputes application shall ensure that only authorized users are allowed to logon to the application.',allow only authorized users to log on to the application,nice_to_have,It would be useful if the system could allow only authorized users to log on to the application.,The system MUST allow only authorized users to log on to the application.,MUST,no,0,nice_to_have,0,0.0
S0165_mandatory,S0165,NICE,'All authorized users once authenticated must be able to logon to the Disputes System',allow authenticated authorized users to log on to the Disputes System,mandatory,The system MUST allow authenticated authorized users to log on to the Disputes System.,The system MUST allow authenticated authorized users to log on to the Disputes System.,MUST,yes,1,mandatory,3,1.0
S0165_recommended,S0165,NICE,'All authorized users once authenticated must be able to logon to the Disputes System',allow authenticated authorized users to log on to the Disputes System,recommended,The system SHOULD allow authenticated authorized users to log on to the Disputes System.,The system MUST allow authenticated authorized users to log on to the Disputes System.,MUST,no,0,recommended,2,0.67
S0165_optional,S0165,NICE,'All authorized users once authenticated must be able to logon to the Disputes System',allow authenticated authorized users to log on to the Disputes System,optional,The system MAY allow authenticated authorized users to log on to the Disputes System.,The system MUST allow authenticated authorized users to log on to the Disputes System.,MUST,no,0,optional,1,0.33
S0165_nice_to_have,S0165,NICE,'All authorized users once authenticated must be able to logon to the Disputes System',allow authenticated authorized users to log on to the Disputes System,nice_to_have,It would be useful if the system could allow authenticated authorized users to log on to the Disputes System.,The system MUST allow authenticated authorized users to log on to the Disputes System.,MUST,no,0,nice_to_have,0,0.0
S0167_mandatory,S0167,NICE,All additions of new users and modifications to user's access shall be recorded on the User Report.',record new-user additions and user-access modifications on the User Report,mandatory,The system MUST record new-user additions and user-access modifications on the User Report.,The system MUST record new-user additions and user-access modifications on the User Report.,MUST,yes,1,mandatory,3,1.0
S0167_recommended,S0167,NICE,All additions of new users and modifications to user's access shall be recorded on the User Report.',record new-user additions and user-access modifications on the User Report,recommended,The system SHOULD record new-user additions and user-access modifications on the User Report.,The system MUST record new-user additions and user-access modifications on the User Report.,MUST,no,0,recommended,2,0.67
S0167_optional,S0167,NICE,All additions of new users and modifications to user's access shall be recorded on the User Report.',record new-user additions and user-access modifications on the User Report,optional,The system MAY record new-user additions and user-access modifications on the User Report.,The system MUST record new-user additions and user-access modifications on the User Report.,MUST,no,0,optional,1,0.33
S0167_nice_to_have,S0167,NICE,All additions of new users and modifications to user's access shall be recorded on the User Report.',record new-user additions and user-access modifications on the User Report,nice_to_have,It would be useful if the system could record new-user additions and user-access modifications on the User Report.,The system MUST record new-user additions and user-access modifications on the User Report.,MUST,no,0,nice_to_have,0,0.0
S0168_mandatory,S0168,NICE,'If a user account is revoked it can only be re-instantiated by the System Administrator.',allow only the System Administrator to reinstate revoked user accounts,mandatory,The system MUST allow only the System Administrator to reinstate revoked user accounts.,The system MUST allow only the System Administrator to reinstate revoked user accounts.,MUST,yes,1,mandatory,3,1.0
S0168_recommended,S0168,NICE,'If a user account is revoked it can only be re-instantiated by the System Administrator.',allow only the System Administrator to reinstate revoked user accounts,recommended,The system SHOULD allow only the System Administrator to reinstate revoked user accounts.,The system MUST allow only the System Administrator to reinstate revoked user accounts.,MUST,no,0,recommended,2,0.67
S0168_optional,S0168,NICE,'If a user account is revoked it can only be re-instantiated by the System Administrator.',allow only the System Administrator to reinstate revoked user accounts,optional,The system MAY allow only the System Administrator to reinstate revoked user accounts.,The system MUST allow only the System Administrator to reinstate revoked user accounts.,MUST,no,0,optional,1,0.33
S0168_nice_to_have,S0168,NICE,'If a user account is revoked it can only be re-instantiated by the System Administrator.',allow only the System Administrator to reinstate revoked user accounts,nice_to_have,It would be useful if the system could allow only the System Administrator to reinstate revoked user accounts.,The system MUST allow only the System Administrator to reinstate revoked user accounts.,MUST,no,0,nice_to_have,0,0.0
S0169_mandatory,S0169,NICE,'Only the System Administrator shall be able to reset a revoked user logon account',allow only the System Administrator to reset revoked user logon accounts,mandatory,The system MUST allow only the System Administrator to reset revoked user logon accounts.,The system MUST allow only the System Administrator to reset revoked user logon accounts.,MUST,yes,1,mandatory,3,1.0
S0169_recommended,S0169,NICE,'Only the System Administrator shall be able to reset a revoked user logon account',allow only the System Administrator to reset revoked user logon accounts,recommended,The system SHOULD allow only the System Administrator to reset revoked user logon accounts.,The system MUST allow only the System Administrator to reset revoked user logon accounts.,MUST,no,0,recommended,2,0.67
S0169_optional,S0169,NICE,'Only the System Administrator shall be able to reset a revoked user logon account',allow only the System Administrator to reset revoked user logon accounts,optional,The system MAY allow only the System Administrator to reset revoked user logon accounts.,The system MUST allow only the System Administrator to reset revoked user logon accounts.,MUST,no,0,optional,1,0.33
S0169_nice_to_have,S0169,NICE,'Only the System Administrator shall be able to reset a revoked user logon account',allow only the System Administrator to reset revoked user logon accounts,nice_to_have,It would be useful if the system could allow only the System Administrator to reset revoked user logon accounts.,The system MUST allow only the System Administrator to reset revoked user logon accounts.,MUST,no,0,nice_to_have,0,0.0
S0171_mandatory,S0171,NICE,'All updates to data files or database must be initiated from the Disputes System.',ensure all data file or database updates are initiated from the Disputes System,mandatory,The system MUST ensure all data file or database updates are initiated from the Disputes System.,The system MUST ensure all data file or database updates are initiated from the Disputes System.,MUST,yes,1,mandatory,3,1.0
S0171_recommended,S0171,NICE,'All updates to data files or database must be initiated from the Disputes System.',ensure all data file or database updates are initiated from the Disputes System,recommended,The system SHOULD ensure all data file or database updates are initiated from the Disputes System.,The system MUST ensure all data file or database updates are initiated from the Disputes System.,MUST,no,0,recommended,2,0.67
S0171_optional,S0171,NICE,'All updates to data files or database must be initiated from the Disputes System.',ensure all data file or database updates are initiated from the Disputes System,optional,The system MAY ensure all data file or database updates are initiated from the Disputes System.,The system MUST ensure all data file or database updates are initiated from the Disputes System.,MUST,no,0,optional,1,0.33
S0171_nice_to_have,S0171,NICE,'All updates to data files or database must be initiated from the Disputes System.',ensure all data file or database updates are initiated from the Disputes System,nice_to_have,It would be useful if the system could ensure all data file or database updates are initiated from the Disputes System.,The system MUST ensure all data file or database updates are initiated from the Disputes System.,MUST,no,0,nice_to_have,0,0.0
S0172_mandatory,S0172,NICE,'The Disputes application must conform to the legal requirements as specified by the Merchant Operating Regulations.',conform to the legal requirements specified by the Merchant Operating Regulations,mandatory,The system MUST conform to the legal requirements specified by the Merchant Operating Regulations.,The system MUST conform to the legal requirements specified by the Merchant Operating Regulations.,MUST,yes,1,mandatory,3,1.0
S0172_recommended,S0172,NICE,'The Disputes application must conform to the legal requirements as specified by the Merchant Operating Regulations.',conform to the legal requirements specified by the Merchant Operating Regulations,recommended,The system SHOULD conform to the legal requirements specified by the Merchant Operating Regulations.,The system MUST conform to the legal requirements specified by the Merchant Operating Regulations.,MUST,no,0,recommended,2,0.67
S0172_optional,S0172,NICE,'The Disputes application must conform to the legal requirements as specified by the Merchant Operating Regulations.',conform to the legal requirements specified by the Merchant Operating Regulations,optional,The system MAY conform to the legal requirements specified by the Merchant Operating Regulations.,The system MUST conform to the legal requirements specified by the Merchant Operating Regulations.,MUST,no,0,optional,1,0.33
S0172_nice_to_have,S0172,NICE,'The Disputes application must conform to the legal requirements as specified by the Merchant Operating Regulations.',conform to the legal requirements specified by the Merchant Operating Regulations,nice_to_have,It would be useful if the system could conform to the legal requirements specified by the Merchant Operating Regulations.,The system MUST conform to the legal requirements specified by the Merchant Operating Regulations.,MUST,no,0,nice_to_have,0,0.0
S0173_mandatory,S0173,NICE,'All business rules specified in the Disputes System shall be in compliance with the Merchant Operating Regulations.',ensure Disputes System business rules comply with Merchant Operating Regulations,mandatory,The system MUST ensure Disputes System business rules comply with Merchant Operating Regulations.,The system MUST ensure Disputes System business rules comply with Merchant Operating Regulations.,MUST,yes,1,mandatory,3,1.0
S0173_recommended,S0173,NICE,'All business rules specified in the Disputes System shall be in compliance with the Merchant Operating Regulations.',ensure Disputes System business rules comply with Merchant Operating Regulations,recommended,The system SHOULD ensure Disputes System business rules comply with Merchant Operating Regulations.,The system MUST ensure Disputes System business rules comply with Merchant Operating Regulations.,MUST,no,0,recommended,2,0.67
S0173_optional,S0173,NICE,'All business rules specified in the Disputes System shall be in compliance with the Merchant Operating Regulations.',ensure Disputes System business rules comply with Merchant Operating Regulations,optional,The system MAY ensure Disputes System business rules comply with Merchant Operating Regulations.,The system MUST ensure Disputes System business rules comply with Merchant Operating Regulations.,MUST,no,0,optional,1,0.33
S0173_nice_to_have,S0173,NICE,'All business rules specified in the Disputes System shall be in compliance with the Merchant Operating Regulations.',ensure Disputes System business rules comply with Merchant Operating Regulations,nice_to_have,It would be useful if the system could ensure Disputes System business rules comply with Merchant Operating Regulations.,The system MUST ensure Disputes System business rules comply with Merchant Operating Regulations.,MUST,no,0,nice_to_have,0,0.0
