seed_id,source_dataset,original_requirement,capability_text_auto,auto_include,auto_exclusion_reason,include,exclusion_reason,capability_text_final
S0001,NICE,'The system shall refresh the display every 60 seconds.',refresh the display every 60 seconds,yes,,yes,,refresh the display every 60 seconds
S0002,NICE,'The application shall match the color of the schema set forth by Department of Homeland Security',match the color of the schema set forth by Department of Homeland Security,yes,,yes,,match the color of the schema set forth by Department of Homeland Security
S0003,NICE,'If projected the data must be readable. On a 10x10 projection screen 90% of viewers must be able to read Event / Activity data from a viewing distance of 30',be readable. On a 10x10 projection screen 90% of viewers must be able to read Event / Activity data from a viewing distance of 30,no,multi_sentence;formula_or_symbol;residual_modal_in_capability,no,multi_sentence;formula_or_symbol;residual_modal_in_capability,
S0004,NICE,'The product shall be available during normal business hours. As long as the user has access to the client PC the system will be available 99% of the time during the first six months of operation.',be available during normal business hours. As long as the user has access to the client PC the system will be available 99% of the time during the first six months of operation,no,too_long;multi_sentence;formula_or_symbol;residual_modal_in_capability,no,too_long;multi_sentence;formula_or_symbol;residual_modal_in_capability,
S0005,NICE,'If projected the data must be understandable. On a 10x10 projection screen 90% of viewers must be able to determine that Events or Activities are occuring in current time from a viewing distance of 100',be understandable. On a 10x10 projection screen 90% of viewers must be able to determine that Events or Activities are occuring in current time from a viewing distance of 100,no,multi_sentence;formula_or_symbol;residual_modal_in_capability,no,multi_sentence;formula_or_symbol;residual_modal_in_capability,
S0006,NICE,'The product shall ensure that it can only be accessed by authorized users. The product will be able to distinguish between authorized and unauthorized users in all access attempts',ensure that it can only be accessed by authorized users. The product will be able to distinguish between authorized and unauthorized users in all access attempts,no,multi_sentence;residual_modal_in_capability,no,multi_sentence;residual_modal_in_capability,
S0007,NICE,'The product shall be intuitive and self-explanatory. : 90% of new users shall be able to start the display of Events or Activities within 90 minutes of using the product.',be intuitive and self-explanatory. : 90% of new users shall be able to start the display of Events or Activities within 90 minutes of using the product,no,multi_sentence;formula_or_symbol;possibly_multiple_capabilities;residual_modal_in_capability,no,multi_sentence;formula_or_symbol;possibly_multiple_capabilities;residual_modal_in_capability,
S0008,NICE,'The product shall respond fast to keep up-to-date data in the display.',respond fast to keep up-to-date data in the display,yes,,yes,,respond fast to keep up-to-date data in the display
S0009,NICE,'The system shall have a MDI form that allows for the viewing of the graph and the data table.',have a MDI form that allows for the viewing of the graph and the data table,yes,,yes,,have a MDI form that allows for the viewing of the graph and the data table
S0010,NICE,'The system shall display Events in a vertical table by time.',display Events in a vertical table by time,yes,,yes,,display Events in a vertical table by time
S0011,NICE,'The system shall display the Events in a graph by time.',display the Events in a graph by time,yes,,yes,,display the Events in a graph by time
S0012,NICE,'The system shall display Events or Activities.',display Events or Activities,yes,,yes,,display Events or Activities
S0013,NICE,'The display shall have two regions: left 2/3 of the display is graphical right 1/3 of the display is a data table',have two regions: left 2/3 of the display is graphical right 1/3 of the display is a data table,no,formula_or_symbol,no,formula_or_symbol,
S0014,NICE,'The data displayed in both the nodes within the graph and the rows in the table are MSEL Summary data',displayed in both the nodes within the graph and the rows in the table are MSEL Summary data,yes,,yes,,display MSEL Summary data in both graph nodes and table rows
S0015,NICE,'The table side of the display shall be split into 2 regions: sequential and temporal.',be split into 2 regions: sequential and temporal,yes,,yes,,split the table side of the display into sequential and temporal regions
S0016,NICE,'The top 1/4 of the table will hold events that are to occur sequentially.',hold events that are to occur sequentially,no,formula_or_symbol,no,formula_or_symbol,
S0017,NICE,'The bottom 3/4 of the table will hold events that occur according to its relevance to current time.',hold events that occur according to its relevance to current time,no,formula_or_symbol,no,formula_or_symbol,
S0018,NICE,'The system shall color code events according to their variance from current time.',color code events according to their variance from current time,yes,,yes,,color code events according to their variance from current time
S0019,NICE,'The system shall display data from the Sync Matrix 1.0 and Exercise Management Tool 1.0 applications',display data from the Sync Matrix 1.0 and Exercise Management Tool 1.0 applications,no,multi_sentence,no,multi_sentence,
S0020,NICE,'The system shall link Events back to either the Sync Matrix 1.0 or the Exercise Managment Tool 1.0 applications for modifications.',link Events back to either the Sync Matrix 1.0 or the Exercise Managment Tool 1.0 applications for modifications,no,multi_sentence,no,multi_sentence,
S0021,NICE,'The system shall allow modification of the display.',allow modification of the display,yes,,yes,,allow modification of the display
S0022,NICE,'The system shall offer a display of all the Events in the exercise.',offer a display of all the Events in the exercise,yes,,yes,,offer a display of all the Events in the exercise
S0023,NICE,'The system shall filter data by: Venues and Key Events.',filter data by: Venues and Key Events,yes,,yes,,filter data by: Venues and Key Events
S0024,NICE,'The system shall allow a user to define the time segments',allow a user to define the time segments,yes,,yes,,allow a user to define the time segments
S0025,NICE,'The system shall display the local and exercise time in separate clocks',display the local and exercise time in separate clocks,yes,,yes,,display the local and exercise time in separate clocks
S0026,NICE,'The system shall offer the ability to pause and resume the refresh of data.',offer the ability to pause and resume the refresh of data,yes,,yes,,offer the ability to pause and resume the refresh of data
S0027,NICE,'The system shall provide charts for the Activity or Event actual versus assumed time.',provide charts for the Activity or Event actual versus assumed time,yes,,yes,,provide charts for the Activity or Event actual versus assumed time
S0028,NICE,'The system shall provide a history report of changes made to the Activity or Event data',provide a history report of changes made to the Activity or Event data,yes,,yes,,provide a history report of changes made to the Activity or Event data
S0029,NICE,'The look and feel of the system shall conform to the user interface standards of the smart device.',conform to the user interface standards of the smart device,yes,,yes,,conform to the smart device user interface standards in look and feel
S0030,NICE,'The user interface shall have standard menus buttons for navigation',have standard menus buttons for navigation,yes,,yes,,provide standard menu buttons for navigation
S0031,NICE,'The system shall have a professional appearance',have a professional appearance,yes,,yes,,have a professional appearance
S0032,NICE,'The product shall have a consistent color scheme and fonts.',have a consistent color scheme and fonts,yes,,yes,,have a consistent color scheme and fonts
S0033,NICE,'The system shall be used by realtors with no training.',be used by realtors with no training,no,negation,no,negation,
S0034,NICE,'The system shall be intuitive and self explanatory.',be intuitive and self explanatory,yes,,yes,,be intuitive and self explanatory
S0035,NICE,'The product shall be easy for a realtor to learn.',be easy for a realtor to learn,yes,,yes,,be easy for a realtor to learn
S0036,NICE,'The product shall use symbols and words that are naturally understandable by the realtor community.',use symbols and words that are naturally understandable by the realtor community,yes,,yes,,use symbols and words that are naturally understandable by the realtor community
S0037,NICE,'The product shall produce search results in an acceptable time',produce search results in an acceptable time,yes,,yes,,produce search results in an acceptable time
S0038,NICE,'The search results shall be returned no later 30 seconds after the user has entered the search criteria',be returned no later 30 seconds after the user has entered the search criteria,no,negation,no,negation,
S0039,NICE,'The product shall generate a CMA report in an acceptable time.',generate a CMA report in an acceptable time,yes,,yes,,generate a CMA report in an acceptable time
S0040,NICE,'The CMA report shall be returned no later 60 seconds after the user has entered the CMA report criteria.',be returned no later 60 seconds after the user has entered the CMA report criteria,no,negation,no,negation,
S0041,NICE,'The product shall synchronize contacts and appointments in an acceptable time.',synchronize contacts and appointments in an acceptable time,yes,,yes,,synchronize contacts and appointments in an acceptable time
S0042,NICE,'The product shall synchronize with the office system every hour.',synchronize with the office system every hour,yes,,yes,,synchronize with the office system every hour
S0043,NICE,'The product shall be available for use 24 hours per day 365 days per year',be available for use 24 hours per day 365 days per year,yes,,yes,,be available for use 24 hours per day 365 days per year
S0044,NICE,'Out of 1000 accesses to the system the system is available 999 times.',out of 1000 accesses to the system the system is available 999 times,yes,,yes,,be available for 999 out of 1000 access attempts
S0045,NICE,'The product shall operate in offline mode whenever internet connection is unavailable.',operate in offline mode whenever internet connection is unavailable,yes,,yes,,operate in offline mode whenever internet connection is unavailable
S0046,NICE,'The product shall allow the user to view previously downloaded search results CMA reports and appointments.',allow the user to view previously downloaded search results CMA reports and appointments,yes,,yes,,"allow the user to view previously downloaded search results, CMA reports, and appointments"
S0047,NICE,'The product shall retain user preferences in the event of a failure.',retain user preferences in the event of a failure,yes,,yes,,retain user preferences in the event of a failure
S0048,NICE,'100% of saved user preferences shall be restored when system comes back online.',% of saved user preferences shall be restored when system comes back online,no,formula_or_symbol;residual_modal_in_capability,no,formula_or_symbol;residual_modal_in_capability,
S0049,NICE,'The product shall be able to support multiple remote users',support multiple remote users,yes,,yes,,support multiple remote users
S0050,NICE,'The product shall be able support 1000 simultaneous users.',be able support 1000 simultaneous users,yes,,yes,,support 1000 simultaneous users
S0051,NICE,'The product shall be capable of handling the existing 1000 users. This number is expected to grow 5 times within the next year.',be capable of handling the existing 1000 users. This number is expected to grow 5 times within the next year,no,multi_sentence,no,multi_sentence,
S0052,NICE,'The product shall be installed by an untrained realtor without recourse to separately-printed instructions.',be installed by an untrained realtor without recourse to separately-printed instructions,no,negation,no,negation,
S0053,NICE,'90% of untrained realtors shall be able to install the product on their device without printed instructions',% of untrained realtors shall be able to install the product on their device without printed instructions,no,negation;formula_or_symbol;residual_modal_in_capability,no,negation;formula_or_symbol;residual_modal_in_capability,
S0054,NICE,'The product is expected to run on Windows CE and Palm operating systems.',run on Windows CE and Palm operating systems,yes,,yes,,run on Windows CE and Palm operating systems
S0055,NICE,'Only registered realtors shall be able to access the system.',access the system,yes,,yes,,allow only registered realtors to access the system
S0056,NICE,'Every user of the system shall be authenticated and authorized.',be authenticated and authorized,yes,,yes,,authenticate and authorize every system user
S0057,NICE,'The product shall prevent its data from incorrect data being introduced.',prevent its data from incorrect data being introduced,yes,,yes,,prevent incorrect data from being introduced into product data
S0058,NICE,'The system shall allow a real estate agent to query MLS information',allow a real estate agent to query MLS information,yes,,yes,,allow a real estate agent to query MLS information
S0059,NICE,'The user shall be able to get driving directions to a selected property',get driving directions to a selected property,yes,,yes,,provide users with driving directions to a selected property
S0060,NICE,'The user shall be able to download appointments and contact information for clients',download appointments and contact information for clients,yes,,yes,,allow users to download appointments and client contact information
S0061,NICE,'The system shall display clear property images in the search results',display clear property images in the search results,yes,,yes,,display clear property images in the search results
S0062,NICE,'The system shall update or create new property listings in the MLS',update or create new property listings in the MLS,yes,,yes,,update or create new property listings in the MLS
S0063,NICE,'Realtor shall be able to generate a CMA report based on property criteria',generate a CMA report based on property criteria,yes,,yes,,allow realtors to generate CMA reports based on property criteria
S0064,NICE,'The system shall be able to call the seller or buyer to schedule an appointment',call the seller or buyer to schedule an appointment,yes,,yes,,call the seller or buyer to schedule an appointment
S0065,NICE,'The realtor shall be notified of new client appointments after automatic synchronization with office system',be notified of new client appointments after automatic synchronization with office system,yes,,yes,,notify realtors of new client appointments after automatic synchronization with the office system
S0066,NICE,'The realtor shall be able to retrieve a map showing property locations for a specified area',retrieve a map showing property locations for a specified area,yes,,yes,,allow realtors to retrieve maps showing property locations for a specified area
S0067,NICE,'The system shall notify the realtor when a seller or buyer responds to an appointment request',notify the realtor when a seller or buyer responds to an appointment request,yes,,yes,,notify the realtor when a seller or buyer responds to an appointment request
S0068,NICE,'The product shall allow the user to save the property search results.',allow the user to save the property search results,yes,,yes,,allow the user to save the property search results
S0069,NICE,'The system shall be easy to use by the Program Administrators/Nursing Staff Members.',be easy to use by the Program Administrators/Nursing Staff Members,yes,,yes,,be easy to use by the Program Administrators/Nursing Staff Members
S0070,NICE,'All of the users shall be able to use the system after one day of training.',use the system after one day of training,yes,,yes,,be usable by all users after one day of training
S0071,NICE,'The system shall help the user avoid making mistakes while scheduling classes and clinicals for the nursing students.',help the user avoid making mistakes while scheduling classes and clinicals for the nursing students,yes,,yes,,help the user avoid making mistakes while scheduling classes and clinicals for the nursing students
S0072,NICE,'The number of mistakes noted by the students shall be decreased by 50% in the first year.',be decreased by 50% in the first year,no,formula_or_symbol,no,formula_or_symbol,
S0073,NICE,'The system shall be intuitive to the Program Administrators/Nursing Staff Members.',be intuitive to the Program Administrators/Nursing Staff Members,yes,,yes,,be intuitive to the Program Administrators/Nursing Staff Members
S0074,NICE,'2 out of 3 Program Administrators/Nursing Staff Members shall successfully be able to use the system to manage the scheduling of classes and clinicals.',successfully be able to use the system to manage the scheduling of classes and clinicals,no,residual_modal_in_capability,yes,,enable 2 out of 3 Program Administrators/Nursing Staff Members to successfully manage scheduling of classes and clinicals
S0075,NICE,'The system shall use symbols and words that are naturally understandable by the user community.',use symbols and words that are naturally understandable by the user community,yes,,yes,,use symbols and words that are naturally understandable by the user community
S0076,NICE,'The verbiage used within the system shall be consistent with Standard English and the terminology of the national Nursing Community.',be consistent with Standard English and the terminology of the national Nursing Community,yes,,yes,,use Standard English and national Nursing Community terminology consistently
S0077,NICE,'Staff members shall be able to complete a set of tasks in a timely manner.',complete a set of tasks in a timely manner,yes,,yes,,enable staff members to complete a set of tasks in a timely manner
S0078,NICE,'The response time of general student management tasks shall take no longer than 5 seconds and the response time of schedule generation shall take no longer than 30 seconds.',take no longer than 5 seconds and the response time of schedule generation shall take no longer than 30 seconds,no,negation;residual_modal_in_capability,no,negation;residual_modal_in_capability,
S0079,NICE,'The system shall be available for use between the hours of 8am and 6pm.',be available for use between the hours of 8am and 6pm,yes,,yes,,be available for use between the hours of 8am and 6pm
S0080,NICE,'The system shall achieve 95% up time.',achieve 95% up time,no,formula_or_symbol,no,formula_or_symbol,
S0081,NICE,'system shall be able to handle all of the user requests/usage during business hours.',handle all of the user requests/usage during business hours,yes,,yes,,handle all of the user requests/usage during business hours
S0082,NICE,'The system shall cater to 10 simultaneous users from 9am to 5pm.',cater to 10 simultaneous users from 9am to 5pm,yes,,yes,,cater to 10 simultaneous users from 9am to 5pm
S0083,NICE,'The system shall be capable of processing 100% of nursing students and their classes for the next 10 years.',be capable of processing 100% of nursing students and their classes for the next 10 years,no,formula_or_symbol,no,formula_or_symbol,
S0084,NICE,'The system shall be expected to manage the nursing program curriculum and class/clinical scheduling for a minimum of 5 years.',be expected to manage the nursing program curriculum and class/clinical scheduling for a minimum of 5 years,yes,,yes,,manage the nursing program curriculum and class/clinical scheduling for a minimum of 5 years
S0085,NICE,'The system shall able to operate within a business office environment typical of the Nursing Department at DePaul University.',operate within a business office environment typical of the Nursing Department at DePaul University,yes,,yes,,operate within a business office environment typical of the Nursing Department at DePaul University
S0086,NICE,'The system shall be used within the specifications defined by the computers used by the Program Administrators/Nursing Staff Members.',be used within the specifications defined by the computers used by the Program Administrators/Nursing Staff Members,yes,,yes,,be used within the specifications defined by the computers used by the Program Administrators/Nursing Staff Members
S0087,NICE,'The system shall operate within the Windows XP Professional operating system.',operate within the Windows XP Professional operating system,yes,,yes,,operate within the Windows XP Professional operating system
S0088,NICE,The system shall interface with CampusConnect's central server',interface with CampusConnect's central server,yes,,yes,,interface with CampusConnect's central server
S0089,NICE,'The system shall interface with the faculty central server.',interface with the faculty central server,yes,,yes,,interface with the faculty central server
S0090,NICE,'The system shall interface with the student master server.',interface with the student master server,yes,,yes,,interface with the student master server
S0091,NICE,'We must be able to interface with any HTML browser.',interface with any HTML browser,yes,,yes,,interface with any HTML browser
S0092,NICE,'Only authorized users shall have access to clinical site information.',have access to clinical site information,yes,,yes,,restrict access to clinical site information to authorized users
S0093,NICE,'Program Administrators/Nursing Staff Members are the only people who shall have access to clinical site details.',have access to clinical site details,yes,,yes,,restrict access to clinical site details to Program Administrators and Nursing Staff Members
S0094,NICE,Only authorized users shall have access to students' personal information.',have access to students' personal information,yes,,yes,,restrict access to students' personal information to authorized users
S0095,NICE,Dr Susan Poslusny and Dr Julie Donalek are the only people who shall have access to students' personal information.',have access to students' personal information,yes,,yes,,restrict access to students' personal information to Dr Susan Poslusny and Dr Julie Donalek
S0096,NICE,'Only authorized users shall have access to the portion of the system that interfaces with CampusConnect.',have access to the portion of the system that interfaces with CampusConnect,yes,,yes,,restrict access to the CampusConnect interface portion of the system to authorized users
S0097,NICE,'Fit Criterion: Dr Susan Poslusny and Karen Sysol are the only people who shall have access to the final class section scheduling for the system that interfaces with CampusConnect.',fit Criterion: Dr Susan Poslusny and Karen Sysol are the only people who shall have access to the final class section scheduling for the system that interfaces with CampusConnect,no,residual_modal_in_capability,yes,,restrict access to final class section scheduling for the CampusConnect interface to Dr Susan Poslusny and Karen Sysol
S0098,NICE,'The system shall have basic data integrity checking to reduce the possibility of incorrect or invalid data being introduced.',have basic data integrity checking to reduce the possibility of incorrect or invalid data being introduced,yes,,yes,,have basic data integrity checking to reduce the possibility of incorrect or invalid data being introduced
S0099,NICE,The system shall protect private information in accordance with the organization's information policy.',protect private information in accordance with the organization's information policy,yes,,yes,,protect private information in accordance with the organization's information policy
S0100,NICE,'The system shall be built such that it is as secure as possible from malicious interference.',be built such that it is as secure as possible from malicious interference,yes,,yes,,be built such that it is as secure as possible from malicious interference
S0101,NICE,The system shall use the organization's standard virus protection software to help monitor threats to itself.',use the organization's standard virus protection software to help monitor threats to itself,yes,,yes,,use the organization's standard virus protection software to help monitor threats to itself
S0102,NICE,'A cohort shall be associated to one Program of Study offered by the department.',be associated to one Program of Study offered by the department,yes,,yes,,associate each cohort with one Program of Study offered by the department
S0103,NICE,'Program Administrators and Nursing Staff Members shall be able to add a listing of students to a cohort.',add a listing of students to a cohort,yes,,yes,,allow Program Administrators and Nursing Staff Members to add student listings to cohorts
S0104,NICE,'Program Administrators and Nursing Staff Members shall be able to add a single student to a cohort',add a single student to a cohort,yes,,yes,,allow Program Administrators and Nursing Staff Members to add single students to cohorts
S0105,NICE,Students added to a cohort shall be eligible for the cohort's Program of Study.',be eligible for the cohort's Program of Study,yes,,yes,,ensure students added to a cohort are eligible for the cohort Program of Study
S0106,NICE,'Program Administrators and Nursing Staff Members shall be able to specify the preferred sequence of classes for a given cohort.',specify the preferred sequence of classes for a given cohort,yes,,yes,,allow Program Administrators and Nursing Staff Members to specify the preferred class sequence for a cohort
S0107,NICE,'For each class within a sequence for a cohort Program Administrators and Nursing Staff Members shall be able to specify which quarter that class will be offered.',specify which quarter that class will be offered,no,residual_modal_in_capability,yes,,allow Program Administrators and Nursing Staff Members to specify the offering quarter for each class in a cohort sequence
S0108,NICE,'Program Administrators and Nursing Staff Members shall be able to add new classes to a sequence of classes',add new classes to a sequence of classes,yes,,yes,,allow Program Administrators and Nursing Staff Members to add new classes to class sequences
S0109,NICE,'Program Administrators and Nursing Staff Members shall be able to add clinical classes or sections to a sequence of classes',add clinical classes or sections to a sequence of classes,no,possibly_multiple_capabilities,no,possibly_multiple_capabilities,
S0110,NICE,'Program Administrators and Nursing Staff Members shall be able to add a new cohort to the system identified by start month and year.',add a new cohort to the system identified by start month and year,no,possibly_multiple_capabilities,no,possibly_multiple_capabilities,
S0111,NICE,'Program Administrators and Nursing Staff Members shall be able to add new classes for the nursing department into the system.',add new classes for the nursing department into the system,yes,,yes,,allow Program Administrators and Nursing Staff Members to add new nursing department classes to the system
S0112,NICE,'A class shall be either a non-clinical class or a clinical class.',be either a non-clinical class or a clinical class,yes,,yes,,classify each class as either non-clinical or clinical
S0113,NICE,'A non-clinical class shall specify the course name lecture room requirements and instructor needs.',specify the course name lecture room requirements and instructor needs,yes,,yes,,capture course name lecture room requirements and instructor needs for non-clinical classes
S0114,NICE,'A clinical class shall specify the course name lecture room requirements clinical site needs lecture instructor needs and clinical lab instructor needs.',specify the course name lecture room requirements clinical site needs lecture instructor needs and clinical lab instructor needs,yes,,yes,,capture course name lecture room requirements clinical site needs lecture instructor needs and clinical lab instructor needs for clinical classes
S0115,NICE,'Program Administrators/Nursing Staff Members shall be able to create a new Program of Study.',create a new Program of Study,yes,,yes,,allow Program Administrators and Nursing Staff Members to create Programs of Study
S0116,NICE,'A Program of Study shall consist of a program name and listing of required classes (both clinical and non-clinical) that must be completed.',consist of a program name and listing of required classes (both clinical and non-clinical) that must be completed,no,possibly_multiple_capabilities;residual_modal_in_capability,no,possibly_multiple_capabilities;residual_modal_in_capability,
S0117,NICE,'Program Administrators and Nursing Staff Members shall have the ability to specify which classes are required for a Program of Study',have the ability to specify which classes are required for a Program of Study,yes,,yes,,allow Program Administrators and Nursing Staff Members to specify required classes for a Program of Study
S0118,NICE,The system shall be able to display a report of needed classes for a given quarter for all cohorts of all programs for Program Administrators/Nursing Staff Members' planning purposes.',display a report of needed classes for a given quarter for all cohorts of all programs for Program Administrators/Nursing Staff Members' planning purposes,yes,,yes,,display a report of needed classes for a given quarter for all cohorts of all programs for Program Administrators/Nursing Staff Members' planning purposes
S0119,NICE,'The report of needed classes shall include (but not be limited to) classes to be offered number of sections needed number of labs needed and room types needed.',include (but not be limited to) classes to be offered number of sections needed number of labs needed and room types needed,no,negation,no,negation,
S0120,NICE,'Classes for a given cohort shall not conflict with regards to the time and day that they are offered.',not conflict with regards to the time and day that they are offered,no,negation,no,negation,
S0121,NICE,'Program Administrators and Nursing Staff Members shall be able to add a new clinical site into the system.',add a new clinical site into the system,yes,,yes,,allow Program Administrators and Nursing Staff Members to add new clinical sites to the system
S0122,NICE,'Clinical site information shall include (but not be limited to) the name of the site contact person and contact information.',include (but not be limited to) the name of the site contact person and contact information,no,negation,no,negation,
S0123,NICE,'Program Administrators and Nursing Staff Members shall be able to add a new clinical lab section for an existing clinical class into the System.',add a new clinical lab section for an existing clinical class into the System,yes,,yes,,allow Program Administrators and Nursing Staff Members to add new clinical lab sections for existing clinical classes
S0124,NICE,'A clinical lab section shall include the clinical site name the class instructor day and time of the lab.',include the clinical site name the class instructor day and time of the lab,yes,,yes,,include the clinical site name class instructor day and lab time for each clinical lab section
S0125,NICE,'Program Administrators and Nursing Staff Members shall be able to add a student who has registered for a clinical class to a clinical lab section for that class.',add a student who has registered for a clinical class to a clinical lab section for that class,yes,,yes,,allow Program Administrators and Nursing Staff Members to add registered clinical-class students to clinical lab sections
S0126,NICE,'The system shall allow a Program Administrator or Nursing staff member to remove a student from a clinical lab section.',allow a Program Administrator or Nursing staff member to remove a student from a clinical lab section,yes,,yes,,allow a Program Administrator or Nursing staff member to remove a student from a clinical lab section
S0127,NICE,'The system shall allow a Program Administrator/Nursing Staff Member to move a student from one clinical lab section to another clinical lab section corresponding to the same clinical class.',allow a Program Administrator/Nursing Staff Member to move a student from one clinical lab section to another clinical lab section corresponding to the same clinical class,yes,,yes,,allow a Program Administrator/Nursing Staff Member to move a student from one clinical lab section to another clinical lab section corresponding to the same clinical class
S0128,NICE,'Program Administrators/Nursing Staff Members shall be able to cancel a clinical lab section only if there are no students registered for that clinical lab section.',cancel a clinical lab section only if there are no students registered for that clinical lab section,no,negation,no,negation,
S0129,NICE,'A Program Administrator/Nursing Staff Member shall be able to add a new nursing student to the system.',add a new nursing student to the system,yes,,yes,,allow Program Administrators and Nursing Staff Members to add new nursing students to the system
S0130,NICE,'A staff member shall have the ability to manage the progress of a part time student which includes modifying their sequence of classes and timeline of classes.',have the ability to manage the progress of a part time student which includes modifying their sequence of classes and timeline of classes,yes,,yes,,allow staff members to manage part-time student progress by modifying class sequences and timelines
S0131,NICE,'The system shall be able to display a printable summary for individual cohorts which will include the students enlisted the Program of study sequence of classes cohort progress through the program and timeline of completion.',display a printable summary for individual cohorts which will include the students enlisted the Program of study sequence of classes cohort progress through the program and timeline of completion,no,residual_modal_in_capability,no,residual_modal_in_capability,
S0132,NICE,'The system shall be able to display a printable summary for individual clinical sites which will include information on labs being held at that site for the given quarter (Clinical site general information on labs held at that location dates and times of all labs held there).',display a printable summary for individual clinical sites which will include information on labs being held at that site for the given quarter (Clinical site general information on labs held at that location dates and times of all labs held there),no,too_long;residual_modal_in_capability,no,too_long;residual_modal_in_capability,
S0133,NICE,'The system shall be able to display a printable summary for individual clinical labs which will include (but not be limited to) class name class number lab section listing of students enrolled instructor day(s) time and location.',display a printable summary for individual clinical labs which will include (but not be limited to) class name class number lab section listing of students enrolled instructor day(s) time and location,no,too_long;negation;residual_modal_in_capability,no,too_long;negation;residual_modal_in_capability,
S0134,NICE,'The system shall be able to display a printable summary for individual nursing students which will include (but not be limited to) student name student ID admission date classes credits GPA and the cohort that the student is enrolled in.',display a printable summary for individual nursing students which will include (but not be limited to) student name student ID admission date classes credits GPA and the cohort that the student is enrolled in,no,too_long;negation;residual_modal_in_capability,no,too_long;negation;residual_modal_in_capability,
S0135,NICE,'The system shall be able to display a printable summary of the system log.',display a printable summary of the system log,yes,,yes,,display a printable summary of the system log
S0136,NICE,'The system shall contain contact information (e-mail and phone number) for all people relevant to the system including (but not limited to) staff members students lecture instructors clinical lab instructors and clinical site administrators.',contain contact information (e-mail and phone number) for all people relevant to the system including (but not limited to) staff members students lecture instructors clinical lab instructors and clinical site administrators,no,negation;possibly_multiple_capabilities,no,negation;possibly_multiple_capabilities,
S0137,NICE,'The system will use the stored e-mail addresses as a primary means of communicating information to affected parties.',use the stored e-mail addresses as a primary means of communicating information to affected parties,yes,,yes,,use the stored e-mail addresses as a primary means of communicating information to affected parties
S0138,NICE,'The system will notify affected parties for routine communication purposes including but not limited to informing students of upcoming offered classes (timeline) and what their schedule will be/shall be.',notify affected parties for routine communication purposes including but not limited to informing students of upcoming offered classes (timeline) and what their schedule will be/shall be,no,negation;residual_modal_in_capability,no,negation;residual_modal_in_capability,
S0139,NICE,'The system will notify affected parties when changes occur affecting clinicals including but not limited to clinical section capacity changes and clinical section cancellations.',notify affected parties when changes occur affecting clinicals including but not limited to clinical section capacity changes and clinical section cancellations,no,negation,no,negation,
S0140,NICE,'The system will notify affected parties when changes occur affecting classes including but not limited to class cancellations class section detail changes and changes to class offerings for a given quarter.',notify affected parties when changes occur affecting classes including but not limited to class cancellations class section detail changes and changes to class offerings for a given quarter,no,negation,no,negation,
S0141,NICE,The system will notify affected parties when changes occur affecting cohorts including but not limited to changes to the sequence for a cohort's program of study and changes to a given week's schedule (lab cancelled this week due to instructor illness).',notify affected parties when changes occur affecting cohorts including but not limited to changes to the sequence for a cohort's program of study and changes to a given week's schedule (lab cancelled this week due to instructor illness),no,too_long;negation,no,too_long;negation,
S0142,NICE,The system will notify affected parties when changes occur affecting specific students including but not limited to changing a student's status from full time to part time and moving a student to a different clinical section.',notify affected parties when changes occur affecting specific students including but not limited to changing a student's status from full time to part time and moving a student to a different clinical section,no,too_long;negation,no,too_long;negation,
S0143,NICE,'Program Administrators/Nursing Staff Members shall have the ability to modify information relating to cohorts including cohort identifier program of study preferred sequence of classes and quarters that a cohort will be taking specific classes.',have the ability to modify information relating to cohorts including cohort identifier program of study preferred sequence of classes and quarters that a cohort will be taking specific classes,no,residual_modal_in_capability,yes,,allow Program Administrators and Nursing Staff Members to modify cohort information including identifier Program of Study preferred class sequence and class quarters
S0144,NICE,'Program Administrators/Nursing Staff Members shall have the ability to modify information relating to a Program of Study within the Nursing Department including the Program of study name and required classes for that Program of Study.',have the ability to modify information relating to a Program of Study within the Nursing Department including the Program of study name and required classes for that Program of Study,no,too_long,no,too_long,
S0145,NICE,'Program Administrators/Nursing Staff Members shall have the ability to modify information relating to a Clinical Site including the clinical site name site contact person contact information and address.',have the ability to modify information relating to a Clinical Site including the clinical site name site contact person contact information and address,yes,,yes,,allow Program Administrators and Nursing Staff Members to modify clinical site information including name contact person contact information and address
S0146,NICE,'Program Administrators/Nursing Staff Members shall have the ability to modify information relating to a Clinical Lab Section including the clinical site name the department/section for the lab the class instructor day and time of lab and contact information.',have the ability to modify information relating to a Clinical Lab Section including the clinical site name the department/section for the lab the class instructor day and time of lab and contact information,no,too_long;possibly_multiple_capabilities,no,too_long;possibly_multiple_capabilities,
S0147,NICE,'Program Administrators/Nursing Staff Members shall have the ability to modify information relating to a Nursing Student including student ID student name phone number e-mail status (full time or part time) and program of study.',have the ability to modify information relating to a Nursing Student including student ID student name phone number e-mail status (full time or part time) and program of study,no,possibly_multiple_capabilities,no,possibly_multiple_capabilities,
S0148,NICE,'The Disputes application shall comply with the corporate standards for user interface creation for internally and externally used applications.',comply with the corporate standards for user interface creation for internally and externally used applications,yes,,yes,,comply with corporate user interface creation standards for internal and external applications
S0149,NICE,'All screens created as part of the Disputes application must comply with corporate standards for interface creation.',comply with corporate standards for interface creation,yes,,yes,,ensure all Disputes application screens comply with corporate interface creation standards
S0150,NICE,'The list of dispute cases that are displayed after a search is performed must be color coded for easy identification of dispute cases based upon the dispute case status.',be color coded for easy identification of dispute cases based upon the dispute case status,yes,,yes,,color-code dispute search results by dispute case status for easy identification
S0151,NICE,'100% of the cardmember and merchant services representatives shall use the Disputes application regularly after a 2-day training course.',% of the cardmember and merchant services representatives shall use the Disputes application regularly after a 2-day training course,no,formula_or_symbol;residual_modal_in_capability,no,formula_or_symbol;residual_modal_in_capability,
S0152,NICE,'100% of cardmember services representatives shall be able to successfully create a dispute case on the first encounter after completing the training course.',% of cardmember services representatives shall be able to successfully create a dispute case on the first encounter after completing the training course,no,formula_or_symbol;residual_modal_in_capability,no,formula_or_symbol;residual_modal_in_capability,
S0153,NICE,'100% of merchant services representatives shall be able to successfully perform a follow up action on a dispute case on the first encounter after completing the training course.',% of merchant services representatives shall be able to successfully perform a follow up action on a dispute case on the first encounter after completing the training course,no,formula_or_symbol;residual_modal_in_capability,no,formula_or_symbol;residual_modal_in_capability,
S0154,NICE,'The maximum wait time for a user navigating from one screen to another within the Disputes application shall be no more than 5 seconds.',be no more than 5 seconds,no,negation,no,negation,
S0155,NICE,'The Disputes application shall support 350 concurrent users without any degradation of performance in the application.',support 350 concurrent users without any degradation of performance in the application,no,negation,no,negation,
S0156,NICE,'The Disputes application shall be available 24x7x365 with the exception of the following scheduled maintenance windows. Monday â€“ Saturday 3:00am to 4:00am EST Sunday 1:00amd to 5:00am EST',be available 24x7x365 with the exception of the following scheduled maintenance windows. Monday â€“ Saturday 3:00am to 4:00am EST Sunday 1:00amd to 5:00am EST,no,multi_sentence,no,multi_sentence,
S0157,NICE,'The Disputes application shall interface with the Statement Database. The Statement Database provides the transaction details to the Disputes System. All transaction details must be obtained from the Statement Database',interface with the Statement Database. The Statement Database provides the transaction details to the Disputes System. All transaction details must be obtained from the Statement Database,no,multi_sentence;residual_modal_in_capability,no,multi_sentence;residual_modal_in_capability,
S0158,NICE,'The Disputes application shall interface with the Cardmember Information Database. The Cardmember Information Database provides detailed information with regard to a cardmember. All cardmember detail information must be obtained from the Cardmember Information Database.',interface with the Cardmember Information Database. The Cardmember Information Database provides detailed information with regard to a cardmember. All cardmember detail information must be obtained from the Cardmember Information Database,no,multi_sentence;residual_modal_in_capability,no,multi_sentence;residual_modal_in_capability,
S0159,NICE,'The Disputes applications shall interface with the Merchant Information Database. The Merchant Information Database provides detailed information with regard to the merchant. All merchant detail information shall be obtained from the Merchant Information Database.',interface with the Merchant Information Database. The Merchant Information Database provides detailed information with regard to the merchant. All merchant detail information shall be obtained from the Merchant Information Database,no,multi_sentence;residual_modal_in_capability,no,multi_sentence;residual_modal_in_capability,
S0160,NICE,'The Disputes application shall interface with the Letters application. This will allow the Disputes application to request letters as part of the dispute initiation and dispute follow up process. All letter requests must be sent to the Print Letter Utility application.',interface with the Letters application. This will allow the Disputes application to request letters as part of the dispute initiation and dispute follow up process. All letter requests must be sent to the Print Letter Utility application,no,too_long;multi_sentence;residual_modal_in_capability,no,too_long;multi_sentence;residual_modal_in_capability,
S0161,NICE,The Disputes application shall interface with the Cardmember Posting and Billing System. This will allow the Disputes application to request adjustments to cardmember and merchant's accounts. All adjustment requests must be sent to the Cardmember Posting and Billing System.',interface with the Cardmember Posting and Billing System. This will allow the Disputes application to request adjustments to cardmember and merchant's accounts. All adjustment requests must be sent to the Cardmember Posting and Billing System,no,too_long;multi_sentence;possibly_multiple_capabilities;residual_modal_in_capability,no,too_long;multi_sentence;possibly_multiple_capabilities;residual_modal_in_capability,
S0162,NICE,'The Disputes application shall ensure that only users with the appropriate access level are allowed to initiate dispute requests.',ensure that only users with the appropriate access level are allowed to initiate dispute requests,yes,,yes,,allow only users with the appropriate access level to initiate dispute requests
S0163,NICE,'Only users with Update access must be able to initiate dispute requests.',initiate dispute requests,yes,,yes,,allow only users with Update access to initiate dispute requests
S0164,NICE,'The Disputes application shall ensure that only authorized users are allowed to logon to the application.',ensure that only authorized users are allowed to logon to the application,yes,,yes,,allow only authorized users to log on to the application
S0165,NICE,'All authorized users once authenticated must be able to logon to the Disputes System',logon to the Disputes System,yes,,yes,,allow authenticated authorized users to log on to the Disputes System
S0166,NICE,The Disputes System shall generate a User Report that details any new users that have been added and any changes to an existing user's access level. The report will be reviewed for auditing purposes.',generate a User Report that details any new users that have been added and any changes to an existing user's access level. The report will be reviewed for auditing purposes,no,multi_sentence;residual_modal_in_capability,no,multi_sentence;residual_modal_in_capability,
S0167,NICE,All additions of new users and modifications to user's access shall be recorded on the User Report.',be recorded on the User Report,yes,,yes,,record new-user additions and user-access modifications on the User Report
S0168,NICE,'If a user account is revoked it can only be re-instantiated by the System Administrator.',only be re-instantiated by the System Administrator,yes,,yes,,allow only the System Administrator to reinstate revoked user accounts
S0169,NICE,'Only the System Administrator shall be able to reset a revoked user logon account',reset a revoked user logon account,yes,,yes,,allow only the System Administrator to reset revoked user logon accounts
S0170,NICE,'The Disputes application shall manipulate and view business data. Users will not have direct access to data files or databases.',manipulate and view business data. Users will not have direct access to data files or databases,no,multi_sentence;negation;possibly_multiple_capabilities;residual_modal_in_capability,no,multi_sentence;negation;possibly_multiple_capabilities;residual_modal_in_capability,
S0171,NICE,'All updates to data files or database must be initiated from the Disputes System.',be initiated from the Disputes System,yes,,yes,,ensure all data file or database updates are initiated from the Disputes System
S0172,NICE,'The Disputes application must conform to the legal requirements as specified by the Merchant Operating Regulations.',conform to the legal requirements as specified by the Merchant Operating Regulations,yes,,yes,,conform to the legal requirements specified by the Merchant Operating Regulations
S0173,NICE,'All business rules specified in the Disputes System shall be in compliance with the Merchant Operating Regulations.',be in compliance with the Merchant Operating Regulations,yes,,yes,,ensure Disputes System business rules comply with Merchant Operating Regulations
S0174,NICE,'The Disputes application must conform to the legal requirements as specified by Regulation E and Regulation Z that govern credit card disputes processing.',conform to the legal requirements as specified by Regulation E and Regulation Z that govern credit card disputes processing,yes,,yes,,conform to the legal requirements as specified by Regulation E and Regulation Z that govern credit card disputes processing
S0175,NICE,'All business rules specified in the Disputes System shall be in compliance to the guidelines of Regulation E and Regulation Z.',be in compliance to the guidelines of Regulation E and Regulation Z,yes,,yes,,keep all business rules specified in the Disputes System in compliance with the guidelines of Regulation E and Regulation Z
S0176,NICE,'The Disputes application must maintain a detailed history of every action that a user takes on a dispute case. This ensures a complete audit trail if questions arise later on with regard to a particular dispute case.',maintain a detailed history of every action that a user takes on a dispute case. This ensures a complete audit trail if questions arise later on with regard to a particular dispute case,no,too_long;multi_sentence,no,too_long;multi_sentence,
S0177,NICE,'All actions that modify an existing dispute case must be recorded in the case history.',be recorded in the case history,yes,,yes,,record all actions that modify an existing dispute case in the case history
S0178,NICE,'The Disputes System must be accessible by both internal and external users.',be accessible by both internal and external users,yes,,yes,,be accessible by both internal and external users
S0179,NICE,'The Disputes System must prevent users from accessing any dispute cases that do not belong to their cardholder base.',prevent users from accessing any dispute cases that do not belong to their cardholder base,no,negation,no,negation,
S0180,NICE,'The Disputes System will facilitate direct data entry of a dispute case via a user interface that supports real time responses to the users.',facilitate direct data entry of a dispute case via a user interface that supports real time responses to the users,yes,,yes,,facilitate direct data entry of a dispute case via a user interface that supports real time responses to the users
S0181,NICE,'The Disputes System must provide different levels of access with regard to disputes case initiation and follow-up actions.',provide different levels of access with regard to disputes case initiation and follow-up actions,yes,,yes,,provide different levels of access with regard to disputes case initiation and follow-up actions
S0182,NICE,'The Disputes System shall provide view access capability for authorized users of the application.',provide view access capability for authorized users of the application,yes,,yes,,provide view access capability for authorized users of the application
S0183,NICE,'The Disputes System shall provide update access capability for authorized users of the application.',provide update access capability for authorized users of the application,yes,,yes,,provide update access capability for authorized users of the application
S0184,NICE,'The Disputes System must allow the users to select disputable transactions (based on the age of the transaction) from a user interface and initiate a dispute (ticket retrieval request or chargeback notification) on the selected transaction.',allow the users to select disputable transactions (based on the age of the transaction) from a user interface and initiate a dispute (ticket retrieval request or chargeback notification) on the selected transaction,no,too_long;possibly_multiple_capabilities,no,too_long;possibly_multiple_capabilities,
S0185,NICE,'The Disputes System must provide the user the ability to initiate a single dispute case on multiple transactions that belong to a single merchant.',provide the user the ability to initiate a single dispute case on multiple transactions that belong to a single merchant,yes,,yes,,provide the user the ability to initiate a single dispute case on multiple transactions that belong to a single merchant
S0186,NICE,'The Disputes System will provide the user the ability to create or initiate a ticket retrieval request. As part of ticket retrieval creation process the system must prompt the user to enter all the required information to create the ticket retrieval request. The ticket retrieval request is a document that is sent to merchant inquiring the validity of a transaction.',provide the user the ability to create or initiate a ticket retrieval request. As part of ticket retrieval creation process the system must prompt the user to enter all the required information to create the ticket retrieval request. The ticket retrieval request is a document that is sent to merchant inquiring the validity of a transaction,no,too_long;multi_sentence;residual_modal_in_capability,no,too_long;multi_sentence;residual_modal_in_capability,
S0187,NICE,'The Disputes System must allow the user to create three unique types of ticket retrieval requests. The three types of ticket retrieval requests are (1) Request for original receipt (2) Request for a copy of the receipt or (3) Request for a portfolio. A portfolio consists of documentation that would provide proof of a purchase such as the documentation that is received from a car rental agency that is more than a sales receipt.',allow the user to create three unique types of ticket retrieval requests. The three types of ticket retrieval requests are (1) Request for original receipt (2) Request for a copy of the receipt or (3) Request for a portfolio. A portfolio consists of documentation that would provide proof of a purchase such as the documentation that is received from a car rental agency that is more than a sales receipt,no,too_long;multi_sentence,no,too_long;multi_sentence,
S0188,NICE,'The Disputes System must prevent external users from requesting original receipts. Requests for original receipts are restricted to internal users.',prevent external users from requesting original receipts. Requests for original receipts are restricted to internal users,no,multi_sentence,no,multi_sentence,
S0189,NICE,'The Disputes System must provide a confirmation to the user upon the creation of ticket retrieval request that contains the following information; the dispute case number the type of retrieval requested (copy original or portfolio) and the date that the merchant response is due.',provide a confirmation to the user upon the creation of ticket retrieval request that contains the following information; the dispute case number the type of retrieval requested (copy original or portfolio) and the date that the merchant response is due,no,too_long;possibly_multiple_capabilities,no,too_long;possibly_multiple_capabilities,
S0190,NICE,'The Disputes System shall allow the user to create or initiate a chargeback request. The system must prompt the user to enter the required information to initiate a chargeback request. The chargeback request results in a printed chargeback notification that is sent to merchant indicating that their account will be charged back if no proof is provided that the disputed transaction is valid.',allow the user to create or initiate a chargeback request. The system must prompt the user to enter the required information to initiate a chargeback request. The chargeback request results in a printed chargeback notification that is sent to merchant indicating that their account will be charged back if no proof is provided that the disputed transaction is valid,no,too_long;multi_sentence;negation;residual_modal_in_capability,no,too_long;multi_sentence;negation;residual_modal_in_capability,
S0191,NICE,'The Disputes System must provide a confirmation to the user upon the creation of a chargeback request. The confirmation must contain the following information; the dispute case number the type of chargeback requested (pending or immediate) and the date that the merchant response is due.',provide a confirmation to the user upon the creation of a chargeback request. The confirmation must contain the following information; the dispute case number the type of chargeback requested (pending or immediate) and the date that the merchant response is due,no,too_long;multi_sentence;possibly_multiple_capabilities;residual_modal_in_capability,no,too_long;multi_sentence;possibly_multiple_capabilities;residual_modal_in_capability,
S0192,NICE,'The Disputes System shall prevent the creation of duplicate dispute requests 100% of the time.',prevent the creation of duplicate dispute requests 100% of the time,no,formula_or_symbol,no,formula_or_symbol,
S0193,NICE,'The Disputes System shall accurately provide a list of possible reason codes for a given transaction. The list of possible reason codes must be derived based on the type of transaction and the industry that the merchant belongs to according to the business rules defined for the Disputes System.',accurately provide a list of possible reason codes for a given transaction. The list of possible reason codes must be derived based on the type of transaction and the industry that the merchant belongs to according to the business rules defined for the Disputes System,no,too_long;multi_sentence;residual_modal_in_capability,no,too_long;multi_sentence;residual_modal_in_capability,
S0194,NICE,'The Disputes System must provide the ability to view existing dispute cases.',provide the ability to view existing dispute cases,yes,,yes,,provide the ability to view existing dispute cases
S0195,NICE,'The Disputes System must provide Search functionality. The search method must include the ability to search by (1) the dispute case number (2) the merchant account number (3) the cardmember account number and (4) the issuer number. In addition to the above criteria the search functionality must further allow the user to limit the results of the search by a date range the type of dispute (ticket retrieval request or chargeback notification) the case status (open closed or all) and the dispute reason code.',provide Search functionality. The search method must include the ability to search by (1) the dispute case number (2) the merchant account number (3) the cardmember account number and (4) the issuer number. In addition to the above criteria the search functionality must further allow the user to limit the results of the search by a date range the type of dispute (ticket retrieval request or chargeback notification) the case status (open closed or all) and the dispute reason code,no,too_long;multi_sentence;possibly_multiple_capabilities;residual_modal_in_capability,no,too_long;multi_sentence;possibly_multiple_capabilities;residual_modal_in_capability,
S0196,NICE,'A list of all disputes cases that meet the entered search criteria must be provided to the user. The list of cases must differentiate the type and/or status of the case by color -coding the line item in the list. For example all open cases will be yellow and all closed cases will be gray.',be provided to the user. The list of cases must differentiate the type and/or status of the case by color -coding the line item in the list. For example all open cases will be yellow and all closed cases will be gray,no,too_long;multi_sentence;residual_modal_in_capability,no,too_long;multi_sentence;residual_modal_in_capability,
S0197,NICE,'The Disputes System shall provide the users the ability to view the history of all activities that have occurred on the dispute case.',provide the users the ability to view the history of all activities that have occurred on the dispute case,yes,,yes,,provide the users the ability to view the history of all activities that have occurred on the dispute case
S0198,NICE,'The Dispute System shall provide the users with the ability to follow up on a dispute case via follow-up actions. The list of available follow up actions for a given dispute case must be filtered by the status of the case and the access level of the user.',provide the users with the ability to follow up on a dispute case via follow-up actions. The list of available follow up actions for a given dispute case must be filtered by the status of the case and the access level of the user,no,too_long;multi_sentence;residual_modal_in_capability,no,too_long;multi_sentence;residual_modal_in_capability,
S0199,NICE,'The Disputes System shall record the name of the user and the date for any activity that creates or modifies the disputes case in the system. A detailed history of the actions taken on the case including the date and the user that performed the action must be maintained for auditing purposes.',record the name of the user and the date for any activity that creates or modifies the disputes case in the system. A detailed history of the actions taken on the case including the date and the user that performed the action must be maintained for auditing purposes,no,too_long;multi_sentence;possibly_multiple_capabilities;residual_modal_in_capability,no,too_long;multi_sentence;possibly_multiple_capabilities;residual_modal_in_capability,
S0200,NICE,'For any systematic (non-user initiated) action that occurs on a case such as the disputes aging process a case activity will be generated. Upon the next logon the user that initiated the dispute case must be notified that a systematic action has occurred on the dispute case.',be generated. Upon the next logon the user that initiated the dispute case must be notified that a systematic action has occurred on the dispute case,no,too_long;multi_sentence;residual_modal_in_capability,no,too_long;multi_sentence;residual_modal_in_capability,
S0201,NICE,'All letter requests must be formatted according to guidelines specified by the Print Letter Utility system.',be formatted according to guidelines specified by the Print Letter Utility system,yes,,yes,,format all letter requests according to guidelines specified by the Print Letter Utility system
S0202,NICE,'Any disputes cases that have been closed for over 6 months must be purged from the online disputes database.',be purged from the online disputes database,yes,,yes,,purge dispute cases that have been closed for over 6 months from the online disputes database
S0203,NICE,'The product must support Internet Explorer 5.5 and above.',support Internet Explorer 5.5 and above,no,multi_sentence,no,multi_sentence,
S0204,NICE,'The product must support Mozilla Firefox 1.0 and above.',support Mozilla Firefox 1.0 and above,no,multi_sentence,no,multi_sentence,
S0205,NICE,'The product shall interface with the Choice Parts System. This provides the feed of recycled parts data.',interface with the Choice Parts System. This provides the feed of recycled parts data,no,multi_sentence,no,multi_sentence,
S0206,NICE,'The product shall run on the existing hardware for all environments.',run on the existing hardware for all environments,yes,,yes,,run on the existing hardware for all environments
S0207,NICE,'The product shall adhere to the corporate Architecture guidelines',adhere to the corporate Architecture guidelines,yes,,yes,,adhere to the corporate Architecture guidelines
S0208,NICE,'The product shall comply with corporate User Interface Guidelines',comply with corporate User Interface Guidelines,yes,,yes,,comply with corporate User Interface Guidelines
S0209,NICE,'The product shall comply with corporate color scheme',comply with corporate color scheme,yes,,yes,,comply with corporate color scheme
S0210,NICE,'The appearance of the product shall appear professional',appear professional,yes,,yes,,appear professional
S0211,NICE,'The product shall be easy to use by Adjusters and Collision Estimators. 95% of Adjusters and Collision Estimators shall find the product easy to use.',be easy to use by Adjusters and Collision Estimators. 95% of Adjusters and Collision Estimators shall find the product easy to use,no,multi_sentence;formula_or_symbol;possibly_multiple_capabilities;residual_modal_in_capability,no,multi_sentence;formula_or_symbol;possibly_multiple_capabilities;residual_modal_in_capability,
S0212,NICE,'The product shall increase productivity of Collision Estimators. 80% of the Collision Estimators shall agree their productivity has increase within 1 month of using the product.',increase productivity of Collision Estimators. 80% of the Collision Estimators shall agree their productivity has increase within 1 month of using the product,no,multi_sentence;formula_or_symbol;residual_modal_in_capability,no,multi_sentence;formula_or_symbol;residual_modal_in_capability,
S0213,NICE,'Users shall feel satisfied using the product. 85% of all users will be satisfied with the product.',feel satisfied using the product. 85% of all users will be satisfied with the product,no,multi_sentence;formula_or_symbol;residual_modal_in_capability,no,multi_sentence;formula_or_symbol;residual_modal_in_capability,
S0214,NICE,'The product shall be easy to learn by Adjusters and Collision Estimators. The product shall be learned with two days onsite training',be easy to learn by Adjusters and Collision Estimators. The product shall be learned with two days onsite training,no,multi_sentence;residual_modal_in_capability,no,multi_sentence;residual_modal_in_capability,
S0215,NICE,'The user shall easily locate instructions while using the product. User help can be found within 90% of the system.',easily locate instructions while using the product. User help can be found within 90% of the system,no,multi_sentence;formula_or_symbol;residual_modal_in_capability,no,multi_sentence;formula_or_symbol;residual_modal_in_capability,
S0216,NICE,'The search for recycled parts shall take no longer than 15 seconds. The search results shall be returned in under 15 seconds.',take no longer than 15 seconds. The search results shall be returned in under 15 seconds,no,multi_sentence;negation;residual_modal_in_capability,no,multi_sentence;negation;residual_modal_in_capability,
S0217,NICE,'The search for the preferred repair facility shall take no longer than 8 seconds. The preferred repair facility is returned within 8 seconds',take no longer than 8 seconds. The preferred repair facility is returned within 8 seconds,no,multi_sentence;negation,no,multi_sentence;negation,
S0218,NICE,'The recycled parts audit report shall be returned to the user within 10 seconds. The audit report shall be returned within 10 seconds.',be returned to the user within 10 seconds. The audit report shall be returned within 10 seconds,no,multi_sentence;residual_modal_in_capability,no,multi_sentence;residual_modal_in_capability,
S0219,NICE,'The preferred repair facility ratings shall be saved within 5 seconds. The save shall occur within 5 seconds.',be saved within 5 seconds. The save shall occur within 5 seconds,no,multi_sentence;residual_modal_in_capability,no,multi_sentence;residual_modal_in_capability,
S0220,NICE,'The product shall adhere to the corporate online availability schedule. The application is brought down only within 98% of the scheduled outages per the availability schedule.',adhere to the corporate online availability schedule. The application is brought down only within 98% of the scheduled outages per the availability schedule,no,multi_sentence;formula_or_symbol,no,multi_sentence;formula_or_symbol,
S0221,NICE,'The product shall achieve a 98% uptime. The product shall not fail more than 2% of the available online time.',achieve a 98% uptime. The product shall not fail more than 2% of the available online time,no,multi_sentence;negation;formula_or_symbol;residual_modal_in_capability,no,multi_sentence;negation;formula_or_symbol;residual_modal_in_capability,
S0222,NICE,'The product shall be able to handle up to 1500 simultaneous users. The system shall perform with 1500 users as a time.',handle up to 1500 simultaneous users. The system shall perform with 1500 users as a time,no,multi_sentence;residual_modal_in_capability,no,multi_sentence;residual_modal_in_capability,
S0223,NICE,'The average number of recycled parts records per day shall be 50 000.',be 50 000,yes,,yes,,support an average of 50 000 recycled parts records per day
S0224,NICE,'The product shall be able to handle 10 000 concurrent users within 2 years of the initial launch.',handle 10 000 concurrent users within 2 years of the initial launch,yes,,yes,,handle 10 000 concurrent users within 2 years of the initial launch
S0225,NICE,'For estimators the product shall be able to be operated in a repair facility during dirty and noisy conditions.',be operated in a repair facility during dirty and noisy conditions,yes,,yes,,be operable by estimators in a repair facility during dirty and noisy conditions
S0226,NICE,'The product shall interface with the ChoiceParts system once per day at approximately 1:00 AM.',interface with the ChoiceParts system once per day at approximately 1:00 AM,yes,,yes,,interface with the ChoiceParts system once per day at approximately 1:00 AM
S0227,NICE,'The maintenance of the product will fall within the established corporate maintenance windows.',fall within the established corporate maintenance windows,yes,,yes,,limit product maintenance to the established corporate maintenance windows
S0228,NICE,'The product shall be supported using the corporate support center.',be supported using the corporate support center,yes,,yes,,be supported using the corporate support center
S0229,NICE,'Product installations and upgrades shall be handled by the middleware technology team within established launch time frames.',be handled by the middleware technology team within established launch time frames,yes,,yes,,have product installations and upgrades handled by the middleware technology team within established launch time frames
S0230,NICE,'Only adjusters can request recycled parts audit reports. No users without an adjuster role shall request recycled parts audits.',request recycled parts audit reports. No users without an adjuster role shall request recycled parts audits,no,multi_sentence;negation;residual_modal_in_capability,no,multi_sentence;negation;residual_modal_in_capability,
S0231,NICE,'Only adjusters with a supervisor role can update preferred repair facility ratings. Users without the supervisor role cannot access the repair facility ratings.',update preferred repair facility ratings. Users without the supervisor role cannot access the repair facility ratings,no,multi_sentence;negation,no,multi_sentence;negation,
S0232,NICE,'Only collision estimators shall search for recycled parts. Users without the collision estimator role shall not have access to the search for recycled parts.',search for recycled parts. Users without the collision estimator role shall not have access to the search for recycled parts,no,multi_sentence;negation;residual_modal_in_capability,no,multi_sentence;negation;residual_modal_in_capability,
S0233,NICE,'Only valid data shall be entered into the system. No invalid data shall be entered into the system.',be entered into the system. No invalid data shall be entered into the system,no,multi_sentence;negation;residual_modal_in_capability,no,multi_sentence;negation;residual_modal_in_capability,
S0234,NICE,'One insurance company shall not be able to view another insurance companys claim data.',not be able to view another insurance companys claim data,no,negation;residual_modal_in_capability,no,negation;residual_modal_in_capability,
S0235,NICE,'The product shall free of computer viruses.',free of computer viruses,yes,,yes,,be free of computer viruses
S0236,NICE,'The system shall prevent malicious attacks including denial of service.',prevent malicious attacks including denial of service,yes,,yes,,prevent malicious attacks including denial of service
S0237,NICE,'The product must comply with Sarbanes-Oxley.',comply with Sarbanes-Oxley,yes,,yes,,comply with Sarbanes-Oxley
S0238,NICE,'The product shall comply with the estimatics laws relating to recycled parts usage.',comply with the estimatics laws relating to recycled parts usage,yes,,yes,,comply with the estimatics laws relating to recycled parts usage
S0239,NICE,'The product shall comply with insurance regulations regarding claims processing.',comply with insurance regulations regarding claims processing,yes,,yes,,comply with insurance regulations regarding claims processing
S0240,NICE,'The user shall search for the preferred repair facility using vehicle vehicle location and radius in miles',search for the preferred repair facility using vehicle vehicle location and radius in miles,yes,,yes,,search for the preferred repair facility using vehicle vehicle location and radius in miles
S0241,NICE,'The vehicle data shall include vehicle year make and model',include vehicle year make and model,yes,,yes,,include vehicle year make and model
S0242,NICE,'The vehicle location shall include street address city state and zipcode',include street address city state and zipcode,yes,,yes,,include street address city state and zipcode
S0243,NICE,'The system shall resolve the zipcode for the street address city and state if zipcode is unknown.',resolve the zipcode for the street address city and state if zipcode is unknown,yes,,yes,,resolve the zipcode for the street address city and state if zipcode is unknown
S0244,NICE,'The search radius shall be between 1 and 30 miles',be between 1 and 30 miles,yes,,yes,,support a search radius between 1 and 30 miles
S0245,NICE,'The system shall locate the preferred repair facility with the highest ratings for the input criteria',locate the preferred repair facility with the highest ratings for the input criteria,yes,,yes,,locate the preferred repair facility with the highest ratings for the input criteria
S0246,NICE,'The adjuster shall enter the preferred repair facility on the estimate assignment.',enter the preferred repair facility on the estimate assignment,yes,,yes,,allow the adjuster to enter the preferred repair facility on the estimate assignment
S0247,NICE,'The adjuster shall be able to override the preferred repair facitlity on the estimate assignment.',override the preferred repair facitlity on the estimate assignment,yes,,yes,,allow the adjuster to override the preferred repair facility on the estimate assignment
S0248,NICE,'The preferred repair facility shall be returned to the user.',be returned to the user,yes,,yes,,return the preferred repair facility to the user
S0249,NICE,'The system shall return a list of repair facilities within the radius if the preferred repair facility cannot be determined.',return a list of repair facilities within the radius if the preferred repair facility cannot be determined,no,negation,no,negation,
S0250,NICE,'The estimator shall search for available recycled parts using damaged vehicle parts information.',search for available recycled parts using damaged vehicle parts information,yes,,yes,,search for available recycled parts using damaged vehicle parts information
S0251,NICE,'The estimator shall search for available recycled parts using a list of preferred parts suppliers.',search for available recycled parts using a list of preferred parts suppliers,yes,,yes,,search for available recycled parts using a list of preferred parts suppliers
S0252,NICE,'The system shall search for available recycled parts for the supplied vehicle parts and suppliers.',search for available recycled parts for the supplied vehicle parts and suppliers,yes,,yes,,search for available recycled parts for the supplied vehicle parts and suppliers
S0253,NICE,'The estimator shall search by zipcode with a radius of 30 miles if no parts are found for the preferred parts suppliers',search by zipcode with a radius of 30 miles if no parts are found for the preferred parts suppliers,no,negation,no,negation,
S0254,NICE,'The system shall retain the available recycled parts and suppliers returned from the search.',retain the available recycled parts and suppliers returned from the search,yes,,yes,,retain the available recycled parts and suppliers returned from the search
S0255,NICE,'The available recycled parts information and their suppliers shall be returned to the user.',be returned to the user,yes,,yes,,return available recycled parts information and supplier information to the user
S0256,NICE,'The estimator shall apply selected recycled parts to the collision estimate.',apply selected recycled parts to the collision estimate,yes,,yes,,apply selected recycled parts to the collision estimate
S0257,NICE,'The estimator shall not apply recycled parts to the collision estimate if no available parts are returned.',not apply recycled parts to the collision estimate if no available parts are returned,no,negation,no,negation,
S0258,NICE,'The adjuster shall review the collision estimate.',review the collision estimate,yes,,yes,,support adjuster review of the collision estimate
S0259,NICE,'The adjuster shall request a recycled parts audit of the collision estimate.',request a recycled parts audit of the collision estimate,yes,,yes,,allow the adjuster to request a recycled parts audit of the collision estimate
S0260,NICE,'The recycled parts search results provided to the estimator shall be retrieved by the system.',be retrieved by the system,yes,,yes,,retrieve the recycled parts search results provided to the estimator
S0261,NICE,'The system shall generate an audit report based on the available recycled parts and the collision estimate.',generate an audit report based on the available recycled parts and the collision estimate,yes,,yes,,generate an audit report based on the available recycled parts and the collision estimate
S0262,NICE,'The audit report shall include the total number of recycled parts used in the estimate.',include the total number of recycled parts used in the estimate,yes,,yes,,"include, in the audit report, the total number of recycled parts used in the estimate"
S0263,NICE,'The audit report shall include the number of available recycled parts from the original search results.',include the number of available recycled parts from the original search results,yes,,yes,,"include, in the audit report, the number of available recycled parts from the original search results"
S0264,NICE,'The audit report shall include the percentage of available recycled parts used in the estimate ',include the percentage of available recycled parts used in the estimate,yes,,yes,,"include, in the audit report, the percentage of available recycled parts used in the estimate"
S0265,NICE,'The audit report shall include the total score of the audit which sums the indivual line items.',include the total score of the audit which sums the indivual line items,yes,,yes,,"include, in the audit report, the total score of the audit, which sums the individual line items"
S0266,NICE,'The audit report shall be displayed to the user.',be displayed to the user,yes,,yes,,display the audit report to the user
S0267,NICE,'The audit report shall be available to other adjusters at later points in time.',be available to other adjusters at later points in time,yes,,yes,,make the audit report available to other adjusters at later points in time
S0268,NICE,'The user shall select to view the preferred repair facility ratings.',select to view the preferred repair facility ratings,yes,,yes,,allow the user to choose to view the preferred repair facility ratings
S0269,NICE,'The current repair facility ratings shall be displayed to the user.',be displayed to the user,yes,,yes,,display the current repair facility ratings to the user
S0270,NICE,'The system will display a blank set of ratings if there are not ratings yet defined.',display a blank set of ratings if there are not ratings yet defined,no,negation,no,negation,
S0271,NICE,'The user shall enter new ratings based on the audit report',enter new ratings based on the audit report,yes,,yes,,allow the user to enter new ratings based on the audit report
S0272,NICE,'The ratings shall be from a scale of 1-10',be from a scale of 1-10,no,formula_or_symbol,no,formula_or_symbol,
S0273,NICE,'The ratings shall include categories for attempted use of recycled parts and actual use of recycled parts',include categories for attempted use of recycled parts and actual use of recycled parts,yes,,yes,,"include, in the ratings, categories for attempted use of recycled parts and actual use of recycled parts"
S0274,NICE,'The user shall select to save the preferred repair facility ratings.',select to save the preferred repair facility ratings,yes,,yes,,allow the user to choose to save the preferred repair facility ratings
S0275,NICE,'The preferred repair facility ratings shall be saved by the system.',be saved by the system,yes,,yes,,save the preferred repair facility ratings
S0276,NICE,'The product must work with most database management systems (DBMS) on the market whether the DBMS is colocated with the product on the same machine or is located on a different machine on the computer network.',work with most database management systems (DBMS) on the market whether the DBMS is colocated with the product on the same machine or is located on a different machine on the computer network,no,too_long,no,too_long,
S0277,NICE,'The product will function alongside server software on any operating system where the Java runtime can be installed.',function alongside server software on any operating system where the Java runtime can be installed,no,residual_modal_in_capability,no,residual_modal_in_capability,
S0278,NICE,'The product will require collaboration with a database management system (DBMS). The DBMS may be located on the same machine as the product or on a separate machine residing on the same computer network.',require collaboration with a database management system (DBMS). The DBMS may be located on the same machine as the product or on a separate machine residing on the same computer network,no,multi_sentence;residual_modal_in_capability,no,multi_sentence;residual_modal_in_capability,
S0279,NICE,'The product must make use of web/application server technology. Open source examples include Apache web server Tomcat and the JBoss application server.',make use of web/application server technology. Open source examples include Apache web server Tomcat and the JBoss application server,no,multi_sentence,no,multi_sentence,
S0280,NICE,'A database management system such as Oracle DB2 MySql or HSQL will need to be integrated with the product.',need to be integrated with the product,yes,,no,,
S0281,NICE,The product's Look and Feel shall be able to incorporate aspects of the customer's organization such as logo branding and identity',incorporate aspects of the customer's organization such as logo branding and identity,no,possibly_multiple_capabilities,no,possibly_multiple_capabilities,
S0282,NICE,'The product shall have a conservative and professional appearance.',have a conservative and professional appearance,yes,,no,,
S0283,NICE,'The product shall make the users want to use it. 80% of the users surveyed report they are regularly using the product after the first 2 weeks post-launch.',make the users want to use it. 80% of the users surveyed report they are regularly using the product after the first 2 weeks post-launch,no,multi_sentence;formula_or_symbol,no,multi_sentence;formula_or_symbol,
S0284,NICE,'The product shall be easy to use. 90% of users will be able to successfully reserve a conference room within 5 minutes of product use.',be easy to use. 90% of users will be able to successfully reserve a conference room within 5 minutes of product use,no,multi_sentence;formula_or_symbol;residual_modal_in_capability,no,multi_sentence;formula_or_symbol;residual_modal_in_capability,
S0285,NICE,'The product shall give users feedback when necessary. 80% of the users surveyed report that the product accurately confirms their actions.',give users feedback when necessary. 80% of the users surveyed report that the product accurately confirms their actions,no,multi_sentence;formula_or_symbol,no,multi_sentence;formula_or_symbol,
S0286,NICE,'The product shall allow the user to select a chosen language from one of the target market countries.',allow the user to select a chosen language from one of the target market countries,yes,,no,,
S0287,NICE,'The product shall allow for customization of start page and views preferences.',allow for customization of start page and views preferences,yes,,no,,
S0288,NICE,'An employee will be able to successfully use the product within a few minutes. After informally navigating the product for less than 15 minutes users shall be able to successfully setup meetings and reserve conference rooms.',successfully use the product within a few minutes. After informally navigating the product for less than 15 minutes users shall be able to successfully setup meetings and reserve conference rooms,no,too_long;multi_sentence;residual_modal_in_capability,no,too_long;multi_sentence;residual_modal_in_capability,
S0289,NICE,'The product shall use a standard navigation menu familiar to most web users.',use a standard navigation menu familiar to most web users,yes,,no,,
S0290,NICE,'The product shall allow for intuitive searching of available conference rooms.',allow for intuitive searching of available conference rooms,yes,,no,,
S0291,NICE,'The product shall conform to the Americans with Disabilities Act.',conform to the Americans with Disabilities Act,yes,,no,,
S0292,NICE,The response shall be fast enough to avoid interrupting the user's flow of thought. 90% of tasks shall complete within 5 seconds. 98% of tasks shall complete within 8 seconds.',be fast enough to avoid interrupting the user's flow of thought. 90% of tasks shall complete within 5 seconds. 98% of tasks shall complete within 8 seconds,no,multi_sentence;formula_or_symbol;residual_modal_in_capability,no,multi_sentence;formula_or_symbol;residual_modal_in_capability,
S0293,NICE,'Aside from server failure the software product shall achieve 99.99% up time.',achieve 99.99% up time,no,multi_sentence;formula_or_symbol,no,multi_sentence;formula_or_symbol,
S0294,NICE,'The product shall create an exception log of problems encountered within the product for transmission to our company for analysis and resolution.',create an exception log of problems encountered within the product for transmission to our company for analysis and resolution,yes,,no,,
S0295,NICE,'The product shall be capable of handling up to 1 000 concurrent requests. This number will increase to 2 000 by Release 2. The concurrency capacity must be able to handle peak scheduling times such as early morning and late afternoon hours.',be capable of handling up to 1 000 concurrent requests. This number will increase to 2 000 by Release 2. The concurrency capacity must be able to handle peak scheduling times such as early morning and late afternoon hours,no,too_long;multi_sentence;residual_modal_in_capability,no,too_long;multi_sentence;residual_modal_in_capability,
S0296,NICE,'The product shall be able to process 10 000 transactions per hour within two years of its launch. This number will increase to 20 000 by Release 2.',process 10 000 transactions per hour within two years of its launch. This number will increase to 20 000 by Release 2,no,multi_sentence;residual_modal_in_capability,no,multi_sentence;residual_modal_in_capability,
S0297,NICE,'The product shall be expected to operate for at least 5 years for each customer installation.',be expected to operate for at least 5 years for each customer installation,yes,,no,,
S0298,NICE,'The product shall be used in office environments.',be used in office environments,yes,,no,,
S0299,NICE,'The product must be able to interface with any HTML browser. The product shall transmit data between the user and the product without problems. The product shall display HTML properly in 80% of all HTML browsers tested (minimum is to test 8 browsers).',interface with any HTML browser. The product shall transmit data between the user and the product without problems. The product shall display HTML properly in 80% of all HTML browsers tested (minimum is to test 8 browsers),no,too_long;multi_sentence;negation;formula_or_symbol;residual_modal_in_capability,no,too_long;multi_sentence;negation;formula_or_symbol;residual_modal_in_capability,
S0300,NICE,'The product must be able to interface with various database management systems. The product shall communicate successfully with the database management system on 100% of all transactions.',interface with various database management systems. The product shall communicate successfully with the database management system on 100% of all transactions,no,multi_sentence;formula_or_symbol;residual_modal_in_capability,no,multi_sentence;formula_or_symbol;residual_modal_in_capability,
S0301,NICE,'The product must be able to interface with various email servers. The product shall be able to send email.',interface with various email servers. The product shall be able to send email,no,multi_sentence;residual_modal_in_capability,no,multi_sentence;residual_modal_in_capability,
S0302,NICE,'The product shall be available for distribution via the Internet as a binary or ZIP file.',be available for distribution via the Internet as a binary or ZIP file,yes,,no,,
S0303,NICE,'The product shall be available for distribution as a packaged CD.',be available for distribution as a packaged CD,yes,,no,,
S0304,NICE,'The product will be available for licensing as a one-server two-five servers or five-or-more servers license.',be available for licensing as a one-server two-five servers or five-or-more servers license,yes,,no,,
S0305,NICE,'A new user must be able to be added to the system within 10 minutes. 90% of new users are able to log into the system within 10 minutes.',be added to the system within 10 minutes. 90% of new users are able to log into the system within 10 minutes,no,multi_sentence;formula_or_symbol;residual_modal_in_capability,no,multi_sentence;formula_or_symbol;residual_modal_in_capability,
S0306,NICE,'The product must be designed using Design Patterns and coding best practices. 90% of maintenance software developers are able to integrate new functionality into the product with 2 working days.',be designed using Design Patterns and coding best practices. 90% of maintenance software developers are able to integrate new functionality into the product with 2 working days,no,multi_sentence;formula_or_symbol;residual_modal_in_capability,no,multi_sentence;formula_or_symbol;residual_modal_in_capability,
S0307,NICE,The product must be highly configurable for use with various database management systems for the end users. 80% of end users are able to integrate new database management systems with the product without changing the product's software code.',be highly configurable for use with various database management systems for the end users. 80% of end users are able to integrate new database management systems with the product without changing the product's software code,no,too_long;multi_sentence;negation;formula_or_symbol;residual_modal_in_capability,no,too_long;multi_sentence;negation;formula_or_symbol;residual_modal_in_capability,
S0308,NICE,'Maintenance releases will be offered to customers once a year. The releases shall take no longer than 5 minutes for 80% of the customer base to install.',be offered to customers once a year. The releases shall take no longer than 5 minutes for 80% of the customer base to install,no,multi_sentence;negation;formula_or_symbol;residual_modal_in_capability,no,multi_sentence;negation;formula_or_symbol;residual_modal_in_capability,
S0309,NICE,Every registered user will have access to the product's support site via the Internet. 70% of registered users shall find a solution to their problem within 5 minutes of using the support site.',have access to the product's support site via the Internet. 70% of registered users shall find a solution to their problem within 5 minutes of using the support site,no,multi_sentence;formula_or_symbol;residual_modal_in_capability,no,multi_sentence;formula_or_symbol;residual_modal_in_capability,
S0310,NICE,The customer shall be able to easily integrate new building maps with the product throughout the product's lifecycle. Integration of new maps with the product shall be possible with little to no support from product support staff.',easily integrate new building maps with the product throughout the product's lifecycle. Integration of new maps with the product shall be possible with little to no support from product support staff,no,too_long;multi_sentence;negation;residual_modal_in_capability,no,too_long;multi_sentence;negation;residual_modal_in_capability,
S0311,NICE,The product shall be translated into foreign languages other than the target market countries' languages in future releases. For each emerging target market it shall take no more than 5 days to configure the product for that market's language.',be translated into foreign languages other than the target market countries' languages in future releases. For each emerging target market it shall take no more than 5 days to configure the product for that market's language,no,too_long;multi_sentence;negation;residual_modal_in_capability,no,too_long;multi_sentence;negation;residual_modal_in_capability,
S0312,NICE,'The product is expected to integrate with multiple database management systems. The product will operate with Oracle SQL Server DB2 MySQL HSQL and MS Access.',integrate with multiple database management systems. The product will operate with Oracle SQL Server DB2 MySQL HSQL and MS Access,no,multi_sentence;residual_modal_in_capability,no,multi_sentence;residual_modal_in_capability,
S0313,NICE,'The product shall be able to be installed in any operating environment within 2 days.',be installed in any operating environment within 2 days,yes,,no,,
S0314,NICE,'The product shall ensure that only company employees or external users with company-approved user IDs may have product access. 100% of all logons shall be by either company employees or external users with company-approved user IDs.',ensure that only company employees or external users with company-approved user IDs may have product access. 100% of all logons shall be by either company employees or external users with company-approved user IDs,no,too_long;multi_sentence;formula_or_symbol;possibly_multiple_capabilities;residual_modal_in_capability,no,too_long;multi_sentence;formula_or_symbol;possibly_multiple_capabilities;residual_modal_in_capability,
S0315,NICE,'Only managers are able to perform search queries for reservations by user. 100% of all search queries for reservations by user shall be from logons of only management logons.',only managers are able to perform search queries for reservations by user. 100% of all search queries for reservations by user shall be from logons of only management logons,no,multi_sentence;formula_or_symbol;residual_modal_in_capability,no,multi_sentence;formula_or_symbol;residual_modal_in_capability,
S0316,NICE,The product shall ensure that the database's data corresponds to the data entered by the user. Each conference room reservation in the system will contain the same information as was entered by the user.',ensure that the database's data corresponds to the data entered by the user. Each conference room reservation in the system will contain the same information as was entered by the user,no,multi_sentence;residual_modal_in_capability,no,multi_sentence;residual_modal_in_capability,
S0317,NICE,The product shall prevent the input of malicious data. The product and/or adjacent hardware/software systems' data shall remain 100% uncorrupted each time malicious data is input into the product.',prevent the input of malicious data. The product and/or adjacent hardware/software systems' data shall remain 100% uncorrupted each time malicious data is input into the product,no,multi_sentence;formula_or_symbol;residual_modal_in_capability,no,multi_sentence;formula_or_symbol;residual_modal_in_capability,
S0318,NICE,'The product and/or dependent databases/filesystems shall remain operational as a result of the input of malicious data. The product and/or dependent databases/filesystems shall not crash 100% of the time that malicious data is input into the product.',remain operational as a result of the input of malicious data. The product and/or dependent databases/filesystems shall not crash 100% of the time that malicious data is input into the product,no,too_long;multi_sentence;negation;formula_or_symbol;residual_modal_in_capability,no,too_long;multi_sentence;negation;formula_or_symbol;residual_modal_in_capability,
S0319,NICE,'The product shall have the ability to receive automatic software updates as new threats emerge. 100% of customers will be able to receive automatic software updates transmitted to the installed product.',have the ability to receive automatic software updates as new threats emerge. 100% of customers will be able to receive automatic software updates transmitted to the installed product,no,multi_sentence;formula_or_symbol;residual_modal_in_capability,no,multi_sentence;formula_or_symbol;residual_modal_in_capability,
S0320,NICE,'The language of the product shall accommodate all of the target market countries. 90% of survey respondents from each target market country will find that the language of the product is acceptable.',accommodate all of the target market countries. 90% of survey respondents from each target market country will find that the language of the product is acceptable,no,multi_sentence;formula_or_symbol;residual_modal_in_capability,no,multi_sentence;formula_or_symbol;residual_modal_in_capability,
S0321,NICE,The product shall be able to display calendar dates and times according to the user's locale. 90% of survey respondents from each target market country will find that the date and time formatting of the product is correct.',display calendar dates and times according to the user's locale. 90% of survey respondents from each target market country will find that the date and time formatting of the product is correct,no,too_long;multi_sentence;formula_or_symbol;possibly_multiple_capabilities;residual_modal_in_capability,no,too_long;multi_sentence;formula_or_symbol;possibly_multiple_capabilities;residual_modal_in_capability,
S0322,NICE,'The product must be developed with the J2SE/J2EE programming language libraries',be developed with the J2SE/J2EE programming language libraries,yes,,no,,
S0323,NICE,'The product shall record meeting entries.',record meeting entries,yes,,no,,
S0324,NICE,'The product will notify employees of meeting invitations.',notify employees of meeting invitations,yes,,no,,
S0325,NICE,'The product shall have the ability to send meeting reminders to employees.',have the ability to send meeting reminders to employees,yes,,no,,
S0326,NICE,'The product shall assign the organizers contact information to each meeting they create.',assign the organizers contact information to each meeting they create,yes,,no,,
S0327,NICE,'The product will record meeting acknowledgements.',record meeting acknowledgements,yes,,no,,
S0328,NICE,'The product shall store new conference rooms.',store new conference rooms,yes,,no,,
S0329,NICE,'The product shall update existing conference rooms.',update existing conference rooms,yes,,no,,
S0330,NICE,'The product will be able to delete conference rooms.',delete conference rooms,yes,,no,,
S0331,NICE,'The product shall be able to store new room equipment.',store new room equipment,yes,,no,,
S0332,NICE,'The product will update existing room equipment.',update existing room equipment,yes,,no,,
S0333,NICE,'The product shall be able to delete room equipment.',delete room equipment,yes,,no,,
S0334,NICE,'The product shall allow an organizer to invite other employees to meetings.',allow an organizer to invite other employees to meetings,yes,,no,,
S0335,NICE,'Each time a conference room is reserved the conference room schedule shall be updated to reflect the time and date of the reservation.',be updated to reflect the time and date of the reservation,yes,,no,,
S0336,NICE,'The product shall record the transportation status of equipment reserved.',record the transportation status of equipment reserved,yes,,no,,
S0337,NICE,'The product shall display a map of the company building showing conference room locations.',display a map of the company building showing conference room locations,yes,,no,,
S0338,NICE,'The product shall record updated meeting agendas.',record updated meeting agendas,yes,,no,,
S0339,NICE,'The product shall send a meeting confirmation to the meeting organizer.',send a meeting confirmation to the meeting organizer,yes,,no,,
S0340,NICE,'The product shall display room equipment according to search parameters.',display room equipment according to search parameters,yes,,no,,
S0341,NICE,'The product shall display conference rooms according to search parameters.',display conference rooms according to search parameters,yes,,no,,
S0342,NICE,'The product shall record different meeting types.',record different meeting types,yes,,no,,
S0343,NICE,'The product shall record all the equipment that has been reserved.',record all the equipment that has been reserved,yes,,no,,
S0344,NICE,'The product shall notify building personnel of equipment transport requests.',notify building personnel of equipment transport requests,yes,,no,,
S0345,NICE,'The product will allow priviledged users to view meeting schedules in multiple reporting views.',allow priviledged users to view meeting schedules in multiple reporting views,yes,,no,,
S0346,NICE,'The product shall be able to send meeting notifications via different kinds of end-user specified methods.',send meeting notifications via different kinds of end-user specified methods,yes,,no,,
S0347,NICE,'The product shall have a customizable Look and Feel.',have a customizable Look and Feel,yes,,no,,
S0348,NICE,'The product shall have an intuitive user interface.',have an intuitive user interface,yes,,no,,
S0349,NICE,'The product will display an available status for unreserved conference rooms.',display an available status for unreserved conference rooms,yes,,no,,
S0350,NICE,'Recreation of Inventory Quantity Adjustment for the period of previous 30 days shall take no more than 30min.',take no more than 30min,no,negation,no,negation,
S0351,NICE,'The System shall allow for a minimum of 6 users to work at the same time.',allow for a minimum of 6 users to work at the same time,yes,,no,,
S0352,NICE,'The System shall utilize currently owned computer equipment.',utilize currently owned computer equipment,yes,,no,,
S0353,NICE,'The System shall be able to automatically backup business data and restore them on demand.',automatically backup business data and restore them on demand,yes,,no,,
S0354,NICE,'The System shall maintain consistent security. Any changes in user passwords and/or permissions should take affect in all parts of the System.',maintain consistent security. Any changes in user passwords and/or permissions should take affect in all parts of the System,no,multi_sentence;residual_modal_in_capability,no,multi_sentence;residual_modal_in_capability,
S0355,NICE,'The System shall granularly control access rights to all major subsystems. It should be possible to assign access rights to all subsystems independently.',granularly control access rights to all major subsystems. It should be possible to assign access rights to all subsystems independently,no,multi_sentence;residual_modal_in_capability,no,multi_sentence;residual_modal_in_capability,
S0356,NICE,'The System shall meet all applicable accounting standards. The final version of the System must successfully pass independent audit performed by a certified auditor.',meet all applicable accounting standards. The final version of the System must successfully pass independent audit performed by a certified auditor,no,multi_sentence;residual_modal_in_capability,no,multi_sentence;residual_modal_in_capability,
S0357,NICE,'The System shall not require additional third party licenses resulting in royalty fees.',not require additional third party licenses resulting in royalty fees,no,negation,no,negation,
S0358,NICE,'The System shall allow generation of Inventory Quantity Adjustment documents on demand.',allow generation of Inventory Quantity Adjustment documents on demand,yes,,no,,
S0359,NICE,'The System shall allow on demand generation of all Inventory Quantity Adjustment documents since certain point of time.',allow on demand generation of all Inventory Quantity Adjustment documents since certain point of time,yes,,no,,
S0360,NICE,'The IQA subsystem shall take into account current inventory status and adjust inventory of substitutionary ingredients accordingly.',take into account current inventory status and adjust inventory of substitutionary ingredients accordingly,yes,,no,,
S0361,NICE,'The System shall allow entering storing and modifying product formulas.',allow entering storing and modifying product formulas,yes,,no,,
S0362,NICE,'Product formulas shall allow use of semi-products which have own formulas.',allow use of semi-products which have own formulas,yes,,no,,
S0363,NICE,'Product formula ingredients shall allow defining substitutionary ingredients.',allow defining substitutionary ingredients,yes,,no,,
S0364,NICE,'Product formula substitutionary ingredients shall be entered automatically by the PFE subsystem.',be entered automatically by the PFE subsystem,yes,,no,,
S0365,NICE,'Formula substitutionary ingredients shall be kept in persisted order',be kept in persisted order,yes,,no,,
S0366,NICE,'Product shall allow entering storing and modifying product menus used by POS terminals.',allow entering storing and modifying product menus used by POS terminals,yes,,no,,
S0367,NICE,'PME Subsystem shall allow building product menus based on the list of products kept in the accounting system.',allow building product menus based on the list of products kept in the accounting system,yes,,no,,
S0368,NICE,'PME Subsystem shall allow keeping submenus within menus and products within submenus in a managed and persisted order.',allow keeping submenus within menus and products within submenus in a managed and persisted order,no,possibly_multiple_capabilities,no,possibly_multiple_capabilities,
S0369,NICE,'PME Subsystem shall allow for a product to exist in more than one submenu',allow for a product to exist in more than one submenu,yes,,no,,
S0370,NICE,'The RMS System shall have Windows XP look and feel and use GUI futures making its use intuitive.',have Windows XP look and feel and use GUI futures making its use intuitive,no,possibly_multiple_capabilities,no,possibly_multiple_capabilities,
S0371,NICE,'The System shall generate Inventory Quantity Adjustment document based on product daily sales data and product formulas.',generate Inventory Quantity Adjustment document based on product daily sales data and product formulas,yes,,no,,
S0372,NICE,'The System shall generate Inventory Quantity Adjustment document automatically when daily Product Sales data is available.',generate Inventory Quantity Adjustment document automatically when daily Product Sales data is available,yes,,no,,
S0373,NICE,'Administrator shall be able to activate a pre-paid card via the Administration section in under 5 seconds.',activate a pre-paid card via the Administration section in under 5 seconds,yes,,no,,
S0374,NICE,'Customer shall be able to check the status of their prepaid card by entering in the PIN number in under 5 seconds.',check the status of their prepaid card by entering in the PIN number in under 5 seconds,yes,,no,,
S0375,NICE,"System shall let customers register on the website as a ""pay as you go"" user in under 5 minutes.'","let customers register on the website as a ""pay as you go"" user in under 5 minutes",yes,,no,,
S0376,NICE,"System shall let customers register on the website as a ""unlimited movie subscriber"" user in under 10 minutes.'","let customers register on the website as a ""unlimited movie subscriber"" user in under 10 minutes",yes,,no,,
S0377,NICE,'System shall let existing customers log into the website with their email address and password in under 5 seconds.',let existing customers log into the website with their email address and password in under 5 seconds,yes,,no,,
S0378,NICE,'System shall let customers cancel their account process shall take no longer than 2 minutes. Database will mark the account as inactive and user will not be able to log into the website.',let customers cancel their account process shall take no longer than 2 minutes. Database will mark the account as inactive and user will not be able to log into the website,no,multi_sentence;negation;residual_modal_in_capability,no,multi_sentence;negation;residual_modal_in_capability,
S0379,NICE,'System shall let administrator de-activate a customer account in under 1 minute. Customer will no longer be able to access the website.',let administrator de-activate a customer account in under 1 minute. Customer will no longer be able to access the website,no,multi_sentence;negation;residual_modal_in_capability,no,multi_sentence;negation;residual_modal_in_capability,
S0380,NICE,'System shall let administrator add/remove movies on the website in under 5 minutes. Entered movie information will be stored in the database and will now be available on the website.',let administrator add/remove movies on the website in under 5 minutes. Entered movie information will be stored in the database and will now be available on the website,no,multi_sentence;residual_modal_in_capability,no,multi_sentence;residual_modal_in_capability,
S0381,NICE,'System shall let the administrator add/remove categories on the website in under 5 minutes.',let the administrator add/remove categories on the website in under 5 minutes,yes,,no,,
S0382,NICE,'System shall let Izogn Manager access sales and usage statistics in under 2 minutes.',let Izogn Manager access sales and usage statistics in under 2 minutes,yes,,no,,
S0383,NICE,'System shall let administrators generate unique pre-paid pins in under 2 minutes and generate an Excel file with the generated PINs.',let administrators generate unique pre-paid pins in under 2 minutes and generate an Excel file with the generated PINs,yes,,no,,
S0384,NICE,'The website shall be attractive to all audiences. The website shall appear to be fun and the colors should be bright and vibrant.',be attractive to all audiences. The website shall appear to be fun and the colors should be bright and vibrant,no,multi_sentence;possibly_multiple_capabilities;residual_modal_in_capability,no,multi_sentence;possibly_multiple_capabilities;residual_modal_in_capability,
S0385,NICE,'The website should have an African feel but should not alienate non-Africans. The website should use animation on pages which are describing the services to grab the users attention and encourage them to sign up.',have an African feel but should not alienate non-Africans. The website should use animation on pages which are describing the services to grab the users attention and encourage them to sign up,no,multi_sentence;negation;residual_modal_in_capability,no,multi_sentence;negation;residual_modal_in_capability,
S0386,NICE,'The website design should be modern clean and concise.',be modern clean and concise,yes,,no,,
S0387,NICE,'The product should be able to be used by 90% of novice users on the Internet.',be used by 90% of novice users on the Internet,no,formula_or_symbol,no,formula_or_symbol,
S0388,NICE,'Users should only have to navigate through a maximum of 4 pages to create an account with the website.',only have to navigate through a maximum of 4 pages to create an account with the website,yes,,no,,
S0389,NICE,'Users should be able to access their streaming movies in under 2 clicks after logging into the website.',access their streaming movies in under 2 clicks after logging into the website,yes,,no,,
S0390,NICE,'An anonymous survey will show that 70% of customers are comfortable purchasing streaming movies after 2 weeks using the website.',show that 70% of customers are comfortable purchasing streaming movies after 2 weeks using the website,no,formula_or_symbol,no,formula_or_symbol,
S0391,NICE,'An anonymous survey will show that 95% of customers are comfortable using and purchasing pre-paid cards after a month of using the system.',show that 95% of customers are comfortable using and purchasing pre-paid cards after a month of using the system,no,formula_or_symbol,no,formula_or_symbol,
S0392,NICE,The product shall retain the customer's buying preferences and information.',retain the customer's buying preferences and information,yes,,no,,
S0393,NICE,'The product shall be easy for customers with novice skills on the Internet to purchase and watch streaming movies. Customers should be able to purchase and watch a pre-determined movie in under 3 minutes.',be easy for customers with novice skills on the Internet to purchase and watch streaming movies. Customers should be able to purchase and watch a pre-determined movie in under 3 minutes,no,multi_sentence;possibly_multiple_capabilities;residual_modal_in_capability,no,multi_sentence;possibly_multiple_capabilities;residual_modal_in_capability,
S0394,NICE,'The product shall use symbols and words that are naturally understandable by users familiar with websites',use symbols and words that are naturally understandable by users familiar with websites,yes,,no,,
S0395,NICE,'The website will use standard Internet conventions when interacting with the user.',use standard Internet conventions when interacting with the user,yes,,no,,
S0396,NICE,'Any interface between a user and the automated system shall have a maximum response time of 5 seconds unless noted by an exception below.',have a maximum response time of 5 seconds unless noted by an exception below,yes,,no,,
S0397,NICE,'When purchasing a streaming movie or pre-paid card via credit card the processing time should have a maximum response time of 15 seconds.',have a maximum response time of 15 seconds,yes,,no,,
S0398,NICE,When streaming a movie the buffering time should take no longer than 10 seconds (plus any latency on the user's connection.)',take no longer than 10 seconds (plus any latency on the user's connection.),no,multi_sentence;negation,no,multi_sentence;negation,
S0399,NICE,While streaming a movie buffering should only occur if there is latency in the user's connection.',only occur if there is latency in the user's connection,yes,,no,,
S0400,NICE,'All credit card information will be secured on the server and only accessible by authorized Izogn administrators. Information will be encrypted in the database.',be secured on the server and only accessible by authorized Izogn administrators. Information will be encrypted in the database,no,multi_sentence;residual_modal_in_capability,no,multi_sentence;residual_modal_in_capability,
S0401,NICE,'The website shall be available for use 24 hours per day 365 days per year.',be available for use 24 hours per day 365 days per year,yes,,no,,
S0402,NICE,'The website shall achieve 99.5% up time.',achieve 99.5% up time,no,multi_sentence;formula_or_symbol,no,multi_sentence;formula_or_symbol,
S0403,NICE,'All movies shall be streamed on demand at any time of the day.',be streamed on demand at any time of the day,yes,,no,,
S0404,NICE,'The website shall continue to operate if the streaming server goes down.',continue to operate if the streaming server goes down,yes,,no,,
S0405,NICE,'The website shall continue to operate if the payment gateway goes down.',continue to operate if the payment gateway goes down,yes,,no,,
S0406,NICE,'The streaming server will support 50 simultaneous streaming connections.',support 50 simultaneous streaming connections,yes,,no,,
S0407,NICE,'The streaming server will support a maximum of 700 movies; new servers can be added to support more movies.',support a maximum of 700 movies; new servers can be added to support more movies,no,residual_modal_in_capability,no,residual_modal_in_capability,
S0408,NICE,'The server will support a maximum of 1 000 simultaneous users.',support a maximum of 1 000 simultaneous users,yes,,no,,
S0409,NICE,'The website shall be capable of supporting 100 000 customers.',be capable of supporting 100 000 customers,yes,,no,,
S0410,NICE,'The product shall be expected to operate within the maximum maintenance budget for a minimum of 2 years.',be expected to operate within the maximum maintenance budget for a minimum of 2 years,yes,,no,,
S0411,NICE,'All aspects of the website shall be accessed by a web browser over the Internet.',be accessed by a web browser over the Internet,yes,,no,,
S0412,NICE,'The same hardware supporting the current website will be used to support the new system.',be used to support the new system,yes,,no,,
S0413,NICE,'We must be able to interface with the following browsers: IE 5.X 6.0 Netscape 6.x 7.x 8.x and Firefox 1.0.',interface with the following browsers: IE 5.X 6.0 Netscape 6.x 7.x 8.x and Firefox 1.0,no,multi_sentence,no,multi_sentence,
S0414,NICE,'Website must interface with the CyberSource API to process credit card transactions.',interface with the CyberSource API to process credit card transactions,yes,,no,,
S0415,NICE,'Website must be fully operational with MSN TV2.',be fully operational with MSN TV2,yes,,no,,
S0416,NICE,'Movies shall be encoded and streamed via Windows Media Player 9.0.',be encoded and streamed via Windows Media Player 9.0,no,multi_sentence,no,multi_sentence,
S0417,NICE,'Movies shall be encoded for 56k and 256k streams.',be encoded for 56k and 256k streams,yes,,no,,
S0418,NICE,'Promotional updates to the website should take a day to update.',take a day to update,yes,,no,,
S0419,NICE,'Izogn Administrator must be able to update the category listings on the website within 2 minutes.',update the category listings on the website within 2 minutes,yes,,no,,
S0420,NICE,'Izogn Administrator must be able to add new products to the website within 2 minutes.',add new products to the website within 2 minutes,yes,,no,,
S0421,NICE,'The system will provide a 24 hour 800 toll free number for support to its customers.',provide a 24 hour 800 toll free number for support to its customers,yes,,no,,
S0422,NICE,'The website will provide a help section with answers and solutions to common problems.',provide a help section with answers and solutions to common problems,yes,,no,,
S0423,NICE,'Velkat staff will be available for phone support between 7am-7pm M-F to provide technical support to the Izogn administrators.',be available for phone support between 7am-7pm M-F to provide technical support to the Izogn administrators,yes,,no,,
S0424,NICE,'The product shall be able to be installed in the specified environment within 1 working day.',be installed in the specified environment within 1 working day,yes,,no,,
S0425,NICE,'Only registered customers can purchase streaming movies.',purchase streaming movies,yes,,no,,
S0426,NICE,'A customer can only stream a movie if they purchased it and are within the 2 day viewing period.',only stream a movie if they purchased it and are within the 2 day viewing period,yes,,no,,
S0427,NICE,'Only authorized personnel can access customer records in the database.',access customer records in the database,yes,,no,,
S0428,NICE,'Only administrators can activate a pre-paid card.',activate a pre-paid card,yes,,no,,
S0429,NICE,'Only authorized personnel can access sales information.',access sales information,yes,,no,,
S0430,NICE,'The website shall prevent its data from being corrupted when incorrect data is entered in.',prevent its data from being corrupted when incorrect data is entered in,yes,,no,,
S0431,NICE,'The website shall protect itself from intentional abuse and notify the administrator at all occurrences.',protect itself from intentional abuse and notify the administrator at all occurrences,yes,,no,,
S0432,NICE,'Data integrity scripts will be run on a weekly basis to verify the integrity of the database.',be run on a weekly basis to verify the integrity of the database,yes,,no,,
S0433,NICE,'The website shall make its user aware of its information practices before collection data from them via a Privacy Policy accessible on all pages of the website.',make its user aware of its information practices before collection data from them via a Privacy Policy accessible on all pages of the website,yes,,no,,
S0434,NICE,'The system shall notify customers of changes to its information policy.',notify customers of changes to its information policy,yes,,no,,
S0435,NICE,The system shall reveal private information only in compliance with the organization's information policy.',reveal private information only in compliance with the organization's information policy,yes,,no,,
S0436,NICE,'All customer information will be stored on a secure database accessible only to authorized personnel.',be stored on a secure database accessible only to authorized personnel,yes,,no,,
S0437,NICE,'All credit card information will be encrypted in the database.',be encrypted in the database,yes,,no,,
S0438,NICE,'The streaming server will have anti-virus software to prevent infection of malicious viruses.',have anti-virus software to prevent infection of malicious viruses,yes,,no,,
S0439,NICE,'The website should cater to all tribes in Nigeria.',cater to all tribes in Nigeria,yes,,no,,
S0440,NICE,'The website shall not be offensive to religious or ethnic groups.',not be offensive to religious or ethnic groups,no,negation,no,negation,
S0441,NICE,'The website should appeal to all Africans not only Nigerians.',appeal to all Africans not only Nigerians,no,negation,no,negation,
S0442,NICE,'The website should use Flash to provide animation on the home page.',use Flash to provide animation on the home page,yes,,no,,
S0443,NICE,'IzognMovies shall meet the licensing requirements set forth by the appropriate organizations in order to stream African movies.',meet the licensing requirements set forth by the appropriate organizations in order to stream African movies,yes,,no,,
S0444,NICE,'The website will comply with W3C standards.',comply with W3C standards,yes,,no,,
S0445,NICE,'The PHP code will comply with PEAR standards.',comply with PEAR standards,yes,,no,,
S0446,NICE,'The website will allow customers to search for movies by title actor or director.',allow customers to search for movies by title actor or director,yes,,no,,
S0447,NICE,'viewing a movie details the website will display the movies description actor and director entered in by the administrator.',display the movies description actor and director entered in by the administrator,yes,,no,,
S0448,NICE,'Website shall request and authorize credit card payment before allowing a user to stream a movie.',request and authorize credit card payment before allowing a user to stream a movie,yes,,no,,
S0449,NICE,'shall be able to stream purchased movie via Windows Media Player for up to 2 days aftere purchase date.',stream purchased movie via Windows Media Player for up to 2 days aftere purchase date,yes,,no,,
S0450,NICE,'Website shall allow customers to browse movies by categories entered in by izogn administrator.',allow customers to browse movies by categories entered in by izogn administrator,yes,,no,,
S0451,NICE,'Website shall allow customers to view reviews of selected movies by other customers.',allow customers to view reviews of selected movies by other customers,yes,,no,,
S0452,NICE,'Website shall allow customers to add their own movie review for a selected movie.',allow customers to add their own movie review for a selected movie,yes,,no,,
S0453,NICE,'Website shall allow the Izogn administrator to approve a review posted by a customer.',allow the Izogn administrator to approve a review posted by a customer,yes,,no,,
S0454,NICE,'System will allow customers to pay for a streaming movie with a pre-paid card.',allow customers to pay for a streaming movie with a pre-paid card,yes,,no,,
S0455,NICE,'Website shall allow customers to purchase pre-paid cards of $5 $10 or $20 value either by credit card or mail-in payment option.',allow customers to purchase pre-paid cards of $5 $10 or $20 value either by credit card or mail-in payment option,no,possibly_multiple_capabilities,no,possibly_multiple_capabilities,
S0456,NICE,'System shall automatically update the main page of the website every Friday and show the 4 latest movies that have been added to the website.',automatically update the main page of the website every Friday and show the 4 latest movies that have been added to the website,yes,,no,,
S0457,NICE,'System shall allow users to update their billing and contact information via the â€œMy Accountâ€ section of the website.',allow users to update their billing and contact information via the â€œMy Accountâ€ section of the website,yes,,no,,
S0458,NICE,'Pre-paid cards shall be distributed via email or via a printed paper card.',be distributed via email or via a printed paper card,yes,,no,,
S0459,NICE,'Movies can only be streamed if the customer has purchased a movie and is within the 2-day time period to stream the movie.',only be streamed if the customer has purchased a movie and is within the 2-day time period to stream the movie,yes,,no,,
S0460,NICE,'Website must be able to support free trial periods with various parameters set by the Izogn Manager.',support free trial periods with various parameters set by the Izogn Manager,yes,,no,,
S0461,NICE,'All streaming movie sales will be logged in the database and accessible by the administrator.',be logged in the database and accessible by the administrator,yes,,no,,
S0462,NICE,'All registered customer information shall be stored and maintained in the database even after the customer cancels their account.',be stored and maintained in the database even after the customer cancels their account,yes,,no,,
S0463,NICE,'Daily usage statistics should be logged and accessible by the administrator.',be logged and accessible by the administrator,yes,,no,,
S0464,NICE,'The owner shall have free access to all of the streaming movies.',have free access to all of the streaming movies,yes,,no,,
S0465,NICE,'Total lead cycle time must be completed in 5 minutes for 90% of lead volume between the business hours of 8AM CST to 8PM CST; then 3 minutes for 99% of lead volume during off business hours.',be completed in 5 minutes for 90% of lead volume between the business hours of 8AM CST to 8PM CST; then 3 minutes for 99% of lead volume during off business hours,no,too_long;formula_or_symbol,no,too_long;formula_or_symbol,
S0466,NICE,'No lead evaluation will complete in a time period longer than 25 seconds for 97% of all leads processed.',complete in a time period longer than 25 seconds for 97% of all leads processed,no,negation;formula_or_symbol,no,negation;formula_or_symbol,
S0467,NICE,'For leads that process longer than 25 seconds the system will record the event and duration',record the event and duration,yes,,no,,
S0468,NICE,'The process must fit within the processing time conditions set forth by the Auto Rep Assignment process in which a lead is assigned within 3 minutes of the total life cycle.',fit within the processing time conditions set forth by the Auto Rep Assignment process in which a lead is assigned within 3 minutes of the total life cycle,yes,,no,,
S0469,NICE,'The lead washing process will operate within the established physical web service structure.',operate within the established physical web service structure,yes,,no,,
S0470,NICE,'The washing process must use a non binding neutral data format such as xml when receiving and processing lead data.',use a non binding neutral data format such as xml when receiving and processing lead data,yes,,no,,
S0471,NICE,'Defect reports will be available to technical units on a 24x7 basis.',be available to technical units on a 24x7 basis,yes,,no,,
S0472,NICE,'Washing parameters will be updated during scheduled maintenance hours.',be updated during scheduled maintenance hours,yes,,no,,
S0473,NICE,'The vendor will verify the invalid lead.',verify the invalid lead,yes,,no,,
S0474,NICE,'Vendor will submit a credit validation record to be applied to the enterprise billing system.',submit a credit validation record to be applied to the enterprise billing system,yes,,no,,
S0475,NICE,'If a lead is scored to the high range the system will supply the lead data and score to the enterprise system.',supply the lead data and score to the enterprise system,yes,,no,,
S0476,NICE,'The leads washing functionality will validate all leads received by the web service for valid data',validate all leads received by the web service for valid data,yes,,no,,
S0477,NICE,'The leads washing functionality will insert all leads captured by the web service.',insert all leads captured by the web service,yes,,no,,
S0478,NICE,'If the leads score falls within the high average score then it will be process by the ARA functionality.',be process by the ARA functionality,yes,,no,,
S0479,NICE,'If the leads score falls within the medium average then it will be set for manual verification by an Enrollment Coordinator through the eleads system.',be set for manual verification by an Enrollment Coordinator through the eleads system,yes,,no,,
S0480,NICE,'If the leads score falls within the low average then it will be returned to the supplying vendor',be returned to the supplying vendor,yes,,no,,
S0481,NICE,'The leads washing functionality will compile both contact and academic scoring information for a total score.',compile both contact and academic scoring information for a total score,yes,,no,,
S0482,NICE,'The leads washing functionality will use the parameters supplied by corporate and schools to score part of the lead.',use the parameters supplied by corporate and schools to score part of the lead,yes,,no,,
S0483,NICE,'The leads washing functionality will return the lead data supplied to the vendor along with the reason of rejection.',return the lead data supplied to the vendor along with the reason of rejection,yes,,no,,
S0484,NICE,'The leads washing functionality will have an interface in which lead data parameters can be maintained.',have an interface in which lead data parameters can be maintained,no,residual_modal_in_capability,no,residual_modal_in_capability,
S0485,NICE,'The leads washing functionality will verify the users authentication and rights to make parameter updates.',verify the users authentication and rights to make parameter updates,yes,,no,,
S0486,NICE,'The leads washing functionality will store any potential lead duplicates returned by the enterprise system.',store any potential lead duplicates returned by the enterprise system,yes,,no,,
S0487,NICE,'Prior to submitting the lead to the enterprise system the leads washing functionality will assign the lead to an admissions rep.',assign the lead to an admissions rep,yes,,no,,
S0488,NICE,'The leads washing functionality shall receive a period list of available reps from the enterprise system.',receive a period list of available reps from the enterprise system,yes,,no,,
S0489,NICE,'The product shall simulate the look of ships at sea.',simulate the look of ships at sea,yes,,no,,
S0490,NICE,'The product shall display the grids within a circle as a view from a periscope.',display the grids within a circle as a view from a periscope,yes,,no,,
S0491,NICE,'The product shall display each type of ship in a grid using an image of the specific type of ship.',display each type of ship in a grid using an image of the specific type of ship,yes,,no,,
S0492,NICE,'When the offensive player takes a shot the product shall simulate the sound of a ship at sea.',simulate the sound of a ship at sea,yes,,no,,
S0493,NICE,'When a shot is marked as a miss the product shall simulate the sound of a shot missing its target.',simulate the sound of a shot missing its target,yes,,no,,
S0494,NICE,'When a shot is marked as a hit the product shall simulate the sound of a shot hitting its target.',simulate the sound of a shot hitting its target,yes,,no,,
S0495,NICE,'When a ship is sunk the product shall simulate the sound of a sinking ship.',simulate the sound of a sinking ship,yes,,no,,
S0496,NICE,'The product shall be available 24 hours per day seven days per week.',be available 24 hours per day seven days per week,yes,,no,,
S0497,NICE,'The product shall able to handle a large number of games simultaneously.',handle a large number of games simultaneously,yes,,no,,
S0498,NICE,'The response time shall be fast enough to maintain the flow of the game. The response time shall be no more than 2 seconds for 95% of responses and no more than 4% for the remaining responses.',be fast enough to maintain the flow of the game. The response time shall be no more than 2 seconds for 95% of responses and no more than 4% for the remaining responses,no,too_long;multi_sentence;negation;formula_or_symbol;residual_modal_in_capability,no,too_long;multi_sentence;negation;formula_or_symbol;residual_modal_in_capability,
S0499,NICE,'The product shall protect the identity of the players. The product shall provide players no access to information that might reveal the identity of another player.',protect the identity of the players. The product shall provide players no access to information that might reveal the identity of another player,no,multi_sentence;negation;residual_modal_in_capability,no,multi_sentence;negation;residual_modal_in_capability,
S0500,NICE,'The product shall be intuitive and self-explanatory. Nine out ten users shall be able to successfully complete a game with no training.',be intuitive and self-explanatory. Nine out ten users shall be able to successfully complete a game with no training,no,multi_sentence;negation;residual_modal_in_capability,no,multi_sentence;negation;residual_modal_in_capability,
S0501,NICE,'The product shall be available to players who understand English Spanish and French. The product shall allow the user to select the language upon accessing the product.',be available to players who understand English Spanish and French. The product shall allow the user to select the language upon accessing the product,no,multi_sentence;residual_modal_in_capability,no,multi_sentence;residual_modal_in_capability,
S0502,NICE,'The product shall provide players no access to information that might reveal the identity of another player',provide players no access to information that might reveal the identity of another player,no,negation,no,negation,
S0503,NICE,'The product shall maintain a list of players.',maintain a list of players,yes,,no,,
S0504,NICE,'The product shall allow a user to identify himself or herself as a player.',allow a user to identify himself or herself as a player,yes,,no,,
S0505,NICE,'Once a game has been initiated the product shall make the players assigned to the game unavailable for selection from the list of players.',make the players assigned to the game unavailable for selection from the list of players,yes,,no,,
S0506,NICE,'The product shall allow a user to remove himself or herself from the list of players at any time.',allow a user to remove himself or herself from the list of players at any time,yes,,no,,
S0507,NICE,'The product shall make inactive players unavailable for selection from the list of players.',make inactive players unavailable for selection from the list of players,yes,,no,,
S0508,NICE,'The product shall remove players who have been inactive for 24 hours from the list of players.',remove players who have been inactive for 24 hours from the list of players,yes,,no,,
S0509,NICE,'The product shall allow a player to initiate a game by selecting another available player from the list of players.',allow a player to initiate a game by selecting another available player from the list of players,yes,,no,,
S0510,NICE,'Once a game is initiated the product shall display a defensive grid to each player',display a defensive grid to each player,yes,,no,,
S0511,NICE,'Once a game is initiated the product shall display an offensive grid to each player.',display an offensive grid to each player,yes,,no,,
S0512,NICE,'The product shall prevent a player from viewing the offensive or defensive grids of the other player.',prevent a player from viewing the offensive or defensive grids of the other player,yes,,no,,
S0513,NICE,'Once a game is initiated the product shall allow each player to position their 5 ships on their respective defensive grids.',allow each player to position their 5 ships on their respective defensive grids,yes,,no,,
S0514,NICE,'The product shall allow a player to position ships horizontally on their grid.',allow a player to position ships horizontally on their grid,yes,,no,,
S0515,NICE,'The product shall allow the player to position ships vertically on their grid.',allow the player to position ships vertically on their grid,yes,,no,,
S0516,NICE,'The product shall allow the player to position ships diagonally on their grid',allow the player to position ships diagonally on their grid,yes,,no,,
S0517,NICE,'The product shall prevent the player from overlapping ships on their grid.',prevent the player from overlapping ships on their grid,yes,,no,,
S0518,NICE,'When both players have positioned their 5 ships on their defensive grids the product shall define the status of each player for the first turn.',define the status of each player for the first turn,yes,,no,,
S0519,NICE,'For each turn the product shall identify one player as offensive status and one player as defensive status.',identify one player as offensive status and one player as defensive status,yes,,no,,
S0520,NICE,'The product shall maintain the status of each player for a turn either offensive or defensive.',maintain the status of each player for a turn either offensive or defensive,yes,,no,,
S0521,NICE,'At the start of each turn the product shall notify each player of his or her status.',notify each player of his or her status,yes,,no,,
S0522,NICE,'For each turn the product shall allow the offensive player to define a shot.',allow the offensive player to define a shot,yes,,no,,
S0523,NICE,'For each shot the product shall examine the defensive grid of the defensive player to determine whether the shot was a hit or miss.',examine the defensive grid of the defensive player to determine whether the shot was a hit or miss,yes,,no,,
S0524,NICE,'For each shot the product shall notify the players whether the shot was a hit or miss.',notify the players whether the shot was a hit or miss,yes,,no,,
S0525,NICE,'For each shot the product shall mark the shot as a hit or miss on the defensive grid of the defensive player.',mark the shot as a hit or miss on the defensive grid of the defensive player,yes,,no,,
S0526,NICE,'For each shot the product shall mark the shot as a hit or miss on the offensive grid of the offensive player.',mark the shot as a hit or miss on the offensive grid of the offensive player,yes,,no,,
S0527,NICE,'When the hit results in sinking a ship the product shall notify the players that the ship was sunk.',notify the players that the ship was sunk,yes,,no,,
S0528,NICE,'When the hit results in sinking a ship the product shall mark the ship as sunk on the defensive grid of the defensive player.',mark the ship as sunk on the defensive grid of the defensive player,yes,,no,,
S0529,NICE,'When the hit results in sinking a ship the product shall indicate the type of ship sunk on the defensive grid of the defensive player.',indicate the type of ship sunk on the defensive grid of the defensive player,yes,,no,,
S0530,NICE,'When the hit results in sinking a ship the product shall mark the ship as sunk on the offensive grid of the offensive player.',mark the ship as sunk on the offensive grid of the offensive player,yes,,no,,
S0531,NICE,'If the shot was marked as a hit the product shall allow the offensive player to define a shot.',allow the offensive player to define a shot,yes,,no,,
S0532,NICE,'If the shot was marked as a miss the product shall change the status of the offensive player to defensive',change the status of the offensive player to defensive,yes,,no,,
S0533,NICE,'If the shot was marked as a miss the product shall change the status of the defensive player to offensive',change the status of the defensive player to offensive,yes,,no,,
S0534,NICE,'The product shall continue to assign turns until the game is ended.',continue to assign turns until the game is ended,yes,,no,,
S0535,NICE,The product shall end a game when a hit by the offensive player results in sinking the last of the defensive player's ships which had not been previously marked as sunk.',end a game when a hit by the offensive player results in sinking the last of the defensive player's ships which had not been previously marked as sunk,no,negation,no,negation,
S0536,NICE,'The product shall allow a player to end a game at any time during the game.',allow a player to end a game at any time during the game,yes,,no,,
S0537,NICE,'When a game is ended the product shall notify the players that the game is ended.',notify the players that the game is ended,yes,,no,,
S0538,NICE,'The notification of the game ending will include the reason the game is ended (i.e. a player has won the game or a player has ended the game).',include the reason the game is ended (i.e. a player has won the game or a player has ended the game),no,multi_sentence,no,multi_sentence,
S0539,NICE,'When a game is ended the product shall allow each player to identify himself or herself as an available player in the list of players.',allow each player to identify himself or herself as an available player in the list of players,yes,,no,,
S0540,NICE,'When a game is ended the product shall allow each player to remove himself or herself from the list of players.',allow each player to remove himself or herself from the list of players,yes,,no,,
S0541,NICE,The system shall be easy to use by callers and supervisors. Callers and supervisors must be able to accomplish any system task within 2 minutes.',be easy to use by callers and supervisors. Callers and supervisors must be able to accomplish any system task within 2 minutes,no,multi_sentence;possibly_multiple_capabilities;residual_modal_in_capability,no,multi_sentence;possibly_multiple_capabilities;residual_modal_in_capability,
S0542,NICE,The system shall be easy to learn by callers and supervisors. Callers and supervisors shall learn how to use the system within 10 minutes.',be easy to learn by callers and supervisors. Callers and supervisors shall learn how to use the system within 10 minutes,no,multi_sentence;possibly_multiple_capabilities;residual_modal_in_capability,no,multi_sentence;possibly_multiple_capabilities;residual_modal_in_capability,
S0543,NICE,The system shall be responsive. At the DePaul TeleServices Center when a supervisor uses the system to view a callers schedule the system response time must be no more than 2 seconds 90% of the time and no more than 5 seconds the rest of the time.',be responsive. At the DePaul TeleServices Center when a supervisor uses the system to view a callers schedule the system response time must be no more than 2 seconds 90% of the time and no more than 5 seconds the rest of the time,no,too_long;multi_sentence;negation;formula_or_symbol;residual_modal_in_capability,no,too_long;multi_sentence;negation;formula_or_symbol;residual_modal_in_capability,
S0544,NICE,On a 56k connection the system response time for all operations must be no more than 6 seconds 90% of the time.',be no more than 6 seconds 90% of the time,no,negation;formula_or_symbol,no,negation;formula_or_symbol,
S0545,NICE,On a 112k connection or faster the system response time for all operations must be no more than 3 seconds 90% of the time.',be no more than 3 seconds 90% of the time,no,negation;formula_or_symbol,no,negation;formula_or_symbol,
S0546,NICE,The system shall have high availability every day of the year.The system must be available for use between 12:00AM and 6:00PM all days of the year.',have high availability every day of the year.The system must be available for use between 12:00AM and 6:00PM all days of the year,no,multi_sentence;residual_modal_in_capability,no,multi_sentence;residual_modal_in_capability,
S0547,NICE,The system must be available for use between 7:00AM and 11:59PM all days of the year.',be available for use between 7:00AM and 11:59PM all days of the year,yes,,no,,
S0548,NICE,The product shall be internet browser independent.The product must run using Internet Explorer and Netscape Navigator.',be internet browser independent.The product must run using Internet Explorer and Netscape Navigator,no,multi_sentence;residual_modal_in_capability,no,multi_sentence;residual_modal_in_capability,
S0549,NICE,The product shall ensure that only supervisors can advertise empty time slots.The product must ensure that supervisors are allowed to access advertise empty time slots.',ensure that only supervisors can advertise empty time slots.The product must ensure that supervisors are allowed to access advertise empty time slots,no,multi_sentence;residual_modal_in_capability,no,multi_sentence;residual_modal_in_capability,
S0550,NICE,The product shall ensure that only supervisors can enter a caller's schedule.The product must ensure that supervisors are allowed to access advertise empty time slots.',ensure that only supervisors can enter a caller's schedule.The product must ensure that supervisors are allowed to access advertise empty time slots,no,multi_sentence;residual_modal_in_capability,no,multi_sentence;residual_modal_in_capability,
S0551,NICE,The product shall ensure that only supervisors can view schedule of all callers.The product must ensure that supervisors are allowed to access advertise empty time slots.',ensure that only supervisors can view schedule of all callers.The product must ensure that supervisors are allowed to access advertise empty time slots,no,multi_sentence;residual_modal_in_capability,no,multi_sentence;residual_modal_in_capability,
S0552,NICE,The interface shall have a simple look. In the interface and usability survey 90% of beta testers must report that the interface is adequately simple.',have a simple look. In the interface and usability survey 90% of beta testers must report that the interface is adequately simple,no,multi_sentence;formula_or_symbol;residual_modal_in_capability,no,multi_sentence;formula_or_symbol;residual_modal_in_capability,
S0553,NICE,The interface shall be appealing to callers and supervisors. In the interface and usability survey 80% of beta testers must report that the interface is appealing.',be appealing to callers and supervisors. In the interface and usability survey 80% of beta testers must report that the interface is appealing,no,multi_sentence;formula_or_symbol;possibly_multiple_capabilities;residual_modal_in_capability,no,multi_sentence;formula_or_symbol;possibly_multiple_capabilities;residual_modal_in_capability,
S0554,NICE,'The product shall provide GUI based Monitoring Services.System Administrators shall monitor message exchanges will predict and determine problems and will also provide internal and external support.',provide GUI based Monitoring Services.System Administrators shall monitor message exchanges will predict and determine problems and will also provide internal and external support,no,multi_sentence;possibly_multiple_capabilities;residual_modal_in_capability,no,multi_sentence;possibly_multiple_capabilities;residual_modal_in_capability,
S0555,NICE,'The product shall comply with City of Chicago Application Development Guide Framework.Application Development Framework will provide structured Graphical User Interface.',comply with City of Chicago Application Development Guide Framework.Application Development Framework will provide structured Graphical User Interface,no,multi_sentence;residual_modal_in_capability,no,multi_sentence;residual_modal_in_capability,
S0556,NICE,'The product shall provide Monitoring Services.The product shall be easy for System Administrators and DBAs to use after two weeks of usage.',provide Monitoring Services.The product shall be easy for System Administrators and DBAs to use after two weeks of usage,no,multi_sentence;residual_modal_in_capability,no,multi_sentence;residual_modal_in_capability,
S0557,NICE,'The product shall provide Error Tracking Services.The product shall help the System Administrators and DBAs to resolve transaction errors 99% of the time.',provide Error Tracking Services.The product shall help the System Administrators and DBAs to resolve transaction errors 99% of the time,no,multi_sentence;formula_or_symbol;residual_modal_in_capability,no,multi_sentence;formula_or_symbol;residual_modal_in_capability,
S0558,NICE,'The product shall provide Portals.The product shall help System Administrators to analyze the transactions with ad-hoc reporting and KPIs (Key Performance Indicators)',provide Portals.The product shall help System Administrators to analyze the transactions with ad-hoc reporting and KPIs (Key Performance Indicators),no,multi_sentence;residual_modal_in_capability,no,multi_sentence;residual_modal_in_capability,
S0559,NICE,'The product shall provide Asynchronous Messaging.The product shall provide asynchronous messaging to enable parallel processing and reduce the overhead in communications',provide Asynchronous Messaging.The product shall provide asynchronous messaging to enable parallel processing and reduce the overhead in communications,no,multi_sentence;residual_modal_in_capability,no,multi_sentence;residual_modal_in_capability,
S0560,NICE,'The product shall provide Multi-threading and Load Balancing.The product shall provide multi-threading technology as well as load balancing to overcome data load spikes and traffic.',provide Multi-threading and Load Balancing.The product shall provide multi-threading technology as well as load balancing to overcome data load spikes and traffic,no,multi_sentence;possibly_multiple_capabilities;residual_modal_in_capability,no,multi_sentence;possibly_multiple_capabilities;residual_modal_in_capability,
S0561,NICE,'The product shall process messages within 2 seconds.The product shall have a maximum message processing time of 2 seconds',process messages within 2 seconds.The product shall have a maximum message processing time of 2 seconds,no,multi_sentence;residual_modal_in_capability,no,multi_sentence;residual_modal_in_capability,
S0562,NICE,'The product shall poll the system for messages every second.The product shall poll the system for new messages at a maximum of every 1 second.',poll the system for messages every second.The product shall poll the system for new messages at a maximum of every 1 second,no,multi_sentence;residual_modal_in_capability,no,multi_sentence;residual_modal_in_capability,
S0563,NICE,'The product shall provide Dynamic Change Support and Transparent resource addition.The product shall support Transparent Resource addition and Dynamic Change support to provide scalability and avoid service interruptions of more than 1 day.',provide Dynamic Change Support and Transparent resource addition.The product shall support Transparent Resource addition and Dynamic Change support to provide scalability and avoid service interruptions of more than 1 day,no,multi_sentence;possibly_multiple_capabilities;residual_modal_in_capability,no,multi_sentence;possibly_multiple_capabilities;residual_modal_in_capability,
S0564,NICE,'The product shall be available 99% of the time. Rationale: To avoid service interruption during busiest customer service response periods. The product shall be available 99.99% of the time for regular business days.',be available 99% of the time. Rationale: To avoid service interruption during busiest customer service response periods. The product shall be available 99.99% of the time for regular business days,no,multi_sentence;formula_or_symbol;residual_modal_in_capability,no,multi_sentence;formula_or_symbol;residual_modal_in_capability,
S0565,NICE,'The product shall be robust.The product shall have fault avoidance based on standards adoption.',be robust.The product shall have fault avoidance based on standards adoption,no,multi_sentence;residual_modal_in_capability,no,multi_sentence;residual_modal_in_capability,
S0566,NICE,'The product shall be robust with fault tolerance.The product shall have fault tolerance by using recovery technique compensatory transaction and routing around failures.',be robust with fault tolerance.The product shall have fault tolerance by using recovery technique compensatory transaction and routing around failures,no,multi_sentence;residual_modal_in_capability,no,multi_sentence;residual_modal_in_capability,
S0567,NICE,'The product shall be able to process all transactions.The product shall process minimum of 1 million transactions per year.',process all transactions.The product shall process minimum of 1 million transactions per year,no,multi_sentence;residual_modal_in_capability,no,multi_sentence;residual_modal_in_capability,
S0568,NICE,'The product shall be platform independent.The product shall enable access to any type of development environment and platform.',be platform independent.The product shall enable access to any type of development environment and platform,no,multi_sentence;residual_modal_in_capability,no,multi_sentence;residual_modal_in_capability,
S0569,NICE,'The product shall interface CSR and Datastream.The product shall exchange messages between CSR and EAM on a real time basis without any direct interfaces between two systems.',interface CSR and Datastream.The product shall exchange messages between CSR and EAM on a real time basis without any direct interfaces between two systems,no,multi_sentence;negation;possibly_multiple_capabilities;residual_modal_in_capability,no,multi_sentence;negation;possibly_multiple_capabilities;residual_modal_in_capability,
S0570,NICE,': The product shall continue to operate during upgrade change or new resource addition.The product shall be able to continue to operate with no interruption in service due to new resource additions.',: The product shall continue to operate during upgrade change or new resource addition.The product shall be able to continue to operate with no interruption in service due to new resource additions,no,multi_sentence;negation;residual_modal_in_capability,no,multi_sentence;negation;residual_modal_in_capability,
S0571,NICE,'The product shall be updated on a regular basis.The product will have a new major feature introduced every six months and quarterly maintenance releases every six months.',be updated on a regular basis.The product will have a new major feature introduced every six months and quarterly maintenance releases every six months,no,multi_sentence;residual_modal_in_capability,no,multi_sentence;residual_modal_in_capability,
S0572,NICE,'The product shall operate with every platform.The product shall accommodate any new technology without any change in its architecture.',operate with every platform.The product shall accommodate any new technology without any change in its architecture,no,multi_sentence;negation;residual_modal_in_capability,no,multi_sentence;negation;residual_modal_in_capability,
S0573,NICE,'The product shall have security.The product shall provide authentication and authorization.',have security.The product shall provide authentication and authorization,no,multi_sentence;residual_modal_in_capability,no,multi_sentence;residual_modal_in_capability,
S0574,NICE,'The product shall information Security. The product shall enable privacy by encryption WS-Security and Integrity Checking.',information Security. The product shall enable privacy by encryption WS-Security and Integrity Checking,no,multi_sentence;residual_modal_in_capability,no,multi_sentence;residual_modal_in_capability,
S0575,NICE,'The product shall have audit capabilities.The product shall store messages for a minimum of one year for audit and transaction tracking purposes.',have audit capabilities.The product shall store messages for a minimum of one year for audit and transaction tracking purposes,no,multi_sentence;residual_modal_in_capability,no,multi_sentence;residual_modal_in_capability,
S0576,NICE,'The system shall use IBM and CCR branding standards. The interface must have one IBM logo and one CCR logo.',use IBM and CCR branding standards. The interface must have one IBM logo and one CCR logo,no,multi_sentence;possibly_multiple_capabilities;residual_modal_in_capability,no,multi_sentence;possibly_multiple_capabilities;residual_modal_in_capability,
S0577,NICE,'The system shall be displayable on any work computer a CCR user may have. The system interface shall be formatted to display at 800 by 600 pixel resolution.',be displayable on any work computer a CCR user may have. The system interface shall be formatted to display at 800 by 600 pixel resolution,no,multi_sentence;residual_modal_in_capability,no,multi_sentence;residual_modal_in_capability,
S0578,NICE,'The system interface will use CCR nomenclature. The system must use the same nomenclature used in the existing WCS system and reports',use CCR nomenclature. The system must use the same nomenclature used in the existing WCS system and reports,no,multi_sentence;residual_modal_in_capability,no,multi_sentence;residual_modal_in_capability,
S0579,NICE,The interface must summarize the data in a fashion that's appealing to CCR management. Every report type must have at least one high level summary shown in the results dashboard/interface',summarize the data in a fashion that's appealing to CCR management. Every report type must have at least one high level summary shown in the results dashboard/interface,no,multi_sentence;residual_modal_in_capability,no,multi_sentence;residual_modal_in_capability,
S0580,NICE,'The system must use a point and click interface. 100% of all selection and navigation functionality must be able to be activated/selected by either a mouse or a keyboard',use a point and click interface. 100% of all selection and navigation functionality must be able to be activated/selected by either a mouse or a keyboard,no,multi_sentence;formula_or_symbol;possibly_multiple_capabilities;residual_modal_in_capability,no,multi_sentence;formula_or_symbol;possibly_multiple_capabilities;residual_modal_in_capability,
S0581,NICE,'The interface shall be easy to use. 90% of users should be able to successfully use the system to generate a report on their first use. The interface should adhere to IBM usability standards.',be easy to use. 90% of users should be able to successfully use the system to generate a report on their first use. The interface should adhere to IBM usability standards,no,multi_sentence;formula_or_symbol;residual_modal_in_capability,no,multi_sentence;formula_or_symbol;residual_modal_in_capability,
S0582,NICE,Reports must be easy to generate. Reports must be generated within one button click and exported within one button click (after selecting the report)',be easy to generate. Reports must be generated within one button click and exported within one button click (after selecting the report),no,multi_sentence;residual_modal_in_capability,no,multi_sentence;residual_modal_in_capability,
S0583,NICE,'A user shall be able to use the system without instruction after a short amount of time. After one use a user should understand and remember 90% of the system usage and navigation.',use the system without instruction after a short amount of time. After one use a user should understand and remember 90% of the system usage and navigation,no,multi_sentence;negation;formula_or_symbol;possibly_multiple_capabilities;residual_modal_in_capability,no,multi_sentence;negation;formula_or_symbol;possibly_multiple_capabilities;residual_modal_in_capability,
S0584,NICE,'All CCR users shall receive training before the WCS system is deployed. One training session will be held for 100% of CCR users before system deployment (based on a CCR user being available)',receive training before the WCS system is deployed. One training session will be held for 100% of CCR users before system deployment (based on a CCR user being available),no,multi_sentence;formula_or_symbol;residual_modal_in_capability,no,multi_sentence;formula_or_symbol;residual_modal_in_capability,
S0585,NICE,'The WCS system shall use appropriate nomenclature and terminology as defined by the Corporate Community Grants organization. All interfaces and reports will undergo usability tests by CCR users.',use appropriate nomenclature and terminology as defined by the Corporate Community Grants organization. All interfaces and reports will undergo usability tests by CCR users,no,multi_sentence;possibly_multiple_capabilities;residual_modal_in_capability,no,multi_sentence;possibly_multiple_capabilities;residual_modal_in_capability,
S0586,NICE,The WCS system shall be available at all times as long as IBM's internal intranet W3 is accessible. The WCS system will be available 95% of the time IBM's internal intranet W3 is available.',be available at all times as long as IBM's internal intranet W3 is accessible. The WCS system will be available 95% of the time IBM's internal intranet W3 is available,no,multi_sentence;formula_or_symbol;residual_modal_in_capability,no,multi_sentence;formula_or_symbol;residual_modal_in_capability,
S0587,NICE,'The WCS system shall have the ability to connect other designated WCS databases currently not included in the system.',have the ability to connect other designated WCS databases currently not included in the system,no,negation,no,negation,
S0588,NICE,'The WCS system shall have the ability to include data for regions outside the United States and be accessed by users outside of the United States if approved by CCR management.',have the ability to include data for regions outside the United States and be accessed by users outside of the United States if approved by CCR management,yes,,no,,
S0589,NICE,'The WCS system shall be run in a Windows environment. The WCS shall be accessed by users through the Internet on an IBM computer running a Windows 2000 or above operating system.',be run in a Windows environment. The WCS shall be accessed by users through the Internet on an IBM computer running a Windows 2000 or above operating system,no,multi_sentence;residual_modal_in_capability,no,multi_sentence;residual_modal_in_capability,
S0590,NICE,'The Brio portion of the WCS system must be able to export files in spreadsheet form (Microsoft Excel and Lotus 1-2-3 formats). Brio will provide buttons in the user interface that produce/export reports in .xls or .123 file formats.',export files in spreadsheet form (Microsoft Excel and Lotus 1-2-3 formats). Brio will provide buttons in the user interface that produce/export reports in .xls or .123 file formats,no,too_long;multi_sentence;formula_or_symbol;possibly_multiple_capabilities;residual_modal_in_capability,no,too_long;multi_sentence;formula_or_symbol;possibly_multiple_capabilities;residual_modal_in_capability,
S0591,NICE,'The WCS system must run queries to the WCS databases once again (on a specified day) to update the available data available to CCR users. Queries must be made to external databases for data refresh once a week.',run queries to the WCS databases once again (on a specified day) to update the available data available to CCR users. Queries must be made to external databases for data refresh once a week,no,too_long;multi_sentence;residual_modal_in_capability,no,too_long;multi_sentence;residual_modal_in_capability,
S0592,NICE,'All changes updates and additions to the WCS system shall be updated in the WCS Developer and WCS User Guides. Every change must be reflected in WCS system documentation',be updated in the WCS Developer and WCS User Guides. Every change must be reflected in WCS system documentation,no,multi_sentence;possibly_multiple_capabilities;residual_modal_in_capability,no,multi_sentence;possibly_multiple_capabilities;residual_modal_in_capability,
S0593,NICE,'The system shall only be accessed by authorized Corporate Community Grants (CCR) employees. Users must be authenticated using their IBM intranet user name and password.',only be accessed by authorized Corporate Community Grants (CCR) employees. Users must be authenticated using their IBM intranet user name and password,no,multi_sentence;residual_modal_in_capability,no,multi_sentence;residual_modal_in_capability,
S0594,NICE,The WCS system shall not allow automatic logins by any user. Cookies containing WCS login information about a user will not be stored on a user's computer.',not allow automatic logins by any user. Cookies containing WCS login information about a user will not be stored on a user's computer,no,multi_sentence;negation;residual_modal_in_capability,no,multi_sentence;negation;residual_modal_in_capability,
S0595,NICE,Each team owner will need to use a username and password in order to be authenticated to reach the team owner's page',need to use a username and password in order to be authenticated to reach the team owner's page,yes,,no,,
S0596,NICE,'The Commissioner will be the only authorized user per league to adjust league settings.',be the only authorized user per league to adjust league settings,yes,,no,,
S0597,NICE,'Each page shall contain a navigation menu which shows the index into which the current page is contained.',contain a navigation menu which shows the index into which the current page is contained,yes,,no,,
S0598,NICE,'Each page shall contain a similar format with action items in one location and navigation buttons in a different location.',contain a similar format with action items in one location and navigation buttons in a different location,yes,,no,,
S0599,NICE,'The message board shall contain the 5 most recently posted messages on the league page. The messages will contain up to the first 150 characters of the message.',contain the 5 most recently posted messages on the league page. The messages will contain up to the first 150 characters of the message,no,multi_sentence;residual_modal_in_capability,no,multi_sentence;residual_modal_in_capability,
S0600,NICE,'A new user shall be able to navigate through the league and team pages within 30 seconds of reaching the start-up page.',navigate through the league and team pages within 30 seconds of reaching the start-up page,yes,,no,,
S0601,NICE,"Users shall be able to reach the 'add' , drop', and 'trade player' pages with one click from the team owner's page.'","reach the 'add' , drop', and 'trade player' pages with one click from the team owner's page",yes,,no,,
S0602,NICE,'Users shall be able to view at least 25 NFL player statistics and points on each page.',view at least 25 NFL player statistics and points on each page,yes,,no,,
S0603,NICE,'The application shall ask the user to confirm dropping a player or trading a player before performing the action.',ask the user to confirm dropping a player or trading a player before performing the action,yes,,no,,
S0604,NICE,'The application shall be able to complete every user transaction within one fourth of a second of receiving the request over the network.',complete every user transaction within one fourth of a second of receiving the request over the network,yes,,no,,
S0605,NICE,'The application shall have a downtime of at most 10 minutes per year.',have a downtime of at most 10 minutes per year,yes,,no,,
S0606,NICE,'The application shall run on a web application server.',run on a web application server,yes,,no,,
S0607,NICE,'A primary database will be used to store cached data for active users.',be used to store cached data for active users,yes,,no,,
S0608,NICE,'A secondary database will be used to store historical statistics and data.',be used to store historical statistics and data,yes,,no,,
S0609,NICE,'Application updates shall occur between 3AM and 6 AM CST on Wednesday morning during the middle of the NFL season.',occur between 3AM and 6 AM CST on Wednesday morning during the middle of the NFL season,yes,,no,,
S0610,NICE,'New System version releases shall be released at the beginning of each NFL season.',be released at the beginning of each NFL season,yes,,no,,
S0611,NICE,'The RFS system should be available 24/7 especially during the budgeting period. The RFS system shall be available 90% of the time all year and 98% during the budgeting period. 2% of the time the system will become available within 1 hour of the time that the situation is reported.',be available 24/7 especially during the budgeting period. The RFS system shall be available 90% of the time all year and 98% during the budgeting period. 2% of the time the system will become available within 1 hour of the time that the situation is reported,no,too_long;multi_sentence;formula_or_symbol;residual_modal_in_capability,no,too_long;multi_sentence;formula_or_symbol;residual_modal_in_capability,
S0612,NICE,'98% of the user workstations shall meet the minimum hardware requirements prior to implementation. Minimum Hard Disk Space: 400MB.',% of the user workstations shall meet the minimum hardware requirements prior to implementation. Minimum Hard Disk Space: 400MB,no,multi_sentence;formula_or_symbol;residual_modal_in_capability,no,multi_sentence;formula_or_symbol;residual_modal_in_capability,
S0613,NICE,'98% of the user workstations shall meet the minimum software requirements prior to implementation: Microsoft Internet Explorer 5.0. Microsoft .NET Framework 1.1. Microsoft Internet Explorer Web Controls',% of the user workstations shall meet the minimum software requirements prior to implementation: Microsoft Internet Explorer 5.0. Microsoft .NET Framework 1.1. Microsoft Internet Explorer Web Controls,no,multi_sentence;formula_or_symbol;residual_modal_in_capability,no,multi_sentence;formula_or_symbol;residual_modal_in_capability,
S0614,NICE,The RFS system should be able to easily interface with the BDW environment in order to load the data. Seven data files shall be received from the BDW and loaded into the RFS system within 3 hours one day prior to the start of budgeting process every year. The data will be as of October month-end. Test files (7) shall be loaded up to 5 times throughout the year from the BDW.',easily interface with the BDW environment in order to load the data. Seven data files shall be received from the BDW and loaded into the RFS system within 3 hours one day prior to the start of budgeting process every year. The data will be as of October month-end. Test files (7) shall be loaded up to 5 times throughout the year from the BDW,no,too_long;multi_sentence;residual_modal_in_capability,no,too_long;multi_sentence;residual_modal_in_capability,
S0615,NICE,'Changes to revenue and expense formulae must be applied to the RFS system every year prior to the budgeting process start. Revenue and expense formulae will be updated within one week of their receipt after which 2 weeks will be allotted to testing of the budget calculations to be conducted jointly by the project development team and PCG Finance.',be applied to the RFS system every year prior to the budgeting process start. Revenue and expense formulae will be updated within one week of their receipt after which 2 weeks will be allotted to testing of the budget calculations to be conducted jointly by the project development team and PCG Finance,no,too_long;multi_sentence;possibly_multiple_capabilities;residual_modal_in_capability,no,too_long;multi_sentence;possibly_multiple_capabilities;residual_modal_in_capability,
S0616,NICE,'New branches/complexes/districts/regions and revenue/expense accounts added to the BDW must be reflected in the RFS system. 100% of the entities (mentioned above) available as of October month-end will be loaded into the RFS system prior to the budget start process.',be reflected in the RFS system. 100% of the entities (mentioned above) available as of October month-end will be loaded into the RFS system prior to the budget start process,no,too_long;multi_sentence;formula_or_symbol;residual_modal_in_capability,no,too_long;multi_sentence;formula_or_symbol;residual_modal_in_capability,
S0617,NICE,'Only authorized user shall access the RFS system. ONLY users that exist in the UAS system with the RFS system assigned to their role(s) shall access the RFS system and use it.',access the RFS system. ONLY users that exist in the UAS system with the RFS system assigned to their role(s) shall access the RFS system and use it,no,multi_sentence;residual_modal_in_capability,no,multi_sentence;residual_modal_in_capability,
S0618,NICE,User access should be limited to the permissions granted to their role(s) Each level in the PCG hierarchy will be assigned a role and users will be assigned to these roles. Access to functionality within RFS system is dependent on the privileges/permission assigned to the role.',be limited to the permissions granted to their role(s) Each level in the PCG hierarchy will be assigned a role and users will be assigned to these roles. Access to functionality within RFS system is dependent on the privileges/permission assigned to the role,no,too_long;multi_sentence;residual_modal_in_capability,no,too_long;multi_sentence;residual_modal_in_capability,
S0619,NICE,'The product must comply with the intranet page standards and requirements of ENET Securities. 95% of the product look & feel will be approved by the Architecture group prior to implementation. The remaining 5% will be corrected and approved within one month of product release.',comply with the intranet page standards and requirements of ENET Securities. 95% of the product look & feel will be approved by the Architecture group prior to implementation. The remaining 5% will be corrected and approved within one month of product release,no,too_long;multi_sentence;formula_or_symbol;possibly_multiple_capabilities;residual_modal_in_capability,no,too_long;multi_sentence;formula_or_symbol;possibly_multiple_capabilities;residual_modal_in_capability,
S0620,NICE,'The intranet pages should display appropriately in all resolutions from 800x600 and higher. The display of all the pages will be correct in 95% of the resolutions prior to implementation. The remaining 5% will be corrected within a week of notification of the incorrect display.',display appropriately in all resolutions from 800x600 and higher. The display of all the pages will be correct in 95% of the resolutions prior to implementation. The remaining 5% will be corrected within a week of notification of the incorrect display,no,too_long;multi_sentence;formula_or_symbol;residual_modal_in_capability,no,too_long;multi_sentence;formula_or_symbol;residual_modal_in_capability,
S0621,NICE,'The users should be able to easily use the system to successfully complete their budgets within the stipulated time for completion. With a week of training prior to product implementation 98% of the users shall complete their budgets within the stipulated time.',easily use the system to successfully complete their budgets within the stipulated time for completion. With a week of training prior to product implementation 98% of the users shall complete their budgets within the stipulated time,no,too_long;multi_sentence;formula_or_symbol;residual_modal_in_capability,no,too_long;multi_sentence;formula_or_symbol;residual_modal_in_capability,
S0622,NICE,'The product interface should be fast. The response time of the product interface should not exceed 2 seconds 90% of the time. For 10% of the time the response time should not be more than 10 seconds.not be more than 10 seconds.',be fast. The response time of the product interface should not exceed 2 seconds 90% of the time. For 10% of the time the response time should not be more than 10 seconds.not be more than 10 seconds,no,too_long;multi_sentence;negation;formula_or_symbol;residual_modal_in_capability,no,too_long;multi_sentence;negation;formula_or_symbol;residual_modal_in_capability,
