seed_id,source_dataset,source_corpus,original_requirement,capability_text_auto,auto_include,auto_exclusion_reason,include,exclusion_reason,capability_text_final,context_document,context_requirement_id,context_marker,context_section,context_before,context_after,context_legend
S0001,PURE,2007-eirene_fun_7-2,The network services necessary to meet the range of UIC requirements are detailed below. These services are to be considered as a minimum set for implementation within each UIC standard network. Railways may implement additional network services as desired.,the network services necessary to meet the range of UIC requirements are detailed below. These services are to be considered as a minimum set for implementation within each UIC standard network. Railways may implement additional network services as desired,no,too_long;multi_sentence;residual_modal_in_capability;informative_marker,no,too_long;multi_sentence;residual_modal_in_capability;informative_marker,,"EIRENE Functional Requirements Specification, version 7",2.1.1,I,2 Network requirements > 2.1 Introduction,,2.2.1 (M): This section describes the generic voice telephony services which are to be supported by the EIRENE network:,"(M) mandatory, (O) optional, (I) informative"
S0002,PURE,2007-eirene_fun_7-2,This section describes the generic voice telephony services which are to be supported by the EIRENE network:,this section describes the generic voice telephony services which are to be supported by the EIRENE network,no,no_requirement_cue;table_or_figure_reference;colon_structure,no,no_requirement_cue;table_or_figure_reference;colon_structure,,"EIRENE Functional Requirements Specification, version 7",2.2.1,M,2 Network requirements > 2.2 Voice services,2.1.1 (I): The network services necessary to meet the range of UIC requirements are detailed below. These services are to be considered as a minimum set for implementation within each UIC standard network. Railways may implement additional network services as desired.,2.2.2 (M): All voice call services shall be able to operate between any combination of fixed and mobile equipment users.,"(M) mandatory, (O) optional, (I) informative"
S0003,PURE,2007-eirene_fun_7-2,All voice call services shall be able to operate between any combination of fixed and mobile equipment users.,operate between any combination of fixed and mobile equipment users,yes,,yes,,operate between any combination of fixed and mobile equipment users,"EIRENE Functional Requirements Specification, version 7",2.2.2,M,2 Network requirements > 2.2 Voice services,2.2.1 (M): This section describes the generic voice telephony services which are to be supported by the EIRENE network:,2.2.3 (M): The system shall support point-to-point voice calls between any two call parties.,"(M) mandatory, (O) optional, (I) informative"
S0004,PURE,2007-eirene_fun_7-2,The system shall support point-to-point voice calls between any two call parties.,support point-to-point voice calls between any two call parties,yes,,yes,,support point-to-point voice calls between any two call parties,"EIRENE Functional Requirements Specification, version 7",2.2.3,M,2 Network requirements > 2.2 Voice services,2.2.2 (M): All voice call services shall be able to operate between any combination of fixed and mobile equipment users.,2.2.4 (M): Such point-to-point calls shall allow both parties to talk simultaneously.,"(M) mandatory, (O) optional, (I) informative"
S0005,PURE,2007-eirene_fun_7-2,Such point-to-point calls shall allow both parties to talk simultaneously.,allow both parties to talk simultaneously,yes,,yes,,allow both parties to talk simultaneously,"EIRENE Functional Requirements Specification, version 7",2.2.4,M,2 Network requirements > 2.2 Voice services,2.2.3 (M): The system shall support point-to-point voice calls between any two call parties.,2.2.5 (M): The system shall allow a user to make public emergency point-to-point voice calls.,"(M) mandatory, (O) optional, (I) informative"
S0006,PURE,2007-eirene_fun_7-2,The system shall allow a user to make public emergency point-to-point voice calls.,allow a user to make public emergency point-to-point voice calls,yes,,no,not_sampled_mandatory_pool,,"EIRENE Functional Requirements Specification, version 7",2.2.5,M,2 Network requirements > 2.2 Voice services,2.2.4 (M): Such point-to-point calls shall allow both parties to talk simultaneously.,2.2.6 (I): Such emergency calls include 112 calls and may not be used for railway emergencies.,"(M) mandatory, (O) optional, (I) informative"
S0007,PURE,2007-eirene_fun_7-2,Such emergency calls include 112 calls and may not be used for railway emergencies.,not be used for railway emergencies,no,negation;informative_marker,no,negation;informative_marker,,"EIRENE Functional Requirements Specification, version 7",2.2.6,I,2 Network requirements > 2.2 Voice services,2.2.5 (M): The system shall allow a user to make public emergency point-to-point voice calls.,2.2.7 (M): The system shall support broadcast voice calls.,"(M) mandatory, (O) optional, (I) informative"
S0008,PURE,2007-eirene_fun_7-2,The system shall support broadcast voice calls.,support broadcast voice calls,yes,,yes,,support broadcast voice calls,"EIRENE Functional Requirements Specification, version 7",2.2.7,M,2 Network requirements > 2.2 Voice services,2.2.6 (I): Such emergency calls include 112 calls and may not be used for railway emergencies.,"2.2.8 (I): Broadcast voice calls provide one-way voice communications from a single user to multiple users in a pre-defined local area, all of whom are members of the same call group.","(M) mandatory, (O) optional, (I) informative"
S0009,PURE,2007-eirene_fun_7-2,"Broadcast voice calls provide one-way voice communications from a single user to multiple users in a pre-defined local area, all of whom are members of the same call group.","broadcast voice calls provide one-way voice communications from a single user to multiple users in a pre-defined local area, all of whom are members of the same call group",no,no_requirement_cue;informative_marker,no,no_requirement_cue;informative_marker,,"EIRENE Functional Requirements Specification, version 7",2.2.8,I,2 Network requirements > 2.2 Voice services,2.2.7 (M): The system shall support broadcast voice calls.,2.2.9 (M): The composition of call groups shall be able to be modified within the network. A single user shall be able to be a member of one or more call groups.,"(M) mandatory, (O) optional, (I) informative"
S0010,PURE,2007-eirene_fun_7-2,The composition of call groups shall be able to be modified within the network. A single user shall be able to be a member of one or more call groups.,be modified within the network. A single user shall be able to be a member of one or more call groups,no,multi_sentence;residual_modal_in_capability,no,multi_sentence;residual_modal_in_capability,,"EIRENE Functional Requirements Specification, version 7",2.2.9,M,2 Network requirements > 2.2 Voice services,"2.2.8 (I): Broadcast voice calls provide one-way voice communications from a single user to multiple users in a pre-defined local area, all of whom are members of the same call group.",2.2.10 (M): The local area over which broadcast calls shall be implemented shall be able to be modified within the network.,"(M) mandatory, (O) optional, (I) informative"
S0011,PURE,2007-eirene_fun_7-2,The local area over which broadcast calls shall be implemented shall be able to be modified within the network.,be implemented shall be able to be modified within the network,no,residual_modal_in_capability,no,residual_modal_in_capability,,"EIRENE Functional Requirements Specification, version 7",2.2.10,M,2 Network requirements > 2.2 Voice services,2.2.9 (M): The composition of call groups shall be able to be modified within the network. A single user shall be able to be a member of one or more call groups.,"2.2.11 (M): It shall only be possible for the user who initiated the call to talk, other users can only listen.","(M) mandatory, (O) optional, (I) informative"
S0012,PURE,2007-eirene_fun_7-2,"It shall only be possible for the user who initiated the call to talk, other users can only listen.","only be possible for the user who initiated the call to talk, other users can only listen",no,residual_modal_in_capability,no,residual_modal_in_capability,,"EIRENE Functional Requirements Specification, version 7",2.2.11,M,2 Network requirements > 2.2 Voice services,2.2.10 (M): The local area over which broadcast calls shall be implemented shall be able to be modified within the network.,2.2.12 (M): The system shall support group voice calls.,"(M) mandatory, (O) optional, (I) informative"
S0013,PURE,2007-eirene_fun_7-2,The system shall support group voice calls.,support group voice calls,yes,,no,not_sampled_mandatory_pool,,"EIRENE Functional Requirements Specification, version 7",2.2.12,M,2 Network requirements > 2.2 Voice services,"2.2.11 (M): It shall only be possible for the user who initiated the call to talk, other users can only listen.","2.2.13 (I): Group voice calls provide voice communications between a number of users in a pre- defined local area, all of whom are members of the same call group.","(M) mandatory, (O) optional, (I) informative"
S0014,PURE,2007-eirene_fun_7-2,"Group voice calls provide voice communications between a number of users in a pre- defined local area, all of whom are members of the same call group.","group voice calls provide voice communications between a number of users in a pre- defined local area, all of whom are members of the same call group",no,no_requirement_cue;informative_marker,no,no_requirement_cue;informative_marker,,"EIRENE Functional Requirements Specification, version 7",2.2.13,I,2 Network requirements > 2.2 Voice services,2.2.12 (M): The system shall support group voice calls.,2.2.14 (M): The composition of call groups shall be able to be modified within the network. A single user shall be able to be a member of one or more call groups.,"(M) mandatory, (O) optional, (I) informative"
S0015,PURE,2007-eirene_fun_7-2,The local area over which group calls are implemented shall be able to be modified within the network.,be modified within the network,yes,,no,not_sampled_mandatory_pool,,"EIRENE Functional Requirements Specification, version 7",2.2.15,M,2 Network requirements > 2.2 Voice services,2.2.14 (M): The composition of call groups shall be able to be modified within the network. A single user shall be able to be a member of one or more call groups.,2.2.16: It is acceptable that only one mobile user involved in the group call may talk at any time. In this case: It shall be possible for controllers to speak at any time during the call. (M) A mechanism shall be provided by the system to arbitrate between those users wishing to speak within the group call. (M),"(M) mandatory, (O) optional, (I) informative"
S0016,PURE,2007-eirene_fun_7-2,It is acceptable that only one mobile user involved in the group call may talk at any time. In this case: It shall be possible for controllers to speak at any time during the call. A mechanism shall be provided by the system to arbitrate between those users wishing to speak within the group call.,talk at any time. In this case: It shall be possible for controllers to speak at any time during the call. A mechanism shall be provided by the system to arbitrate between those users wishing to speak within the group call,no,too_long;multi_sentence;residual_modal_in_capability;colon_structure;multiple_markers,no,too_long;multi_sentence;residual_modal_in_capability;colon_structure;multiple_markers,,"EIRENE Functional Requirements Specification, version 7",2.2.16,M,2 Network requirements > 2.2 Voice services,2.2.15 (M): The local area over which group calls are implemented shall be able to be modified within the network.,2.2.17 (M): The system shall support multi-party voice communications between up to six different parties.,"(M) mandatory, (O) optional, (I) informative"
S0017,PURE,2007-eirene_fun_7-2,The system shall support multi-party voice communications between up to six different parties.,support multi-party voice communications between up to six different parties,yes,,no,not_sampled_mandatory_pool,,"EIRENE Functional Requirements Specification, version 7",2.2.17,M,2 Network requirements > 2.2 Voice services,2.2.16: It is acceptable that only one mobile user involved in the group call may talk at any time. In this case: It shall be possible for controllers to speak at any time during the call. (M) A mechanism shall be provided by the system to arbitrate between those users wishing to speak within the group call. (M),2.2.18 (M): Any of the parties involved in a multi-party voice call shall be able to talk simultaneously.,"(M) mandatory, (O) optional, (I) informative"
S0018,PURE,2007-eirene_fun_7-2,Any of the parties involved in a multi-party voice call shall be able to talk simultaneously.,talk simultaneously,yes,,no,not_sampled_mandatory_pool,,"EIRENE Functional Requirements Specification, version 7",2.2.18,M,2 Network requirements > 2.2 Voice services,2.2.17 (M): The system shall support multi-party voice communications between up to six different parties.,2.3.1: The EIRENE network will provide data services to support the following data applications: text messages; (O) general data applications; (M) automatic fax; (O) train control applications. (O),"(M) mandatory, (O) optional, (I) informative"
S0019,PURE,2007-eirene_fun_7-2,The EIRENE network will provide data services to support the following data applications: text messages; general data applications; automatic fax; train control applications.,provide data services to support the following data applications: text messages; general data applications; automatic fax; train control applications,no,possibly_multiple_capabilities;colon_structure;multiple_markers,no,possibly_multiple_capabilities;colon_structure;multiple_markers,,"EIRENE Functional Requirements Specification, version 7",2.3.1,O,2 Network requirements > 2.3 Data services,2.2.18 (M): Any of the parties involved in a multi-party voice call shall be able to talk simultaneously.,2.3.2 (O): The network should support the transmission of point-to-point and point-to- multipoint text messages from the ground to mobile users.,"(M) mandatory, (O) optional, (I) informative"
S0020,PURE,2007-eirene_fun_7-2,The network should support the transmission of point-to-point and point-to- multipoint text messages from the ground to mobile users.,support the transmission of point-to-point and point-to- multipoint text messages from the ground to mobile users,yes,,yes,,support the transmission of point-to-point and point-to- multipoint text messages from the ground to mobile users,"EIRENE Functional Requirements Specification, version 7",2.3.2,O,2 Network requirements > 2.3 Data services,2.3.1: The EIRENE network will provide data services to support the following data applications: text messages; (O) general data applications; (M) automatic fax; (O) train control applications. (O),2.3.3 (O): The network should support the receipt of mobile-originated text messages by the ground.,"(M) mandatory, (O) optional, (I) informative"
S0021,PURE,2007-eirene_fun_7-2,The network should support the receipt of mobile-originated text messages by the ground.,support the receipt of mobile-originated text messages by the ground,yes,,yes,,support the receipt of mobile-originated text messages by the ground,"EIRENE Functional Requirements Specification, version 7",2.3.3,O,2 Network requirements > 2.3 Data services,2.3.2 (O): The network should support the transmission of point-to-point and point-to- multipoint text messages from the ground to mobile users.,"2.3.4 (M): If the text message facility is implemented, it shall not interfere with the ability of users to make or receive high priority voice or data calls.","(M) mandatory, (O) optional, (I) informative"
S0022,PURE,2007-eirene_fun_7-2,"If the text message facility is implemented, it shall not interfere with the ability of users to make or receive high priority voice or data calls.",not interfere with the ability of users to make or receive high priority voice or data calls,no,negation;possibly_multiple_capabilities,no,negation;possibly_multiple_capabilities,,"EIRENE Functional Requirements Specification, version 7",2.3.4,M,2 Network requirements > 2.3 Data services,2.3.3 (O): The network should support the receipt of mobile-originated text messages by the ground.,2.3.5 (I): Support is required for a range of data communications between the ground and mobile users. Such applications may include:,"(M) mandatory, (O) optional, (I) informative"
S0023,PURE,2007-eirene_fun_7-2,Support is required for a range of data communications between the ground and mobile users. Such applications may include:,support is required for a range of data communications between the ground and mobile users. Such applications may include,no,multi_sentence;residual_modal_in_capability;colon_structure;informative_marker,no,multi_sentence;residual_modal_in_capability;colon_structure;informative_marker,,"EIRENE Functional Requirements Specification, version 7",2.3.5,I,2 Network requirements > 2.3 Data services,"2.3.4 (M): If the text message facility is implemented, it shall not interfere with the ability of users to make or receive high priority voice or data calls.",2.3.6 (M): The network shall support point-to-point data communications.,"(M) mandatory, (O) optional, (I) informative"
S0024,PURE,2007-eirene_fun_7-2,The network shall support point-to-point data communications.,support point-to-point data communications,yes,,yes,,support point-to-point data communications,"EIRENE Functional Requirements Specification, version 7",2.3.6,M,2 Network requirements > 2.3 Data services,2.3.5 (I): Support is required for a range of data communications between the ground and mobile users. Such applications may include:,2.3.7: Deleted.,"(M) mandatory, (O) optional, (I) informative"
S0025,PURE,2007-eirene_fun_7-2,Deleted.,deleted,no,too_short;empty_or_too_short_capability;no_requirement_cue;no_marker,no,too_short;empty_or_too_short_capability;no_requirement_cue;no_marker,,"EIRENE Functional Requirements Specification, version 7",2.3.7,,2 Network requirements > 2.3 Data services,2.3.6 (M): The network shall support point-to-point data communications.,2.3.8 (M): The network shall support data rates of at least 2.4 kbit/s.,"(M) mandatory, (O) optional, (I) informative"
S0026,PURE,2007-eirene_fun_7-2,The network shall support data rates of at least 2.4 kbit/s.,support data rates of at least 2.4 kbit/s,no,multi_sentence;list_or_heading_marker,no,multi_sentence;list_or_heading_marker,,"EIRENE Functional Requirements Specification, version 7",2.3.8,M,2 Network requirements > 2.3 Data services,2.3.7: Deleted.,2.3.9 (I): Higher data rates will be required by some data applications in order to provide the necessary performance and acceptable transmission times.,"(M) mandatory, (O) optional, (I) informative"
S0027,PURE,2007-eirene_fun_7-2,Higher data rates will be required by some data applications in order to provide the necessary performance and acceptable transmission times.,be required by some data applications in order to provide the necessary performance and acceptable transmission times,no,informative_marker,no,informative_marker,,"EIRENE Functional Requirements Specification, version 7",2.3.9,I,2 Network requirements > 2.3 Data services,2.3.8 (M): The network shall support data rates of at least 2.4 kbit/s.,2.3.10 (I): The priority scheme for calls described in section 10.2 is also valid for data applications.,"(M) mandatory, (O) optional, (I) informative"
S0028,PURE,2007-eirene_fun_7-2,The priority scheme for calls described in section 10.2 is also valid for data applications.,the priority scheme for calls described in section 10.2 is also valid for data applications,no,multi_sentence;no_requirement_cue;table_or_figure_reference;list_or_heading_marker;informative_marker,no,multi_sentence;no_requirement_cue;table_or_figure_reference;list_or_heading_marker;informative_marker,,"EIRENE Functional Requirements Specification, version 7",2.3.10,I,2 Network requirements > 2.3 Data services,2.3.9 (I): Higher data rates will be required by some data applications in order to provide the necessary performance and acceptable transmission times.,2.3.11 (O): The network should support fax transmissions between the ground and mobile users.,"(M) mandatory, (O) optional, (I) informative"
S0029,PURE,2007-eirene_fun_7-2,The network should support fax transmissions between the ground and mobile users.,support fax transmissions between the ground and mobile users,yes,,yes,,support fax transmissions between the ground and mobile users,"EIRENE Functional Requirements Specification, version 7",2.3.11,O,2 Network requirements > 2.3 Data services,2.3.10 (I): The priority scheme for calls described in section 10.2 is also valid for data applications.,"2.3.12 (M): Where fax functionality is provided, it shall be possible to interrupt the fax to make or receive a high priority voice or data call.","(M) mandatory, (O) optional, (I) informative"
S0030,PURE,2007-eirene_fun_7-2,"Where fax functionality is provided, it shall be possible to interrupt the fax to make or receive a high priority voice or data call.",be possible to interrupt the fax to make or receive a high priority voice or data call,no,possibly_multiple_capabilities;residual_modal_in_capability,no,possibly_multiple_capabilities;residual_modal_in_capability,,"EIRENE Functional Requirements Specification, version 7",2.3.12,M,2 Network requirements > 2.3 Data services,2.3.11 (O): The network should support fax transmissions between the ground and mobile users.,"2.3.13 (M): Where ERTMS/ETCS level 2 or 3 is implemented, the network shall be capable of supporting data communications for that train control system.","(M) mandatory, (O) optional, (I) informative"
S0031,PURE,2007-eirene_fun_7-2,"Where ERTMS/ETCS level 2 or 3 is implemented, the network shall be capable of supporting data communications for that train control system.",be capable of supporting data communications for that train control system,no,residual_modal_in_capability,no,residual_modal_in_capability,,"EIRENE Functional Requirements Specification, version 7",2.3.13,M,2 Network requirements > 2.3 Data services,"2.3.12 (M): Where fax functionality is provided, it shall be possible to interrupt the fax to make or receive a high priority voice or data call.",2.3.14: The communications requirements for ERTMS/ETCS are included in the document Summary of ERTMS Communications Requirements,"(M) mandatory, (O) optional, (I) informative"
S0032,PURE,2007-eirene_fun_7-2,The communications requirements for ERTMS/ETCS are included in the document Summary of ERTMS Communications Requirements,the communications requirements for ERTMS/ETCS are included in the document Summary of ERTMS Communications Requirements,no,no_requirement_cue;no_marker,no,no_requirement_cue;no_marker,,"EIRENE Functional Requirements Specification, version 7",2.3.14,,2 Network requirements > 2.3 Data services,"2.3.13 (M): Where ERTMS/ETCS level 2 or 3 is implemented, the network shall be capable of supporting data communications for that train control system.","2.3.15 (I): Communications for train control may be characterised as low data rate per train; however, in some areas there will be a high density of trains requiring simultaneous communications.","(M) mandatory, (O) optional, (I) informative"
S0033,PURE,2007-eirene_fun_7-2,"Communications for train control may be characterised as low data rate per train; however, in some areas there will be a high density of trains requiring simultaneous communications.","be characterised as low data rate per train; however, in some areas there will be a high density of trains requiring simultaneous communications",no,residual_modal_in_capability;informative_marker,no,residual_modal_in_capability;informative_marker,,"EIRENE Functional Requirements Specification, version 7",2.3.15,I,2 Network requirements > 2.3 Data services,2.3.14: The communications requirements for ERTMS/ETCS are included in the document Summary of ERTMS Communications Requirements,2.3.16 (I): The priority scheme for calls described in section 10.2 is also valid for train control applications.,"(M) mandatory, (O) optional, (I) informative"
S0034,PURE,2007-eirene_fun_7-2,The priority scheme for calls described in section 10.2 is also valid for train control applications.,the priority scheme for calls described in section 10.2 is also valid for train control applications,no,multi_sentence;no_requirement_cue;table_or_figure_reference;list_or_heading_marker;informative_marker,no,multi_sentence;no_requirement_cue;table_or_figure_reference;list_or_heading_marker;informative_marker,,"EIRENE Functional Requirements Specification, version 7",2.3.16,I,2 Network requirements > 2.3 Data services,"2.3.15 (I): Communications for train control may be characterised as low data rate per train; however, in some areas there will be a high density of trains requiring simultaneous communications.",2.4.1: The EIRENE network will support the following call related services: display of identity of called/calling user; (M) restriction of display of called/calling user; (O) priority and pre-emption; (M) closed user group; (M) call forwarding; (M) call hold; (M) call waiting; (M) charging information; (O) call barring. (M),"(M) mandatory, (O) optional, (I) informative"
S0035,PURE,2007-eirene_fun_7-2,The EIRENE network will support the following call related services: display of identity of called/calling user; restriction of display of called/calling user; priority and pre-emption; closed user group; call forwarding; call hold; call waiting; charging information; call barring.,support the following call related services: display of identity of called/calling user; restriction of display of called/calling user; priority and pre-emption; closed user group; call forwarding; call hold; call waiting; charging information; call barring,no,too_long;possibly_multiple_capabilities;colon_structure;multiple_markers,no,too_long;possibly_multiple_capabilities;colon_structure;multiple_markers,,"EIRENE Functional Requirements Specification, version 7",2.4.1,M,2 Network requirements > 2.4 Call related services,2.3.16 (I): The priority scheme for calls described in section 10.2 is also valid for train control applications.,2.4.2 (M): It shall be possible for the equipment to display the identity of the called or calling party in the form of a standard telephone number.,"(M) mandatory, (O) optional, (I) informative"
S0036,PURE,2007-eirene_fun_7-2,It shall be possible for the equipment to display the identity of the called or calling party in the form of a standard telephone number.,be possible for the equipment to display the identity of the called or calling party in the form of a standard telephone number,no,impersonal_construction,no,impersonal_construction,,"EIRENE Functional Requirements Specification, version 7",2.4.2,M,2 Network requirements > 2.4 Call related services,2.4.1: The EIRENE network will support the following call related services: display of identity of called/calling user; (M) restriction of display of called/calling user; (O) priority and pre-emption; (M) closed user group; (M) call forwarding; (M) call hold; (M) call waiting; (M) charging information; (O) call barring. (M),2.4.3 (M): It shall be possible to display the identity of the called or calling party as a textual description of their function.,"(M) mandatory, (O) optional, (I) informative"
S0037,PURE,2007-eirene_fun_7-2,It shall be possible to display the identity of the called or calling party as a textual description of their function.,be possible to display the identity of the called or calling party as a textual description of their function,no,residual_modal_in_capability;impersonal_construction,no,residual_modal_in_capability;impersonal_construction,,"EIRENE Functional Requirements Specification, version 7",2.4.3,M,2 Network requirements > 2.4 Call related services,2.4.2 (M): It shall be possible for the equipment to display the identity of the called or calling party in the form of a standard telephone number.,"2.4.4 (O): It should be possible for the network to prevent the identity of certain users from being displayed on the mobile, either when being called, calling or both.","(M) mandatory, (O) optional, (I) informative"
S0038,PURE,2007-eirene_fun_7-2,"It should be possible for the network to prevent the identity of certain users from being displayed on the mobile, either when being called, calling or both.","be possible for the network to prevent the identity of certain users from being displayed on the mobile, either when being called, calling or both",no,impersonal_construction,no,impersonal_construction,,"EIRENE Functional Requirements Specification, version 7",2.4.4,O,2 Network requirements > 2.4 Call related services,2.4.3 (M): It shall be possible to display the identity of the called or calling party as a textual description of their function.,2.4.5 (M): The network shall provide a mechanism whereby calls may be assigned one of a number of different priority levels.,"(M) mandatory, (O) optional, (I) informative"
S0039,PURE,2007-eirene_fun_7-2,The network shall provide a mechanism whereby calls may be assigned one of a number of different priority levels.,provide a mechanism whereby calls may be assigned one of a number of different priority levels,no,residual_modal_in_capability,no,residual_modal_in_capability,,"EIRENE Functional Requirements Specification, version 7",2.4.5,M,2 Network requirements > 2.4 Call related services,"2.4.4 (O): It should be possible for the network to prevent the identity of certain users from being displayed on the mobile, either when being called, calling or both.",2.4.6 (M): This mechanism shall allow calls with a higher assigned priority to override (pre-empt) existing calls of a lower priority.,"(M) mandatory, (O) optional, (I) informative"
S0040,PURE,2007-eirene_fun_7-2,This mechanism shall allow calls with a higher assigned priority to override (pre-empt) existing calls of a lower priority.,allow calls with a higher assigned priority to override (pre-empt) existing calls of a lower priority,yes,,yes,,allow calls with a higher assigned priority to override (pre-empt) existing calls of a lower priority,"EIRENE Functional Requirements Specification, version 7",2.4.6,M,2 Network requirements > 2.4 Call related services,2.4.5 (M): The network shall provide a mechanism whereby calls may be assigned one of a number of different priority levels.,2.4.7 (M): Pre-empted calls will be discontinued and the new call of a higher priority shall be connected instead.,"(M) mandatory, (O) optional, (I) informative"
S0041,PURE,2007-eirene_fun_7-2,Pre-empted calls will be discontinued and the new call of a higher priority shall be connected instead.,be discontinued and the new call of a higher priority shall be connected instead,no,residual_modal_in_capability,no,residual_modal_in_capability,,"EIRENE Functional Requirements Specification, version 7",2.4.7,M,2 Network requirements > 2.4 Call related services,2.4.6 (M): This mechanism shall allow calls with a higher assigned priority to override (pre-empt) existing calls of a lower priority.,2.4.8 (M): The group of users who may access the facilities of the EIRENE network shall be limited.,"(M) mandatory, (O) optional, (I) informative"
S0042,PURE,2007-eirene_fun_7-2,The group of users who may access the facilities of the EIRENE network shall be limited.,access the facilities of the EIRENE network shall be limited,no,residual_modal_in_capability,no,residual_modal_in_capability,,"EIRENE Functional Requirements Specification, version 7",2.4.8,M,2 Network requirements > 2.4 Call related services,2.4.7 (M): Pre-empted calls will be discontinued and the new call of a higher priority shall be connected instead.,2.4.9 (M): Any user who is not within the list of allowed EIRENE users shall not be able to gain access to any of the functions and services provided by the network.,"(M) mandatory, (O) optional, (I) informative"
S0043,PURE,2007-eirene_fun_7-2,Any user who is not within the list of allowed EIRENE users shall not be able to gain access to any of the functions and services provided by the network.,not be able to gain access to any of the functions and services provided by the network,no,negation;residual_modal_in_capability,no,negation;residual_modal_in_capability,,"EIRENE Functional Requirements Specification, version 7",2.4.9,M,2 Network requirements > 2.4 Call related services,2.4.8 (M): The group of users who may access the facilities of the EIRENE network shall be limited.,2.4.10 (M): It shall be possible for an incoming call or data message for one user to be forwarded to another user using functionality provided by the network.,"(M) mandatory, (O) optional, (I) informative"
S0044,PURE,2007-eirene_fun_7-2,It shall be possible for an incoming call or data message for one user to be forwarded to another user using functionality provided by the network.,be possible for an incoming call or data message for one user to be forwarded to another user using functionality provided by the network,no,impersonal_construction,no,impersonal_construction,,"EIRENE Functional Requirements Specification, version 7",2.4.10,M,2 Network requirements > 2.4 Call related services,2.4.9 (M): Any user who is not within the list of allowed EIRENE users shall not be able to gain access to any of the functions and services provided by the network.,"2.4.11 (M): In the case of voice calls, it shall be possible for the user who is attempting to forward a call to converse with the intended recipient prior to forwarding.","(M) mandatory, (O) optional, (I) informative"
S0045,PURE,2007-eirene_fun_7-2,"In the case of voice calls, it shall be possible for the user who is attempting to forward a call to converse with the intended recipient prior to forwarding.",be possible for the user who is attempting to forward a call to converse with the intended recipient prior to forwarding,yes,,yes,,be possible for the user who is attempting to forward a call to converse with the intended recipient prior to forwarding,"EIRENE Functional Requirements Specification, version 7",2.4.11,M,2 Network requirements > 2.4 Call related services,2.4.10 (M): It shall be possible for an incoming call or data message for one user to be forwarded to another user using functionality provided by the network.,2.4.12: There are a number of sub-classes of call forwarding to be supported by the network: automatically forward the incoming call without any user interaction ( unconditional ); (M) automatically forward the incoming call without user interaction if the user is busy in an existing call ( busy ); (M) automatically forward the incoming call if there is no reply from the intended recipient ( no reply ); (O) automatically forward the incoming call if the intended recipient cannot be contacted via the network ( not reachable ). (O),"(M) mandatory, (O) optional, (I) informative"
S0046,PURE,2007-eirene_fun_7-2,There are a number of sub-classes of call forwarding to be supported by the network: automatically forward the incoming call without any user interaction ( unconditional ); automatically forward the incoming call without user interaction if the user is busy in an existing call ( busy ); automatically forward the incoming call if there is no reply from the intended recipient ( no reply ); automatically forward the incoming call if the intended recipient cannot be contacted via the network ( not reachable ).,there are a number of sub-classes of call forwarding to be supported by the network: automatically forward the incoming call without any user interaction ( unconditional ); automatically forward the incoming call without user interaction if the user is busy in an existing call ( busy ); automatically forward the incoming call if there is no reply from the intended recipient ( no reply ); automatically forward the incoming call if the intended recipient cannot be contacted via the network ( not reachable ),no,too_long;negation;possibly_multiple_capabilities;no_requirement_cue;colon_structure;multiple_markers,no,too_long;negation;possibly_multiple_capabilities;no_requirement_cue;colon_structure;multiple_markers,,"EIRENE Functional Requirements Specification, version 7",2.4.12,O,2 Network requirements > 2.4 Call related services,"2.4.11 (M): In the case of voice calls, it shall be possible for the user who is attempting to forward a call to converse with the intended recipient prior to forwarding.",2.4.13 (M): The network shall allow the user to temporarily exit from an existing call by putting the call on hold.,"(M) mandatory, (O) optional, (I) informative"
S0047,PURE,2007-eirene_fun_7-2,The network shall allow the user to temporarily exit from an existing call by putting the call on hold.,allow the user to temporarily exit from an existing call by putting the call on hold,yes,,yes,,allow the user to temporarily exit from an existing call by putting the call on hold,"EIRENE Functional Requirements Specification, version 7",2.4.13,M,2 Network requirements > 2.4 Call related services,2.4.12: There are a number of sub-classes of call forwarding to be supported by the network: automatically forward the incoming call without any user interaction ( unconditional ); (M) automatically forward the incoming call without user interaction if the user is busy in an existing call ( busy ); (M) automatically forward the incoming call if there is no reply from the intended recipient ( no reply ); (O) automatically forward the incoming call if the intended recipient cannot be contacted via the network ( not reachable ). (O),2.4.14 (M): It shall be possible for the user to re-join the call which is on hold at any time.,"(M) mandatory, (O) optional, (I) informative"
S0048,PURE,2007-eirene_fun_7-2,It shall be possible for the user to re-join the call which is on hold at any time.,be possible for the user to re-join the call which is on hold at any time,no,impersonal_construction,no,impersonal_construction,,"EIRENE Functional Requirements Specification, version 7",2.4.14,M,2 Network requirements > 2.4 Call related services,2.4.13 (M): The network shall allow the user to temporarily exit from an existing call by putting the call on hold.,"2.4.15 (M): The network shall provide the ability to inform a user, who is involved in an existing call, of attempts by other users to contact them.","(M) mandatory, (O) optional, (I) informative"
S0049,PURE,2007-eirene_fun_7-2,"The network shall provide the ability to inform a user, who is involved in an existing call, of attempts by other users to contact them.","provide the ability to inform a user, who is involved in an existing call, of attempts by other users to contact them",yes,,yes,,"provide the ability to inform a user, who is involved in an existing call, of attempts by other users to contact them","EIRENE Functional Requirements Specification, version 7",2.4.15,M,2 Network requirements > 2.4 Call related services,2.4.14 (M): It shall be possible for the user to re-join the call which is on hold at any time.,"2.4.16 (O): Where network services are chargeable, it should be possible for the network to provide information about call rates and on-going call charges.","(M) mandatory, (O) optional, (I) informative"
S0050,PURE,2007-eirene_fun_7-2,"Where network services are chargeable, it should be possible for the network to provide information about call rates and on-going call charges.",be possible for the network to provide information about call rates and on-going call charges,yes,,yes,,be possible for the network to provide information about call rates and on-going call charges,"EIRENE Functional Requirements Specification, version 7",2.4.16,O,2 Network requirements > 2.4 Call related services,"2.4.15 (M): The network shall provide the ability to inform a user, who is involved in an existing call, of attempts by other users to contact them.","2.4.17 (M): It shall be possible, using network management or maintenance facilities, to prevent individual users from:","(M) mandatory, (O) optional, (I) informative"
S0051,PURE,2007-eirene_fun_7-2,"It shall be possible, using network management or maintenance facilities, to prevent individual users from:","be possible, using network management or maintenance facilities, to prevent individual users from",no,colon_structure;impersonal_construction,no,colon_structure;impersonal_construction,,"EIRENE Functional Requirements Specification, version 7",2.4.17,M,2 Network requirements > 2.4 Call related services,"2.4.16 (O): Where network services are chargeable, it should be possible for the network to provide information about call rates and on-going call charges.",2.5.1: The EIRENE network shall also provide support for the following railway specific services: functional addressing including registration/deregistration (see section 11); (M) location dependent addressing (see section 11); (M) shunting mode (see section 14); (M) Railway emergency calls (see section 13). (M),"(M) mandatory, (O) optional, (I) informative"
S0052,PURE,2007-eirene_fun_7-2,The EIRENE network shall also provide support for the following railway specific services: functional addressing including registration/deregistration (see section 11); location dependent addressing (see section 11); shunting mode (see section 14); Railway emergency calls (see section 13).,also provide support for the following railway specific services: functional addressing including registration/deregistration (see section 11); location dependent addressing (see section 11); shunting mode (see section 14); Railway emergency calls (see section 13),no,too_long;possibly_multiple_capabilities;table_or_figure_reference;colon_structure;multiple_markers,no,too_long;possibly_multiple_capabilities;table_or_figure_reference;colon_structure;multiple_markers,,"EIRENE Functional Requirements Specification, version 7",2.5.1,M,2 Network requirements > 2.5 Railway specific services,"2.4.17 (M): It shall be possible, using network management or maintenance facilities, to prevent individual users from:",3.1.1 (I): This section describes the requirements for the EIRENE network and the performance levels which are to be achieved. The aim is to provide interoperability between networks and a consistent level of service.,"(M) mandatory, (O) optional, (I) informative"
S0053,PURE,2007-eirene_fun_7-2,This section describes the requirements for the EIRENE network and the performance levels which are to be achieved. The aim is to provide interoperability between networks and a consistent level of service.,this section describes the requirements for the EIRENE network and the performance levels which are to be achieved. The aim is to provide interoperability between networks and a consistent level of service,no,multi_sentence;possibly_multiple_capabilities;no_requirement_cue;table_or_figure_reference;informative_marker,no,multi_sentence;possibly_multiple_capabilities;no_requirement_cue;table_or_figure_reference;informative_marker,,"EIRENE Functional Requirements Specification, version 7",3.1.1,I,3 Network configuration > 3.1 Introduction,2.5.1: The EIRENE network shall also provide support for the following railway specific services: functional addressing including registration/deregistration (see section 11); (M) location dependent addressing (see section 11); (M) shunting mode (see section 14); (M) Railway emergency calls (see section 13). (M),3.1.2: It may be necessary to supplement this Functional Requirements Specification with special requirements for supporting the train control application. Further information on the communications requirements to support ERTMS can be found in the Summary of ERTMS Communication Requirements document .,"(M) mandatory, (O) optional, (I) informative"
S0054,PURE,2007-eirene_fun_7-2,It may be necessary to supplement this Functional Requirements Specification with special requirements for supporting the train control application. Further information on the communications requirements to support ERTMS can be found in the Summary of ERTMS Communication Requirements document .,be necessary to supplement this Functional Requirements Specification with special requirements for supporting the train control application. Further information on the communications requirements to support ERTMS can be found in the Summary of ERTMS Communication Requirements document,no,too_long;multi_sentence;residual_modal_in_capability;no_marker,no,too_long;multi_sentence;residual_modal_in_capability;no_marker,,"EIRENE Functional Requirements Specification, version 7",3.1.2,,3 Network configuration > 3.1 Introduction,3.1.1 (I): This section describes the requirements for the EIRENE network and the performance levels which are to be achieved. The aim is to provide interoperability between networks and a consistent level of service.,"3.2.1 (I): For network planning, the coverage level is defined in terms of time and area where the minimum signal criteria are achieved.","(M) mandatory, (O) optional, (I) informative"
S0055,PURE,2007-eirene_fun_7-2,"For network planning, the coverage level is defined in terms of time and area where the minimum signal criteria are achieved.","for network planning, the coverage level is defined in terms of time and area where the minimum signal criteria are achieved",no,stranded_preposition;no_requirement_cue;informative_marker,no,stranded_preposition;no_requirement_cue;informative_marker,,"EIRENE Functional Requirements Specification, version 7",3.2.1,I,3 Network configuration > 3.2 Coverage and performance,3.1.2: It may be necessary to supplement this Functional Requirements Specification with special requirements for supporting the train control application. Further information on the communications requirements to support ERTMS can be found in the Summary of ERTMS Communication Requirements document .,3.2.2 (O): The level of coverage should be at least 95% of the time over 95% of the designated coverage area for a radio installed in a vehicle with an external antenna.,"(M) mandatory, (O) optional, (I) informative"
S0056,PURE,2007-eirene_fun_7-2,The level of coverage should be at least 95% of the time over 95% of the designated coverage area for a radio installed in a vehicle with an external antenna.,be at least 95% of the time over 95% of the designated coverage area for a radio installed in a vehicle with an external antenna,no,formula_or_symbol;symbol_heavy,no,formula_or_symbol;symbol_heavy,,"EIRENE Functional Requirements Specification, version 7",3.2.2,O,3 Network configuration > 3.2 Coverage and performance,"3.2.1 (I): For network planning, the coverage level is defined in terms of time and area where the minimum signal criteria are achieved.",3.2.3 (M): The network shall support all EIRENE-compliant mobiles.,"(M) mandatory, (O) optional, (I) informative"
S0057,PURE,2007-eirene_fun_7-2,The network shall support all EIRENE-compliant mobiles.,support all EIRENE-compliant mobiles,yes,,yes,,support all EIRENE-compliant mobiles,"EIRENE Functional Requirements Specification, version 7",3.2.3,M,3 Network configuration > 3.2 Coverage and performance,3.2.2 (O): The level of coverage should be at least 95% of the time over 95% of the designated coverage area for a radio installed in a vehicle with an external antenna.,3.2.4: The land-based part of the system shall provide communications for mobiles when stationary and when travelling at speeds up to the maximum allowable line speed or,"(M) mandatory, (O) optional, (I) informative"
S0058,PURE,2007-eirene_fun_7-2,The land-based part of the system shall provide communications for mobiles when stationary and when travelling at speeds up to the maximum allowable line speed or,provide communications for mobiles when stationary and when travelling at speeds up to the maximum allowable line speed or,no,no_marker,no,no_marker,,"EIRENE Functional Requirements Specification, version 7",3.2.4,,3 Network configuration > 3.2 Coverage and performance,3.2.3 (M): The network shall support all EIRENE-compliant mobiles.,"3.3.1: (Network selection requirements for mobiles have been moved to sections 5, 6 and 7).","(M) mandatory, (O) optional, (I) informative"
S0059,PURE,2007-eirene_fun_7-2,"(Network selection requirements for mobiles have been moved to sections 5, 6 and 7).","(Network selection requirements for mobiles have been moved to sections 5, 6 and 7)",no,no_requirement_cue;no_marker,no,no_requirement_cue;no_marker,,"EIRENE Functional Requirements Specification, version 7",3.3.1,,3 Network configuration > 3.3 Network interconnection,3.2.4: The land-based part of the system shall provide communications for mobiles when stationary and when travelling at speeds up to the maximum allowable line speed or,3.3.2: Deleted.,"(M) mandatory, (O) optional, (I) informative"
S0060,PURE,2007-eirene_fun_7-2,"Network interconnection is subject to a bilateral agreement between network operators. The interconnection between the networks must, as a minimum, be compliant with applicable open specifications.","network interconnection is subject to a bilateral agreement between network operators. The interconnection between the networks must, as a minimum, be compliant with applicable open specifications",no,multi_sentence;residual_modal_in_capability;informative_marker,no,multi_sentence;residual_modal_in_capability;informative_marker,,"EIRENE Functional Requirements Specification, version 7",3.3.3,I,3 Network configuration > 3.3 Network interconnection,3.3.2: Deleted.,"3.3.4 (I): During the process of moving from one GSM-R network to another, the system must minimise the inconvenience to the user.","(M) mandatory, (O) optional, (I) informative"
S0061,PURE,2007-eirene_fun_7-2,"During the process of moving from one GSM-R network to another, the system must minimise the inconvenience to the user.",minimise the inconvenience to the user,no,informative_marker,no,informative_marker,,"EIRENE Functional Requirements Specification, version 7",3.3.4,I,3 Network configuration > 3.3 Network interconnection,"3.3.3 (I): Network interconnection is subject to a bilateral agreement between network operators. The interconnection between the networks must, as a minimum, be compliant with applicable open specifications.",3.4.1 (I): Call set-up time requirements are dependent mainly upon priority (see section 10.2).,"(M) mandatory, (O) optional, (I) informative"
S0062,PURE,2007-eirene_fun_7-2,Call set-up time requirements are dependent mainly upon priority (see section 10.2).,call set-up time requirements are dependent mainly upon priority (see section 10.2),no,multi_sentence;no_requirement_cue;table_or_figure_reference;list_or_heading_marker;informative_marker,no,multi_sentence;no_requirement_cue;table_or_figure_reference;list_or_heading_marker;informative_marker,,"EIRENE Functional Requirements Specification, version 7",3.4.1,I,3 Network configuration > 3.4 Call set-up time requirement,"3.3.4 (I): During the process of moving from one GSM-R network to another, the system must minimise the inconvenience to the user.",3.4.2 (M): The required call set-up times shall be achieved in 95% of cases.,"(M) mandatory, (O) optional, (I) informative"
S0063,PURE,2007-eirene_fun_7-2,The required call set-up times shall be achieved in 95% of cases.,be achieved in 95% of cases,no,formula_or_symbol;symbol_heavy,no,formula_or_symbol;symbol_heavy,,"EIRENE Functional Requirements Specification, version 7",3.4.2,M,3 Network configuration > 3.4 Call set-up time requirement,3.4.1 (I): Call set-up time requirements are dependent mainly upon priority (see section 10.2).,3.4.3 (M): Call set-up times for 99% of cases shall not be more than 1.5 times the required call set- up time.,"(M) mandatory, (O) optional, (I) informative"
S0064,PURE,2007-eirene_fun_7-2,Call set-up times for 99% of cases shall not be more than 1.5 times the required call set- up time.,not be more than 1.5 times the required call set- up time,no,multi_sentence;negation;formula_or_symbol;list_or_heading_marker;symbol_heavy,no,multi_sentence;negation;formula_or_symbol;list_or_heading_marker;symbol_heavy,,"EIRENE Functional Requirements Specification, version 7",3.4.3,M,3 Network configuration > 3.4 Call set-up time requirement,3.4.2 (M): The required call set-up times shall be achieved in 95% of cases.,3.4.4 (M): Set-up times shall include the time required for any translation of functional numbers internal to the EIRENE network.,"(M) mandatory, (O) optional, (I) informative"
S0065,PURE,2007-eirene_fun_7-2,Set-up times shall include the time required for any translation of functional numbers internal to the EIRENE network.,include the time required for any translation of functional numbers internal to the EIRENE network,yes,,no,not_sampled_mandatory_pool,,"EIRENE Functional Requirements Specification, version 7",3.4.4,M,3 Network configuration > 3.4 Call set-up time requirement,3.4.3 (M): Call set-up times for 99% of cases shall not be more than 1.5 times the required call set- up time.,3.4.2i: The requirements for end-to-end call set-up performance are indicated in table 3-1. (I) Call type Call set-up time Railway emergency calls <2s* (M) Group calls between drivers in the same area <5s (M) All operational mobile-to-fixed calls not <5s (O) covered by the above All operational fixed-to-mobile calls not <7s (O) covered by the above All operational mobile-to-mobile calls not <10s (O) covered by the above All low priority calls <10s (O),"(M) mandatory, (O) optional, (I) informative"
S0066,PURE,2007-eirene_fun_7-2,The requirements for end-to-end call set-up performance are indicated in table 3-1. Call type Call set-up time Railway emergency calls <2s* Group calls between drivers in the same area <5s All operational mobile-to-fixed calls not <5s covered by the above All operational fixed-to-mobile calls not <7s covered by the above All operational mobile-to-mobile calls not <10s covered by the above All low priority calls <10s,the requirements for end-to-end call set-up performance are indicated in table 3-1. Call type Call set-up time Railway emergency calls <2s* Group calls between drivers in the same area <5s All operational mobile-to-fixed calls not <5s covered by the above All operational fixed-to-mobile calls not <7s covered by the above All operational mobile-to-mobile calls not <10s covered by the above All low priority calls <10s,no,too_long;multi_sentence;negation;formula_or_symbol;no_requirement_cue;table_or_figure_reference;symbol_heavy;multiple_markers,no,too_long;multi_sentence;negation;formula_or_symbol;no_requirement_cue;table_or_figure_reference;symbol_heavy;multiple_markers,,"EIRENE Functional Requirements Specification, version 7",3.4.2i,O,3 Network configuration > 3.4 Call set-up time requirement,3.4.4 (M): Set-up times shall include the time required for any translation of functional numbers internal to the EIRENE network.,"3.5.1 (I): Where fixed network users are involved in a group or broadcast call, fixed network users will be pre-defined and will not change during the course of the call.","(M) mandatory, (O) optional, (I) informative"
S0067,PURE,2007-eirene_fun_7-2,"Where fixed network users are involved in a group or broadcast call, fixed network users will be pre-defined and will not change during the course of the call.",be pre-defined and will not change during the course of the call,no,negation;possibly_multiple_capabilities;residual_modal_in_capability;informative_marker,no,negation;possibly_multiple_capabilities;residual_modal_in_capability;informative_marker,,"EIRENE Functional Requirements Specification, version 7",3.5.1,I,3 Network configuration > 3.5 Broadcast and group call areas,3.4.2i: The requirements for end-to-end call set-up performance are indicated in table 3-1. (I) Call type Call set-up time Railway emergency calls <2s* (M) Group calls between drivers in the same area <5s (M) All operational mobile-to-fixed calls not <5s (O) covered by the above All operational fixed-to-mobile calls not <7s (O) covered by the above All operational mobile-to-mobile calls not <10s (O) covered by the above All low priority calls <10s (O),"3.5.2 (M): The group or broadcast call area used will have the effect of determining which mobiles can participate in the call (ie those currently within the area defined). It shall be possible to determine the area over which the call takes place by one, or a combination, of the following:","(M) mandatory, (O) optional, (I) informative"
S0068,PURE,2007-eirene_fun_7-2,"The group or broadcast call area used will have the effect of determining which mobiles can participate in the call (ie those currently within the area defined). It shall be possible to determine the area over which the call takes place by one, or a combination, of the following:","have the effect of determining which mobiles can participate in the call (ie those currently within the area defined). It shall be possible to determine the area over which the call takes place by one, or a combination, of the following",no,too_long;multi_sentence;possibly_multiple_capabilities;residual_modal_in_capability;colon_structure,no,too_long;multi_sentence;possibly_multiple_capabilities;residual_modal_in_capability;colon_structure,,"EIRENE Functional Requirements Specification, version 7",3.5.2,M,3 Network configuration > 3.5 Broadcast and group call areas,"3.5.1 (I): Where fixed network users are involved in a group or broadcast call, fixed network users will be pre-defined and will not change during the course of the call.","3.5.3 (M): Any group or broadcast calls initiated in a given location shall be broadcast over an associated area based on the location of the call originator, and also to any fixed network numbers associated with the originating location.","(M) mandatory, (O) optional, (I) informative"
S0069,PURE,2007-eirene_fun_7-2,"Any group or broadcast calls initiated in a given location shall be broadcast over an associated area based on the location of the call originator, and also to any fixed network numbers associated with the originating location.","be broadcast over an associated area based on the location of the call originator, and also to any fixed network numbers associated with the originating location",no,too_long;possibly_multiple_capabilities,no,too_long;possibly_multiple_capabilities,,"EIRENE Functional Requirements Specification, version 7",3.5.3,M,3 Network configuration > 3.5 Broadcast and group call areas,"3.5.2 (M): The group or broadcast call area used will have the effect of determining which mobiles can participate in the call (ie those currently within the area defined). It shall be possible to determine the area over which the call takes place by one, or a combination, of the following:",3.5.4 (O): The definition of each broadcast or group call area should take into account factors such as the speed of trains on the line (stopping distance) and the operational control areas.,"(M) mandatory, (O) optional, (I) informative"
S0070,PURE,2007-eirene_fun_7-2,The definition of each broadcast or group call area should take into account factors such as the speed of trains on the line (stopping distance) and the operational control areas.,take into account factors such as the speed of trains on the line (stopping distance) and the operational control areas,no,possibly_multiple_capabilities,no,possibly_multiple_capabilities,,"EIRENE Functional Requirements Specification, version 7",3.5.4,O,3 Network configuration > 3.5 Broadcast and group call areas,"3.5.3 (M): Any group or broadcast calls initiated in a given location shall be broadcast over an associated area based on the location of the call originator, and also to any fixed network numbers associated with the originating location.",3.5.5 (I): It is acceptable that mobiles which move out of the call area during the call be dropped from the call.,"(M) mandatory, (O) optional, (I) informative"
S0071,PURE,2007-eirene_fun_7-2,It is acceptable that mobiles which move out of the call area during the call be dropped from the call.,it is acceptable that mobiles which move out of the call area during the call be dropped from the call,no,no_requirement_cue;informative_marker,no,no_requirement_cue;informative_marker,,"EIRENE Functional Requirements Specification, version 7",3.5.5,I,3 Network configuration > 3.5 Broadcast and group call areas,3.5.4 (O): The definition of each broadcast or group call area should take into account factors such as the speed of trains on the line (stopping distance) and the operational control areas.,3.5.6 (M): Mobiles configured for reception of railway emergency calls entering into a call area where a railway emergency call is ongoing shall automatically join this call.,"(M) mandatory, (O) optional, (I) informative"
S0072,PURE,2007-eirene_fun_7-2,Mobiles configured for reception of railway emergency calls entering into a call area where a railway emergency call is ongoing shall automatically join this call.,mobiles configured for reception of railway emergency calls entering into a call area where a railway emergency call is ongoing shall automatically join this call,no,residual_modal_in_capability,no,residual_modal_in_capability,,"EIRENE Functional Requirements Specification, version 7",3.5.6,M,3 Network configuration > 3.5 Broadcast and group call areas,3.5.5 (I): It is acceptable that mobiles which move out of the call area during the call be dropped from the call.,3.5.7 (M): Cab Radios configured for reception of a call to all drivers in the same area entering an area where a call to all drivers in the same area is ongoing shall automatically join this call unless involved in a higher priority call or involved in a call of the same priority.,"(M) mandatory, (O) optional, (I) informative"
S0073,PURE,2007-eirene_fun_7-2,Cab Radios configured for reception of a call to all drivers in the same area entering an area where a call to all drivers in the same area is ongoing shall automatically join this call unless involved in a higher priority call or involved in a call of the same priority.,cab Radios configured for reception of a call to all drivers in the same area entering an area where a call to all drivers in the same area is ongoing shall automatically join this call unless involved in a higher priority call or involved in a call of the same priority,no,too_long;residual_modal_in_capability,no,too_long;residual_modal_in_capability,,"EIRENE Functional Requirements Specification, version 7",3.5.7,M,3 Network configuration > 3.5 Broadcast and group call areas,3.5.6 (M): Mobiles configured for reception of railway emergency calls entering into a call area where a railway emergency call is ongoing shall automatically join this call.,3.5.8 (I): Requirement 3.5.7 needs further technical specification changes before field implementation can be achieved.,"(M) mandatory, (O) optional, (I) informative"
S0074,PURE,2007-eirene_fun_7-2,Requirement 3.5.7 needs further technical specification changes before field implementation can be achieved.,requirement 3.5.7 needs further technical specification changes before field implementation can be achieved,no,multi_sentence;residual_modal_in_capability;no_requirement_cue;list_or_heading_marker;informative_marker,no,multi_sentence;residual_modal_in_capability;no_requirement_cue;list_or_heading_marker;informative_marker,,"EIRENE Functional Requirements Specification, version 7",3.5.8,I,3 Network configuration > 3.5 Broadcast and group call areas,3.5.7 (M): Cab Radios configured for reception of a call to all drivers in the same area entering an area where a call to all drivers in the same area is ongoing shall automatically join this call unless involved in a higher priority call or involved in a call of the same priority.,"4.1.1 (I): All EIRENE mobiles are specified with a common level of basic services, facilities and features. This section of the specification gives details of these core requirements, while sections 5, 6 and 7 detail requirements specific to each of the radio types.","(M) mandatory, (O) optional, (I) informative"
S0075,PURE,2007-eirene_fun_7-2,"All EIRENE mobiles are specified with a common level of basic services, facilities and features. This section of the specification gives details of these core requirements, while sections 5, 6 and 7 detail requirements specific to each of the radio types.","all EIRENE mobiles are specified with a common level of basic services, facilities and features. This section of the specification gives details of these core requirements, while sections 5, 6 and 7 detail requirements specific to each of the radio types",no,too_long;multi_sentence;possibly_multiple_capabilities;no_requirement_cue;table_or_figure_reference;informative_marker,no,too_long;multi_sentence;possibly_multiple_capabilities;no_requirement_cue;table_or_figure_reference;informative_marker,,"EIRENE Functional Requirements Specification, version 7",4.1.1,I,4 Mobile equipment core specification > 4.1 Introduction,3.5.8 (I): Requirement 3.5.7 needs further technical specification changes before field implementation can be achieved.,"4.1.2 (I): Three distinct mobile radio types are required, based on the type of role they will perform and the environment in which they will operate, as follows:","(M) mandatory, (O) optional, (I) informative"
S0076,PURE,2007-eirene_fun_7-2,"Three distinct mobile radio types are required, based on the type of role they will perform and the environment in which they will operate, as follows:","perform and the environment in which they will operate, as follows",no,residual_modal_in_capability;colon_structure;informative_marker,no,residual_modal_in_capability;colon_structure;informative_marker,,"EIRENE Functional Requirements Specification, version 7",4.1.2,I,4 Mobile equipment core specification > 4.1 Introduction,"4.1.1 (I): All EIRENE mobiles are specified with a common level of basic services, facilities and features. This section of the specification gives details of these core requirements, while sections 5, 6 and 7 detail requirements specific to each of the radio types.","4.1.3 (M): It shall be possible to operate all mobiles in the frequency bands around 900 MHz, allocated for use by the railways, and in the public GSM networks.","(M) mandatory, (O) optional, (I) informative"
S0077,PURE,2007-eirene_fun_7-2,"It shall be possible to operate all mobiles in the frequency bands around 900 MHz, allocated for use by the railways, and in the public GSM networks.","be possible to operate all mobiles in the frequency bands around 900 MHz, allocated for use by the railways, and in the public GSM networks",no,residual_modal_in_capability;impersonal_construction,no,residual_modal_in_capability;impersonal_construction,,"EIRENE Functional Requirements Specification, version 7",4.1.3,M,4 Mobile equipment core specification > 4.1 Introduction,"4.1.2 (I): Three distinct mobile radio types are required, based on the type of role they will perform and the environment in which they will operate, as follows:",4.1.4: Mobile equipment shall function correctly when travelling at speeds from 0 km/h to,"(M) mandatory, (O) optional, (I) informative"
S0078,PURE,2007-eirene_fun_7-2,Mobile equipment shall function correctly when travelling at speeds from 0 km/h to,function correctly when travelling at speeds from 0 km/h to,no,no_marker,no,no_marker,,"EIRENE Functional Requirements Specification, version 7",4.1.4,,4 Mobile equipment core specification > 4.1 Introduction,"4.1.3 (M): It shall be possible to operate all mobiles in the frequency bands around 900 MHz, allocated for use by the railways, and in the public GSM networks.","4.1.1i (I): Where there are mandatory requirements for human-machine interface attributes that are not defined in this specification, the decision for the way of presentation is a national issue. In any case, these national solutions must not conflict with those of the CENELEC Standard, in particular for the actions required from the drivers of trains passing the borders.","(M) mandatory, (O) optional, (I) informative"
S0079,PURE,2007-eirene_fun_7-2,"Where there are mandatory requirements for human-machine interface attributes that are not defined in this specification, the decision for the way of presentation is a national issue. In any case, these national solutions must not conflict with those of the CENELEC Standard, in particular for the actions required from the drivers of trains passing the borders.","where there are mandatory requirements for human-machine interface attributes that are not defined in this specification, the decision for the way of presentation is a national issue. In any case, these national solutions must not conflict with those of the CENELEC Standard, in particular for the actions required from the drivers of trains passing the borders",no,too_long;multi_sentence;negation;residual_modal_in_capability;informative_marker,no,too_long;multi_sentence;negation;residual_modal_in_capability;informative_marker,,"EIRENE Functional Requirements Specification, version 7",4.1.1i,I,4 Mobile equipment core specification > 4.1 Introduction,4.1.4: Mobile equipment shall function correctly when travelling at speeds from 0 km/h to,"4.2.1: The following voice telephony services, identified in section 2, are to be supported for each type of mobile radio: Cab radio General purpose Operational radio radio Point-to-point voice calls M M M Public emergency voice calls M M M Broadcast voice calls M M M Group voice calls M M M Multi-party voice calls M O O Table 4-1: Voice telephony services to be supported","(M) mandatory, (O) optional, (I) informative"
S0080,PURE,2007-eirene_fun_7-2,"The following voice telephony services, identified in section 2, are to be supported for each type of mobile radio: Cab radio General purpose Operational radio radio Point-to-point voice calls M M M Public emergency voice calls M M M Broadcast voice calls M M M Group voice calls M M M Multi-party voice calls M O O Table 4-1: Voice telephony services to be supported","the following voice telephony services, identified in section 2, are to be supported for each type of mobile radio: Cab radio General purpose Operational radio radio Point-to-point voice calls M M M Public emergency voice calls M M M Broadcast voice calls M M M Group voice calls M M M Multi-party voice calls M O O Table 4-1: Voice telephony services to be supported",no,too_long;formula_or_symbol;no_requirement_cue;table_or_figure_reference;colon_structure;no_marker,no,too_long;formula_or_symbol;no_requirement_cue;table_or_figure_reference;colon_structure;no_marker,,"EIRENE Functional Requirements Specification, version 7",4.2.1,,4 Mobile equipment core specification > 4.2 Services and facilities,"4.1.1i (I): Where there are mandatory requirements for human-machine interface attributes that are not defined in this specification, the decision for the way of presentation is a national issue. In any case, these national solutions must not conflict with those of the CENELEC Standard, in particular for the actions required from the drivers of trains passing the borders.","4.2.2: The following data applications, identified in section 2, are to be supported for each type of mobile radio: Cab radio General purpose Operational radio radio Text message service M M M General data applications M O O Automatic fax O O O Train control applications O O O Table 4-2: Data applications to be supported","(M) mandatory, (O) optional, (I) informative"
S0081,PURE,2007-eirene_fun_7-2,"The following data applications, identified in section 2, are to be supported for each type of mobile radio: Cab radio General purpose Operational radio radio Text message service M M M General data applications M O O Automatic fax O O O Train control applications O O O Table 4-2: Data applications to be supported","the following data applications, identified in section 2, are to be supported for each type of mobile radio: Cab radio General purpose Operational radio radio Text message service M M M General data applications M O O Automatic fax O O O Train control applications O O O Table 4-2: Data applications to be supported",no,too_long;formula_or_symbol;no_requirement_cue;table_or_figure_reference;colon_structure;no_marker,no,too_long;formula_or_symbol;no_requirement_cue;table_or_figure_reference;colon_structure;no_marker,,"EIRENE Functional Requirements Specification, version 7",4.2.2,,4 Mobile equipment core specification > 4.2 Services and facilities,"4.2.1: The following voice telephony services, identified in section 2, are to be supported for each type of mobile radio: Cab radio General purpose Operational radio radio Point-to-point voice calls M M M Public emergency voice calls M M M Broadcast voice calls M M M Group voice calls M M M Multi-party voice calls M O O Table 4-1: Voice telephony services to be supported",4.2.3: The following call related services are to be supported for each type of mobile radio: Cab radio General purpose Operational radio radio Display of calling user identity M M M Display of called user identity M M M Restriction of display of user identity O O O EIRENE closed user group M O M Call forwarding: - unconditional M O O - if user busy O O O - if no reply O O O - if not reachable O O O Call hold M O O Call waiting M M M Display of call charging information O O O Call barring M O M Auto answer service M O M Call supervisory information M O O Table 4-3: Call related features to be supported,"(M) mandatory, (O) optional, (I) informative"
S0082,PURE,2007-eirene_fun_7-2,The following call related services are to be supported for each type of mobile radio: Cab radio General purpose Operational radio radio Display of calling user identity M M M Display of called user identity M M M Restriction of display of user identity O O O EIRENE closed user group M O M Call forwarding: - unconditional M O O - if user busy O O O - if no reply O O O - if not reachable O O O Call hold M O O Call waiting M M M Display of call charging information O O O Call barring M O M Auto answer service M O M Call supervisory information M O O Table 4-3: Call related features to be supported,the following call related services are to be supported for each type of mobile radio: Cab radio General purpose Operational radio radio Display of calling user identity M M M Display of called user identity M M M Restriction of display of user identity O O O EIRENE closed user group M O M Call forwarding: - unconditional M O O - if user busy O O O - if no reply O O O - if not reachable O O O Call hold M O O Call waiting M M M Display of call charging information O O O Call barring M O M Auto answer service M O M Call supervisory information M O O Table 4-3: Call related features to be supported,no,too_long;negation;formula_or_symbol;no_requirement_cue;table_or_figure_reference;colon_structure;list_or_heading_marker;no_marker,no,too_long;negation;formula_or_symbol;no_requirement_cue;table_or_figure_reference;colon_structure;list_or_heading_marker;no_marker,,"EIRENE Functional Requirements Specification, version 7",4.2.3,,4 Mobile equipment core specification > 4.2 Services and facilities,"4.2.2: The following data applications, identified in section 2, are to be supported for each type of mobile radio: Cab radio General purpose Operational radio radio Text message service M M M General data applications M O O Automatic fax O O O Train control applications O O O Table 4-2: Data applications to be supported",4.2.4: The following EIRENE features are to be supported for each type of mobile radio: Cab radio General purpose Operational radio radio Functional addressing (section 11) M M M Location dependent addressing M O O (section 11) Direct mode (section 15) O N/A O Shunting mode (section 14) M N/A O Multiple driver communications within the M N/A N/A same train (section 5) Railway emergency calls M O M (section 13) Table 4-4: EIRENE specific features to be supported,"(M) mandatory, (O) optional, (I) informative"
S0083,PURE,2007-eirene_fun_7-2,The following EIRENE features are to be supported for each type of mobile radio: Cab radio General purpose Operational radio radio Functional addressing (section 11) M M M Location dependent addressing M O O (section 11) Direct mode (section 15) O N/A O Shunting mode (section 14) M N/A O Multiple driver communications within the M N/A N/A same train (section 5) Railway emergency calls M O M (section 13) Table 4-4: EIRENE specific features to be supported,the following EIRENE features are to be supported for each type of mobile radio: Cab radio General purpose Operational radio radio Functional addressing (section 11) M M M Location dependent addressing M O O (section 11) Direct mode (section 15) O N/A O Shunting mode (section 14) M N/A O Multiple driver communications within the M N/A N/A same train (section 5) Railway emergency calls M O M (section 13) Table 4-4: EIRENE specific features to be supported,no,too_long;formula_or_symbol;no_requirement_cue;table_or_figure_reference;colon_structure;no_marker,no,too_long;formula_or_symbol;no_requirement_cue;table_or_figure_reference;colon_structure;no_marker,,"EIRENE Functional Requirements Specification, version 7",4.2.4,,4 Mobile equipment core specification > 4.2 Services and facilities,4.2.3: The following call related services are to be supported for each type of mobile radio: Cab radio General purpose Operational radio radio Display of calling user identity M M M Display of called user identity M M M Restriction of display of user identity O O O EIRENE closed user group M O M Call forwarding: - unconditional M O O - if user busy O O O - if no reply O O O - if not reachable O O O Call hold M O O Call waiting M M M Display of call charging information O O O Call barring M O M Auto answer service M O M Call supervisory information M O O Table 4-3: Call related features to be supported,"4.3.1 (I): This sub-section defines the core environmental and physical requirements for all EIRENE mobile equipment. The requirements provided in this section are augmented by those provided in later sections for each individual radio type, with each radio type being specified by the superset of the core plus specific requirements.","(M) mandatory, (O) optional, (I) informative"
S0084,PURE,2007-eirene_fun_7-2,"This sub-section defines the core environmental and physical requirements for all EIRENE mobile equipment. The requirements provided in this section are augmented by those provided in later sections for each individual radio type, with each radio type being specified by the superset of the core plus specific requirements.","this sub-section defines the core environmental and physical requirements for all EIRENE mobile equipment. The requirements provided in this section are augmented by those provided in later sections for each individual radio type, with each radio type being specified by the superset of the core plus specific requirements",no,too_long;multi_sentence;no_requirement_cue;table_or_figure_reference;informative_marker,no,too_long;multi_sentence;no_requirement_cue;table_or_figure_reference;informative_marker,,"EIRENE Functional Requirements Specification, version 7",4.3.1,I,4 Mobile equipment core specification > 4.3 Environmental and physical requirements,4.2.4: The following EIRENE features are to be supported for each type of mobile radio: Cab radio General purpose Operational radio radio Functional addressing (section 11) M M M Location dependent addressing M O O (section 11) Direct mode (section 15) O N/A O Shunting mode (section 14) M N/A O Multiple driver communications within the M N/A N/A same train (section 5) Railway emergency calls M O M (section 13) Table 4-4: EIRENE specific features to be supported,4.3.2 (I): The categories of requirements defined for each type of mobile equipment are as follows:,"(M) mandatory, (O) optional, (I) informative"
S0085,PURE,2007-eirene_fun_7-2,The categories of requirements defined for each type of mobile equipment are as follows:,the categories of requirements defined for each type of mobile equipment are as follows,no,no_requirement_cue;colon_structure;informative_marker,no,no_requirement_cue;colon_structure;informative_marker,,"EIRENE Functional Requirements Specification, version 7",4.3.2,I,4 Mobile equipment core specification > 4.3 Environmental and physical requirements,"4.3.1 (I): This sub-section defines the core environmental and physical requirements for all EIRENE mobile equipment. The requirements provided in this section are augmented by those provided in later sections for each individual radio type, with each radio type being specified by the superset of the core plus specific requirements.","4.3.3 (I): In normal operation of a mobile radio unit, it is expected that a combination of the above environmental conditions will be experienced.","(M) mandatory, (O) optional, (I) informative"
S0086,PURE,2007-eirene_fun_7-2,"In normal operation of a mobile radio unit, it is expected that a combination of the above environmental conditions will be experienced.",be experienced,no,informative_marker,no,informative_marker,,"EIRENE Functional Requirements Specification, version 7",4.3.3,I,4 Mobile equipment core specification > 4.3 Environmental and physical requirements,4.3.2 (I): The categories of requirements defined for each type of mobile equipment are as follows:,"4.3.4 (M): Any environmental and physical requirements stated may be superseded by national requirements if the national standards provide a higher level of environmental and physical protection. However, stricter national standards shall not prevent the use of other EIRENE mobiles in that country.","(M) mandatory, (O) optional, (I) informative"
S0087,PURE,2007-eirene_fun_7-2,"Any environmental and physical requirements stated may be superseded by national requirements if the national standards provide a higher level of environmental and physical protection. However, stricter national standards shall not prevent the use of other EIRENE mobiles in that country.","be superseded by national requirements if the national standards provide a higher level of environmental and physical protection. However, stricter national standards shall not prevent the use of other EIRENE mobiles in that country",no,too_long;multi_sentence;negation;possibly_multiple_capabilities;residual_modal_in_capability,no,too_long;multi_sentence;negation;possibly_multiple_capabilities;residual_modal_in_capability,,"EIRENE Functional Requirements Specification, version 7",4.3.4,M,4 Mobile equipment core specification > 4.3 Environmental and physical requirements,"4.3.3 (I): In normal operation of a mobile radio unit, it is expected that a combination of the above environmental conditions will be experienced.","4.3.5 (M): All design, testing and installation of EIRENE mobile radio equipment shall comply with the quality procedures defined in ISO 9001 .","(M) mandatory, (O) optional, (I) informative"
S0088,PURE,2007-eirene_fun_7-2,"All design, testing and installation of EIRENE mobile radio equipment shall comply with the quality procedures defined in ISO 9001 .",comply with the quality procedures defined in ISO 9001,yes,,yes,,comply with the quality procedures defined in ISO 9001,"EIRENE Functional Requirements Specification, version 7",4.3.5,M,4 Mobile equipment core specification > 4.3 Environmental and physical requirements,"4.3.4 (M): Any environmental and physical requirements stated may be superseded by national requirements if the national standards provide a higher level of environmental and physical protection. However, stricter national standards shall not prevent the use of other EIRENE mobiles in that country.","4.3.6 (M): Any pressure pulses caused by vehicles passing, entering or leaving tunnels shall not affect the normal operation of EIRENE mobile equipment.","(M) mandatory, (O) optional, (I) informative"
S0089,PURE,2007-eirene_fun_7-2,"Any pressure pulses caused by vehicles passing, entering or leaving tunnels shall not affect the normal operation of EIRENE mobile equipment.",not affect the normal operation of EIRENE mobile equipment,no,negation,no,negation,,"EIRENE Functional Requirements Specification, version 7",4.3.6,M,4 Mobile equipment core specification > 4.3 Environmental and physical requirements,"4.3.5 (M): All design, testing and installation of EIRENE mobile radio equipment shall comply with the quality procedures defined in ISO 9001 .","4.3.7 (M): The design of EIRENE mobiles shall comply with the relevant European Norms for protection against physical hazards, eg:","(M) mandatory, (O) optional, (I) informative"
S0090,PURE,2007-eirene_fun_7-2,"The design of EIRENE mobiles shall comply with the relevant European Norms for protection against physical hazards, eg:","comply with the relevant European Norms for protection against physical hazards, eg",no,colon_structure,no,colon_structure,,"EIRENE Functional Requirements Specification, version 7",4.3.7,M,4 Mobile equipment core specification > 4.3 Environmental and physical requirements,"4.3.6 (M): Any pressure pulses caused by vehicles passing, entering or leaving tunnels shall not affect the normal operation of EIRENE mobile equipment.",4.3.8 (M): All EIRENE mobile equipment shall be capable of being operated on board rolling stock.,"(M) mandatory, (O) optional, (I) informative"
S0091,PURE,2007-eirene_fun_7-2,All EIRENE mobile equipment shall be capable of being operated on board rolling stock.,be capable of being operated on board rolling stock,no,residual_modal_in_capability,no,residual_modal_in_capability,,"EIRENE Functional Requirements Specification, version 7",4.3.8,M,4 Mobile equipment core specification > 4.3 Environmental and physical requirements,"4.3.7 (M): The design of EIRENE mobiles shall comply with the relevant European Norms for protection against physical hazards, eg:",4.3.9 (M): The batteries to be used in the mobile equipment shall have sufficient capacity to support typical railway use.,"(M) mandatory, (O) optional, (I) informative"
S0092,PURE,2007-eirene_fun_7-2,The batteries to be used in the mobile equipment shall have sufficient capacity to support typical railway use.,have sufficient capacity to support typical railway use,yes,,no,not_sampled_mandatory_pool,,"EIRENE Functional Requirements Specification, version 7",4.3.9,M,4 Mobile equipment core specification > 4.3 Environmental and physical requirements,4.3.8 (M): All EIRENE mobile equipment shall be capable of being operated on board rolling stock.,4.3.10 (I): EIRENE mobiles will generate electromagnetic emissions. It is the responsibility of national railways operating EIRENE networks to ensure that EIRENE equipment does not interfere with the normal operation of any on-train or ground-based systems.,"(M) mandatory, (O) optional, (I) informative"
S0093,PURE,2007-eirene_fun_7-2,EIRENE mobiles will generate electromagnetic emissions. It is the responsibility of national railways operating EIRENE networks to ensure that EIRENE equipment does not interfere with the normal operation of any on-train or ground-based systems.,generate electromagnetic emissions. It is the responsibility of national railways operating EIRENE networks to ensure that EIRENE equipment does not interfere with the normal operation of any on-train or ground-based systems,no,multi_sentence;negation;informative_marker,no,multi_sentence;negation;informative_marker,,"EIRENE Functional Requirements Specification, version 7",4.3.10,I,4 Mobile equipment core specification > 4.3 Environmental and physical requirements,4.3.9 (M): The batteries to be used in the mobile equipment shall have sufficient capacity to support typical railway use.,"4.3.11 (I): In particular, EIRENE equipment could interfere with:","(M) mandatory, (O) optional, (I) informative"
S0094,PURE,2007-eirene_fun_7-2,"In particular, EIRENE equipment could interfere with:",interfere with,no,no_requirement_cue;colon_structure;informative_marker,no,no_requirement_cue;colon_structure;informative_marker,,"EIRENE Functional Requirements Specification, version 7",4.3.11,I,4 Mobile equipment core specification > 4.3 Environmental and physical requirements,4.3.10 (I): EIRENE mobiles will generate electromagnetic emissions. It is the responsibility of national railways operating EIRENE networks to ensure that EIRENE equipment does not interfere with the normal operation of any on-train or ground-based systems.,"5.1.1 (I): This section identifies the functional requirements for the EIRENE Cab radio. It covers the functionality provided by the Cab radio, driver MMI and support to other on-train systems.","(M) mandatory, (O) optional, (I) informative"
S0095,PURE,2007-eirene_fun_7-2,"This section identifies the functional requirements for the EIRENE Cab radio. It covers the functionality provided by the Cab radio, driver MMI and support to other on-train systems.","this section identifies the functional requirements for the EIRENE Cab radio. It covers the functionality provided by the Cab radio, driver MMI and support to other on-train systems",no,multi_sentence;no_requirement_cue;table_or_figure_reference;informative_marker,no,multi_sentence;no_requirement_cue;table_or_figure_reference;informative_marker,,"EIRENE Functional Requirements Specification, version 7",5.1.1,I,5 Cab radio > 5.1 Introduction,"4.3.11 (I): In particular, EIRENE equipment could interfere with:","5.1.2 (O): Moreover, a driver may be provided with a handheld portable to allow communications whilst the driver is outside the train.","(M) mandatory, (O) optional, (I) informative"
S0096,PURE,2007-eirene_fun_7-2,"Moreover, a driver may be provided with a handheld portable to allow communications whilst the driver is outside the train.",be provided with a handheld portable to allow communications whilst the driver is outside the train,yes,,yes,,be provided with a handheld portable to allow communications whilst the driver is outside the train,"EIRENE Functional Requirements Specification, version 7",5.1.2,O,5 Cab radio > 5.1 Introduction,"5.1.1 (I): This section identifies the functional requirements for the EIRENE Cab radio. It covers the functionality provided by the Cab radio, driver MMI and support to other on-train systems.","5.2.1.1 (I): In this subsection, the functions to be provided by the Cab radio are described.","(M) mandatory, (O) optional, (I) informative"
S0097,PURE,2007-eirene_fun_7-2,"In this subsection, the functions to be provided by the Cab radio are described.","in this subsection, the functions to be provided by the Cab radio are described",no,stranded_preposition;no_requirement_cue;informative_marker,no,stranded_preposition;no_requirement_cue;informative_marker,,"EIRENE Functional Requirements Specification, version 7",5.2.1.1,I,5 Cab radio > 5.2 Functional requirements > 5.2.1 Summary,"5.1.2 (O): Moreover, a driver may be provided with a handheld portable to allow communications whilst the driver is outside the train.","5.2.1.2: The following functions will be provided: Driver call-related functions: call controller: (M) primary controller; secondary controller; power supply controller; call other drivers in the area; (M) send Railway emergency call; (M) confirm receipt of Railway emergency call; (M) communicate with other drivers on same train; (M) call train staff; (M) call other authorised users; (M) receive incoming voice calls; (M) terminate calls; (M) receive text messages; (M) enter/leave shunting mode; (M) enter/leave direct mode; (O) monitor calls to other on-train users/devices; (M) forward calls/cancel call forwarding to/from driver handheld; (O) Other driver-related functions: powering up radio; (M) switch radio MMI on and off; (M) select language; (M) adjust loudspeaker volume; (M) select mobile radio network; (M) register and deregister train number; (M) register and deregister on-train users; (O) register and deregister stock number; (M) store/retrieve numbers and their details; (M) invoke supplementary services; (M) invoke tests; (M) Other Cab radio functions: automatic connection of incoming calls to appropriate on-train users or devices (conductor, public address system, data systems, etc); (M) automatic establishment of outgoing calls initiated by on-train users or devices; (M) automatic handling of calls of varying priorities; (M) send to the controller(s) a signal on activation of driver safety device; (M) transmit Railway emergency call event indication to train-borne recorder; (M) run-time diagnostics. (O)","(M) mandatory, (O) optional, (I) informative"
S0098,PURE,2007-eirene_fun_7-2,"The following functions will be provided: Driver call-related functions: call controller: primary controller; secondary controller; power supply controller; call other drivers in the area; send Railway emergency call; confirm receipt of Railway emergency call; communicate with other drivers on same train; call train staff; call other authorised users; receive incoming voice calls; terminate calls; receive text messages; enter/leave shunting mode; enter/leave direct mode; monitor calls to other on-train users/devices; forward calls/cancel call forwarding to/from driver handheld; Other driver-related functions: powering up radio; switch radio MMI on and off; select language; adjust loudspeaker volume; select mobile radio network; register and deregister train number; register and deregister on-train users; register and deregister stock number; store/retrieve numbers and their details; invoke supplementary services; invoke tests; Other Cab radio functions: automatic connection of incoming calls to appropriate on-train users or devices (conductor, public address system, data systems, etc); automatic establishment of outgoing calls initiated by on-train users or devices; automatic handling of calls of varying priorities; send to the controller(s) a signal on activation of driver safety device; transmit Railway emergency call event indication to train-borne recorder; run-time diagnostics.","be provided: Driver call-related functions: call controller: primary controller; secondary controller; power supply controller; call other drivers in the area; send Railway emergency call; confirm receipt of Railway emergency call; communicate with other drivers on same train; call train staff; call other authorised users; receive incoming voice calls; terminate calls; receive text messages; enter/leave shunting mode; enter/leave direct mode; monitor calls to other on-train users/devices; forward calls/cancel call forwarding to/from driver handheld; Other driver-related functions: powering up radio; switch radio MMI on and off; select language; adjust loudspeaker volume; select mobile radio network; register and deregister train number; register and deregister on-train users; register and deregister stock number; store/retrieve numbers and their details; invoke supplementary services; invoke tests; Other Cab radio functions: automatic connection of incoming calls to appropriate on-train users or devices (conductor, public address system, data systems, etc); automatic establishment of outgoing calls initiated by on-train users or devices; automatic handling of calls of varying priorities; send to the controller(s) a signal on activation of driver safety device; transmit Railway emergency call event indication to train-borne recorder; run-time diagnostics",no,too_long;possibly_multiple_capabilities;colon_structure;multiple_markers,no,too_long;possibly_multiple_capabilities;colon_structure;multiple_markers,,"EIRENE Functional Requirements Specification, version 7",5.2.1.2,O,5 Cab radio > 5.2 Functional requirements > 5.2.1 Summary,"5.2.1.1 (I): In this subsection, the functions to be provided by the Cab radio are described.",5.2.2i: Once a call has been established the connected parties shall be able to communicate. (M) 5.2.2iv A Push-To-Talk function shall be provided for use during group calls. (M),"(M) mandatory, (O) optional, (I) informative"
S0099,PURE,2007-eirene_fun_7-2,Once a call has been established the connected parties shall be able to communicate. 5.2.2iv A Push-To-Talk function shall be provided for use during group calls.,communicate. 5.2.2iv A Push-To-Talk function shall be provided for use during group calls,no,multi_sentence;residual_modal_in_capability;list_or_heading_marker;multiple_markers,no,multi_sentence;residual_modal_in_capability;list_or_heading_marker;multiple_markers,,"EIRENE Functional Requirements Specification, version 7",5.2.2i,M,5 Cab radio > 5.2 Functional requirements > 5.2.2 Driver call related functions,"5.2.1.2: The following functions will be provided: Driver call-related functions: call controller: (M) primary controller; secondary controller; power supply controller; call other drivers in the area; (M) send Railway emergency call; (M) confirm receipt of Railway emergency call; (M) communicate with other drivers on same train; (M) call train staff; (M) call other authorised users; (M) receive incoming voice calls; (M) terminate calls; (M) receive text messages; (M) enter/leave shunting mode; (M) enter/leave direct mode; (O) monitor calls to other on-train users/devices; (M) forward calls/cancel call forwarding to/from driver handheld; (O) Other driver-related functions: powering up radio; (M) switch radio MMI on and off; (M) select language; (M) adjust loudspeaker volume; (M) select mobile radio network; (M) register and deregister train number; (M) register and deregister on-train users; (O) register and deregister stock number; (M) store/retrieve numbers and their details; (M) invoke supplementary services; (M) invoke tests; (M) Other Cab radio functions: automatic connection of incoming calls to appropriate on-train users or devices (conductor, public address system, data systems, etc); (M) automatic establishment of outgoing calls initiated by on-train users or devices; (M) automatic handling of calls of varying priorities; (M) send to the controller(s) a signal on activation of driver safety device; (M) transmit Railway emergency call event indication to train-borne recorder; (M) run-time diagnostics. (O)",5.2.2ii (M): 5.2.2ii Picking up the handset shall transfer the communication to the handset and reduce the loudspeaker volume to its minimum level.,"(M) mandatory, (O) optional, (I) informative"
S0100,PURE,2007-eirene_fun_7-2,5.2.2ii Picking up the handset shall transfer the communication to the handset and reduce the loudspeaker volume to its minimum level.,transfer the communication to the handset and reduce the loudspeaker volume to its minimum level,no,multi_sentence;list_or_heading_marker,no,multi_sentence;list_or_heading_marker,,"EIRENE Functional Requirements Specification, version 7",5.2.2ii,M,5 Cab radio > 5.2 Functional requirements > 5.2.2 Driver call related functions,5.2.2i: Once a call has been established the connected parties shall be able to communicate. (M) 5.2.2iv A Push-To-Talk function shall be provided for use during group calls. (M),5.2.2iii (M): 5.2.2iii Replacing the handset either:,"(M) mandatory, (O) optional, (I) informative"
S0101,PURE,2007-eirene_fun_7-2,5.2.2iii Replacing the handset either:,iii Replacing the handset either,no,multi_sentence;no_requirement_cue;colon_structure;list_or_heading_marker,no,multi_sentence;no_requirement_cue;colon_structure;list_or_heading_marker,,"EIRENE Functional Requirements Specification, version 7",5.2.2iii,M,5 Cab radio > 5.2 Functional requirements > 5.2.2 Driver call related functions,5.2.2ii (M): 5.2.2ii Picking up the handset shall transfer the communication to the handset and reduce the loudspeaker volume to its minimum level.,5.2.2iv (M): 5.2.2iv A Push-To-Talk function shall be provided for use during group calls.,"(M) mandatory, (O) optional, (I) informative"
S0102,PURE,2007-eirene_fun_7-2,5.2.2iv A Push-To-Talk function shall be provided for use during group calls.,be provided for use during group calls,no,multi_sentence;list_or_heading_marker,no,multi_sentence;list_or_heading_marker,,"EIRENE Functional Requirements Specification, version 7",5.2.2iv,M,5 Cab radio > 5.2 Functional requirements > 5.2.2 Driver call related functions,5.2.2iii (M): 5.2.2iii Replacing the handset either:,5.2.2v (I): The use of Push-To-Talk for all types of communications is acceptable if needed for ergonomic reasons or to avoid the noise of the cab being transmitted to the other party.,"(M) mandatory, (O) optional, (I) informative"
S0103,PURE,2007-eirene_fun_7-2,The use of Push-To-Talk for all types of communications is acceptable if needed for ergonomic reasons or to avoid the noise of the cab being transmitted to the other party.,the use of Push-To-Talk for all types of communications is acceptable if needed for ergonomic reasons or to avoid the noise of the cab being transmitted to the other party,no,no_requirement_cue;informative_marker,no,no_requirement_cue;informative_marker,,"EIRENE Functional Requirements Specification, version 7",5.2.2v,I,5 Cab radio > 5.2 Functional requirements > 5.2.2 Driver call related functions,5.2.2iv (M): 5.2.2iv A Push-To-Talk function shall be provided for use during group calls.,5.2.2.1 (M): It shall be possible for the driver to initiate a call to any of the following types of controller with a minimum of driver action being required (eg a single keystroke):,"(M) mandatory, (O) optional, (I) informative"
S0104,PURE,2007-eirene_fun_7-2,It shall be possible for the driver to initiate a call to any of the following types of controller with a minimum of driver action being required (eg a single keystroke):,be possible for the driver to initiate a call to any of the following types of controller with a minimum of driver action being required (eg a single keystroke),no,colon_structure;impersonal_construction,no,colon_structure;impersonal_construction,,"EIRENE Functional Requirements Specification, version 7",5.2.2.1,M,5 Cab radio > 5.2 Functional requirements > 5.2.2 Driver call related functions,5.2.2v (I): The use of Push-To-Talk for all types of communications is acceptable if needed for ergonomic reasons or to avoid the noise of the cab being transmitted to the other party.,"5.2.2.2 (I): If the radio system cannot give a unique identity for a given type of controller, the identity could be obtained using external systems as defined in 11.4.7.","(M) mandatory, (O) optional, (I) informative"
S0105,PURE,2007-eirene_fun_7-2,"If the radio system cannot give a unique identity for a given type of controller, the identity could be obtained using external systems as defined in 11.4.7.",be obtained using external systems as defined in 11.4.7,no,multi_sentence;negation;no_requirement_cue;list_or_heading_marker;informative_marker,no,multi_sentence;negation;no_requirement_cue;list_or_heading_marker;informative_marker,,"EIRENE Functional Requirements Specification, version 7",5.2.2.2,I,5 Cab radio > 5.2 Functional requirements > 5.2.2 Driver call related functions,5.2.2.1 (M): It shall be possible for the driver to initiate a call to any of the following types of controller with a minimum of driver action being required (eg a single keystroke):,"5.2.2.3 (M): Once an appropriate destination has been obtained, the radio shall attempt to establish a call to this destination. The functional identity shall be displayed to the controller.","(M) mandatory, (O) optional, (I) informative"
S0106,PURE,2007-eirene_fun_7-2,"Once an appropriate destination has been obtained, the radio shall attempt to establish a call to this destination. The functional identity shall be displayed to the controller.",attempt to establish a call to this destination. The functional identity shall be displayed to the controller,no,multi_sentence;residual_modal_in_capability,no,multi_sentence;residual_modal_in_capability,,"EIRENE Functional Requirements Specification, version 7",5.2.2.3,M,5 Cab radio > 5.2 Functional requirements > 5.2.2 Driver call related functions,"5.2.2.2 (I): If the radio system cannot give a unique identity for a given type of controller, the identity could be obtained using external systems as defined in 11.4.7.","5.2.2.3i: The functional identity includes the following: the train number, if available; (M) the engine number, if no train number is available; (M) the coach number of the leading cab, if neither a train number nor an engine number is available. (O)","(M) mandatory, (O) optional, (I) informative"
S0107,PURE,2007-eirene_fun_7-2,"The functional identity includes the following: the train number, if available; the engine number, if no train number is available; the coach number of the leading cab, if neither a train number nor an engine number is available.","the functional identity includes the following: the train number, if available; the engine number, if no train number is available; the coach number of the leading cab, if neither a train number nor an engine number is available",no,too_long;negation;possibly_multiple_capabilities;no_requirement_cue;colon_structure;multiple_markers,no,too_long;negation;possibly_multiple_capabilities;no_requirement_cue;colon_structure;multiple_markers,,"EIRENE Functional Requirements Specification, version 7",5.2.2.3i,O,5 Cab radio > 5.2 Functional requirements > 5.2.2 Driver call related functions,"5.2.2.3 (M): Once an appropriate destination has been obtained, the radio shall attempt to establish a call to this destination. The functional identity shall be displayed to the controller.",5.2.2.4 (M): An audible and visual indication shall be provided to the driver that the call is proceeding.,"(M) mandatory, (O) optional, (I) informative"
S0108,PURE,2007-eirene_fun_7-2,An audible and visual indication shall be provided to the driver that the call is proceeding.,be provided to the driver that the call is proceeding,yes,,yes,,be provided to the driver that the call is proceeding,"EIRENE Functional Requirements Specification, version 7",5.2.2.4,M,5 Cab radio > 5.2 Functional requirements > 5.2.2 Driver call related functions,"5.2.2.3i: The functional identity includes the following: the train number, if available; (M) the engine number, if no train number is available; (M) the coach number of the leading cab, if neither a train number nor an engine number is available. (O)","5.2.2.5 (M): When the call is connected to the controller, an audible and visual indication is to be provided to the driver. The call shall be connected to the loudspeaker at the pre-set value.","(M) mandatory, (O) optional, (I) informative"
S0109,PURE,2007-eirene_fun_7-2,"When the call is connected to the controller, an audible and visual indication is to be provided to the driver. The call shall be connected to the loudspeaker at the pre-set value.","when the call is connected to the controller, an audible and visual indication is to be provided to the driver. The call shall be connected to the loudspeaker at the pre-set value",no,multi_sentence;residual_modal_in_capability,no,multi_sentence;residual_modal_in_capability,,"EIRENE Functional Requirements Specification, version 7",5.2.2.5,M,5 Cab radio > 5.2 Functional requirements > 5.2.2 Driver call related functions,5.2.2.4 (M): An audible and visual indication shall be provided to the driver that the call is proceeding.,"5.2.2.6 (M): The functional identity of the connected party, if available, shall be displayed to the driver.","(M) mandatory, (O) optional, (I) informative"
S0110,PURE,2007-eirene_fun_7-2,"The functional identity of the connected party, if available, shall be displayed to the driver.",be displayed to the driver,yes,,no,not_sampled_mandatory_pool,,"EIRENE Functional Requirements Specification, version 7",5.2.2.6,M,5 Cab radio > 5.2 Functional requirements > 5.2.2 Driver call related functions,"5.2.2.5 (M): When the call is connected to the controller, an audible and visual indication is to be provided to the driver. The call shall be connected to the loudspeaker at the pre-set value.","5.2.2.7 (M): If the functional identity of the connected party contains an alphanumeric description, this shall also be displayed.","(M) mandatory, (O) optional, (I) informative"
S0111,PURE,2007-eirene_fun_7-2,"If the functional identity of the connected party contains an alphanumeric description, this shall also be displayed.",also be displayed,yes,,yes,,also be displayed,"EIRENE Functional Requirements Specification, version 7",5.2.2.7,M,5 Cab radio > 5.2 Functional requirements > 5.2.2 Driver call related functions,"5.2.2.6 (M): The functional identity of the connected party, if available, shall be displayed to the driver.","5.2.2.8 (M): If the system is not able to connect the call, an audible and visual indication shall be provided to the driver that the call was not received by the controller. This shall also indicate if the called party was busy or if the network could not connect the call.","(M) mandatory, (O) optional, (I) informative"
S0112,PURE,2007-eirene_fun_7-2,"If the system is not able to connect the call, an audible and visual indication shall be provided to the driver that the call was not received by the controller. This shall also indicate if the called party was busy or if the network could not connect the call.",be provided to the driver that the call was not received by the controller. This shall also indicate if the called party was busy or if the network could not connect the call,no,too_long;multi_sentence;negation;possibly_multiple_capabilities;residual_modal_in_capability,no,too_long;multi_sentence;negation;possibly_multiple_capabilities;residual_modal_in_capability,,"EIRENE Functional Requirements Specification, version 7",5.2.2.8,M,5 Cab radio > 5.2 Functional requirements > 5.2.2 Driver call related functions,"5.2.2.7 (M): If the functional identity of the connected party contains an alphanumeric description, this shall also be displayed.",5.2.2.9 (M): It shall be possible for a driver to initiate and participate in group voice calls between drivers in a pre-defined geographical area.,"(M) mandatory, (O) optional, (I) informative"
S0113,PURE,2007-eirene_fun_7-2,It shall be possible for a driver to initiate and participate in group voice calls between drivers in a pre-defined geographical area.,be possible for a driver to initiate and participate in group voice calls between drivers in a pre-defined geographical area,no,impersonal_construction,no,impersonal_construction,,"EIRENE Functional Requirements Specification, version 7",5.2.2.9,M,5 Cab radio > 5.2 Functional requirements > 5.2.2 Driver call related functions,"5.2.2.8 (M): If the system is not able to connect the call, an audible and visual indication shall be provided to the driver that the call was not received by the controller. This shall also indicate if the called party was busy or if the network could not connect the call.",5.2.2.10 (M): A driver shall be able to initiate the establishment of a call to other drivers with a minimum of action (eg a single keystroke).,"(M) mandatory, (O) optional, (I) informative"
S0114,PURE,2007-eirene_fun_7-2,A driver shall be able to initiate the establishment of a call to other drivers with a minimum of action (eg a single keystroke).,initiate the establishment of a call to other drivers with a minimum of action (eg a single keystroke),yes,,no,not_sampled_mandatory_pool,,"EIRENE Functional Requirements Specification, version 7",5.2.2.10,M,5 Cab radio > 5.2 Functional requirements > 5.2.2 Driver call related functions,5.2.2.9 (M): It shall be possible for a driver to initiate and participate in group voice calls between drivers in a pre-defined geographical area.,5.2.2.11 (M): The group identity shall be displayed on the Cab radios of the participating drivers.,"(M) mandatory, (O) optional, (I) informative"
S0115,PURE,2007-eirene_fun_7-2,The group identity shall be displayed on the Cab radios of the participating drivers.,be displayed on the Cab radios of the participating drivers,yes,,yes,,be displayed on the Cab radios of the participating drivers,"EIRENE Functional Requirements Specification, version 7",5.2.2.11,M,5 Cab radio > 5.2 Functional requirements > 5.2.2 Driver call related functions,5.2.2.10 (M): A driver shall be able to initiate the establishment of a call to other drivers with a minimum of action (eg a single keystroke).,5.2.2.12 (M): An audible and visual indication shall be provided to the driver that the call is proceeding.,"(M) mandatory, (O) optional, (I) informative"
S0116,PURE,2007-eirene_fun_7-2,"Once connected, the driver shall be able to communicate with other driver(s) by using the Push-To-Talk button on the handset. An indication shall be provided to the driver as a reminder of the need to use the Push-To-Talk button on the handset if he wants to talk.",communicate with other driver(s) by using the Push-To-Talk button on the handset. An indication shall be provided to the driver as a reminder of the need to use the Push-To-Talk button on the handset if he wants to talk,no,too_long;multi_sentence;residual_modal_in_capability,no,too_long;multi_sentence;residual_modal_in_capability,,"EIRENE Functional Requirements Specification, version 7",5.2.2.13,M,5 Cab radio > 5.2 Functional requirements > 5.2.2 Driver call related functions,5.2.2.12 (M): An audible and visual indication shall be provided to the driver that the call is proceeding.,5.2.2.14 (M): The call shall be connected to the loudspeaker until the driver picks up the handset.,"(M) mandatory, (O) optional, (I) informative"
S0117,PURE,2007-eirene_fun_7-2,The call shall be connected to the loudspeaker until the driver picks up the handset.,be connected to the loudspeaker until the driver picks up the handset,yes,,no,not_sampled_mandatory_pool,,"EIRENE Functional Requirements Specification, version 7",5.2.2.14,M,5 Cab radio > 5.2 Functional requirements > 5.2.2 Driver call related functions,"5.2.2.13 (M): Once connected, the driver shall be able to communicate with other driver(s) by using the Push-To-Talk button on the handset. An indication shall be provided to the driver as a reminder of the need to use the Push-To-Talk button on the handset if he wants to talk.","5.2.2.15 (M): The call shall continue until terminated by the calling driver, an authorised controller or the network.","(M) mandatory, (O) optional, (I) informative"
S0118,PURE,2007-eirene_fun_7-2,"The call shall continue until terminated by the calling driver, an authorised controller or the network.","continue until terminated by the calling driver, an authorised controller or the network",yes,,no,not_sampled_mandatory_pool,,"EIRENE Functional Requirements Specification, version 7",5.2.2.15,M,5 Cab radio > 5.2 Functional requirements > 5.2.2 Driver call related functions,5.2.2.14 (M): The call shall be connected to the loudspeaker until the driver picks up the handset.,"5.2.2.16 (M): If the train moves out of the group call area whilst the call is in progress, an audible and visual indication of the loss of call shall be provided to the driver.","(M) mandatory, (O) optional, (I) informative"
S0119,PURE,2007-eirene_fun_7-2,"If the train moves out of the group call area whilst the call is in progress, an audible and visual indication of the loss of call shall be provided to the driver.","if the train moves out of the group call area whilst the call is in progress, an audible and visual indication of the loss of call shall be provided to the driver",no,residual_modal_in_capability,no,residual_modal_in_capability,,"EIRENE Functional Requirements Specification, version 7",5.2.2.16,M,5 Cab radio > 5.2 Functional requirements > 5.2.2 Driver call related functions,"5.2.2.15 (M): The call shall continue until terminated by the calling driver, an authorised controller or the network.","5.2.2.17 (M): If the system is not able to connect the call, an audible and visual indication shall be provided to the driver.","(M) mandatory, (O) optional, (I) informative"
S0120,PURE,2007-eirene_fun_7-2,"If the system is not able to connect the call, an audible and visual indication shall be provided to the driver.",be provided to the driver,no,negation,no,negation,,"EIRENE Functional Requirements Specification, version 7",5.2.2.17,M,5 Cab radio > 5.2 Functional requirements > 5.2.2 Driver call related functions,"5.2.2.16 (M): If the train moves out of the group call area whilst the call is in progress, an audible and visual indication of the loss of call shall be provided to the driver.",5.2.2.18 (M): It shall be possible for a driver to initiate Railway emergency calls (see section 13).,"(M) mandatory, (O) optional, (I) informative"
S0121,PURE,2007-eirene_fun_7-2,It shall be possible for a driver to initiate Railway emergency calls (see section 13).,be possible for a driver to initiate Railway emergency calls (see section 13),no,table_or_figure_reference;impersonal_construction,no,table_or_figure_reference;impersonal_construction,,"EIRENE Functional Requirements Specification, version 7",5.2.2.18,M,5 Cab radio > 5.2 Functional requirements > 5.2.2 Driver call related functions,"5.2.2.17 (M): If the system is not able to connect the call, an audible and visual indication shall be provided to the driver.","5.2.2.19 (M): If a train-borne recorder is connected to the Cab radio, details of the activation, termination and any failures of the emergency function shall be sent to the train-borne recorder as each event occurs.","(M) mandatory, (O) optional, (I) informative"
S0122,PURE,2007-eirene_fun_7-2,"If a train-borne recorder is connected to the Cab radio, details of the activation, termination and any failures of the emergency function shall be sent to the train-borne recorder as each event occurs.","if a train-borne recorder is connected to the Cab radio, details of the activation, termination and any failures of the emergency function shall be sent to the train-borne recorder as each event occurs",no,residual_modal_in_capability,no,residual_modal_in_capability,,"EIRENE Functional Requirements Specification, version 7",5.2.2.19,M,5 Cab radio > 5.2 Functional requirements > 5.2.2 Driver call related functions,5.2.2.18 (M): It shall be possible for a driver to initiate Railway emergency calls (see section 13).,"5.2.2.20 (M): A continuous visual and short audible indication (from 0 to 20 seconds, for trials: 5 seconds) that the emergency function has been activated shall be provided in the cab. (Note that when the handset is off-hook, the audible indication shall be sounded from the loudspeaker at a low volume, but shall not be sounded from the handset.)","(M) mandatory, (O) optional, (I) informative"
S0123,PURE,2007-eirene_fun_7-2,"A continuous visual and short audible indication (from 0 to 20 seconds, for trials: 5 seconds) that the emergency function has been activated shall be provided in the cab. (Note that when the handset is off-hook, the audible indication shall be sounded from the loudspeaker at a low volume, but shall not be sounded from the handset.)","A continuous visual and short audible indication (from 0 to 20 seconds, for trials: 5 seconds) that the emergency function has been activated shall be provided in the cab. (Note that when the handset is off-hook, the audible indication shall be sounded from the loudspeaker at a low volume, but shall not be sounded from the handset.)",no,too_long;multi_sentence;negation;residual_modal_in_capability;colon_structure;note_text,no,too_long;multi_sentence;negation;residual_modal_in_capability;colon_structure;note_text,,"EIRENE Functional Requirements Specification, version 7",5.2.2.20,M,5 Cab radio > 5.2 Functional requirements > 5.2.2 Driver call related functions,"5.2.2.19 (M): If a train-borne recorder is connected to the Cab radio, details of the activation, termination and any failures of the emergency function shall be sent to the train-borne recorder as each event occurs.","5.2.2.21 (M): Once the Railway emergency call is connected and the audible indication is finished, an indication shall be provided to the driver as a reminder of the need to use the Push- To-Talk button on the handset if he wants to speak.","(M) mandatory, (O) optional, (I) informative"
S0124,PURE,2007-eirene_fun_7-2,"Once the Railway emergency call is connected and the audible indication is finished, an indication shall be provided to the driver as a reminder of the need to use the Push- To-Talk button on the handset if he wants to speak.",be provided to the driver as a reminder of the need to use the Push- To-Talk button on the handset if he wants to speak,no,too_long,no,too_long,,"EIRENE Functional Requirements Specification, version 7",5.2.2.21,M,5 Cab radio > 5.2 Functional requirements > 5.2.2 Driver call related functions,"5.2.2.20 (M): A continuous visual and short audible indication (from 0 to 20 seconds, for trials: 5 seconds) that the emergency function has been activated shall be provided in the cab. (Note that when the handset is off-hook, the audible indication shall be sounded from the loudspeaker at a low volume, but shall not be sounded from the handset.)",5.2.2.22 (M): The call shall be connected to the loudspeaker until the driver picks up the handset.,"(M) mandatory, (O) optional, (I) informative"
S0125,PURE,2007-eirene_fun_7-2,"If the train moves out of the call area whilst the call is in progress, it will leave the call and an audible and visual indication of the loss of call shall be provided to the driver.",leave the call and an audible and visual indication of the loss of call shall be provided to the driver,no,too_long;possibly_multiple_capabilities;residual_modal_in_capability,no,too_long;possibly_multiple_capabilities;residual_modal_in_capability,,"EIRENE Functional Requirements Specification, version 7",5.2.2.23,M,5 Cab radio > 5.2 Functional requirements > 5.2.2 Driver call related functions,5.2.2.22 (M): The call shall be connected to the loudspeaker until the driver picks up the handset.,"5.2.2.24 (M): Once the call is terminated, the continuous visual alarm indication in the cab shall cease.","(M) mandatory, (O) optional, (I) informative"
S0126,PURE,2007-eirene_fun_7-2,"Once the call is terminated, the continuous visual alarm indication in the cab shall cease.",cease,no,empty_or_too_short_capability,no,empty_or_too_short_capability,,"EIRENE Functional Requirements Specification, version 7",5.2.2.24,M,5 Cab radio > 5.2 Functional requirements > 5.2.2 Driver call related functions,"5.2.2.23 (M): If the train moves out of the call area whilst the call is in progress, it will leave the call and an audible and visual indication of the loss of call shall be provided to the driver.","5.2.2.25 (M): If the system is not able to connect the call, an audible and visual indication shall be provided to the driver.","(M) mandatory, (O) optional, (I) informative"
S0127,PURE,2007-eirene_fun_7-2,"Many trains employ multiple active traction vehicles. Where these vehicles are not connected by on-train wire connections, it shall be possible for the lead driver to establish a permanent radio connection between each of the active cabs.","many trains employ multiple active traction vehicles. Where these vehicles are not connected by on-train wire connections, it shall be possible for the lead driver to establish a permanent radio connection between each of the active cabs",no,too_long;multi_sentence;negation;residual_modal_in_capability,no,too_long;multi_sentence;negation;residual_modal_in_capability,,"EIRENE Functional Requirements Specification, version 7",5.2.2.26,M,5 Cab radio > 5.2 Functional requirements > 5.2.2 Driver call related functions,"5.2.2.25 (M): If the system is not able to connect the call, an audible and visual indication shall be provided to the driver.",5.2.2.27 (I): The call will be established from the active cab of the lead traction vehicle.,"(M) mandatory, (O) optional, (I) informative"
S0128,PURE,2007-eirene_fun_7-2,The call will be established from the active cab of the lead traction vehicle.,be established from the active cab of the lead traction vehicle,no,informative_marker,no,informative_marker,,"EIRENE Functional Requirements Specification, version 7",5.2.2.27,I,5 Cab radio > 5.2 Functional requirements > 5.2.2 Driver call related functions,"5.2.2.26 (M): Many trains employ multiple active traction vehicles. Where these vehicles are not connected by on-train wire connections, it shall be possible for the lead driver to establish a permanent radio connection between each of the active cabs.","5.2.2.28 (M): Whilst on-going, a multi-drivers indication shall be displayed permanently at all Cab radios.","(M) mandatory, (O) optional, (I) informative"
S0129,PURE,2007-eirene_fun_7-2,"Whilst on-going, a multi-drivers indication shall be displayed permanently at all Cab radios.",be displayed permanently at all Cab radios,yes,,yes,,be displayed permanently at all Cab radios,"EIRENE Functional Requirements Specification, version 7",5.2.2.28,M,5 Cab radio > 5.2 Functional requirements > 5.2.2 Driver call related functions,5.2.2.27 (I): The call will be established from the active cab of the lead traction vehicle.,"5.2.2.29 (M): The lead driver shall be notified if a member of the group has placed the call on hold, although this shall not affect communications between the remaining members of the group.","(M) mandatory, (O) optional, (I) informative"
S0130,PURE,2007-eirene_fun_7-2,"The lead driver shall be notified if a member of the group has placed the call on hold, although this shall not affect communications between the remaining members of the group.","be notified if a member of the group has placed the call on hold, although this shall not affect communications between the remaining members of the group",no,negation;residual_modal_in_capability,no,negation;residual_modal_in_capability,,"EIRENE Functional Requirements Specification, version 7",5.2.2.29,M,5 Cab radio > 5.2 Functional requirements > 5.2.2 Driver call related functions,"5.2.2.28 (M): Whilst on-going, a multi-drivers indication shall be displayed permanently at all Cab radios.","5.2.2.30 (M): At any time during the call, the lead driver shall be able to remove a member of the group.","(M) mandatory, (O) optional, (I) informative"
S0131,PURE,2007-eirene_fun_7-2,"At any time during the call, the lead driver shall be able to remove a member of the group.",remove a member of the group,yes,,yes,,remove a member of the group,"EIRENE Functional Requirements Specification, version 7",5.2.2.30,M,5 Cab radio > 5.2 Functional requirements > 5.2.2 Driver call related functions,"5.2.2.29 (M): The lead driver shall be notified if a member of the group has placed the call on hold, although this shall not affect communications between the remaining members of the group.",5.2.2.31 (M): The lead driver shall be able to terminate the entire call.,"(M) mandatory, (O) optional, (I) informative"
S0132,PURE,2007-eirene_fun_7-2,The lead driver shall be able to terminate the entire call.,terminate the entire call,yes,,no,not_sampled_mandatory_pool,,"EIRENE Functional Requirements Specification, version 7",5.2.2.31,M,5 Cab radio > 5.2 Functional requirements > 5.2.2 Driver call related functions,"5.2.2.30 (M): At any time during the call, the lead driver shall be able to remove a member of the group.","5.2.2.32 (M): If a driver is disconnected from the multi-driver call, a clear indication shall be given.","(M) mandatory, (O) optional, (I) informative"
S0133,PURE,2007-eirene_fun_7-2,"If a driver is disconnected from the multi-driver call, a clear indication shall be given.",be given,yes,,yes,,be given,"EIRENE Functional Requirements Specification, version 7",5.2.2.32,M,5 Cab radio > 5.2 Functional requirements > 5.2.2 Driver call related functions,5.2.2.31 (M): The lead driver shall be able to terminate the entire call.,5.2.2.33 (M): The setting up and closing down of a multi-driver call shall be simplified using automation or guidance through the steps required.,"(M) mandatory, (O) optional, (I) informative"
S0134,PURE,2007-eirene_fun_7-2,The setting up and closing down of a multi-driver call shall be simplified using automation or guidance through the steps required.,be simplified using automation or guidance through the steps required,no,possibly_multiple_capabilities,no,possibly_multiple_capabilities,,"EIRENE Functional Requirements Specification, version 7",5.2.2.33,M,5 Cab radio > 5.2 Functional requirements > 5.2.2 Driver call related functions,"5.2.2.32 (M): If a driver is disconnected from the multi-driver call, a clear indication shall be given.","5.2.2.34 (M): In each cab, the call shall be connected to the loudspeaker whilst the handset is on- hook.","(M) mandatory, (O) optional, (I) informative"
S0135,PURE,2007-eirene_fun_7-2,"In each cab, the call shall be connected to the loudspeaker whilst the handset is on- hook.",be connected to the loudspeaker whilst the handset is on- hook,yes,,no,not_sampled_mandatory_pool,,"EIRENE Functional Requirements Specification, version 7",5.2.2.34,M,5 Cab radio > 5.2 Functional requirements > 5.2.2 Driver call related functions,5.2.2.33 (M): The setting up and closing down of a multi-driver call shall be simplified using automation or guidance through the steps required.,"5.2.2.35 (M): If any part of the call fails, an audible and visual indication shall be provided in the appropriate cab.","(M) mandatory, (O) optional, (I) informative"
S0136,PURE,2007-eirene_fun_7-2,"If any part of the call fails, an audible and visual indication shall be provided in the appropriate cab.",be provided in the appropriate cab,yes,,no,not_sampled_mandatory_pool,,"EIRENE Functional Requirements Specification, version 7",5.2.2.35,M,5 Cab radio > 5.2 Functional requirements > 5.2.2 Driver call related functions,"5.2.2.34 (M): In each cab, the call shall be connected to the loudspeaker whilst the handset is on- hook.","5.2.2.36 (I): If the call fails in the lead traction vehicle, the lead driver will be responsible for re- establishing the call. If the call fails to any other cab, the driver in that cab will call the lead cab and request re-establishment of the call.","(M) mandatory, (O) optional, (I) informative"
S0137,PURE,2007-eirene_fun_7-2,"If the call fails in the lead traction vehicle, the lead driver will be responsible for re- establishing the call. If the call fails to any other cab, the driver in that cab will call the lead cab and request re-establishment of the call.","be responsible for re- establishing the call. If the call fails to any other cab, the driver in that cab will call the lead cab and request re-establishment of the call",no,too_long;multi_sentence;residual_modal_in_capability;informative_marker,no,too_long;multi_sentence;residual_modal_in_capability;informative_marker,,"EIRENE Functional Requirements Specification, version 7",5.2.2.36,I,5 Cab radio > 5.2 Functional requirements > 5.2.2 Driver call related functions,"5.2.2.35 (M): If any part of the call fails, an audible and visual indication shall be provided in the appropriate cab.","5.2.2.37 (M): For calls between a controller and the lead cab, it shall be possible to add the controller to the multi-driver call. Either the lead driver calls the controller or the controller calls the lead driver. In the latter case, the controller is automatically added into the multi- driver call. Functional identity of the controller shall be displayed in the leading cab.","(M) mandatory, (O) optional, (I) informative"
S0138,PURE,2007-eirene_fun_7-2,"For calls between a controller and the lead cab, it shall be possible to add the controller to the multi-driver call. Either the lead driver calls the controller or the controller calls the lead driver. In the latter case, the controller is automatically added into the multi- driver call. Functional identity of the controller shall be displayed in the leading cab.","be possible to add the controller to the multi-driver call. Either the lead driver calls the controller or the controller calls the lead driver. In the latter case, the controller is automatically added into the multi- driver call. Functional identity of the controller shall be displayed in the leading cab",no,too_long;multi_sentence;possibly_multiple_capabilities;residual_modal_in_capability,no,too_long;multi_sentence;possibly_multiple_capabilities;residual_modal_in_capability,,"EIRENE Functional Requirements Specification, version 7",5.2.2.37,M,5 Cab radio > 5.2 Functional requirements > 5.2.2 Driver call related functions,"5.2.2.36 (I): If the call fails in the lead traction vehicle, the lead driver will be responsible for re- establishing the call. If the call fails to any other cab, the driver in that cab will call the lead cab and request re-establishment of the call.",5.2.2.38 (M): It shall be possible for the driver to contact members of on-board train staff using a point-to-point voice call.,"(M) mandatory, (O) optional, (I) informative"
S0139,PURE,2007-eirene_fun_7-2,It shall be possible for the driver to contact members of on-board train staff using a point-to-point voice call.,be possible for the driver to contact members of on-board train staff using a point-to-point voice call,no,impersonal_construction,no,impersonal_construction,,"EIRENE Functional Requirements Specification, version 7",5.2.2.38,M,5 Cab radio > 5.2 Functional requirements > 5.2.2 Driver call related functions,"5.2.2.37 (M): For calls between a controller and the lead cab, it shall be possible to add the controller to the multi-driver call. Either the lead driver calls the controller or the controller calls the lead driver. In the latter case, the controller is automatically added into the multi- driver call. Functional identity of the controller shall be displayed in the leading cab.","5.2.2.39 (M): Upon activation of this function, the Cab radio shall provide the driver with a list of generic staff, eg:","(M) mandatory, (O) optional, (I) informative"
S0140,PURE,2007-eirene_fun_7-2,"Upon activation of this function, the Cab radio shall provide the driver with a list of generic staff, eg:","provide the driver with a list of generic staff, eg",no,colon_structure,no,colon_structure,,"EIRENE Functional Requirements Specification, version 7",5.2.2.39,M,5 Cab radio > 5.2 Functional requirements > 5.2.2 Driver call related functions,5.2.2.38 (M): It shall be possible for the driver to contact members of on-board train staff using a point-to-point voice call.,5.2.2.40 (M): The driver shall then be prompted to select the train staff with which he wishes to communicate.,"(M) mandatory, (O) optional, (I) informative"
S0141,PURE,2007-eirene_fun_7-2,The driver shall then be prompted to select the train staff with which he wishes to communicate.,then be prompted to select the train staff with which he wishes to communicate,yes,,yes,,then be prompted to select the train staff with which he wishes to communicate,"EIRENE Functional Requirements Specification, version 7",5.2.2.40,M,5 Cab radio > 5.2 Functional requirements > 5.2.2 Driver call related functions,"5.2.2.39 (M): Upon activation of this function, the Cab radio shall provide the driver with a list of generic staff, eg:","5.2.2.41 (M): On many trains, staff may be connected by intercom or internal telephone rather than by radio. It is required that, in these cases, the Cab radio shall be integrated with internal communication systems such that the appropriate means of connection (wire or radio) will be determined automatically.","(M) mandatory, (O) optional, (I) informative"
S0142,PURE,2007-eirene_fun_7-2,"On many trains, staff may be connected by intercom or internal telephone rather than by radio. It is required that, in these cases, the Cab radio shall be integrated with internal communication systems such that the appropriate means of connection (wire or radio) will be determined automatically.","be connected by intercom or internal telephone rather than by radio. It is required that, in these cases, the Cab radio shall be integrated with internal communication systems such that the appropriate means of connection (wire or radio) will be determined automatically",no,too_long;multi_sentence;possibly_multiple_capabilities;residual_modal_in_capability,no,too_long;multi_sentence;possibly_multiple_capabilities;residual_modal_in_capability,,"EIRENE Functional Requirements Specification, version 7",5.2.2.41,M,5 Cab radio > 5.2 Functional requirements > 5.2.2 Driver call related functions,5.2.2.40 (M): The driver shall then be prompted to select the train staff with which he wishes to communicate.,"5.2.2.42 (M): The Cab radio shall be capable of being used as a standard telephone, such that the driver is able to call any valid number subject to pre-defined call restrictions. The call may be initiated by:","(M) mandatory, (O) optional, (I) informative"
S0143,PURE,2007-eirene_fun_7-2,"The Cab radio shall be capable of being used as a standard telephone, such that the driver is able to call any valid number subject to pre-defined call restrictions. The call may be initiated by:","be capable of being used as a standard telephone, such that the driver is able to call any valid number subject to pre-defined call restrictions. The call may be initiated by",no,multi_sentence;residual_modal_in_capability;colon_structure,no,multi_sentence;residual_modal_in_capability;colon_structure,,"EIRENE Functional Requirements Specification, version 7",5.2.2.42,M,5 Cab radio > 5.2 Functional requirements > 5.2.2 Driver call related functions,"5.2.2.41 (M): On many trains, staff may be connected by intercom or internal telephone rather than by radio. It is required that, in these cases, the Cab radio shall be integrated with internal communication systems such that the appropriate means of connection (wire or radio) will be determined automatically.",5.2.2.43 (M): An audible and visual indication of an incoming call shall be provided.,"(M) mandatory, (O) optional, (I) informative"
S0144,PURE,2007-eirene_fun_7-2,An audible and visual indication of an incoming call shall be provided.,be provided,yes,,no,not_sampled_mandatory_pool,,"EIRENE Functional Requirements Specification, version 7",5.2.2.43,M,5 Cab radio > 5.2 Functional requirements > 5.2.2 Driver call related functions,"5.2.2.42 (M): The Cab radio shall be capable of being used as a standard telephone, such that the driver is able to call any valid number subject to pre-defined call restrictions. The call may be initiated by:","5.2.2.44 (M): The functional identity (which may contain an alphanumeric description) of the calling party, when available, shall be displayed.","(M) mandatory, (O) optional, (I) informative"
S0145,PURE,2007-eirene_fun_7-2,"The functional identity (which may contain an alphanumeric description) of the calling party, when available, shall be displayed.","contain an alphanumeric description) of the calling party, when available, shall be displayed",no,residual_modal_in_capability,no,residual_modal_in_capability,,"EIRENE Functional Requirements Specification, version 7",5.2.2.44,M,5 Cab radio > 5.2 Functional requirements > 5.2.2 Driver call related functions,5.2.2.43 (M): An audible and visual indication of an incoming call shall be provided.,5.2.2.45 (M): Point-to-point calls that are not automatically answered (see table 10-1) shall only be answered once the driver accepts the call.,"(M) mandatory, (O) optional, (I) informative"
S0146,PURE,2007-eirene_fun_7-2,Point-to-point calls that are not automatically answered (see table 10-1) shall only be answered once the driver accepts the call.,only be answered once the driver accepts the call,no,negation;formula_or_symbol;table_or_figure_reference,no,negation;formula_or_symbol;table_or_figure_reference,,"EIRENE Functional Requirements Specification, version 7",5.2.2.45,M,5 Cab radio > 5.2 Functional requirements > 5.2.2 Driver call related functions,"5.2.2.44 (M): The functional identity (which may contain an alphanumeric description) of the calling party, when available, shall be displayed.","5.2.2.46 (M): Once the driver has accepted the standard point-to-point call, it shall be connected appropriately, eg if the driver has accepted the call by lifting the handset, then the call shall be routed to the handset.","(M) mandatory, (O) optional, (I) informative"
S0147,PURE,2007-eirene_fun_7-2,"Once the driver has accepted the standard point-to-point call, it shall be connected appropriately, eg if the driver has accepted the call by lifting the handset, then the call shall be routed to the handset.","be connected appropriately, eg if the driver has accepted the call by lifting the handset, then the call shall be routed to the handset",no,too_long;residual_modal_in_capability,no,too_long;residual_modal_in_capability,,"EIRENE Functional Requirements Specification, version 7",5.2.2.46,M,5 Cab radio > 5.2 Functional requirements > 5.2.2 Driver call related functions,5.2.2.45 (M): Point-to-point calls that are not automatically answered (see table 10-1) shall only be answered once the driver accepts the call.,5.2.2.47 (M): An audible and visual indication of the incoming call shall be provided when a Cab radio receives a group or broadcast call.,"(M) mandatory, (O) optional, (I) informative"
S0148,PURE,2007-eirene_fun_7-2,An audible and visual indication of the incoming call shall be provided when a Cab radio receives a group or broadcast call.,be provided when a Cab radio receives a group or broadcast call,no,possibly_multiple_capabilities,no,possibly_multiple_capabilities,,"EIRENE Functional Requirements Specification, version 7",5.2.2.47,M,5 Cab radio > 5.2 Functional requirements > 5.2.2 Driver call related functions,"5.2.2.46 (M): Once the driver has accepted the standard point-to-point call, it shall be connected appropriately, eg if the driver has accepted the call by lifting the handset, then the call shall be routed to the handset.",5.2.2.48 (M): The group identity of the voice group call (VBS or VGCS) shall be displayed.,"(M) mandatory, (O) optional, (I) informative"
S0149,PURE,2007-eirene_fun_7-2,The group identity of the voice group call (VBS or VGCS) shall be displayed.,be displayed,yes,,no,not_sampled_mandatory_pool,,"EIRENE Functional Requirements Specification, version 7",5.2.2.48,M,5 Cab radio > 5.2 Functional requirements > 5.2.2 Driver call related functions,5.2.2.47 (M): An audible and visual indication of the incoming call shall be provided when a Cab radio receives a group or broadcast call.,"5.2.2.49 (M): Group or broadcast calls shall automatically be connected to the loudspeaker if the handset is not in use, or to the handset if the handset is off hook.","(M) mandatory, (O) optional, (I) informative"
S0150,PURE,2007-eirene_fun_7-2,"Group or broadcast calls shall automatically be connected to the loudspeaker if the handset is not in use, or to the handset if the handset is off hook.","automatically be connected to the loudspeaker if the handset is not in use, or to the handset if the handset is off hook",no,negation;possibly_multiple_capabilities,no,negation;possibly_multiple_capabilities,,"EIRENE Functional Requirements Specification, version 7",5.2.2.49,M,5 Cab radio > 5.2 Functional requirements > 5.2.2 Driver call related functions,5.2.2.48 (M): The group identity of the voice group call (VBS or VGCS) shall be displayed.,5.2.2.50 (M): The driver shall be informed if a broadcast call is ongoing by a visual indication displayed on the MMI.,"(M) mandatory, (O) optional, (I) informative"
S0151,PURE,2007-eirene_fun_7-2,The driver shall be informed if a broadcast call is ongoing by a visual indication displayed on the MMI.,be informed if a broadcast call is ongoing by a visual indication displayed on the MMI,yes,,yes,,be informed if a broadcast call is ongoing by a visual indication displayed on the MMI,"EIRENE Functional Requirements Specification, version 7",5.2.2.50,M,5 Cab radio > 5.2 Functional requirements > 5.2.2 Driver call related functions,"5.2.2.49 (M): Group or broadcast calls shall automatically be connected to the loudspeaker if the handset is not in use, or to the handset if the handset is off hook.",5.2.2.50i (I): It is not possible for the driver to speak as part of the call when receiving a broadcast call.,"(M) mandatory, (O) optional, (I) informative"
S0152,PURE,2007-eirene_fun_7-2,It is not possible for the driver to speak as part of the call when receiving a broadcast call.,it is not possible for the driver to speak as part of the call when receiving a broadcast call,no,negation;no_requirement_cue;informative_marker,no,negation;no_requirement_cue;informative_marker,,"EIRENE Functional Requirements Specification, version 7",5.2.2.50i,I,5 Cab radio > 5.2 Functional requirements > 5.2.2 Driver call related functions,5.2.2.50 (M): The driver shall be informed if a broadcast call is ongoing by a visual indication displayed on the MMI.,"5.2.2.51 (M): If the call is a group call, the driver shall be required to request permission before being able to speak as part of the call by lifting the handset and pushing the Push-To- Talk (PTT) button.","(M) mandatory, (O) optional, (I) informative"
S0153,PURE,2007-eirene_fun_7-2,"If the call is a group call, the driver shall be required to request permission before being able to speak as part of the call by lifting the handset and pushing the Push-To- Talk (PTT) button.",be required to request permission before being able to speak as part of the call by lifting the handset and pushing the Push-To- Talk (PTT) button,no,too_long;residual_modal_in_capability,no,too_long;residual_modal_in_capability,,"EIRENE Functional Requirements Specification, version 7",5.2.2.51,M,5 Cab radio > 5.2 Functional requirements > 5.2.2 Driver call related functions,5.2.2.50i (I): It is not possible for the driver to speak as part of the call when receiving a broadcast call.,"5.2.2.52 (M): During a group call, a visual indication shall be displayed on the drivers MMI to remind the driver of the need to use the PTT button.","(M) mandatory, (O) optional, (I) informative"
S0154,PURE,2007-eirene_fun_7-2,"During a group call, a visual indication shall be displayed on the drivers MMI to remind the driver of the need to use the PTT button.",be displayed on the drivers MMI to remind the driver of the need to use the PTT button,yes,,yes,,be displayed on the drivers MMI to remind the driver of the need to use the PTT button,"EIRENE Functional Requirements Specification, version 7",5.2.2.52,M,5 Cab radio > 5.2 Functional requirements > 5.2.2 Driver call related functions,"5.2.2.51 (M): If the call is a group call, the driver shall be required to request permission before being able to speak as part of the call by lifting the handset and pushing the Push-To- Talk (PTT) button.",5.2.2.53 (I): The driver can not speak in a group call until permission is granted by the network after pushing the PTT button.,"(M) mandatory, (O) optional, (I) informative"
S0155,PURE,2007-eirene_fun_7-2,The driver can not speak in a group call until permission is granted by the network after pushing the PTT button.,not speak in a group call until permission is granted by the network after pushing the PTT button,no,negation;no_requirement_cue;informative_marker,no,negation;no_requirement_cue;informative_marker,,"EIRENE Functional Requirements Specification, version 7",5.2.2.53,I,5 Cab radio > 5.2 Functional requirements > 5.2.2 Driver call related functions,"5.2.2.52 (M): During a group call, a visual indication shall be displayed on the drivers MMI to remind the driver of the need to use the PTT button.","5.2.2.54 (M): In a group call, an audible and visual indication of whether the request to talk was successful shall be provided. The driver shall then be able to speak as part of the call whilst the PTT button is pressed.","(M) mandatory, (O) optional, (I) informative"
S0156,PURE,2007-eirene_fun_7-2,"In a group call, an audible and visual indication of whether the request to talk was successful shall be provided. The driver shall then be able to speak as part of the call whilst the PTT button is pressed.",be provided. The driver shall then be able to speak as part of the call whilst the PTT button is pressed,no,too_long;multi_sentence;residual_modal_in_capability,no,too_long;multi_sentence;residual_modal_in_capability,,"EIRENE Functional Requirements Specification, version 7",5.2.2.54,M,5 Cab radio > 5.2 Functional requirements > 5.2.2 Driver call related functions,5.2.2.53 (I): The driver can not speak in a group call until permission is granted by the network after pushing the PTT button.,"5.2.2.55 (M): If the train moves out of the group or broadcast call area whilst the call is in progress, an audible and visual indication of the loss of call shall be provided to the driver.","(M) mandatory, (O) optional, (I) informative"
S0157,PURE,2007-eirene_fun_7-2,"If the train moves out of the group or broadcast call area whilst the call is in progress, an audible and visual indication of the loss of call shall be provided to the driver.","if the train moves out of the group or broadcast call area whilst the call is in progress, an audible and visual indication of the loss of call shall be provided to the driver",no,possibly_multiple_capabilities;residual_modal_in_capability,no,possibly_multiple_capabilities;residual_modal_in_capability,,"EIRENE Functional Requirements Specification, version 7",5.2.2.55,M,5 Cab radio > 5.2 Functional requirements > 5.2.2 Driver call related functions,"5.2.2.54 (M): In a group call, an audible and visual indication of whether the request to talk was successful shall be provided. The driver shall then be able to speak as part of the call whilst the PTT button is pressed.","5.2.2.56 (M): Reception of this call proceeds as for a standard group or broadcast call, except that a distinctive audible and visual indication shall be provided in the cab.","(M) mandatory, (O) optional, (I) informative"
S0158,PURE,2007-eirene_fun_7-2,"Reception of this call proceeds as for a standard group or broadcast call, except that a distinctive audible and visual indication shall be provided in the cab.","reception of this call proceeds as for a standard group or broadcast call, except that a distinctive audible and visual indication shall be provided in the cab",no,possibly_multiple_capabilities;residual_modal_in_capability,no,possibly_multiple_capabilities;residual_modal_in_capability,,"EIRENE Functional Requirements Specification, version 7",5.2.2.56,M,5 Cab radio > 5.2 Functional requirements > 5.2.2 Driver call related functions,"5.2.2.55 (M): If the train moves out of the group or broadcast call area whilst the call is in progress, an audible and visual indication of the loss of call shall be provided to the driver.","5.2.2.57 (M): If a train-borne recorder is connected to the Cab radio, details of an incoming Railway emergency call shall be transmitted to the train-borne recorder for recording, see section 5.8.","(M) mandatory, (O) optional, (I) informative"
S0159,PURE,2007-eirene_fun_7-2,"If a train-borne recorder is connected to the Cab radio, details of an incoming Railway emergency call shall be transmitted to the train-borne recorder for recording, see section 5.8.","be transmitted to the train-borne recorder for recording, see section 5.8",no,multi_sentence;table_or_figure_reference;list_or_heading_marker,no,multi_sentence;table_or_figure_reference;list_or_heading_marker,,"EIRENE Functional Requirements Specification, version 7",5.2.2.57,M,5 Cab radio > 5.2 Functional requirements > 5.2.2 Driver call related functions,"5.2.2.56 (M): Reception of this call proceeds as for a standard group or broadcast call, except that a distinctive audible and visual indication shall be provided in the cab.",5.2.2.58 (M): An automatic confirmation shall be generated by the Cab radio at the end of the Railway emergency call as detailed in section 13.,"(M) mandatory, (O) optional, (I) informative"
S0160,PURE,2007-eirene_fun_7-2,An automatic confirmation shall be generated by the Cab radio at the end of the Railway emergency call as detailed in section 13.,be generated by the Cab radio at the end of the Railway emergency call as detailed in section 13,no,table_or_figure_reference;list_or_heading_marker,no,table_or_figure_reference;list_or_heading_marker,,"EIRENE Functional Requirements Specification, version 7",5.2.2.58,M,5 Cab radio > 5.2 Functional requirements > 5.2.2 Driver call related functions,"5.2.2.57 (M): If a train-borne recorder is connected to the Cab radio, details of an incoming Railway emergency call shall be transmitted to the train-borne recorder for recording, see section 5.8.",5.2.2.59 (I): Automatic confirmation of receipt of Railway emergency calls will be used to provide a means of determining which trains have received a Railway emergency call (see section 13).,"(M) mandatory, (O) optional, (I) informative"
S0161,PURE,2007-eirene_fun_7-2,Automatic confirmation of receipt of Railway emergency calls will be used to provide a means of determining which trains have received a Railway emergency call (see section 13).,be used to provide a means of determining which trains have received a Railway emergency call (see section 13),no,table_or_figure_reference;informative_marker,no,table_or_figure_reference;informative_marker,,"EIRENE Functional Requirements Specification, version 7",5.2.2.59,I,5 Cab radio > 5.2 Functional requirements > 5.2.2 Driver call related functions,5.2.2.58 (M): An automatic confirmation shall be generated by the Cab radio at the end of the Railway emergency call as detailed in section 13.,5.2.2.60 (M): The Cab radio shall provide a means for the driver to terminate calls which he is authorised to terminate (ie all calls except Railway emergency calls not initiated by the driver and shunting group calls).,"(M) mandatory, (O) optional, (I) informative"
S0162,PURE,2007-eirene_fun_7-2,The Cab radio shall provide a means for the driver to terminate calls which he is authorised to terminate (ie all calls except Railway emergency calls not initiated by the driver and shunting group calls).,provide a means for the driver to terminate calls which he is authorised to terminate (ie all calls except Railway emergency calls not initiated by the driver and shunting group calls),no,negation,no,negation,,"EIRENE Functional Requirements Specification, version 7",5.2.2.60,M,5 Cab radio > 5.2 Functional requirements > 5.2.2 Driver call related functions,5.2.2.59 (I): Automatic confirmation of receipt of Railway emergency calls will be used to provide a means of determining which trains have received a Railway emergency call (see section 13).,"5.2.2.61 (M): For group or broadcast calls, a means to leave the call without terminating the call shall be provided.","(M) mandatory, (O) optional, (I) informative"
S0163,PURE,2007-eirene_fun_7-2,"For group or broadcast calls, a means to leave the call without terminating the call shall be provided.",be provided,no,negation,no,negation,,"EIRENE Functional Requirements Specification, version 7",5.2.2.61,M,5 Cab radio > 5.2 Functional requirements > 5.2.2 Driver call related functions,5.2.2.60 (M): The Cab radio shall provide a means for the driver to terminate calls which he is authorised to terminate (ie all calls except Railway emergency calls not initiated by the driver and shunting group calls).,5.2.2.62 (M): The Cab radio system shall be able to receive incoming text messages (see section 12 for details).,"(M) mandatory, (O) optional, (I) informative"
S0164,PURE,2007-eirene_fun_7-2,The Cab radio system shall be able to receive incoming text messages (see section 12 for details).,receive incoming text messages (see section 12 for details),no,table_or_figure_reference,no,table_or_figure_reference,,"EIRENE Functional Requirements Specification, version 7",5.2.2.62,M,5 Cab radio > 5.2 Functional requirements > 5.2.2 Driver call related functions,"5.2.2.61 (M): For group or broadcast calls, a means to leave the call without terminating the call shall be provided.",5.2.2.63 (M): The Cab radio shall support a shunting mode of operation that provides a link assurance tone to reassure users of the integrity of the communication link (see section 14).,"(M) mandatory, (O) optional, (I) informative"
S0165,PURE,2007-eirene_fun_7-2,The Cab radio shall support a shunting mode of operation that provides a link assurance tone to reassure users of the integrity of the communication link (see section 14).,support a shunting mode of operation that provides a link assurance tone to reassure users of the integrity of the communication link (see section 14),no,table_or_figure_reference,no,table_or_figure_reference,,"EIRENE Functional Requirements Specification, version 7",5.2.2.63,M,5 Cab radio > 5.2 Functional requirements > 5.2.2 Driver call related functions,5.2.2.62 (M): The Cab radio system shall be able to receive incoming text messages (see section 12 for details).,5.2.2.64 (M): A means to enter and leave shunting mode shall be provided.,"(M) mandatory, (O) optional, (I) informative"
S0166,PURE,2007-eirene_fun_7-2,A means to enter and leave shunting mode shall be provided.,be provided,yes,,no,not_sampled_mandatory_pool,,"EIRENE Functional Requirements Specification, version 7",5.2.2.64,M,5 Cab radio > 5.2 Functional requirements > 5.2.2 Driver call related functions,5.2.2.63 (M): The Cab radio shall support a shunting mode of operation that provides a link assurance tone to reassure users of the integrity of the communication link (see section 14).,5.2.2.65 (M): The functionality to enter and leave shunting mode shall not be available when there are on-going calls involving the Cab radio.,"(M) mandatory, (O) optional, (I) informative"
S0167,PURE,2007-eirene_fun_7-2,The functionality to enter and leave shunting mode shall not be available when there are on-going calls involving the Cab radio.,not be available when there are on-going calls involving the Cab radio,no,negation,no,negation,,"EIRENE Functional Requirements Specification, version 7",5.2.2.65,M,5 Cab radio > 5.2 Functional requirements > 5.2.2 Driver call related functions,5.2.2.64 (M): A means to enter and leave shunting mode shall be provided.,5.2.2.66 (M): The link assurance tone shall be provided via the loudspeaker.,"(M) mandatory, (O) optional, (I) informative"
S0168,PURE,2007-eirene_fun_7-2,The link assurance tone shall be provided via the loudspeaker.,be provided via the loudspeaker,yes,,yes,,be provided via the loudspeaker,"EIRENE Functional Requirements Specification, version 7",5.2.2.66,M,5 Cab radio > 5.2 Functional requirements > 5.2.2 Driver call related functions,5.2.2.65 (M): The functionality to enter and leave shunting mode shall not be available when there are on-going calls involving the Cab radio.,"5.2.2.67 (I): If the Cab radio is equipped with an additional security device, this audible indication may be muted for the drivers convenience. In this case, the security device alerts the driver if the link has failed or if it is cancelled.","(M) mandatory, (O) optional, (I) informative"
S0169,PURE,2007-eirene_fun_7-2,"If the Cab radio is equipped with an additional security device, this audible indication may be muted for the drivers convenience. In this case, the security device alerts the driver if the link has failed or if it is cancelled.","be muted for the drivers convenience. In this case, the security device alerts the driver if the link has failed or if it is cancelled",no,too_long;multi_sentence;informative_marker,no,too_long;multi_sentence;informative_marker,,"EIRENE Functional Requirements Specification, version 7",5.2.2.67,I,5 Cab radio > 5.2 Functional requirements > 5.2.2 Driver call related functions,5.2.2.66 (M): The link assurance tone shall be provided via the loudspeaker.,"5.2.2.68 (O): It should be possible for the Cab radio to be used without the network service (if it should fail or if there is no authorised network coverage), such that local open channel communications are still possible. This mode of operation is termed direct mode (see section 15).","(M) mandatory, (O) optional, (I) informative"
S0170,PURE,2007-eirene_fun_7-2,"It should be possible for the Cab radio to be used without the network service (if it should fail or if there is no authorised network coverage), such that local open channel communications are still possible. This mode of operation is termed direct mode (see section 15).","be possible for the Cab radio to be used without the network service (if it should fail or if there is no authorised network coverage), such that local open channel communications are still possible. This mode of operation is termed direct mode (see section 15)",no,too_long;multi_sentence;negation;residual_modal_in_capability;table_or_figure_reference;impersonal_construction,no,too_long;multi_sentence;negation;residual_modal_in_capability;table_or_figure_reference;impersonal_construction,,"EIRENE Functional Requirements Specification, version 7",5.2.2.68,O,5 Cab radio > 5.2 Functional requirements > 5.2.2 Driver call related functions,"5.2.2.67 (I): If the Cab radio is equipped with an additional security device, this audible indication may be muted for the drivers convenience. In this case, the security device alerts the driver if the link has failed or if it is cancelled.","5.2.2.69 (M): If direct mode is implemented, a means to enter and leave direct mode shall be provided.","(M) mandatory, (O) optional, (I) informative"
S0171,PURE,2007-eirene_fun_7-2,"If direct mode is implemented, a means to enter and leave direct mode shall be provided.",be provided,yes,,yes,,be provided,"EIRENE Functional Requirements Specification, version 7",5.2.2.69,M,5 Cab radio > 5.2 Functional requirements > 5.2.2 Driver call related functions,"5.2.2.68 (O): It should be possible for the Cab radio to be used without the network service (if it should fail or if there is no authorised network coverage), such that local open channel communications are still possible. This mode of operation is termed direct mode (see section 15).","5.2.2.70 (M): If the radio is in direct mode and the normal network service returns, the user shall be provided with an audible and visual indication.","(M) mandatory, (O) optional, (I) informative"
S0172,PURE,2007-eirene_fun_7-2,"If the radio is in direct mode and the normal network service returns, the user shall be provided with an audible and visual indication.",be provided with an audible and visual indication,no,possibly_multiple_capabilities,no,possibly_multiple_capabilities,,"EIRENE Functional Requirements Specification, version 7",5.2.2.70,M,5 Cab radio > 5.2 Functional requirements > 5.2.2 Driver call related functions,"5.2.2.69 (M): If direct mode is implemented, a means to enter and leave direct mode shall be provided.","5.2.2.71 (M): Not all communications using the Cab radio will involve the driver. Where these calls involve the Cab radio, the driver shall be provided with an indication that the Cab radio is busy.","(M) mandatory, (O) optional, (I) informative"
S0173,PURE,2007-eirene_fun_7-2,"Not all communications using the Cab radio will involve the driver. Where these calls involve the Cab radio, the driver shall be provided with an indication that the Cab radio is busy.","involve the driver. Where these calls involve the Cab radio, the driver shall be provided with an indication that the Cab radio is busy",no,multi_sentence;negation;residual_modal_in_capability,no,multi_sentence;negation;residual_modal_in_capability,,"EIRENE Functional Requirements Specification, version 7",5.2.2.71,M,5 Cab radio > 5.2 Functional requirements > 5.2.2 Driver call related functions,"5.2.2.70 (M): If the radio is in direct mode and the normal network service returns, the user shall be provided with an audible and visual indication.","5.2.2.72 (M): For voice calls using the Cab radio not involving the driver as a called or calling party, the driver shall have the possibility to listen to the audio output of the communication.","(M) mandatory, (O) optional, (I) informative"
S0174,PURE,2007-eirene_fun_7-2,"For voice calls using the Cab radio not involving the driver as a called or calling party, the driver shall have the possibility to listen to the audio output of the communication.",have the possibility to listen to the audio output of the communication,no,negation;residual_modal_in_capability,no,negation;residual_modal_in_capability,,"EIRENE Functional Requirements Specification, version 7",5.2.2.72,M,5 Cab radio > 5.2 Functional requirements > 5.2.2 Driver call related functions,"5.2.2.71 (M): Not all communications using the Cab radio will involve the driver. Where these calls involve the Cab radio, the driver shall be provided with an indication that the Cab radio is busy.","5.2.2.73 (M): For voice communications, if the driver picks up the handset, the radio shall allow him to join the communication.","(M) mandatory, (O) optional, (I) informative"
S0175,PURE,2007-eirene_fun_7-2,"For voice communications, if the driver picks up the handset, the radio shall allow him to join the communication.",allow him to join the communication,yes,,no,not_sampled_mandatory_pool,,"EIRENE Functional Requirements Specification, version 7",5.2.2.73,M,5 Cab radio > 5.2 Functional requirements > 5.2.2 Driver call related functions,"5.2.2.72 (M): For voice calls using the Cab radio not involving the driver as a called or calling party, the driver shall have the possibility to listen to the audio output of the communication.",5.2.2.74 (M): The driver shall be able to terminate communications (voice or data) by selecting another call.,"(M) mandatory, (O) optional, (I) informative"
S0176,PURE,2007-eirene_fun_7-2,The driver shall be able to terminate communications (voice or data) by selecting another call.,terminate communications (voice or data) by selecting another call,yes,,no,not_sampled_mandatory_pool,,"EIRENE Functional Requirements Specification, version 7",5.2.2.74,M,5 Cab radio > 5.2 Functional requirements > 5.2.2 Driver call related functions,"5.2.2.73 (M): For voice communications, if the driver picks up the handset, the radio shall allow him to join the communication.","5.2.2.75 (M): Where the Cab radio is required by a national railway to support a handheld portable, the Cab radio shall:","(M) mandatory, (O) optional, (I) informative"
S0177,PURE,2007-eirene_fun_7-2,"Where the Cab radio is required by a national railway to support a handheld portable, the Cab radio shall:","where the Cab radio is required by a national railway to support a handheld portable, the Cab radio shall",no,residual_modal_in_capability;colon_structure,no,residual_modal_in_capability;colon_structure,,"EIRENE Functional Requirements Specification, version 7",5.2.2.75,M,5 Cab radio > 5.2 Functional requirements > 5.2.2 Driver call related functions,5.2.2.74 (M): The driver shall be able to terminate communications (voice or data) by selecting another call.,"5.2.3.1: Powering up the Cab radio will initiate the following: automatic self-testing; (M) automatic selection of the pre-set loudspeaker volume; (M) registration with other on-train systems, such as ERTMS/ETCS; (M) all failures of self-tests should be recorded in the train-borne recorder; (O) connection of the Cab radio to an authorised mobile network. This shall be the network to which the mobile was last registered (where available); (M) if connection is successful, the name of the network shall be displayed on the MMI and an audible indication of successful connection shall be given; (M) if connection is not successful, an audible and visual indication shall be provided. (M) if connection is not successful, the manual network selection procedure may be initiated by the driver (see 5.2.3.23). (I)","(M) mandatory, (O) optional, (I) informative"
S0178,PURE,2007-eirene_fun_7-2,"Powering up the Cab radio will initiate the following: automatic self-testing; automatic selection of the pre-set loudspeaker volume; registration with other on-train systems, such as ERTMS/ETCS; all failures of self-tests should be recorded in the train-borne recorder; connection of the Cab radio to an authorised mobile network. This shall be the network to which the mobile was last registered (where available); if connection is successful, the name of the network shall be displayed on the MMI and an audible indication of successful connection shall be given; if connection is not successful, an audible and visual indication shall be provided. if connection is not successful, the manual network selection procedure may be initiated by the driver (see 5.2.3.23).","initiate the following: automatic self-testing; automatic selection of the pre-set loudspeaker volume; registration with other on-train systems, such as ERTMS/ETCS; all failures of self-tests should be recorded in the train-borne recorder; connection of the Cab radio to an authorised mobile network. This shall be the network to which the mobile was last registered (where available); if connection is successful, the name of the network shall be displayed on the MMI and an audible indication of successful connection shall be given; if connection is not successful, an audible and visual indication shall be provided. if connection is not successful, the manual network selection procedure may be initiated by the driver (see 5.2.3.23)",no,too_long;multi_sentence;negation;possibly_multiple_capabilities;residual_modal_in_capability;colon_structure;list_or_heading_marker;multiple_markers;informative_marker,no,too_long;multi_sentence;negation;possibly_multiple_capabilities;residual_modal_in_capability;colon_structure;list_or_heading_marker;multiple_markers;informative_marker,,"EIRENE Functional Requirements Specification, version 7",5.2.3.1,I,5 Cab radio > 5.2 Functional requirements,"5.2.2.75 (M): Where the Cab radio is required by a national railway to support a handheld portable, the Cab radio shall:","5.2.3.2 (I): At the point of successful connection, the Cab radio will be able to receive all calls made using the Cab radios telephone number, engine number or appropriate group call numbers (including Railway emergency calls).","(M) mandatory, (O) optional, (I) informative"
S0179,PURE,2007-eirene_fun_7-2,"At the point of successful connection, the Cab radio will be able to receive all calls made using the Cab radios telephone number, engine number or appropriate group call numbers (including Railway emergency calls).","receive all calls made using the Cab radios telephone number, engine number or appropriate group call numbers (including Railway emergency calls)",no,informative_marker,no,informative_marker,,"EIRENE Functional Requirements Specification, version 7",5.2.3.2,I,5 Cab radio > 5.2 Functional requirements,"5.2.3.1: Powering up the Cab radio will initiate the following: automatic self-testing; (M) automatic selection of the pre-set loudspeaker volume; (M) registration with other on-train systems, such as ERTMS/ETCS; (M) all failures of self-tests should be recorded in the train-borne recorder; (O) connection of the Cab radio to an authorised mobile network. This shall be the network to which the mobile was last registered (where available); (M) if connection is successful, the name of the network shall be displayed on the MMI and an audible indication of successful connection shall be given; (M) if connection is not successful, an audible and visual indication shall be provided. (M) if connection is not successful, the manual network selection procedure may be initiated by the driver (see 5.2.3.23). (I)",5.2.3.3 (M): Powering down the Cab radio shall cause the disconnection of the Cab radio from the mobile network.,"(M) mandatory, (O) optional, (I) informative"
S0180,PURE,2007-eirene_fun_7-2,Powering down the Cab radio shall cause the disconnection of the Cab radio from the mobile network.,cause the disconnection of the Cab radio from the mobile network,yes,,yes,,cause the disconnection of the Cab radio from the mobile network,"EIRENE Functional Requirements Specification, version 7",5.2.3.3,M,5 Cab radio > 5.2 Functional requirements,"5.2.3.2 (I): At the point of successful connection, the Cab radio will be able to receive all calls made using the Cab radios telephone number, engine number or appropriate group call numbers (including Railway emergency calls).","5.2.3.4 (M): When switched off, the radio shall retain any numbers which are stored at the time the radio is switched off.","(M) mandatory, (O) optional, (I) informative"
S0181,PURE,2007-eirene_fun_7-2,"When switched off, the radio shall retain any numbers which are stored at the time the radio is switched off.",retain any numbers which are stored at the time the radio is switched off,yes,,yes,,retain any numbers which are stored at the time the radio is switched off,"EIRENE Functional Requirements Specification, version 7",5.2.3.4,M,5 Cab radio > 5.2 Functional requirements,5.2.3.3 (M): Powering down the Cab radio shall cause the disconnection of the Cab radio from the mobile network.,5.2.3.5 (M): The MMI on/off control shall be designed to prevent accidental activation/ deactivation.,"(M) mandatory, (O) optional, (I) informative"
S0182,PURE,2007-eirene_fun_7-2,The MMI on/off control shall be designed to prevent accidental activation/ deactivation.,be designed to prevent accidental activation/ deactivation,yes,,no,not_sampled_mandatory_pool,,"EIRENE Functional Requirements Specification, version 7",5.2.3.5,M,5 Cab radio > 5.2 Functional requirements,"5.2.3.4 (M): When switched off, the radio shall retain any numbers which are stored at the time the radio is switched off.",5.2.3.6 (M): Switching the MMI on shall cause the following:,"(M) mandatory, (O) optional, (I) informative"
S0183,PURE,2007-eirene_fun_7-2,Switching the MMI on shall cause the following:,cause the following,no,colon_structure,no,colon_structure,,"EIRENE Functional Requirements Specification, version 7",5.2.3.6,M,5 Cab radio > 5.2 Functional requirements,5.2.3.5 (M): The MMI on/off control shall be designed to prevent accidental activation/ deactivation.,"5.2.3.7 (M): When the MMI is switched on, the configuration shall be determined by the time elapsed since the MMI was last switched off:","(M) mandatory, (O) optional, (I) informative"
S0184,PURE,2007-eirene_fun_7-2,"When the MMI is switched on, the configuration shall be determined by the time elapsed since the MMI was last switched off:",be determined by the time elapsed since the MMI was last switched off,no,colon_structure,no,colon_structure,,"EIRENE Functional Requirements Specification, version 7",5.2.3.7,M,5 Cab radio > 5.2 Functional requirements,5.2.3.6 (M): Switching the MMI on shall cause the following:,"5.2.3.8 (O): The time should be able to be varied between 0 and 240 minutes, as a maintenance t function, allowing the radio to power up in a consistent state following minor operational procedures or power interruptions.","(M) mandatory, (O) optional, (I) informative"
S0185,PURE,2007-eirene_fun_7-2,"The time should be able to be varied between 0 and 240 minutes, as a maintenance t function, allowing the radio to power up in a consistent state following minor operational procedures or power interruptions.","be varied between 0 and 240 minutes, as a maintenance t function, allowing the radio to power up in a consistent state following minor operational procedures or power interruptions",no,possibly_multiple_capabilities,no,possibly_multiple_capabilities,,"EIRENE Functional Requirements Specification, version 7",5.2.3.8,O,5 Cab radio > 5.2 Functional requirements,"5.2.3.7 (M): When the MMI is switched on, the configuration shall be determined by the time elapsed since the MMI was last switched off:",5.2.3.9 (M): Switch off shall be soft so that the Cab radio completes the following housekeeping functions before actually switching off:,"(M) mandatory, (O) optional, (I) informative"
S0186,PURE,2007-eirene_fun_7-2,Switch off shall be soft so that the Cab radio completes the following housekeeping functions before actually switching off:,be soft so that the Cab radio completes the following housekeeping functions before actually switching off,no,colon_structure,no,colon_structure,,"EIRENE Functional Requirements Specification, version 7",5.2.3.9,M,5 Cab radio > 5.2 Functional requirements,"5.2.3.8 (O): The time should be able to be varied between 0 and 240 minutes, as a maintenance t function, allowing the radio to power up in a consistent state following minor operational procedures or power interruptions.","5.2.3.10 (O): As far as possible, the above procedure should also apply on power failure.","(M) mandatory, (O) optional, (I) informative"
S0187,PURE,2007-eirene_fun_7-2,"As far as possible, the above procedure should also apply on power failure.",also apply on power failure,yes,,yes,,also apply on power failure,"EIRENE Functional Requirements Specification, version 7",5.2.3.10,O,5 Cab radio > 5.2 Functional requirements,5.2.3.9 (M): Switch off shall be soft so that the Cab radio completes the following housekeeping functions before actually switching off:,"5.2.3.11 (M): When switched off, the following functions (if available) shall still be provided:","(M) mandatory, (O) optional, (I) informative"
S0188,PURE,2007-eirene_fun_7-2,"When switched off, the following functions (if available) shall still be provided:",still be provided,no,colon_structure,no,colon_structure,,"EIRENE Functional Requirements Specification, version 7",5.2.3.11,M,5 Cab radio > 5.2 Functional requirements,"5.2.3.10 (O): As far as possible, the above procedure should also apply on power failure.",5.2.3.12 (M): It shall be possible to present radio related prompts and information in a number of different languages.,"(M) mandatory, (O) optional, (I) informative"
S0189,PURE,2007-eirene_fun_7-2,It shall be possible to present radio related prompts and information in a number of different languages.,be possible to present radio related prompts and information in a number of different languages,no,residual_modal_in_capability;impersonal_construction,no,residual_modal_in_capability;impersonal_construction,,"EIRENE Functional Requirements Specification, version 7",5.2.3.12,M,5 Cab radio > 5.2 Functional requirements,"5.2.3.11 (M): When switched off, the following functions (if available) shall still be provided:","5.2.3.13 (M): By default, prompts and information shall be displayed in the language selected by the train owner (as stored within the system).","(M) mandatory, (O) optional, (I) informative"
S0190,PURE,2007-eirene_fun_7-2,"By default, prompts and information shall be displayed in the language selected by the train owner (as stored within the system).",be displayed in the language selected by the train owner (as stored within the system),yes,,no,not_sampled_mandatory_pool,,"EIRENE Functional Requirements Specification, version 7",5.2.3.13,M,5 Cab radio > 5.2 Functional requirements,5.2.3.12 (M): It shall be possible to present radio related prompts and information in a number of different languages.,5.2.3.14 (M): It shall be possible for the user to display a list of available languages and select the language in which radio related prompts and information are displayed both at turn on and during a journey (eg where a change of drivers may occur).,"(M) mandatory, (O) optional, (I) informative"
S0191,PURE,2007-eirene_fun_7-2,It shall be possible for the user to display a list of available languages and select the language in which radio related prompts and information are displayed both at turn on and during a journey (eg where a change of drivers may occur).,be possible for the user to display a list of available languages and select the language in which radio related prompts and information are displayed both at turn on and during a journey (eg where a change of drivers may occur),no,too_long;possibly_multiple_capabilities;residual_modal_in_capability;impersonal_construction,no,too_long;possibly_multiple_capabilities;residual_modal_in_capability;impersonal_construction,,"EIRENE Functional Requirements Specification, version 7",5.2.3.14,M,5 Cab radio > 5.2 Functional requirements,"5.2.3.13 (M): By default, prompts and information shall be displayed in the language selected by the train owner (as stored within the system).",5.2.3.15 (I): The languages to be supported will be a matter for each national railway to decide.,"(M) mandatory, (O) optional, (I) informative"
S0192,PURE,2007-eirene_fun_7-2,The languages to be supported will be a matter for each national railway to decide.,be a matter for each national railway to decide,no,informative_marker,no,informative_marker,,"EIRENE Functional Requirements Specification, version 7",5.2.3.15,I,5 Cab radio > 5.2 Functional requirements,5.2.3.14 (M): It shall be possible for the user to display a list of available languages and select the language in which radio related prompts and information are displayed both at turn on and during a journey (eg where a change of drivers may occur).,5.2.3.16 (M): The radio shall support at least ten different languages.,"(M) mandatory, (O) optional, (I) informative"
S0193,PURE,2007-eirene_fun_7-2,The radio shall support at least ten different languages.,support at least ten different languages,yes,,no,not_sampled_mandatory_pool,,"EIRENE Functional Requirements Specification, version 7",5.2.3.16,M,5 Cab radio > 5.2 Functional requirements,5.2.3.15 (I): The languages to be supported will be a matter for each national railway to decide.,"5.2.3.17 (M): By default, the loudspeaker volume shall be set to a pre-determined level suitable for the operating environment (as stored within the system).","(M) mandatory, (O) optional, (I) informative"
S0194,PURE,2007-eirene_fun_7-2,"By default, the loudspeaker volume shall be set to a pre-determined level suitable for the operating environment (as stored within the system).",be set to a pre-determined level suitable for the operating environment (as stored within the system),yes,,no,not_sampled_mandatory_pool,,"EIRENE Functional Requirements Specification, version 7",5.2.3.17,M,5 Cab radio > 5.2 Functional requirements,5.2.3.16 (M): The radio shall support at least ten different languages.,5.2.3.18 (M): It shall be possible for the driver to increase and decrease the loudspeaker volume within the adjustment range selected.,"(M) mandatory, (O) optional, (I) informative"
S0195,PURE,2007-eirene_fun_7-2,It shall be possible for the driver to increase and decrease the loudspeaker volume within the adjustment range selected.,be possible for the driver to increase and decrease the loudspeaker volume within the adjustment range selected,no,impersonal_construction,no,impersonal_construction,,"EIRENE Functional Requirements Specification, version 7",5.2.3.18,M,5 Cab radio > 5.2 Functional requirements,"5.2.3.17 (M): By default, the loudspeaker volume shall be set to a pre-determined level suitable for the operating environment (as stored within the system).","5.2.3.19 (M): When the handset is picked up, the loudspeaker shall continue to operate, but at a reduced volume level.","(M) mandatory, (O) optional, (I) informative"
S0196,PURE,2007-eirene_fun_7-2,"When the handset is picked up, the loudspeaker shall continue to operate, but at a reduced volume level.","continue to operate, but at a reduced volume level",yes,,no,not_sampled_mandatory_pool,,"EIRENE Functional Requirements Specification, version 7",5.2.3.19,M,5 Cab radio > 5.2 Functional requirements,5.2.3.18 (M): It shall be possible for the driver to increase and decrease the loudspeaker volume within the adjustment range selected.,5.2.3.20: Deleted.,"(M) mandatory, (O) optional, (I) informative"
S0197,PURE,2007-eirene_fun_7-2,Deleted. Manual network selection,deleted. Manual network selection,no,too_short;multi_sentence;no_requirement_cue;no_marker,no,too_short;multi_sentence;no_requirement_cue;no_marker,,"EIRENE Functional Requirements Specification, version 7",5.2.3.22,,5 Cab radio > 5.2 Functional requirements,5.2.3.21: Deleted.,"5.2.3.23 (M): Using a simple MMI action, it shall be possible for the driver to view a prioritised list of all authorised mobile radio networks (see section 10.5).","(M) mandatory, (O) optional, (I) informative"
S0198,PURE,2007-eirene_fun_7-2,"Using a simple MMI action, it shall be possible for the driver to view a prioritised list of all authorised mobile radio networks (see section 10.5).",be possible for the driver to view a prioritised list of all authorised mobile radio networks (see section 10.5),no,multi_sentence;table_or_figure_reference;list_or_heading_marker,no,multi_sentence;table_or_figure_reference;list_or_heading_marker,,"EIRENE Functional Requirements Specification, version 7",5.2.3.23,M,5 Cab radio > 5.2 Functional requirements,5.2.3.22: Deleted. Manual network selection,"5.2.3.23i (M): When presented with this list, it shall be possible for the driver (using simple MMI actions) to select the required mobile radio network manually, whereupon the Cab radio shall attempt to attach to this selected network.","(M) mandatory, (O) optional, (I) informative"
S0199,PURE,2007-eirene_fun_7-2,"When presented with this list, it shall be possible for the driver (using simple MMI actions) to select the required mobile radio network manually, whereupon the Cab radio shall attempt to attach to this selected network.","be possible for the driver (using simple MMI actions) to select the required mobile radio network manually, whereupon the Cab radio shall attempt to attach to this selected network",no,too_long;residual_modal_in_capability,no,too_long;residual_modal_in_capability,,"EIRENE Functional Requirements Specification, version 7",5.2.3.23i,M,5 Cab radio > 5.2 Functional requirements,"5.2.3.23 (M): Using a simple MMI action, it shall be possible for the driver to view a prioritised list of all authorised mobile radio networks (see section 10.5).",5.2.3.24 (M): The manual network selection function shall not be available when there are on-going voice calls involving the Cab radio.,"(M) mandatory, (O) optional, (I) informative"
S0200,PURE,2007-eirene_fun_7-2,The manual network selection function shall not be available when there are on-going voice calls involving the Cab radio.,not be available when there are on-going voice calls involving the Cab radio,no,negation,no,negation,,"EIRENE Functional Requirements Specification, version 7",5.2.3.24,M,5 Cab radio > 5.2 Functional requirements,"5.2.3.23i (M): When presented with this list, it shall be possible for the driver (using simple MMI actions) to select the required mobile radio network manually, whereupon the Cab radio shall attempt to attach to this selected network.","5.2.3.25: A visual confirmation of the new network identity shall be given to the driver when a manually initiated network change has been completed successfully. (M) 5.2.3.25v Directed network selection is suitable for crossing international borders. (I) Automatic network selection 5.2.3.25vi The Cab radio should be capable of selecting the mobile radio network automatically from a list of suitable networks (see section 10.5). (O) 5.2.3.25vii If automatic network selection is implemented, it shall be possible for the driver to activate and deactivate automatic network selection. (M) 5.2.3.25viii Automatic network selection shall not be used for international border crossing. (M) 5.2.3.25x If directed network selection and/or automatic network selection are implemented, the driver shall be informed by means of an audible and visual indication of the new network identity whenever a network change takes place without user intervention. (M)","(M) mandatory, (O) optional, (I) informative"
S0201,PURE,2007-eirene_fun_7-2,"A visual confirmation of the new network identity shall be given to the driver when a manually initiated network change has been completed successfully. 5.2.3.25v Directed network selection is suitable for crossing international borders. Automatic network selection 5.2.3.25vi The Cab radio should be capable of selecting the mobile radio network automatically from a list of suitable networks (see section 10.5). 5.2.3.25vii If automatic network selection is implemented, it shall be possible for the driver to activate and deactivate automatic network selection. 5.2.3.25viii Automatic network selection shall not be used for international border crossing. 5.2.3.25x If directed network selection and/or automatic network selection are implemented, the driver shall be informed by means of an audible and visual indication of the new network identity whenever a network change takes place without user intervention.","be given to the driver when a manually initiated network change has been completed successfully. 5.2.3.25v Directed network selection is suitable for crossing international borders. Automatic network selection 5.2.3.25vi The Cab radio should be capable of selecting the mobile radio network automatically from a list of suitable networks (see section 10.5). 5.2.3.25vii If automatic network selection is implemented, it shall be possible for the driver to activate and deactivate automatic network selection. 5.2.3.25viii Automatic network selection shall not be used for international border crossing. 5.2.3.25x If directed network selection and/or automatic network selection are implemented, the driver shall be informed by means of an audible and visual indication of the new network identity whenever a network change takes place without user intervention",no,too_long;multi_sentence;negation;possibly_multiple_capabilities;residual_modal_in_capability;table_or_figure_reference;list_or_heading_marker;multiple_markers,no,too_long;multi_sentence;negation;possibly_multiple_capabilities;residual_modal_in_capability;table_or_figure_reference;list_or_heading_marker;multiple_markers,,"EIRENE Functional Requirements Specification, version 7",5.2.3.25,M,5 Cab radio > 5.2 Functional requirements,5.2.3.24 (M): The manual network selection function shall not be available when there are on-going voice calls involving the Cab radio.,"5.2.3.25i: Manual network selection is suitable for crossing international borders. (I) Directed network selection 5.2.3.25iv If directed network selection is implemented, input from the external device(s) shall initiate the network change regardless of the identity of the current network and how it was selected. (M) 5.2.3.25ix Automatic network selection is not suitable for use in areas where there is a risk that the Cab radio will change to a foreign network unpredictably. (I)","(M) mandatory, (O) optional, (I) informative"
S0202,PURE,2007-eirene_fun_7-2,"Manual network selection is suitable for crossing international borders. Directed network selection 5.2.3.25iv If directed network selection is implemented, input from the external device(s) shall initiate the network change regardless of the identity of the current network and how it was selected. 5.2.3.25ix Automatic network selection is not suitable for use in areas where there is a risk that the Cab radio will change to a foreign network unpredictably.","manual network selection is suitable for crossing international borders. Directed network selection 5.2.3.25iv If directed network selection is implemented, input from the external device(s) shall initiate the network change regardless of the identity of the current network and how it was selected. 5.2.3.25ix Automatic network selection is not suitable for use in areas where there is a risk that the Cab radio will change to a foreign network unpredictably",no,too_long;multi_sentence;negation;residual_modal_in_capability;list_or_heading_marker;multiple_markers;informative_marker,no,too_long;multi_sentence;negation;residual_modal_in_capability;list_or_heading_marker;multiple_markers;informative_marker,,"EIRENE Functional Requirements Specification, version 7",5.2.3.25i,I,5 Cab radio > 5.2 Functional requirements,"5.2.3.25: A visual confirmation of the new network identity shall be given to the driver when a manually initiated network change has been completed successfully. (M) 5.2.3.25v Directed network selection is suitable for crossing international borders. (I) Automatic network selection 5.2.3.25vi The Cab radio should be capable of selecting the mobile radio network automatically from a list of suitable networks (see section 10.5). (O) 5.2.3.25vii If automatic network selection is implemented, it shall be possible for the driver to activate and deactivate automatic network selection. (M) 5.2.3.25viii Automatic network selection shall not be used for international border crossing. (M) 5.2.3.25x If directed network selection and/or automatic network selection are implemented, the driver shall be informed by means of an audible and visual indication of the new network identity whenever a network change takes place without user intervention. (M)",5.2.3.25ii (O): 5.2.3.25ii The Cab radio should be capable of selecting the mobile radio network as directed by input from an external device (eg a balise).,"(M) mandatory, (O) optional, (I) informative"
S0203,PURE,2007-eirene_fun_7-2,5.2.3.25ii The Cab radio should be capable of selecting the mobile radio network as directed by input from an external device (eg a balise).,be capable of selecting the mobile radio network as directed by input from an external device (eg a balise),no,multi_sentence;residual_modal_in_capability;list_or_heading_marker,no,multi_sentence;residual_modal_in_capability;list_or_heading_marker,,"EIRENE Functional Requirements Specification, version 7",5.2.3.25ii,O,5 Cab radio > 5.2 Functional requirements,"5.2.3.25i: Manual network selection is suitable for crossing international borders. (I) Directed network selection 5.2.3.25iv If directed network selection is implemented, input from the external device(s) shall initiate the network change regardless of the identity of the current network and how it was selected. (M) 5.2.3.25ix Automatic network selection is not suitable for use in areas where there is a risk that the Cab radio will change to a foreign network unpredictably. (I)","5.2.3.25iii (M): 5.2.3.25iii If directed network selection is implemented and voice calls are ongoing at the time when the external device attempts to trigger a network change, an audible and visual indication shall be given to the driver and network change shall be deferred until the call is terminated or until coverage of the current network is lost.","(M) mandatory, (O) optional, (I) informative"
S0204,PURE,2007-eirene_fun_7-2,"5.2.3.25iii If directed network selection is implemented and voice calls are ongoing at the time when the external device attempts to trigger a network change, an audible and visual indication shall be given to the driver and network change shall be deferred until the call is terminated or until coverage of the current network is lost.","iii If directed network selection is implemented and voice calls are ongoing at the time when the external device attempts to trigger a network change, an audible and visual indication shall be given to the driver and network change shall be deferred until the call is terminated or until coverage of the current network is lost",no,too_long;multi_sentence;possibly_multiple_capabilities;residual_modal_in_capability;list_or_heading_marker,no,too_long;multi_sentence;possibly_multiple_capabilities;residual_modal_in_capability;list_or_heading_marker,,"EIRENE Functional Requirements Specification, version 7",5.2.3.25iii,M,5 Cab radio > 5.2 Functional requirements,5.2.3.25ii (O): 5.2.3.25ii The Cab radio should be capable of selecting the mobile radio network as directed by input from an external device (eg a balise).,5.2.3.25v (I): Directed network selection is suitable for crossing international borders.,"(M) mandatory, (O) optional, (I) informative"
S0205,PURE,2007-eirene_fun_7-2,Directed network selection is suitable for crossing international borders.,directed network selection is suitable for crossing international borders,no,no_requirement_cue;informative_marker,no,no_requirement_cue;informative_marker,,"EIRENE Functional Requirements Specification, version 7",5.2.3.25v,I,5 Cab radio > 5.2 Functional requirements,"5.2.3.25iii (M): 5.2.3.25iii If directed network selection is implemented and voice calls are ongoing at the time when the external device attempts to trigger a network change, an audible and visual indication shall be given to the driver and network change shall be deferred until the call is terminated or until coverage of the current network is lost.",5.2.3.25vi (O): 5.2.3.25vi The Cab radio should be capable of selecting the mobile radio network automatically from a list of suitable networks (see section 10.5).,"(M) mandatory, (O) optional, (I) informative"
S0206,PURE,2007-eirene_fun_7-2,5.2.3.25vi The Cab radio should be capable of selecting the mobile radio network automatically from a list of suitable networks (see section 10.5).,be capable of selecting the mobile radio network automatically from a list of suitable networks (see section 10.5),no,multi_sentence;residual_modal_in_capability;table_or_figure_reference;list_or_heading_marker,no,multi_sentence;residual_modal_in_capability;table_or_figure_reference;list_or_heading_marker,,"EIRENE Functional Requirements Specification, version 7",5.2.3.25vi,O,5 Cab radio > 5.2 Functional requirements,5.2.3.25v (I): Directed network selection is suitable for crossing international borders.,"5.2.3.25vii (M): 5.2.3.25vii If automatic network selection is implemented, it shall be possible for the driver to activate and deactivate automatic network selection.","(M) mandatory, (O) optional, (I) informative"
S0207,PURE,2007-eirene_fun_7-2,"5.2.3.25vii If automatic network selection is implemented, it shall be possible for the driver to activate and deactivate automatic network selection.",be possible for the driver to activate and deactivate automatic network selection,no,multi_sentence;list_or_heading_marker,no,multi_sentence;list_or_heading_marker,,"EIRENE Functional Requirements Specification, version 7",5.2.3.25vii,M,5 Cab radio > 5.2 Functional requirements,5.2.3.25vi (O): 5.2.3.25vi The Cab radio should be capable of selecting the mobile radio network automatically from a list of suitable networks (see section 10.5).,5.2.3.25viii (M): 5.2.3.25viii Automatic network selection shall not be used for international border crossing.,"(M) mandatory, (O) optional, (I) informative"
S0208,PURE,2007-eirene_fun_7-2,5.2.3.25viii Automatic network selection shall not be used for international border crossing.,not be used for international border crossing,no,multi_sentence;negation;list_or_heading_marker,no,multi_sentence;negation;list_or_heading_marker,,"EIRENE Functional Requirements Specification, version 7",5.2.3.25viii,M,5 Cab radio > 5.2 Functional requirements,"5.2.3.25vii (M): 5.2.3.25vii If automatic network selection is implemented, it shall be possible for the driver to activate and deactivate automatic network selection.",5.2.3.25ix (I): 5.2.3.25ix Automatic network selection is not suitable for use in areas where there is a risk that the Cab radio will change to a foreign network unpredictably.,"(M) mandatory, (O) optional, (I) informative"
S0209,PURE,2007-eirene_fun_7-2,5.2.3.25ix Automatic network selection is not suitable for use in areas where there is a risk that the Cab radio will change to a foreign network unpredictably.,change to a foreign network unpredictably,no,multi_sentence;negation;list_or_heading_marker;informative_marker,no,multi_sentence;negation;list_or_heading_marker;informative_marker,,"EIRENE Functional Requirements Specification, version 7",5.2.3.25ix,I,5 Cab radio > 5.2 Functional requirements,5.2.3.25viii (M): 5.2.3.25viii Automatic network selection shall not be used for international border crossing.,"5.2.3.25x (M): If directed network selection and/or automatic network selection are implemented, the driver shall be informed by means of an audible and visual indication of the new network identity whenever a network change takes place without user intervention.","(M) mandatory, (O) optional, (I) informative"
S0210,PURE,2007-eirene_fun_7-2,"If directed network selection and/or automatic network selection are implemented, the driver shall be informed by means of an audible and visual indication of the new network identity whenever a network change takes place without user intervention.",be informed by means of an audible and visual indication of the new network identity whenever a network change takes place without user intervention,no,too_long;negation,no,too_long;negation,,"EIRENE Functional Requirements Specification, version 7",5.2.3.25x,M,5 Cab radio > 5.2 Functional requirements,5.2.3.25ix (I): 5.2.3.25ix Automatic network selection is not suitable for use in areas where there is a risk that the Cab radio will change to a foreign network unpredictably.,5.2.3.26: It shall be possible for the driver to register and deregister a train number in the following ways: 1) enter train number; (M) 2) initiate automated request (applicable only for leading driver). (O),"(M) mandatory, (O) optional, (I) informative"
S0211,PURE,2007-eirene_fun_7-2,It shall be possible for the driver to register and deregister a train number in the following ways: 1) enter train number; 2) initiate automated request (applicable only for leading driver).,be possible for the driver to register and deregister a train number in the following ways: 1) enter train number; 2) initiate automated request (applicable only for leading driver),no,possibly_multiple_capabilities;colon_structure;multiple_markers;impersonal_construction,no,possibly_multiple_capabilities;colon_structure;multiple_markers;impersonal_construction,,"EIRENE Functional Requirements Specification, version 7",5.2.3.26,O,5 Cab radio > 5.2 Functional requirements,"5.2.3.25x (M): If directed network selection and/or automatic network selection are implemented, the driver shall be informed by means of an audible and visual indication of the new network identity whenever a network change takes place without user intervention.","5.2.3.27 (M): Where the driver is required to enter the train number information, the information entered shall be shown on the display and require confirmation by the driver before further actions are possible.","(M) mandatory, (O) optional, (I) informative"
S0212,PURE,2007-eirene_fun_7-2,"Where the driver is required to enter the train number information, the information entered shall be shown on the display and require confirmation by the driver before further actions are possible.",be shown on the display and require confirmation by the driver before further actions are possible,yes,,no,not_sampled_mandatory_pool,,"EIRENE Functional Requirements Specification, version 7",5.2.3.27,M,5 Cab radio > 5.2 Functional requirements,5.2.3.26: It shall be possible for the driver to register and deregister a train number in the following ways: 1) enter train number; (M) 2) initiate automated request (applicable only for leading driver). (O),"5.2.3.28 (M): If an automated request is initiated (option 2), the driver shall be able to accept or reject the train number returned by the network.","(M) mandatory, (O) optional, (I) informative"
S0213,PURE,2007-eirene_fun_7-2,"If an automated request is initiated (option 2), the driver shall be able to accept or reject the train number returned by the network.",accept or reject the train number returned by the network,yes,,yes,,accept or reject the train number returned by the network,"EIRENE Functional Requirements Specification, version 7",5.2.3.28,M,5 Cab radio > 5.2 Functional requirements,"5.2.3.27 (M): Where the driver is required to enter the train number information, the information entered shall be shown on the display and require confirmation by the driver before further actions are possible.","5.2.3.28i (M): Where ERTMS/ETCS and radio systems are available and the driver is required to enter the train number as part of the initialisation procedure, this task shall be carried out only once on the ERTMS/ETCS system and the entered number transmitted to the radio system.","(M) mandatory, (O) optional, (I) informative"
S0214,PURE,2007-eirene_fun_7-2,"Where ERTMS/ETCS and radio systems are available and the driver is required to enter the train number as part of the initialisation procedure, this task shall be carried out only once on the ERTMS/ETCS system and the entered number transmitted to the radio system.","where ERTMS/ETCS and radio systems are available and the driver is required to enter the train number as part of the initialisation procedure, this task shall be carried out only once on the ERTMS/ETCS system and the entered number transmitted to the radio system",no,too_long;possibly_multiple_capabilities;residual_modal_in_capability,no,too_long;possibly_multiple_capabilities;residual_modal_in_capability,,"EIRENE Functional Requirements Specification, version 7",5.2.3.28i,M,5 Cab radio > 5.2 Functional requirements,"5.2.3.28 (M): If an automated request is initiated (option 2), the driver shall be able to accept or reject the train number returned by the network.",5.2.3.28ii (I): 5.2.3.28ii Data entry may be from either system depending on the operating procedures agreed between the train operator and the railway infrastructure operator.,"(M) mandatory, (O) optional, (I) informative"
S0215,PURE,2007-eirene_fun_7-2,5.2.3.28ii Data entry may be from either system depending on the operating procedures agreed between the train operator and the railway infrastructure operator.,be from either system depending on the operating procedures agreed between the train operator and the railway infrastructure operator,no,multi_sentence;list_or_heading_marker;informative_marker,no,multi_sentence;list_or_heading_marker;informative_marker,,"EIRENE Functional Requirements Specification, version 7",5.2.3.28ii,I,5 Cab radio > 5.2 Functional requirements,"5.2.3.28i (M): Where ERTMS/ETCS and radio systems are available and the driver is required to enter the train number as part of the initialisation procedure, this task shall be carried out only once on the ERTMS/ETCS system and the entered number transmitted to the radio system.",5.2.3.29 (M): The driver shall be warned (by audible and visual indications) if a train with the same train number is already registered on the same network.,"(M) mandatory, (O) optional, (I) informative"
S0216,PURE,2007-eirene_fun_7-2,The driver shall be warned (by audible and visual indications) if a train with the same train number is already registered on the same network.,be warned (by audible and visual indications) if a train with the same train number is already registered on the same network,yes,,yes,,be warned (by audible and visual indications) if a train with the same train number is already registered on the same network,"EIRENE Functional Requirements Specification, version 7",5.2.3.29,M,5 Cab radio > 5.2 Functional requirements,5.2.3.28ii (I): 5.2.3.28ii Data entry may be from either system depending on the operating procedures agreed between the train operator and the railway infrastructure operator.,5.2.3.30 (M): A means to override the currently registered train number shall be provided to the newly registering driver.,"(M) mandatory, (O) optional, (I) informative"
S0217,PURE,2007-eirene_fun_7-2,A means to override the currently registered train number shall be provided to the newly registering driver.,be provided to the newly registering driver,yes,,no,not_sampled_mandatory_pool,,"EIRENE Functional Requirements Specification, version 7",5.2.3.30,M,5 Cab radio > 5.2 Functional requirements,5.2.3.29 (M): The driver shall be warned (by audible and visual indications) if a train with the same train number is already registered on the same network.,5.2.3.31 (M): The driver of the previously registered train shall be informed (by audible and visual indications) that his train number has been overridden by another driver.,"(M) mandatory, (O) optional, (I) informative"
S0218,PURE,2007-eirene_fun_7-2,The driver of the previously registered train shall be informed (by audible and visual indications) that his train number has been overridden by another driver.,be informed (by audible and visual indications) that his train number has been overridden by another driver,yes,,no,not_sampled_mandatory_pool,,"EIRENE Functional Requirements Specification, version 7",5.2.3.31,M,5 Cab radio > 5.2 Functional requirements,5.2.3.30 (M): A means to override the currently registered train number shall be provided to the newly registering driver.,"5.2.3.32 (M): Where a change of train number is required during the course of a trains journey, it shall be possible for the driver to initiate the change or override the automatic change. This shall be carried out by entering the train number (option 1 in 5.2.3.26).","(M) mandatory, (O) optional, (I) informative"
S0219,PURE,2007-eirene_fun_7-2,"Where a change of train number is required during the course of a trains journey, it shall be possible for the driver to initiate the change or override the automatic change. This shall be carried out by entering the train number (option 1 in 5.2.3.26).",be possible for the driver to initiate the change or override the automatic change. This shall be carried out by entering the train number (option 1 in 5.2.3.26),no,too_long;multi_sentence;residual_modal_in_capability;list_or_heading_marker,no,too_long;multi_sentence;residual_modal_in_capability;list_or_heading_marker,,"EIRENE Functional Requirements Specification, version 7",5.2.3.32,M,5 Cab radio > 5.2 Functional requirements,5.2.3.31 (M): The driver of the previously registered train shall be informed (by audible and visual indications) that his train number has been overridden by another driver.,"5.2.3.33 (M): Non leading drivers shall be able to indicate to the system their location in the train during the registration procedure (2nd driver, 3rd driver etc).","(M) mandatory, (O) optional, (I) informative"
S0220,PURE,2007-eirene_fun_7-2,"Non leading drivers shall be able to indicate to the system their location in the train during the registration procedure (2nd driver, 3rd driver etc).","indicate to the system their location in the train during the registration procedure (2nd driver, 3rd driver etc)",yes,,yes,,"indicate to the system their location in the train during the registration procedure (2nd driver, 3rd driver etc)","EIRENE Functional Requirements Specification, version 7",5.2.3.33,M,5 Cab radio > 5.2 Functional requirements,"5.2.3.32 (M): Where a change of train number is required during the course of a trains journey, it shall be possible for the driver to initiate the change or override the automatic change. This shall be carried out by entering the train number (option 1 in 5.2.3.26).",5.2.3.34 (M): The drivers functional number shall be automatically registered/deregistered when the train number is registered/deregistered.,"(M) mandatory, (O) optional, (I) informative"
S0221,PURE,2007-eirene_fun_7-2,The drivers functional number shall be automatically registered/deregistered when the train number is registered/deregistered.,be automatically registered/deregistered when the train number is registered/deregistered,yes,,yes,,be automatically registered/deregistered when the train number is registered/deregistered,"EIRENE Functional Requirements Specification, version 7",5.2.3.34,M,5 Cab radio > 5.2 Functional requirements,"5.2.3.33 (M): Non leading drivers shall be able to indicate to the system their location in the train during the registration procedure (2nd driver, 3rd driver etc).",5.2.3.35 (M): The functional number of other on-train users who may be addressed through the Cab radio via the on-train bus shall be registered/deregistered automatically at the same time as the registration/deregistration of the drivers functional number.,"(M) mandatory, (O) optional, (I) informative"
S0222,PURE,2007-eirene_fun_7-2,The functional number of other on-train users who may be addressed through the Cab radio via the on-train bus shall be registered/deregistered automatically at the same time as the registration/deregistration of the drivers functional number.,be addressed through the Cab radio via the on-train bus shall be registered/deregistered automatically at the same time as the registration/deregistration of the drivers functional number,no,too_long;residual_modal_in_capability,no,too_long;residual_modal_in_capability,,"EIRENE Functional Requirements Specification, version 7",5.2.3.35,M,5 Cab radio > 5.2 Functional requirements,5.2.3.34 (M): The drivers functional number shall be automatically registered/deregistered when the train number is registered/deregistered.,"5.2.3.36 (O): Where an on-train bus is connected to the Cab radio, deregistration of functional numbers can be performed on an individual basis and also by the train driver, by one action for all users (including the driver), at the end of the journey when the train number is no longer associated with the train.","(M) mandatory, (O) optional, (I) informative"
S0223,PURE,2007-eirene_fun_7-2,"Where an on-train bus is connected to the Cab radio, deregistration of functional numbers can be performed on an individual basis and also by the train driver, by one action for all users (including the driver), at the end of the journey when the train number is no longer associated with the train.","be performed on an individual basis and also by the train driver, by one action for all users (including the driver), at the end of the journey when the train number is no longer associated with the train",no,too_long;negation;no_requirement_cue,no,too_long;negation;no_requirement_cue,,"EIRENE Functional Requirements Specification, version 7",5.2.3.36,O,5 Cab radio > 5.2 Functional requirements,5.2.3.35 (M): The functional number of other on-train users who may be addressed through the Cab radio via the on-train bus shall be registered/deregistered automatically at the same time as the registration/deregistration of the drivers functional number.,"5.2.3.37 (M): There shall be a fixed relationship between the telephone numbers of radios installed in the locomotive/coach and the stock number, which shall remain even if the radio is changed.","(M) mandatory, (O) optional, (I) informative"
S0224,PURE,2007-eirene_fun_7-2,"There shall be a fixed relationship between the telephone numbers of radios installed in the locomotive/coach and the stock number, which shall remain even if the radio is changed.","be a fixed relationship between the telephone numbers of radios installed in the locomotive/coach and the stock number, which shall remain even if the radio is changed",no,residual_modal_in_capability,no,residual_modal_in_capability,,"EIRENE Functional Requirements Specification, version 7",5.2.3.37,M,5 Cab radio > 5.2 Functional requirements,"5.2.3.36 (O): Where an on-train bus is connected to the Cab radio, deregistration of functional numbers can be performed on an individual basis and also by the train driver, by one action for all users (including the driver), at the end of the journey when the train number is no longer associated with the train.",5.2.3.38 (M): It shall be possible to register and deregister a stock number in one or both of the following ways:,"(M) mandatory, (O) optional, (I) informative"
S0225,PURE,2007-eirene_fun_7-2,It shall be possible to register and deregister a stock number in one or both of the following ways:,be possible to register and deregister a stock number in one or both of the following ways,no,possibly_multiple_capabilities;residual_modal_in_capability;colon_structure;impersonal_construction,no,possibly_multiple_capabilities;residual_modal_in_capability;colon_structure;impersonal_construction,,"EIRENE Functional Requirements Specification, version 7",5.2.3.38,M,5 Cab radio > 5.2 Functional requirements,"5.2.3.37 (M): There shall be a fixed relationship between the telephone numbers of radios installed in the locomotive/coach and the stock number, which shall remain even if the radio is changed.",5.2.3.39 (M): The Cab radio shall have a reconfigurable list of stored numbers that may be used to perform abbreviated dialling to named user identities.,"(M) mandatory, (O) optional, (I) informative"
S0226,PURE,2007-eirene_fun_7-2,The Cab radio shall have a reconfigurable list of stored numbers that may be used to perform abbreviated dialling to named user identities.,have a reconfigurable list of stored numbers that may be used to perform abbreviated dialling to named user identities,no,residual_modal_in_capability,no,residual_modal_in_capability,,"EIRENE Functional Requirements Specification, version 7",5.2.3.39,M,5 Cab radio > 5.2 Functional requirements,5.2.3.38 (M): It shall be possible to register and deregister a stock number in one or both of the following ways:,5.2.3.40 (M): It shall be possible for the driver to find and display stored numbers and their information.,"(M) mandatory, (O) optional, (I) informative"
S0227,PURE,2007-eirene_fun_7-2,It shall be possible for the driver to find and display stored numbers and their information.,be possible for the driver to find and display stored numbers and their information,no,possibly_multiple_capabilities;impersonal_construction,no,possibly_multiple_capabilities;impersonal_construction,,"EIRENE Functional Requirements Specification, version 7",5.2.3.40,M,5 Cab radio > 5.2 Functional requirements,5.2.3.39 (M): The Cab radio shall have a reconfigurable list of stored numbers that may be used to perform abbreviated dialling to named user identities.,5.2.3.41 (O): It should be possible for the driver to store and overwrite numbers and their details in the Cab radio.,"(M) mandatory, (O) optional, (I) informative"
S0228,PURE,2007-eirene_fun_7-2,It should be possible for the driver to store and overwrite numbers and their details in the Cab radio.,be possible for the driver to store and overwrite numbers and their details in the Cab radio,no,possibly_multiple_capabilities;impersonal_construction,no,possibly_multiple_capabilities;impersonal_construction,,"EIRENE Functional Requirements Specification, version 7",5.2.3.41,O,5 Cab radio > 5.2 Functional requirements,5.2.3.40 (M): It shall be possible for the driver to find and display stored numbers and their information.,5.2.3.42: General MMI functions are required to support the following call functions: forward call to the driver handportable; (O) put a call on hold; (M) display incoming call details whilst in an on-going call; (M) temporarily exit an existing call to answer another incoming call; (M) multi-driver call service. (M),"(M) mandatory, (O) optional, (I) informative"
S0229,PURE,2007-eirene_fun_7-2,General MMI functions are required to support the following call functions: forward call to the driver handportable; put a call on hold; display incoming call details whilst in an on-going call; temporarily exit an existing call to answer another incoming call; multi-driver call service.,general MMI functions are required to support the following call functions: forward call to the driver handportable; put a call on hold; display incoming call details whilst in an on-going call; temporarily exit an existing call to answer another incoming call; multi-driver call service,no,too_long;possibly_multiple_capabilities;colon_structure;multiple_markers,no,too_long;possibly_multiple_capabilities;colon_structure;multiple_markers,,"EIRENE Functional Requirements Specification, version 7",5.2.3.42,M,5 Cab radio > 5.2 Functional requirements,5.2.3.41 (O): It should be possible for the driver to store and overwrite numbers and their details in the Cab radio.,5.2.3.43 (I): The actions required from the driver will be as simple as possible.,"(M) mandatory, (O) optional, (I) informative"
S0230,PURE,2007-eirene_fun_7-2,The actions required from the driver will be as simple as possible.,be as simple as possible,no,informative_marker,no,informative_marker,,"EIRENE Functional Requirements Specification, version 7",5.2.3.43,I,5 Cab radio > 5.2 Functional requirements,5.2.3.42: General MMI functions are required to support the following call functions: forward call to the driver handportable; (O) put a call on hold; (M) display incoming call details whilst in an on-going call; (M) temporarily exit an existing call to answer another incoming call; (M) multi-driver call service. (M),5.2.3.44 (M): It shall be possible to initiate tests of the radio to provide the driver with a reasonable level of certainty that the radio and MMI are working.,"(M) mandatory, (O) optional, (I) informative"
S0231,PURE,2007-eirene_fun_7-2,It shall be possible to initiate tests of the radio to provide the driver with a reasonable level of certainty that the radio and MMI are working.,be possible to initiate tests of the radio to provide the driver with a reasonable level of certainty that the radio and MMI are working,no,residual_modal_in_capability;impersonal_construction,no,residual_modal_in_capability;impersonal_construction,,"EIRENE Functional Requirements Specification, version 7",5.2.3.44,M,5 Cab radio > 5.2 Functional requirements,5.2.3.43 (I): The actions required from the driver will be as simple as possible.,5.2.3.45 (M): Such tests shall not prevent calls.,"(M) mandatory, (O) optional, (I) informative"
S0232,PURE,2007-eirene_fun_7-2,Such tests shall not prevent calls.,not prevent calls,no,negation,no,negation,,"EIRENE Functional Requirements Specification, version 7",5.2.3.45,M,5 Cab radio > 5.2 Functional requirements,5.2.3.44 (M): It shall be possible to initiate tests of the radio to provide the driver with a reasonable level of certainty that the radio and MMI are working.,5.2.3.46 (M): The result of the tests shall be displayed in a similar format to the self-test when MMI is powered on.,"(M) mandatory, (O) optional, (I) informative"
S0233,PURE,2007-eirene_fun_7-2,The result of the tests shall be displayed in a similar format to the self-test when MMI is powered on.,be displayed in a similar format to the self-test when MMI is powered on,yes,,yes,,be displayed in a similar format to the self-test when MMI is powered on,"EIRENE Functional Requirements Specification, version 7",5.2.3.46,M,5 Cab radio > 5.2 Functional requirements,5.2.3.45 (M): Such tests shall not prevent calls.,"5.2.4.1 (I): The Cab radio system may be required to be able to handle incoming and outgoing calls not only to and from the driver, but also to and from other on-train users and devices (conductor, public address system, data systems, etc) via appropriate interfaces and ports.","(M) mandatory, (O) optional, (I) informative"
S0234,PURE,2007-eirene_fun_7-2,"The Cab radio system may be required to be able to handle incoming and outgoing calls not only to and from the driver, but also to and from other on-train users and devices (conductor, public address system, data systems, etc) via appropriate interfaces and ports.","be required to be able to handle incoming and outgoing calls not only to and from the driver, but also to and from other on-train users and devices (conductor, public address system, data systems, etc) via appropriate interfaces and ports",no,too_long;negation;possibly_multiple_capabilities;residual_modal_in_capability;informative_marker,no,too_long;negation;possibly_multiple_capabilities;residual_modal_in_capability;informative_marker,,"EIRENE Functional Requirements Specification, version 7",5.2.4.1,I,5 Cab radio > 5.2 Functional requirements,5.2.3.46 (M): The result of the tests shall be displayed in a similar format to the self-test when MMI is powered on.,"5.2.4.2 (M): For data applications, calls shall be possible even if the driver MMI is switched off.","(M) mandatory, (O) optional, (I) informative"
S0235,PURE,2007-eirene_fun_7-2,"For data applications, calls shall be possible even if the driver MMI is switched off.",be possible even if the driver MMI is switched off,yes,,no,not_sampled_mandatory_pool,,"EIRENE Functional Requirements Specification, version 7",5.2.4.2,M,5 Cab radio > 5.2 Functional requirements,"5.2.4.1 (I): The Cab radio system may be required to be able to handle incoming and outgoing calls not only to and from the driver, but also to and from other on-train users and devices (conductor, public address system, data systems, etc) via appropriate interfaces and ports.",5.2.4.3 (I): The Cab radio may need to conserve battery power when the radio is powered up but the MMI is switched off.,"(M) mandatory, (O) optional, (I) informative"
S0236,PURE,2007-eirene_fun_7-2,The Cab radio may need to conserve battery power when the radio is powered up but the MMI is switched off.,need to conserve battery power when the radio is powered up but the MMI is switched off,no,informative_marker,no,informative_marker,,"EIRENE Functional Requirements Specification, version 7",5.2.4.3,I,5 Cab radio > 5.2 Functional requirements,"5.2.4.2 (M): For data applications, calls shall be possible even if the driver MMI is switched off.","5.2.4.4 (M): The Cab radio may be required to set up calls from a number of different sources. Therefore, the radio shall provide a priority function for calls from different sources in order to handle contention for the radio.","(M) mandatory, (O) optional, (I) informative"
S0237,PURE,2007-eirene_fun_7-2,"The Cab radio may be required to set up calls from a number of different sources. Therefore, the radio shall provide a priority function for calls from different sources in order to handle contention for the radio.","be required to set up calls from a number of different sources. Therefore, the radio shall provide a priority function for calls from different sources in order to handle contention for the radio",no,too_long;multi_sentence;residual_modal_in_capability,no,too_long;multi_sentence;residual_modal_in_capability,,"EIRENE Functional Requirements Specification, version 7",5.2.4.4,M,5 Cab radio > 5.2 Functional requirements,5.2.4.3 (I): The Cab radio may need to conserve battery power when the radio is powered up but the MMI is switched off.,"5.2.4.5 (M): In order to meet other call priorities, established calls shall be able to be either put on hold or cleared down (pre-empted).","(M) mandatory, (O) optional, (I) informative"
S0238,PURE,2007-eirene_fun_7-2,"In order to meet other call priorities, established calls shall be able to be either put on hold or cleared down (pre-empted).",be either put on hold or cleared down (pre-empted),yes,,yes,,be either put on hold or cleared down (pre-empted),"EIRENE Functional Requirements Specification, version 7",5.2.4.5,M,5 Cab radio > 5.2 Functional requirements,"5.2.4.4 (M): The Cab radio may be required to set up calls from a number of different sources. Therefore, the radio shall provide a priority function for calls from different sources in order to handle contention for the radio.",5.2.4.6 (M): The Cab radio shall be capable of handling contention between calls of differing priorities.,"(M) mandatory, (O) optional, (I) informative"
S0239,PURE,2007-eirene_fun_7-2,The Cab radio shall be capable of handling contention between calls of differing priorities.,be capable of handling contention between calls of differing priorities,no,residual_modal_in_capability,no,residual_modal_in_capability,,"EIRENE Functional Requirements Specification, version 7",5.2.4.6,M,5 Cab radio > 5.2 Functional requirements,"5.2.4.5 (M): In order to meet other call priorities, established calls shall be able to be either put on hold or cleared down (pre-empted).",5.2.4.7 (M): An outgoing call request of higher priority than an established call shall take precedence over the established call.,"(M) mandatory, (O) optional, (I) informative"
S0240,PURE,2007-eirene_fun_7-2,An outgoing call request of higher priority than an established call shall take precedence over the established call.,take precedence over the established call,yes,,no,not_sampled_mandatory_pool,,"EIRENE Functional Requirements Specification, version 7",5.2.4.7,M,5 Cab radio > 5.2 Functional requirements,5.2.4.6 (M): The Cab radio shall be capable of handling contention between calls of differing priorities.,"5.2.4.8 (O): Where pre-emption occurs, an advisory indication may be provided to the pre-empted parties.","(M) mandatory, (O) optional, (I) informative"
S0241,PURE,2007-eirene_fun_7-2,"Where pre-emption occurs, an advisory indication may be provided to the pre-empted parties.",be provided to the pre-empted parties,yes,,yes,,be provided to the pre-empted parties,"EIRENE Functional Requirements Specification, version 7",5.2.4.8,O,5 Cab radio > 5.2 Functional requirements,5.2.4.7 (M): An outgoing call request of higher priority than an established call shall take precedence over the established call.,5.2.4.9 (M): Priority call handling facilities shall be provided such that the performance requirements defined in sections 3.4 and 10.2 can be met.,"(M) mandatory, (O) optional, (I) informative"
S0242,PURE,2007-eirene_fun_7-2,Priority call handling facilities shall be provided such that the performance requirements defined in sections 3.4 and 10.2 can be met.,be provided such that the performance requirements defined in sections 3.4 and 10.2 can be met,no,multi_sentence;residual_modal_in_capability;list_or_heading_marker,no,multi_sentence;residual_modal_in_capability;list_or_heading_marker,,"EIRENE Functional Requirements Specification, version 7",5.2.4.9,M,5 Cab radio > 5.2 Functional requirements,"5.2.4.8 (O): Where pre-emption occurs, an advisory indication may be provided to the pre-empted parties.","5.2.4.10 (O): Upon the request of the driver, the Cab radio should be able to perform a suite of run- time diagnostic tests on all physical interfaces.","(M) mandatory, (O) optional, (I) informative"
S0243,PURE,2007-eirene_fun_7-2,"Upon the request of the driver, the Cab radio should be able to perform a suite of run- time diagnostic tests on all physical interfaces.",perform a suite of run- time diagnostic tests on all physical interfaces,yes,,yes,,perform a suite of run- time diagnostic tests on all physical interfaces,"EIRENE Functional Requirements Specification, version 7",5.2.4.10,O,5 Cab radio > 5.2 Functional requirements,5.2.4.9 (M): Priority call handling facilities shall be provided such that the performance requirements defined in sections 3.4 and 10.2 can be met.,"5.2.4.11 (M): If run-time diagnostics are implemented, failure of an interface shall be reported to the driver via the display.","(M) mandatory, (O) optional, (I) informative"
S0244,PURE,2007-eirene_fun_7-2,"If run-time diagnostics are implemented, failure of an interface shall be reported to the driver via the display.",be reported to the driver via the display,yes,,no,not_sampled_mandatory_pool,,"EIRENE Functional Requirements Specification, version 7",5.2.4.11,M,5 Cab radio > 5.2 Functional requirements,"5.2.4.10 (O): Upon the request of the driver, the Cab radio should be able to perform a suite of run- time diagnostic tests on all physical interfaces.","5.2.4.12 (O): If run-time diagnostics are implemented, all failures should be available to be recorded in a train-borne recorder.","(M) mandatory, (O) optional, (I) informative"
S0245,PURE,2007-eirene_fun_7-2,"If run-time diagnostics are implemented, all failures should be available to be recorded in a train-borne recorder.",be available to be recorded in a train-borne recorder,yes,,yes,,be available to be recorded in a train-borne recorder,"EIRENE Functional Requirements Specification, version 7",5.2.4.12,O,5 Cab radio > 5.2 Functional requirements,"5.2.4.11 (M): If run-time diagnostics are implemented, failure of an interface shall be reported to the driver via the display.","5.2.4.13 (M): If run-time diagnostics are implemented, diagnostic tests shall not interfere with normal operation of the Cab radio.","(M) mandatory, (O) optional, (I) informative"
S0246,PURE,2007-eirene_fun_7-2,"If run-time diagnostics are implemented, diagnostic tests shall not interfere with normal operation of the Cab radio.",not interfere with normal operation of the Cab radio,no,negation,no,negation,,"EIRENE Functional Requirements Specification, version 7",5.2.4.13,M,5 Cab radio > 5.2 Functional requirements,"5.2.4.12 (O): If run-time diagnostics are implemented, all failures should be available to be recorded in a train-borne recorder.",5.2.4.14 (I): Railways will require facilities to support the use of automatic test equipment with mobile radios.,"(M) mandatory, (O) optional, (I) informative"
S0247,PURE,2007-eirene_fun_7-2,Railways will require facilities to support the use of automatic test equipment with mobile radios.,require facilities to support the use of automatic test equipment with mobile radios,no,informative_marker,no,informative_marker,,"EIRENE Functional Requirements Specification, version 7",5.2.4.14,I,5 Cab radio > 5.2 Functional requirements,"5.2.4.13 (M): If run-time diagnostics are implemented, diagnostic tests shall not interfere with normal operation of the Cab radio.","5.3.1 (M): Train-mounted equipment including the Cab radio terminal equipment, MMI and antenna shall comply with all specifications in section 4.3 and all of those defined in this section.","(M) mandatory, (O) optional, (I) informative"
S0248,PURE,2007-eirene_fun_7-2,"Train-mounted equipment including the Cab radio terminal equipment, MMI and antenna shall comply with all specifications in section 4.3 and all of those defined in this section.",comply with all specifications in section 4.3 and all of those defined in this section,no,multi_sentence;possibly_multiple_capabilities;table_or_figure_reference;list_or_heading_marker,no,multi_sentence;possibly_multiple_capabilities;table_or_figure_reference;list_or_heading_marker,,"EIRENE Functional Requirements Specification, version 7",5.3.1,M,5 Cab radio > 5.3 Environmental and physical requirements,5.2.4.14 (I): Railways will require facilities to support the use of automatic test equipment with mobile radios.,5.3.2 (I): The radio equipment that will be mounted in rolling stock can be split into two classes: in-cab equipment and external equipment. Each type of equipment has slightly different requirements placed upon it in terms of EMC and climate. (UIC fiche 651 is a useful reference concerning the layout of cab equipment.),"(M) mandatory, (O) optional, (I) informative"
S0249,PURE,2007-eirene_fun_7-2,The radio equipment that will be mounted in rolling stock can be split into two classes: in-cab equipment and external equipment. Each type of equipment has slightly different requirements placed upon it in terms of EMC and climate. (UIC fiche 651 is a useful reference concerning the layout of cab equipment.),be mounted in rolling stock can be split into two classes: in-cab equipment and external equipment. Each type of equipment has slightly different requirements placed upon it in terms of EMC and climate. (UIC fiche 651 is a useful reference concerning the layout of cab equipment.),no,too_long;multi_sentence;possibly_multiple_capabilities;residual_modal_in_capability;colon_structure;informative_marker,no,too_long;multi_sentence;possibly_multiple_capabilities;residual_modal_in_capability;colon_structure;informative_marker,,"EIRENE Functional Requirements Specification, version 7",5.3.2,I,5 Cab radio > 5.3 Environmental and physical requirements,"5.3.1 (M): Train-mounted equipment including the Cab radio terminal equipment, MMI and antenna shall comply with all specifications in section 4.3 and all of those defined in this section.","5.3.3 (I): Measures should be taken to reduce the risk of theft of radio equipment. Examples of such measures include physical protection, alarms and access control measures.","(M) mandatory, (O) optional, (I) informative"
S0250,PURE,2007-eirene_fun_7-2,"Measures should be taken to reduce the risk of theft of radio equipment. Examples of such measures include physical protection, alarms and access control measures.","be taken to reduce the risk of theft of radio equipment. Examples of such measures include physical protection, alarms and access control measures",no,multi_sentence;informative_marker,no,multi_sentence;informative_marker,,"EIRENE Functional Requirements Specification, version 7",5.3.3,I,5 Cab radio > 5.3 Environmental and physical requirements,5.3.2 (I): The radio equipment that will be mounted in rolling stock can be split into two classes: in-cab equipment and external equipment. Each type of equipment has slightly different requirements placed upon it in terms of EMC and climate. (UIC fiche 651 is a useful reference concerning the layout of cab equipment.),"5.3.4 (I): Ease of maintenance should be taken into account in the design and installation of radio equipment. For example, maintenance access to antennas on vehicles should be provided.","(M) mandatory, (O) optional, (I) informative"
S0251,PURE,2007-eirene_fun_7-2,"Ease of maintenance should be taken into account in the design and installation of radio equipment. For example, maintenance access to antennas on vehicles should be provided.","be taken into account in the design and installation of radio equipment. For example, maintenance access to antennas on vehicles should be provided",no,multi_sentence;residual_modal_in_capability;informative_marker,no,multi_sentence;residual_modal_in_capability;informative_marker,,"EIRENE Functional Requirements Specification, version 7",5.3.4,I,5 Cab radio > 5.3 Environmental and physical requirements,"5.3.3 (I): Measures should be taken to reduce the risk of theft of radio equipment. Examples of such measures include physical protection, alarms and access control measures.","5.3.5 (O): Cab radios should be able to continue to operate for a period of at least 1 hour in the event of failure of the trains power supply, based on the following cycle:","(M) mandatory, (O) optional, (I) informative"
S0252,PURE,2007-eirene_fun_7-2,"Cab radios should be able to continue to operate for a period of at least 1 hour in the event of failure of the trains power supply, based on the following cycle:","continue to operate for a period of at least 1 hour in the event of failure of the trains power supply, based on the following cycle",no,colon_structure,no,colon_structure,,"EIRENE Functional Requirements Specification, version 7",5.3.5,O,5 Cab radio > 5.3 Environmental and physical requirements,"5.3.4 (I): Ease of maintenance should be taken into account in the design and installation of radio equipment. For example, maintenance access to antennas on vehicles should be provided.","5.3.6 (I): Requirements on electromagnetic emissions for the Cab radio are to be more stringent than those defined for other radio types due to close proximity to other train-mounted control and protection equipment, and higher transmission power.","(M) mandatory, (O) optional, (I) informative"
S0253,PURE,2007-eirene_fun_7-2,"Requirements on electromagnetic emissions for the Cab radio are to be more stringent than those defined for other radio types due to close proximity to other train-mounted control and protection equipment, and higher transmission power.","requirements on electromagnetic emissions for the Cab radio are to be more stringent than those defined for other radio types due to close proximity to other train-mounted control and protection equipment, and higher transmission power",no,possibly_multiple_capabilities;no_requirement_cue;informative_marker,no,possibly_multiple_capabilities;no_requirement_cue;informative_marker,,"EIRENE Functional Requirements Specification, version 7",5.3.6,I,5 Cab radio > 5.3 Environmental and physical requirements,"5.3.5 (O): Cab radios should be able to continue to operate for a period of at least 1 hour in the event of failure of the trains power supply, based on the following cycle:",5.4.1 (M): The driver man-machine interface shall comprise the following components:,"(M) mandatory, (O) optional, (I) informative"
S0254,PURE,2007-eirene_fun_7-2,The driver man-machine interface shall comprise the following components:,comprise the following components,no,colon_structure,no,colon_structure,,"EIRENE Functional Requirements Specification, version 7",5.4.1,M,5 Cab radio > 5.4 Driver man-machine interface,"5.3.6 (I): Requirements on electromagnetic emissions for the Cab radio are to be more stringent than those defined for other radio types due to close proximity to other train-mounted control and protection equipment, and higher transmission power.",5.4.2 (M): Radio equipment installed in a drivers Cab shall not obstruct the drivers vision or otherwise hinder the safe driving of the train.,"(M) mandatory, (O) optional, (I) informative"
S0255,PURE,2007-eirene_fun_7-2,Radio equipment installed in a drivers Cab shall not obstruct the drivers vision or otherwise hinder the safe driving of the train.,not obstruct the drivers vision or otherwise hinder the safe driving of the train,no,negation,no,negation,,"EIRENE Functional Requirements Specification, version 7",5.4.2,M,5 Cab radio > 5.4 Driver man-machine interface,5.4.1 (M): The driver man-machine interface shall comprise the following components:,5.4.2i (M): The design of the equipment shall make it possible to install it within a cab complying with the requirements of UIC fiche 651 concerning the layout of cab equipment .,"(M) mandatory, (O) optional, (I) informative"
S0256,PURE,2007-eirene_fun_7-2,The design of the equipment shall make it possible to install it within a cab complying with the requirements of UIC fiche 651 concerning the layout of cab equipment .,make it possible to install it within a cab complying with the requirements of UIC fiche 651 concerning the layout of cab equipment,no,residual_modal_in_capability,no,residual_modal_in_capability,,"EIRENE Functional Requirements Specification, version 7",5.4.2i,M,5 Cab radio > 5.4 Driver man-machine interface,5.4.2 (M): Radio equipment installed in a drivers Cab shall not obstruct the drivers vision or otherwise hinder the safe driving of the train.,5.4.3 (M): All call related functions shall be possible with the handset on or off the hook.,"(M) mandatory, (O) optional, (I) informative"
S0257,PURE,2007-eirene_fun_7-2,All call related functions shall be possible with the handset on or off the hook.,be possible with the handset on or off the hook,yes,,no,not_sampled_mandatory_pool,,"EIRENE Functional Requirements Specification, version 7",5.4.3,M,5 Cab radio > 5.4 Driver man-machine interface,5.4.2i (M): The design of the equipment shall make it possible to install it within a cab complying with the requirements of UIC fiche 651 concerning the layout of cab equipment .,5.4.4 (I): Note: there is no requirement for hands free operation.,"(M) mandatory, (O) optional, (I) informative"
S0258,PURE,2007-eirene_fun_7-2,Note: there is no requirement for hands free operation.,note: there is no requirement for hands free operation,no,negation;no_requirement_cue;colon_structure;note_text;informative_marker,no,negation;no_requirement_cue;colon_structure;note_text;informative_marker,,"EIRENE Functional Requirements Specification, version 7",5.4.4,I,5 Cab radio > 5.4 Driver man-machine interface,5.4.3 (M): All call related functions shall be possible with the handset on or off the hook.,"5.4.5 (M): The driver shall be able to adjust the brightness of buttons, indicator lights and displays according to the ambient lighting in the cab.","(M) mandatory, (O) optional, (I) informative"
S0259,PURE,2007-eirene_fun_7-2,"The driver shall be able to adjust the brightness of buttons, indicator lights and displays according to the ambient lighting in the cab.","adjust the brightness of buttons, indicator lights and displays according to the ambient lighting in the cab",yes,,yes,,"adjust the brightness of buttons, indicator lights and displays according to the ambient lighting in the cab","EIRENE Functional Requirements Specification, version 7",5.4.5,M,5 Cab radio > 5.4 Driver man-machine interface,5.4.4 (I): Note: there is no requirement for hands free operation.,5.4.6 (M): The driver shall be able to adjust the contrast of the display.,"(M) mandatory, (O) optional, (I) informative"
S0260,PURE,2007-eirene_fun_7-2,The driver shall be able to adjust the contrast of the display.,adjust the contrast of the display,yes,,yes,,adjust the contrast of the display,"EIRENE Functional Requirements Specification, version 7",5.4.6,M,5 Cab radio > 5.4 Driver man-machine interface,"5.4.5 (M): The driver shall be able to adjust the brightness of buttons, indicator lights and displays according to the ambient lighting in the cab.",5.4.7 (M): The emergency call button shall be red and shall be protected against accidental use.,"(M) mandatory, (O) optional, (I) informative"
S0261,PURE,2007-eirene_fun_7-2,The emergency call button shall be red and shall be protected against accidental use.,be red and shall be protected against accidental use,no,residual_modal_in_capability,no,residual_modal_in_capability,,"EIRENE Functional Requirements Specification, version 7",5.4.7,M,5 Cab radio > 5.4 Driver man-machine interface,5.4.6 (M): The driver shall be able to adjust the contrast of the display.,"5.4.8 (M): Any displays shall be clearly readable from a normal drivers position, assuming a normal reading distance.","(M) mandatory, (O) optional, (I) informative"
S0262,PURE,2007-eirene_fun_7-2,"Any displays shall be clearly readable from a normal drivers position, assuming a normal reading distance.","be clearly readable from a normal drivers position, assuming a normal reading distance",yes,,yes,,"be clearly readable from a normal drivers position, assuming a normal reading distance","EIRENE Functional Requirements Specification, version 7",5.4.8,M,5 Cab radio > 5.4 Driver man-machine interface,5.4.7 (M): The emergency call button shall be red and shall be protected against accidental use.,5.4.9 (M): Displayed characters shall have a minimum height of 5mm.,"(M) mandatory, (O) optional, (I) informative"
S0263,PURE,2007-eirene_fun_7-2,Displayed characters shall have a minimum height of 5mm.,have a minimum height of 5mm,yes,,no,not_sampled_mandatory_pool,,"EIRENE Functional Requirements Specification, version 7",5.4.9,M,5 Cab radio > 5.4 Driver man-machine interface,"5.4.8 (M): Any displays shall be clearly readable from a normal drivers position, assuming a normal reading distance.",5.4.10 (M): The following colours shall only be used where mandated in 5.4.11:,"(M) mandatory, (O) optional, (I) informative"
S0264,PURE,2007-eirene_fun_7-2,The following colours shall only be used where mandated in 5.4.11:,only be used where mandated in 5.4.11,no,multi_sentence;colon_structure;list_or_heading_marker,no,multi_sentence;colon_structure;list_or_heading_marker,,"EIRENE Functional Requirements Specification, version 7",5.4.10,M,5 Cab radio > 5.4 Driver man-machine interface,5.4.9 (M): Displayed characters shall have a minimum height of 5mm.,5.4.11 (M): The standard set of audible and visual indications specified in the CENELEC Standard for the Driver-Machine Interface for ERTMS shall be implemented in the Cab radio system.,"(M) mandatory, (O) optional, (I) informative"
S0265,PURE,2007-eirene_fun_7-2,The standard set of audible and visual indications specified in the CENELEC Standard for the Driver-Machine Interface for ERTMS shall be implemented in the Cab radio system.,the standard set of audible and visual indications specified in the CENELEC Standard for the Driver-Machine Interface for ERTMS shall be implemented in the Cab radio system,no,residual_modal_in_capability,no,residual_modal_in_capability,,"EIRENE Functional Requirements Specification, version 7",5.4.11,M,5 Cab radio > 5.4 Driver man-machine interface,5.4.10 (M): The following colours shall only be used where mandated in 5.4.11:,5.4.12: Deleted.,"(M) mandatory, (O) optional, (I) informative"
S0266,PURE,2007-eirene_fun_7-2,"Some Cab radios may need to be operated by staff wearing gloves and controls may need to be suitable for use in a wide range of conditions, eg splash proof and suitable for viewing in direct sunlight and in darkness.","need to be operated by staff wearing gloves and controls may need to be suitable for use in a wide range of conditions, eg splash proof and suitable for viewing in direct sunlight and in darkness",no,too_long;possibly_multiple_capabilities;residual_modal_in_capability,no,too_long;possibly_multiple_capabilities;residual_modal_in_capability,,"EIRENE Functional Requirements Specification, version 7",5.4.13,O,5 Cab radio > 5.4 Driver man-machine interface,5.4.12: Deleted.,"5.4.14 (O): Where there is a risk that stored numbers or other set-up details may be accidentally changed, facilities should be provided on the Cab radio in order to prevent this happening.","(M) mandatory, (O) optional, (I) informative"
S0267,PURE,2007-eirene_fun_7-2,"Where there is a risk that stored numbers or other set-up details may be accidentally changed, facilities should be provided on the Cab radio in order to prevent this happening.","be accidentally changed, facilities should be provided on the Cab radio in order to prevent this happening",no,residual_modal_in_capability,no,residual_modal_in_capability,,"EIRENE Functional Requirements Specification, version 7",5.4.14,O,5 Cab radio > 5.4 Driver man-machine interface,"5.4.13 (O): Some Cab radios may need to be operated by staff wearing gloves and controls may need to be suitable for use in a wide range of conditions, eg splash proof and suitable for viewing in direct sunlight and in darkness.",5.4.15 (M): Cab radios shall provide a means of preventing tampering.,"(M) mandatory, (O) optional, (I) informative"
S0268,PURE,2007-eirene_fun_7-2,Cab radios shall provide a means of preventing tampering.,provide a means of preventing tampering,yes,,no,not_sampled_mandatory_pool,,"EIRENE Functional Requirements Specification, version 7",5.4.15,M,5 Cab radio > 5.4 Driver man-machine interface,"5.4.14 (O): Where there is a risk that stored numbers or other set-up details may be accidentally changed, facilities should be provided on the Cab radio in order to prevent this happening.","5.4.16 (M): If contact with the mobile radio network is lost, then the Cab radio shall give an audible and visual indication.","(M) mandatory, (O) optional, (I) informative"
S0269,PURE,2007-eirene_fun_7-2,"If contact with the mobile radio network is lost, then the Cab radio shall give an audible and visual indication.",give an audible and visual indication,yes,,yes,,give an audible and visual indication,"EIRENE Functional Requirements Specification, version 7",5.4.16,M,5 Cab radio > 5.4 Driver man-machine interface,5.4.15 (M): Cab radios shall provide a means of preventing tampering.,5.5.1: Deleted.,"(M) mandatory, (O) optional, (I) informative"
S0270,PURE,2007-eirene_fun_7-2,A driver safety device (DSD) interface should be provided in traction units that are equipped with a DSD in order to support the transmission of a DSD alarm.,be provided in traction units that are equipped with a DSD in order to support the transmission of a DSD alarm,yes,,yes,,be provided in traction units that are equipped with a DSD in order to support the transmission of a DSD alarm,"EIRENE Functional Requirements Specification, version 7",5.7.1,O,5 Cab radio > 5.7 Driver safety device interface,5.6.1: Deleted.,"5.7.1i (M): If such an interface is implemented, it shall be capable of being connected to a device complying with UIC fiche 641 concerning automatic vigilance devices used in international traffic.","(M) mandatory, (O) optional, (I) informative"
S0271,PURE,2007-eirene_fun_7-2,"If such an interface is implemented, it shall be capable of being connected to a device complying with UIC fiche 641 concerning automatic vigilance devices used in international traffic.",be capable of being connected to a device complying with UIC fiche 641 concerning automatic vigilance devices used in international traffic,no,residual_modal_in_capability,no,residual_modal_in_capability,,"EIRENE Functional Requirements Specification, version 7",5.7.1i,M,5 Cab radio > 5.7 Driver safety device interface,5.7.1 (O): A driver safety device (DSD) interface should be provided in traction units that are equipped with a DSD in order to support the transmission of a DSD alarm.,5.7.2 (M): The activation of the driver safety device shall automatically trigger the Cab radio to send a data message.,"(M) mandatory, (O) optional, (I) informative"
S0272,PURE,2007-eirene_fun_7-2,The activation of the driver safety device shall automatically trigger the Cab radio to send a data message.,automatically trigger the Cab radio to send a data message,yes,,yes,,automatically trigger the Cab radio to send a data message,"EIRENE Functional Requirements Specification, version 7",5.7.2,M,5 Cab radio > 5.7 Driver safety device interface,"5.7.1i (M): If such an interface is implemented, it shall be capable of being connected to a device complying with UIC fiche 641 concerning automatic vigilance devices used in international traffic.",5.7.3: The DSD alarm call/message shall provide the following information: train number; (M) engine number; (M) location information. (O),"(M) mandatory, (O) optional, (I) informative"
S0273,PURE,2007-eirene_fun_7-2,The DSD alarm call/message shall provide the following information: train number; engine number; location information.,provide the following information: train number; engine number; location information,no,possibly_multiple_capabilities;colon_structure;multiple_markers,no,possibly_multiple_capabilities;colon_structure;multiple_markers,,"EIRENE Functional Requirements Specification, version 7",5.7.3,O,5 Cab radio > 5.7 Driver safety device interface,5.7.2 (M): The activation of the driver safety device shall automatically trigger the Cab radio to send a data message.,5.7.4 (M): DSD alarm information shall be transmitted to the primary controller.,"(M) mandatory, (O) optional, (I) informative"
S0274,PURE,2007-eirene_fun_7-2,DSD alarm information shall be transmitted to the primary controller.,be transmitted to the primary controller,yes,,yes,,be transmitted to the primary controller,"EIRENE Functional Requirements Specification, version 7",5.7.4,M,5 Cab radio > 5.7 Driver safety device interface,5.7.3: The DSD alarm call/message shall provide the following information: train number; (M) engine number; (M) location information. (O),5.7.5 (O): Additional information may also be provided if available from external systems.,"(M) mandatory, (O) optional, (I) informative"
S0275,PURE,2007-eirene_fun_7-2,Additional information may also be provided if available from external systems.,also be provided if available from external systems,yes,,yes,,also be provided if available from external systems,"EIRENE Functional Requirements Specification, version 7",5.7.5,O,5 Cab radio > 5.7 Driver safety device interface,5.7.4 (M): DSD alarm information shall be transmitted to the primary controller.,5.8.1: The Cab radio shall be able to provide the following information to a train-borne recorder or other equipment via a standardised interface: activation of Cab radio emergency call button; (M) receipt of incoming Railway emergency call; (M) termination of outgoing or incoming Railway emergency call; (M) radio faults; (O) driver safety device alarm message transmission; (M) details of confirmation of Railway emergency call. (M),"(M) mandatory, (O) optional, (I) informative"
S0276,PURE,2007-eirene_fun_7-2,The Cab radio shall be able to provide the following information to a train-borne recorder or other equipment via a standardised interface: activation of Cab radio emergency call button; receipt of incoming Railway emergency call; termination of outgoing or incoming Railway emergency call; radio faults; driver safety device alarm message transmission; details of confirmation of Railway emergency call.,provide the following information to a train-borne recorder or other equipment via a standardised interface: activation of Cab radio emergency call button; receipt of incoming Railway emergency call; termination of outgoing or incoming Railway emergency call; radio faults; driver safety device alarm message transmission; details of confirmation of Railway emergency call,no,too_long;possibly_multiple_capabilities;colon_structure;multiple_markers,no,too_long;possibly_multiple_capabilities;colon_structure;multiple_markers,,"EIRENE Functional Requirements Specification, version 7",5.8.1,M,5 Cab radio > 5.8 Train-borne recorder,5.7.5 (O): Additional information may also be provided if available from external systems.,5.9.1 (M): On-train mobiles shall provide a standardised interface to ERTMS/ETCS.,"(M) mandatory, (O) optional, (I) informative"
S0277,PURE,2007-eirene_fun_7-2,On-train mobiles shall provide a standardised interface to ERTMS/ETCS.,provide a standardised interface to ERTMS/ETCS,yes,,yes,,provide a standardised interface to ERTMS/ETCS,"EIRENE Functional Requirements Specification, version 7",5.9.1,M,5 Cab radio > 5.9 Control/command interfaces,5.8.1: The Cab radio shall be able to provide the following information to a train-borne recorder or other equipment via a standardised interface: activation of Cab radio emergency call button; (M) receipt of incoming Railway emergency call; (M) termination of outgoing or incoming Railway emergency call; (M) radio faults; (O) driver safety device alarm message transmission; (M) details of confirmation of Railway emergency call. (M),"5.9.2 (I): In addition, individual railways may have requirements to interface to national control/command systems.","(M) mandatory, (O) optional, (I) informative"
S0278,PURE,2007-eirene_fun_7-2,"In addition, individual railways may have requirements to interface to national control/command systems.",have requirements to interface to national control/command systems,no,informative_marker,no,informative_marker,,"EIRENE Functional Requirements Specification, version 7",5.9.2,I,5 Cab radio > 5.9 Control/command interfaces,5.9.1 (M): On-train mobiles shall provide a standardised interface to ERTMS/ETCS.,5.10.1 (O): Other interfaces may be provided in the Cab radio system.,"(M) mandatory, (O) optional, (I) informative"
S0279,PURE,2007-eirene_fun_7-2,Other interfaces may be provided in the Cab radio system.,be provided in the Cab radio system,yes,,yes,,be provided in the Cab radio system,"EIRENE Functional Requirements Specification, version 7",5.10.1,O,5 Cab radio > 5.10 Other interfaces,"5.9.2 (I): In addition, individual railways may have requirements to interface to national control/command systems.",6.1.1 (I): This section identifies the functional requirements for General purpose radio. It covers the functionality to be provided by the General purpose radio and the man-machine interface (MMI) is also defined.,"(M) mandatory, (O) optional, (I) informative"
S0280,PURE,2007-eirene_fun_7-2,This section identifies the functional requirements for General purpose radio. It covers the functionality to be provided by the General purpose radio and the man-machine interface (MMI) is also defined.,this section identifies the functional requirements for General purpose radio. It covers the functionality to be provided by the General purpose radio and the man-machine interface (MMI) is also defined,no,multi_sentence;no_requirement_cue;table_or_figure_reference;informative_marker,no,multi_sentence;no_requirement_cue;table_or_figure_reference;informative_marker,,"EIRENE Functional Requirements Specification, version 7",6.1.1,I,6 General purpose radio > 6.1 Introduction,5.10.1 (O): Other interfaces may be provided in the Cab radio system.,"6.2.1.1 (I): In this section, the functions to be provided by the General purpose radio are described.","(M) mandatory, (O) optional, (I) informative"
S0281,PURE,2007-eirene_fun_7-2,"In this section, the functions to be provided by the General purpose radio are described.","in this section, the functions to be provided by the General purpose radio are described",no,stranded_preposition;no_requirement_cue;informative_marker,no,stranded_preposition;no_requirement_cue;informative_marker,,"EIRENE Functional Requirements Specification, version 7",6.2.1.1,I,6 General purpose radio > 6.2 Functional requirements > 6.2.1 Summary,6.1.1 (I): This section identifies the functional requirements for General purpose radio. It covers the functionality to be provided by the General purpose radio and the man-machine interface (MMI) is also defined.,6.2.1.2: The following functions will be provided: Call related functions call authorised users (including controllers); (M) send Railway emergency calls; (O) receive Railway emergency calls; (O) receive incoming calls; (M) group and broadcast calls; (M) terminate calls; (M) Other functions switch radio on and off; (M) select language; (M) select mobile radio network; (M) adjust loudspeaker volume; (M) register and deregister functional numbers; (M) store/retrieve numbers and their details; (M) computer interface. (O),"(M) mandatory, (O) optional, (I) informative"
S0282,PURE,2007-eirene_fun_7-2,The following functions will be provided: Call related functions call authorised users (including controllers); send Railway emergency calls; receive Railway emergency calls; receive incoming calls; group and broadcast calls; terminate calls; Other functions switch radio on and off; select language; select mobile radio network; adjust loudspeaker volume; register and deregister functional numbers; store/retrieve numbers and their details; computer interface.,be provided: Call related functions call authorised users (including controllers); send Railway emergency calls; receive Railway emergency calls; receive incoming calls; group and broadcast calls; terminate calls; Other functions switch radio on and off; select language; select mobile radio network; adjust loudspeaker volume; register and deregister functional numbers; store/retrieve numbers and their details; computer interface,no,too_long;possibly_multiple_capabilities;colon_structure;multiple_markers,no,too_long;possibly_multiple_capabilities;colon_structure;multiple_markers,,"EIRENE Functional Requirements Specification, version 7",6.2.1.2,O,6 General purpose radio > 6.2 Functional requirements > 6.2.1 Summary,"6.2.1.1 (I): In this section, the functions to be provided by the General purpose radio are described.","6.2.2.1 (M): The General purpose radio shall be capable of use as a standard telephone, such that the user is able to call any valid number subject to call restrictions enforced by the network.","(M) mandatory, (O) optional, (I) informative"
S0283,PURE,2007-eirene_fun_7-2,"The General purpose radio shall be capable of use as a standard telephone, such that the user is able to call any valid number subject to call restrictions enforced by the network.","be capable of use as a standard telephone, such that the user is able to call any valid number subject to call restrictions enforced by the network",no,residual_modal_in_capability,no,residual_modal_in_capability,,"EIRENE Functional Requirements Specification, version 7",6.2.2.1,M,6 General purpose radio > 6.2 Functional requirements,6.2.1.2: The following functions will be provided: Call related functions call authorised users (including controllers); (M) send Railway emergency calls; (O) receive Railway emergency calls; (O) receive incoming calls; (M) group and broadcast calls; (M) terminate calls; (M) Other functions switch radio on and off; (M) select language; (M) select mobile radio network; (M) adjust loudspeaker volume; (M) register and deregister functional numbers; (M) store/retrieve numbers and their details; (M) computer interface. (O),6.2.2.2 (M): The facility for a given General purpose radio to send a Railway emergency call (see section 13) shall be determined as a management function.,"(M) mandatory, (O) optional, (I) informative"
S0284,PURE,2007-eirene_fun_7-2,The facility for a given General purpose radio to send a Railway emergency call (see section 13) shall be determined as a management function.,be determined as a management function,no,table_or_figure_reference,no,table_or_figure_reference,,"EIRENE Functional Requirements Specification, version 7",6.2.2.2,M,6 General purpose radio > 6.2 Functional requirements,"6.2.2.1 (M): The General purpose radio shall be capable of use as a standard telephone, such that the user is able to call any valid number subject to call restrictions enforced by the network.",6.2.2.3 (M): A special MMI action shall be required for a General purpose radio user to send a Railway emergency call.,"(M) mandatory, (O) optional, (I) informative"
S0285,PURE,2007-eirene_fun_7-2,A special MMI action shall be required for a General purpose radio user to send a Railway emergency call.,be required for a General purpose radio user to send a Railway emergency call,yes,,no,not_sampled_mandatory_pool,,"EIRENE Functional Requirements Specification, version 7",6.2.2.3,M,6 General purpose radio > 6.2 Functional requirements,6.2.2.2 (M): The facility for a given General purpose radio to send a Railway emergency call (see section 13) shall be determined as a management function.,6.2.2.4 (M): It shall not be possible for any General purpose radio user to send a Railway emergency call by dialling a short code or telephone number.,"(M) mandatory, (O) optional, (I) informative"
S0286,PURE,2007-eirene_fun_7-2,It shall not be possible for any General purpose radio user to send a Railway emergency call by dialling a short code or telephone number.,not be possible for any General purpose radio user to send a Railway emergency call by dialling a short code or telephone number,no,negation;impersonal_construction,no,negation;impersonal_construction,,"EIRENE Functional Requirements Specification, version 7",6.2.2.4,M,6 General purpose radio > 6.2 Functional requirements,6.2.2.3 (M): A special MMI action shall be required for a General purpose radio user to send a Railway emergency call.,6.2.2.5 (M): An audible and visual indication of an incoming call shall be provided.,"(M) mandatory, (O) optional, (I) informative"
S0287,PURE,2007-eirene_fun_7-2,"Where available, the functional identity of the calling party shall be displayed.",be displayed,yes,,yes,,be displayed,"EIRENE Functional Requirements Specification, version 7",6.2.2.6,M,6 General purpose radio > 6.2 Functional requirements,6.2.2.5 (M): An audible and visual indication of an incoming call shall be provided.,6.2.2.7 (M): A short audible and visual indication of the incoming call shall be provided.,"(M) mandatory, (O) optional, (I) informative"
S0288,PURE,2007-eirene_fun_7-2,A short audible and visual indication of the incoming call shall be provided.,be provided,yes,,yes,,be provided,"EIRENE Functional Requirements Specification, version 7",6.2.2.7,M,6 General purpose radio > 6.2 Functional requirements,"6.2.2.6 (M): Where available, the functional identity of the calling party shall be displayed.",6.2.2.8 (M): The group identity of the voice group call (VBS or VGCS) shall be displayed.,"(M) mandatory, (O) optional, (I) informative"
S0289,PURE,2007-eirene_fun_7-2,"If the call is a broadcast call, the user shall be informed that he cannot speak as part of the broadcast call.",be informed that he cannot speak as part of the broadcast call,no,negation,no,negation,,"EIRENE Functional Requirements Specification, version 7",6.2.2.9,M,6 General purpose radio > 6.2 Functional requirements,6.2.2.8 (M): The group identity of the voice group call (VBS or VGCS) shall be displayed.,"6.2.2.10 (M): If the call is a group call, the user has to request permission to speak during the call by using the Push-To-Talk (PTT) function.","(M) mandatory, (O) optional, (I) informative"
S0290,PURE,2007-eirene_fun_7-2,"If the call is a group call, the user has to request permission to speak during the call by using the Push-To-Talk (PTT) function.","if the call is a group call, the user has to request permission to speak during the call by using the Push-To-Talk (PTT) function",no,no_requirement_cue,no,no_requirement_cue,,"EIRENE Functional Requirements Specification, version 7",6.2.2.10,M,6 General purpose radio > 6.2 Functional requirements,"6.2.2.9 (M): If the call is a broadcast call, the user shall be informed that he cannot speak as part of the broadcast call.","6.2.2.11 (M): In a group call, a visual indication shall be provided to remind the user of the need to use the PTT function.","(M) mandatory, (O) optional, (I) informative"
S0291,PURE,2007-eirene_fun_7-2,"In a group call, a visual indication shall be provided to remind the user of the need to use the PTT function.",be provided to remind the user of the need to use the PTT function,yes,,yes,,be provided to remind the user of the need to use the PTT function,"EIRENE Functional Requirements Specification, version 7",6.2.2.11,M,6 General purpose radio > 6.2 Functional requirements,"6.2.2.10 (M): If the call is a group call, the user has to request permission to speak during the call by using the Push-To-Talk (PTT) function.",6.2.2.12 (I): The user may not speak in a group call until permission is granted by the network after using the PTT function.,"(M) mandatory, (O) optional, (I) informative"
S0292,PURE,2007-eirene_fun_7-2,The user may not speak in a group call until permission is granted by the network after using the PTT function.,not speak in a group call until permission is granted by the network after using the PTT function,no,negation;informative_marker,no,negation;informative_marker,,"EIRENE Functional Requirements Specification, version 7",6.2.2.12,I,6 General purpose radio > 6.2 Functional requirements,"6.2.2.11 (M): In a group call, a visual indication shall be provided to remind the user of the need to use the PTT function.","6.2.2.13 (M): In a group call, an audible and visual indication of whether the request was successful shall be provided. The user may then talk whilst the PTT function is used.","(M) mandatory, (O) optional, (I) informative"
S0293,PURE,2007-eirene_fun_7-2,"In a group call, an audible and visual indication of whether the request was successful shall be provided. The user may then talk whilst the PTT function is used.",be provided. The user may then talk whilst the PTT function is used,no,multi_sentence;residual_modal_in_capability,no,multi_sentence;residual_modal_in_capability,,"EIRENE Functional Requirements Specification, version 7",6.2.2.13,M,6 General purpose radio > 6.2 Functional requirements,6.2.2.12 (I): The user may not speak in a group call until permission is granted by the network after using the PTT function.,"6.2.2.14 (M): If the user moves out of the group or broadcast call area whilst the call is in progress, an audible and visual indication of the loss of call shall be provided to the user.","(M) mandatory, (O) optional, (I) informative"
S0294,PURE,2007-eirene_fun_7-2,"If the user moves out of the group or broadcast call area whilst the call is in progress, an audible and visual indication of the loss of call shall be provided to the user.","if the user moves out of the group or broadcast call area whilst the call is in progress, an audible and visual indication of the loss of call shall be provided to the user",no,possibly_multiple_capabilities;residual_modal_in_capability,no,possibly_multiple_capabilities;residual_modal_in_capability,,"EIRENE Functional Requirements Specification, version 7",6.2.2.14,M,6 General purpose radio > 6.2 Functional requirements,"6.2.2.13 (M): In a group call, an audible and visual indication of whether the request was successful shall be provided. The user may then talk whilst the PTT function is used.",6.2.2.15 (M): Reception of this call (if implemented) shall proceed as for a standard group or broadcast call except that a distinctive audible and visual indication shall be provided.,"(M) mandatory, (O) optional, (I) informative"
S0295,PURE,2007-eirene_fun_7-2,Reception of this call (if implemented) shall proceed as for a standard group or broadcast call except that a distinctive audible and visual indication shall be provided.,proceed as for a standard group or broadcast call except that a distinctive audible and visual indication shall be provided,no,possibly_multiple_capabilities;residual_modal_in_capability,no,possibly_multiple_capabilities;residual_modal_in_capability,,"EIRENE Functional Requirements Specification, version 7",6.2.2.15,M,6 General purpose radio > 6.2 Functional requirements,"6.2.2.14 (M): If the user moves out of the group or broadcast call area whilst the call is in progress, an audible and visual indication of the loss of call shall be provided to the user.",6.2.2.16 (M): The radio shall provide a means for the user to terminate calls which he is authorised to terminate (ie all calls except broadcast or group calls not initiated by the user).,"(M) mandatory, (O) optional, (I) informative"
S0296,PURE,2007-eirene_fun_7-2,The radio shall provide a means for the user to terminate calls which he is authorised to terminate (ie all calls except broadcast or group calls not initiated by the user).,provide a means for the user to terminate calls which he is authorised to terminate (ie all calls except broadcast or group calls not initiated by the user),no,negation,no,negation,,"EIRENE Functional Requirements Specification, version 7",6.2.2.16,M,6 General purpose radio > 6.2 Functional requirements,6.2.2.15 (M): Reception of this call (if implemented) shall proceed as for a standard group or broadcast call except that a distinctive audible and visual indication shall be provided.,6.2.3.1 (M): The radio shall have an on/off switch. Switching the radio on shall initiate the following:,"(M) mandatory, (O) optional, (I) informative"
S0297,PURE,2007-eirene_fun_7-2,The radio shall have an on/off switch. Switching the radio on shall initiate the following:,have an on/off switch. Switching the radio on shall initiate the following,no,multi_sentence;residual_modal_in_capability;colon_structure,no,multi_sentence;residual_modal_in_capability;colon_structure,,"EIRENE Functional Requirements Specification, version 7",6.2.3.1,M,6 General purpose radio > 6.2 Functional requirements,6.2.2.16 (M): The radio shall provide a means for the user to terminate calls which he is authorised to terminate (ie all calls except broadcast or group calls not initiated by the user).,"6.2.3.2 (I): At this point, the radio will be able to receive all calls initiated using the telephone number or appropriate group call number.","(M) mandatory, (O) optional, (I) informative"
S0298,PURE,2007-eirene_fun_7-2,"At this point, the radio will be able to receive all calls initiated using the telephone number or appropriate group call number.",receive all calls initiated using the telephone number or appropriate group call number,no,informative_marker,no,informative_marker,,"EIRENE Functional Requirements Specification, version 7",6.2.3.2,I,6 General purpose radio > 6.2 Functional requirements,6.2.3.1 (M): The radio shall have an on/off switch. Switching the radio on shall initiate the following:,6.2.3.3 (M): Switching the radio off shall cause the following:,"(M) mandatory, (O) optional, (I) informative"
S0299,PURE,2007-eirene_fun_7-2,Switching the radio off shall cause the following:,cause the following,no,colon_structure,no,colon_structure,,"EIRENE Functional Requirements Specification, version 7",6.2.3.3,M,6 General purpose radio > 6.2 Functional requirements,"6.2.3.2 (I): At this point, the radio will be able to receive all calls initiated using the telephone number or appropriate group call number.","6.2.3.4 (M): When switched off, the radio shall retain any settings and numbers which are stored at the time the radio is switched off.","(M) mandatory, (O) optional, (I) informative"
S0300,PURE,2007-eirene_fun_7-2,"When switched off, the radio shall retain any settings and numbers which are stored at the time the radio is switched off.",retain any settings and numbers which are stored at the time the radio is switched off,yes,,no,not_sampled_mandatory_pool,,"EIRENE Functional Requirements Specification, version 7",6.2.3.4,M,6 General purpose radio > 6.2 Functional requirements,6.2.3.3 (M): Switching the radio off shall cause the following:,6.2.3.5 (M): Prompts and messages shall be capable of being displayed in at least 10 languages (each railway will choose which languages will be implemented).,"(M) mandatory, (O) optional, (I) informative"
S0301,PURE,2007-eirene_fun_7-2,Prompts and messages shall be capable of being displayed in at least 10 languages (each railway will choose which languages will be implemented).,be capable of being displayed in at least 10 languages (each railway will choose which languages will be implemented),no,residual_modal_in_capability,no,residual_modal_in_capability,,"EIRENE Functional Requirements Specification, version 7",6.2.3.5,M,6 General purpose radio > 6.2 Functional requirements,"6.2.3.4 (M): When switched off, the radio shall retain any settings and numbers which are stored at the time the radio is switched off.",6.2.3.6 (M): The user shall be able to select his preferred language for the display; this setting shall be retained by the radio.,"(M) mandatory, (O) optional, (I) informative"
S0302,PURE,2007-eirene_fun_7-2,The user shall be able to select his preferred language for the display; this setting shall be retained by the radio.,select his preferred language for the display; this setting shall be retained by the radio,no,residual_modal_in_capability,no,residual_modal_in_capability,,"EIRENE Functional Requirements Specification, version 7",6.2.3.6,M,6 General purpose radio > 6.2 Functional requirements,6.2.3.5 (M): Prompts and messages shall be capable of being displayed in at least 10 languages (each railway will choose which languages will be implemented).,"6.2.3.7 (M): When the radio is first powered on, the language that appears on the display shall be the default one set by the national railway.","(M) mandatory, (O) optional, (I) informative"
S0303,PURE,2007-eirene_fun_7-2,"When the radio is first powered on, the language that appears on the display shall be the default one set by the national railway.",be the default one set by the national railway,yes,,yes,,be the default one set by the national railway,"EIRENE Functional Requirements Specification, version 7",6.2.3.7,M,6 General purpose radio > 6.2 Functional requirements,6.2.3.6 (M): The user shall be able to select his preferred language for the display; this setting shall be retained by the radio.,"6.2.3.8 (M): Where more than one mobile radio network is available for use by a mobile, the selection of the network to use shall be automatic (see section 10.5).","(M) mandatory, (O) optional, (I) informative"
S0304,PURE,2007-eirene_fun_7-2,"Where more than one mobile radio network is available for use by a mobile, the selection of the network to use shall be automatic (see section 10.5).",be automatic (see section 10.5),no,multi_sentence;table_or_figure_reference;list_or_heading_marker,no,multi_sentence;table_or_figure_reference;list_or_heading_marker,,"EIRENE Functional Requirements Specification, version 7",6.2.3.8,M,6 General purpose radio > 6.2 Functional requirements,"6.2.3.7 (M): When the radio is first powered on, the language that appears on the display shall be the default one set by the national railway.","6.2.3.9 (M): When the mobile changes network automatically, a visual and audible indication shall be given.","(M) mandatory, (O) optional, (I) informative"
S0305,PURE,2007-eirene_fun_7-2,"When the mobile changes network automatically, a visual and audible indication shall be given.",be given,yes,,yes,,be given,"EIRENE Functional Requirements Specification, version 7",6.2.3.9,M,6 General purpose radio > 6.2 Functional requirements,"6.2.3.8 (M): Where more than one mobile radio network is available for use by a mobile, the selection of the network to use shall be automatic (see section 10.5).",6.2.3.9i (M): It shall be possible for a user to override the automatic network selection manually. This function shall not be available during calls.,"(M) mandatory, (O) optional, (I) informative"
S0306,PURE,2007-eirene_fun_7-2,It shall be possible for a user to override the automatic network selection manually. This function shall not be available during calls.,be possible for a user to override the automatic network selection manually. This function shall not be available during calls,no,multi_sentence;negation;residual_modal_in_capability;impersonal_construction,no,multi_sentence;negation;residual_modal_in_capability;impersonal_construction,,"EIRENE Functional Requirements Specification, version 7",6.2.3.9i,M,6 General purpose radio > 6.2 Functional requirements,"6.2.3.9 (M): When the mobile changes network automatically, a visual and audible indication shall be given.",6.2.3.10 (M): It shall be possible to register and deregister a functional number in the following way: Initiated by the user and transmitted to the ground: user enters functional number which is transmitted to the network.,"(M) mandatory, (O) optional, (I) informative"
S0307,PURE,2007-eirene_fun_7-2,It shall be possible to register and deregister a functional number in the following way: Initiated by the user and transmitted to the ground: user enters functional number which is transmitted to the network.,be possible to register and deregister a functional number in the following way: Initiated by the user and transmitted to the ground: user enters functional number which is transmitted to the network,no,possibly_multiple_capabilities;residual_modal_in_capability;colon_structure;impersonal_construction,no,possibly_multiple_capabilities;residual_modal_in_capability;colon_structure;impersonal_construction,,"EIRENE Functional Requirements Specification, version 7",6.2.3.10,M,6 General purpose radio > 6.2 Functional requirements,6.2.3.9i (M): It shall be possible for a user to override the automatic network selection manually. This function shall not be available during calls.,"6.2.3.11 (M): Where a change of functional number is required, it shall be possible for the user to initiate the change.","(M) mandatory, (O) optional, (I) informative"
S0308,PURE,2007-eirene_fun_7-2,"Where a change of functional number is required, it shall be possible for the user to initiate the change.",be possible for the user to initiate the change,yes,,yes,,be possible for the user to initiate the change,"EIRENE Functional Requirements Specification, version 7",6.2.3.11,M,6 General purpose radio > 6.2 Functional requirements,6.2.3.10 (M): It shall be possible to register and deregister a functional number in the following way: Initiated by the user and transmitted to the ground: user enters functional number which is transmitted to the network.,6.2.3.12 (M): It shall be possible for the user to find and display stored numbers and their information.,"(M) mandatory, (O) optional, (I) informative"
S0309,PURE,2007-eirene_fun_7-2,It shall be possible for the user to find and display stored numbers and their information.,be possible for the user to find and display stored numbers and their information,no,possibly_multiple_capabilities;impersonal_construction,no,possibly_multiple_capabilities;impersonal_construction,,"EIRENE Functional Requirements Specification, version 7",6.2.3.12,M,6 General purpose radio > 6.2 Functional requirements,"6.2.3.11 (M): Where a change of functional number is required, it shall be possible for the user to initiate the change.",6.2.3.13 (M): It shall be possible for the user to store and/or overwrite numbers and their details in the radio.,"(M) mandatory, (O) optional, (I) informative"
S0310,PURE,2007-eirene_fun_7-2,It shall be possible for the user to store and/or overwrite numbers and their details in the radio.,be possible for the user to store and/or overwrite numbers and their details in the radio,no,impersonal_construction,no,impersonal_construction,,"EIRENE Functional Requirements Specification, version 7",6.2.3.13,M,6 General purpose radio > 6.2 Functional requirements,6.2.3.12 (M): It shall be possible for the user to find and display stored numbers and their information.,6.2.3.14 (O): A standard data interface should be provided to allow a computer to be connected to the radio.,"(M) mandatory, (O) optional, (I) informative"
S0311,PURE,2007-eirene_fun_7-2,A standard data interface should be provided to allow a computer to be connected to the radio.,be provided to allow a computer to be connected to the radio,yes,,yes,,be provided to allow a computer to be connected to the radio,"EIRENE Functional Requirements Specification, version 7",6.2.3.14,O,6 General purpose radio > 6.2 Functional requirements,6.2.3.13 (M): It shall be possible for the user to store and/or overwrite numbers and their details in the radio.,6.3.1 (I): The full environmental and physical specification of the General purpose radio is intended to be as close as possible to that of a Commercial-Off-The-Shelf (COTS) mobile whilst adhering to the specifications provided in section 4.3 and this section.,"(M) mandatory, (O) optional, (I) informative"
S0312,PURE,2007-eirene_fun_7-2,The full environmental and physical specification of the General purpose radio is intended to be as close as possible to that of a Commercial-Off-The-Shelf (COTS) mobile whilst adhering to the specifications provided in section 4.3 and this section.,the full environmental and physical specification of the General purpose radio is intended to be as close as possible to that of a Commercial-Off-The-Shelf (COTS) mobile whilst adhering to the specifications provided in section 4.3 and this section,no,too_long;multi_sentence;possibly_multiple_capabilities;residual_modal_in_capability;no_requirement_cue;table_or_figure_reference;list_or_heading_marker;informative_marker,no,too_long;multi_sentence;possibly_multiple_capabilities;residual_modal_in_capability;no_requirement_cue;table_or_figure_reference;list_or_heading_marker;informative_marker,,"EIRENE Functional Requirements Specification, version 7",6.3.1,I,6 General purpose radio > 6.3 Environmental and physical requirements,6.2.3.14 (O): A standard data interface should be provided to allow a computer to be connected to the radio.,"6.3.2 (I): The General purpose radio should be small, compact and easy to carry.","(M) mandatory, (O) optional, (I) informative"
S0313,PURE,2007-eirene_fun_7-2,"The General purpose radio should be small, compact and easy to carry.","be small, compact and easy to carry",no,informative_marker,no,informative_marker,,"EIRENE Functional Requirements Specification, version 7",6.3.2,I,6 General purpose radio > 6.3 Environmental and physical requirements,6.3.1 (I): The full environmental and physical specification of the General purpose radio is intended to be as close as possible to that of a Commercial-Off-The-Shelf (COTS) mobile whilst adhering to the specifications provided in section 4.3 and this section.,6.3.3 (O): It should be possible for a user to change the battery without the use of tools.,"(M) mandatory, (O) optional, (I) informative"
S0314,PURE,2007-eirene_fun_7-2,It should be possible for a user to change the battery without the use of tools.,be possible for a user to change the battery without the use of tools,no,negation;impersonal_construction,no,negation;impersonal_construction,,"EIRENE Functional Requirements Specification, version 7",6.3.3,O,6 General purpose radio > 6.3 Environmental and physical requirements,"6.3.2 (I): The General purpose radio should be small, compact and easy to carry.",6.3.4 (O): The weight of the General purpose radio including battery should not exceed 250g.,"(M) mandatory, (O) optional, (I) informative"
S0315,PURE,2007-eirene_fun_7-2,The weight of the General purpose radio including battery should not exceed 250g.,not exceed 250g,no,negation,no,negation,,"EIRENE Functional Requirements Specification, version 7",6.3.4,O,6 General purpose radio > 6.3 Environmental and physical requirements,6.3.3 (O): It should be possible for a user to change the battery without the use of tools.,6.3.5 (O): General purpose radios should be equipped with rechargeable batteries capable of providing a minimum of eight hours operation from a single charge based on the following cycle (see section 4.3.9):,"(M) mandatory, (O) optional, (I) informative"
S0316,PURE,2007-eirene_fun_7-2,General purpose radios should be equipped with rechargeable batteries capable of providing a minimum of eight hours operation from a single charge based on the following cycle (see section 4.3.9):,be equipped with rechargeable batteries capable of providing a minimum of eight hours operation from a single charge based on the following cycle (see section 4.3.9),no,multi_sentence;residual_modal_in_capability;table_or_figure_reference;colon_structure;list_or_heading_marker,no,multi_sentence;residual_modal_in_capability;table_or_figure_reference;colon_structure;list_or_heading_marker,,"EIRENE Functional Requirements Specification, version 7",6.3.5,O,6 General purpose radio > 6.3 Environmental and physical requirements,6.3.4 (O): The weight of the General purpose radio including battery should not exceed 250g.,6.3.6 (O): Changing the battery should not result in losing data stored in the radio.,"(M) mandatory, (O) optional, (I) informative"
S0317,PURE,2007-eirene_fun_7-2,Changing the battery should not result in losing data stored in the radio.,not result in losing data stored in the radio,no,negation,no,negation,,"EIRENE Functional Requirements Specification, version 7",6.3.6,O,6 General purpose radio > 6.3 Environmental and physical requirements,6.3.5 (O): General purpose radios should be equipped with rechargeable batteries capable of providing a minimum of eight hours operation from a single charge based on the following cycle (see section 4.3.9):,6.3.7 (O): The General purpose radio should be suitable for use with a car adapter kit.,"(M) mandatory, (O) optional, (I) informative"
S0318,PURE,2007-eirene_fun_7-2,The General purpose radio should be suitable for use with a car adapter kit.,be suitable for use with a car adapter kit,yes,,yes,,be suitable for use with a car adapter kit,"EIRENE Functional Requirements Specification, version 7",6.3.7,O,6 General purpose radio > 6.3 Environmental and physical requirements,6.3.6 (O): Changing the battery should not result in losing data stored in the radio.,6.4.1.1 (O): The General purpose radio should comprise the man-machine interface which includes the following components:,"(M) mandatory, (O) optional, (I) informative"
S0319,PURE,2007-eirene_fun_7-2,The General purpose radio should comprise the man-machine interface which includes the following components:,comprise the man-machine interface which includes the following components,no,colon_structure,no,colon_structure,,"EIRENE Functional Requirements Specification, version 7",6.4.1.1,O,6 General purpose radio > 6.4 Man-machine interface > 6.4.1 General,6.3.7 (O): The General purpose radio should be suitable for use with a car adapter kit.,6.4.1.2 (O): The MMI should be suitable for use both by day and night.,"(M) mandatory, (O) optional, (I) informative"
S0320,PURE,2007-eirene_fun_7-2,The MMI should be suitable for use both by day and night.,be suitable for use both by day and night,yes,,yes,,be suitable for use both by day and night,"EIRENE Functional Requirements Specification, version 7",6.4.1.2,O,6 General purpose radio > 6.4 Man-machine interface > 6.4.1 General,6.4.1.1 (O): The General purpose radio should comprise the man-machine interface which includes the following components:,6.4.2.1 (O): The on/off control should be designed to prevent accidental activation/deactivation.,"(M) mandatory, (O) optional, (I) informative"
S0321,PURE,2007-eirene_fun_7-2,The on/off control should be designed to prevent accidental activation/deactivation.,be designed to prevent accidental activation/deactivation,yes,,yes,,be designed to prevent accidental activation/deactivation,"EIRENE Functional Requirements Specification, version 7",6.4.2.1,O,6 General purpose radio > 6.4 Man-machine interface > 6.4.2 Controls,6.4.1.2 (O): The MMI should be suitable for use both by day and night.,6.4.2.2 (O): Facilities should be provided to adjust the loudspeaker volume.,"(M) mandatory, (O) optional, (I) informative"
S0322,PURE,2007-eirene_fun_7-2,Facilities should be provided to adjust the loudspeaker volume.,be provided to adjust the loudspeaker volume,yes,,yes,,be provided to adjust the loudspeaker volume,"EIRENE Functional Requirements Specification, version 7",6.4.2.2,O,6 General purpose radio > 6.4 Man-machine interface > 6.4.2 Controls,6.4.2.1 (O): The on/off control should be designed to prevent accidental activation/deactivation.,6.4.2.3 (M): A Push-To-Talk function shall be provided. The Push-To-Talk function does not need to be a dedicated button.,"(M) mandatory, (O) optional, (I) informative"
S0323,PURE,2007-eirene_fun_7-2,A Push-To-Talk function shall be provided. The Push-To-Talk function does not need to be a dedicated button.,be provided. The Push-To-Talk function does not need to be a dedicated button,no,multi_sentence;negation,no,multi_sentence;negation,,"EIRENE Functional Requirements Specification, version 7",6.4.2.3,M,6 General purpose radio > 6.4 Man-machine interface > 6.4.2 Controls,6.4.2.2 (O): Facilities should be provided to adjust the loudspeaker volume.,6.4.2.4 (O): Four buttons should be provided for designated stored numbers. These buttons need not be dedicated buttons. (This facility is required to allow calls to specified users to be initiated quickly.),"(M) mandatory, (O) optional, (I) informative"
S0324,PURE,2007-eirene_fun_7-2,Four buttons should be provided for designated stored numbers. These buttons need not be dedicated buttons. (This facility is required to allow calls to specified users to be initiated quickly.),be provided for designated stored numbers. These buttons need not be dedicated buttons. (This facility is required to allow calls to specified users to be initiated quickly.),no,multi_sentence;negation,no,multi_sentence;negation,,"EIRENE Functional Requirements Specification, version 7",6.4.2.4,O,6 General purpose radio > 6.4 Man-machine interface > 6.4.2 Controls,6.4.2.3 (M): A Push-To-Talk function shall be provided. The Push-To-Talk function does not need to be a dedicated button.,6.4.2.5 (O): Stored numbers and other set-up details should be protected against accidental alteration.,"(M) mandatory, (O) optional, (I) informative"
S0325,PURE,2007-eirene_fun_7-2,Stored numbers and other set-up details should be protected against accidental alteration.,be protected against accidental alteration,yes,,yes,,be protected against accidental alteration,"EIRENE Functional Requirements Specification, version 7",6.4.2.5,O,6 General purpose radio > 6.4 Man-machine interface > 6.4.2 Controls,6.4.2.4 (O): Four buttons should be provided for designated stored numbers. These buttons need not be dedicated buttons. (This facility is required to allow calls to specified users to be initiated quickly.),"6.4.2.6 (M): If the ability to initiate Railway emergency calls is implemented in the radio, accidental initiation of a Railway emergency call shall be prevented.","(M) mandatory, (O) optional, (I) informative"
S0326,PURE,2007-eirene_fun_7-2,"If the ability to initiate Railway emergency calls is implemented in the radio, accidental initiation of a Railway emergency call shall be prevented.","if the ability to initiate Railway emergency calls is implemented in the radio, accidental initiation of a Railway emergency call shall be prevented",no,residual_modal_in_capability,no,residual_modal_in_capability,,"EIRENE Functional Requirements Specification, version 7",6.4.2.6,M,6 General purpose radio > 6.4 Man-machine interface > 6.4.2 Controls,6.4.2.5 (O): Stored numbers and other set-up details should be protected against accidental alteration.,6.4.3.1 (M): A visual and audible indication shall be given when the remaining capacity of the battery is such as to enable only 10 minutes of full duplex call time.,"(M) mandatory, (O) optional, (I) informative"
S0327,PURE,2007-eirene_fun_7-2,A visual and audible indication shall be given when the remaining capacity of the battery is such as to enable only 10 minutes of full duplex call time.,be given when the remaining capacity of the battery is such as to enable only 10 minutes of full duplex call time,yes,,yes,,be given when the remaining capacity of the battery is such as to enable only 10 minutes of full duplex call time,"EIRENE Functional Requirements Specification, version 7",6.4.3.1,M,6 General purpose radio > 6.4 Man-machine interface > 6.4.3 Indications,"6.4.2.6 (M): If the ability to initiate Railway emergency calls is implemented in the radio, accidental initiation of a Railway emergency call shall be prevented.",6.4.3.2 (M): A network service availability indication shall be provided to the user.,"(M) mandatory, (O) optional, (I) informative"
S0328,PURE,2007-eirene_fun_7-2,A network service availability indication shall be provided to the user.,be provided to the user,yes,,yes,,be provided to the user,"EIRENE Functional Requirements Specification, version 7",6.4.3.2,M,6 General purpose radio > 6.4 Man-machine interface > 6.4.3 Indications,6.4.3.1 (M): A visual and audible indication shall be given when the remaining capacity of the battery is such as to enable only 10 minutes of full duplex call time.,6.4.3.3 (M): A visual indication shall be provided to the user if the network service is no longer available.,"(M) mandatory, (O) optional, (I) informative"
S0329,PURE,2007-eirene_fun_7-2,A visual indication shall be provided to the user if the network service is no longer available.,be provided to the user if the network service is no longer available,no,negation,no,negation,,"EIRENE Functional Requirements Specification, version 7",6.4.3.3,M,6 General purpose radio > 6.4 Man-machine interface > 6.4.3 Indications,6.4.3.2 (M): A network service availability indication shall be provided to the user.,6.4.3.4 (O): An audible indication should be provided to the user if the network service is no longer available.,"(M) mandatory, (O) optional, (I) informative"
S0330,PURE,2007-eirene_fun_7-2,An audible indication should be provided to the user if the network service is no longer available.,be provided to the user if the network service is no longer available,no,negation,no,negation,,"EIRENE Functional Requirements Specification, version 7",6.4.3.4,O,6 General purpose radio > 6.4 Man-machine interface > 6.4.3 Indications,6.4.3.3 (M): A visual indication shall be provided to the user if the network service is no longer available.,7.1.1 (I): This section identifies the functional requirements for the EIRENE Operational radio. It covers the functionality to be provided by the Operational radio and the man-machine interface (MMI) is also defined.,"(M) mandatory, (O) optional, (I) informative"
S0331,PURE,2007-eirene_fun_7-2,This section identifies the functional requirements for the EIRENE Operational radio. It covers the functionality to be provided by the Operational radio and the man-machine interface (MMI) is also defined.,this section identifies the functional requirements for the EIRENE Operational radio. It covers the functionality to be provided by the Operational radio and the man-machine interface (MMI) is also defined,no,multi_sentence;no_requirement_cue;table_or_figure_reference;informative_marker,no,multi_sentence;no_requirement_cue;table_or_figure_reference;informative_marker,,"EIRENE Functional Requirements Specification, version 7",7.1.1,I,7 Operational radio > 7.1 Introduction,6.4.3.4 (O): An audible indication should be provided to the user if the network service is no longer available.,"7.2.1.1 (I): In this section, the functions to be provided by the Operational radio are described.","(M) mandatory, (O) optional, (I) informative"
S0332,PURE,2007-eirene_fun_7-2,"In this section, the functions to be provided by the Operational radio are described.","in this section, the functions to be provided by the Operational radio are described",no,stranded_preposition;no_requirement_cue;informative_marker,no,stranded_preposition;no_requirement_cue;informative_marker,,"EIRENE Functional Requirements Specification, version 7",7.2.1.1,I,7 Operational radio > 7.2 Operational radio functions > 7.2.1 Summary,7.1.1 (I): This section identifies the functional requirements for the EIRENE Operational radio. It covers the functionality to be provided by the Operational radio and the man-machine interface (MMI) is also defined.,7.2.1.2: The following functions will be provided: Call related functions call authorised users; (M) call controller; (M) send Railway emergency calls; (M) receive Railway emergency calls; (M) receive incoming calls; (M) group and broadcast calls; (M) terminate calls; (M) shunting mode communications; (O) enter/leave direct mode; (O) Other functions switch radio on/off; (M) select language; (M) select mobile radio network; (M) adjust loudspeaker volume; (M) register and deregister functional number; (M) store/retrieve numbers and their details; (M) computer interface. (O),"(M) mandatory, (O) optional, (I) informative"
S0333,PURE,2007-eirene_fun_7-2,The following functions will be provided: Call related functions call authorised users; call controller; send Railway emergency calls; receive Railway emergency calls; receive incoming calls; group and broadcast calls; terminate calls; shunting mode communications; enter/leave direct mode; Other functions switch radio on/off; select language; select mobile radio network; adjust loudspeaker volume; register and deregister functional number; store/retrieve numbers and their details; computer interface.,be provided: Call related functions call authorised users; call controller; send Railway emergency calls; receive Railway emergency calls; receive incoming calls; group and broadcast calls; terminate calls; shunting mode communications; enter/leave direct mode; Other functions switch radio on/off; select language; select mobile radio network; adjust loudspeaker volume; register and deregister functional number; store/retrieve numbers and their details; computer interface,no,too_long;possibly_multiple_capabilities;colon_structure;multiple_markers,no,too_long;possibly_multiple_capabilities;colon_structure;multiple_markers,,"EIRENE Functional Requirements Specification, version 7",7.2.1.2,O,7 Operational radio > 7.2 Operational radio functions > 7.2.1 Summary,"7.2.1.1 (I): In this section, the functions to be provided by the Operational radio are described.","7.2.2.1 (M): The Operational radio shall be capable of use as a standard telephone, such that the user is able to call any valid number subject to call restrictions enforced by the network.","(M) mandatory, (O) optional, (I) informative"
S0334,PURE,2007-eirene_fun_7-2,"The Operational radio shall be capable of use as a standard telephone, such that the user is able to call any valid number subject to call restrictions enforced by the network.","be capable of use as a standard telephone, such that the user is able to call any valid number subject to call restrictions enforced by the network",no,residual_modal_in_capability,no,residual_modal_in_capability,,"EIRENE Functional Requirements Specification, version 7",7.2.2.1,M,7 Operational radio > 7.2 Operational radio functions,7.2.1.2: The following functions will be provided: Call related functions call authorised users; (M) call controller; (M) send Railway emergency calls; (M) receive Railway emergency calls; (M) receive incoming calls; (M) group and broadcast calls; (M) terminate calls; (M) shunting mode communications; (O) enter/leave direct mode; (O) Other functions switch radio on/off; (M) select language; (M) select mobile radio network; (M) adjust loudspeaker volume; (M) register and deregister functional number; (M) store/retrieve numbers and their details; (M) computer interface. (O),7.2.2.2: It shall be possible for the user of an Operational radio to establish a call with each of the following types of controller (who are not permanently included in a shunting group) with a minimum number of actions being required: primary controller; (M) secondary controller; (M) power supply controller. (O),"(M) mandatory, (O) optional, (I) informative"
S0335,PURE,2007-eirene_fun_7-2,It shall be possible for the user of an Operational radio to establish a call with each of the following types of controller (who are not permanently included in a shunting group) with a minimum number of actions being required: primary controller; secondary controller; power supply controller.,be possible for the user of an Operational radio to establish a call with each of the following types of controller (who are not permanently included in a shunting group) with a minimum number of actions being required: primary controller; secondary controller; power supply controller,no,too_long;negation;possibly_multiple_capabilities;colon_structure;multiple_markers;impersonal_construction,no,too_long;negation;possibly_multiple_capabilities;colon_structure;multiple_markers;impersonal_construction,,"EIRENE Functional Requirements Specification, version 7",7.2.2.2,O,7 Operational radio > 7.2 Operational radio functions,"7.2.2.1 (M): The Operational radio shall be capable of use as a standard telephone, such that the user is able to call any valid number subject to call restrictions enforced by the network.","7.2.2.3 (O): For some users, particularly for shunting team leaders, up to twenty valid numbers may be stored for one controller type. In these cases, the identities of the controllers corresponding to these valid numbers shall be displayed with an audible and visual prompt for one to be selected. The number of the controller selected shall then be used to establish the call. If no selection is made by the user within 10 seconds the radio shall abandon the call attempt.","(M) mandatory, (O) optional, (I) informative"
S0336,PURE,2007-eirene_fun_7-2,"For some users, particularly for shunting team leaders, up to twenty valid numbers may be stored for one controller type. In these cases, the identities of the controllers corresponding to these valid numbers shall be displayed with an audible and visual prompt for one to be selected. The number of the controller selected shall then be used to establish the call. If no selection is made by the user within 10 seconds the radio shall abandon the call attempt.","be stored for one controller type. In these cases, the identities of the controllers corresponding to these valid numbers shall be displayed with an audible and visual prompt for one to be selected. The number of the controller selected shall then be used to establish the call. If no selection is made by the user within 10 seconds the radio shall abandon the call attempt",no,too_long;multi_sentence;negation;residual_modal_in_capability,no,too_long;multi_sentence;negation;residual_modal_in_capability,,"EIRENE Functional Requirements Specification, version 7",7.2.2.3,O,7 Operational radio > 7.2 Operational radio functions,7.2.2.2: It shall be possible for the user of an Operational radio to establish a call with each of the following types of controller (who are not permanently included in a shunting group) with a minimum number of actions being required: primary controller; (M) secondary controller; (M) power supply controller. (O),"7.2.2.4 (M): Once an appropriate number has been obtained, the radio shall attempt to establish a call to this number with railway operation priority.","(M) mandatory, (O) optional, (I) informative"
S0337,PURE,2007-eirene_fun_7-2,"Once an appropriate number has been obtained, the radio shall attempt to establish a call to this number with railway operation priority.",attempt to establish a call to this number with railway operation priority,yes,,yes,,attempt to establish a call to this number with railway operation priority,"EIRENE Functional Requirements Specification, version 7",7.2.2.4,M,7 Operational radio > 7.2 Operational radio functions,"7.2.2.3 (O): For some users, particularly for shunting team leaders, up to twenty valid numbers may be stored for one controller type. In these cases, the identities of the controllers corresponding to these valid numbers shall be displayed with an audible and visual prompt for one to be selected. The number of the controller selected shall then be used to establish the call. If no selection is made by the user within 10 seconds the radio shall abandon the call attempt.",7.2.2.5 (M): An audible and visual indication shall be provided to the user that the call is proceeding.,"(M) mandatory, (O) optional, (I) informative"
S0338,PURE,2007-eirene_fun_7-2,An audible and visual indication shall be provided to the user that the call is proceeding.,be provided to the user that the call is proceeding,yes,,yes,,be provided to the user that the call is proceeding,"EIRENE Functional Requirements Specification, version 7",7.2.2.5,M,7 Operational radio > 7.2 Operational radio functions,"7.2.2.4 (M): Once an appropriate number has been obtained, the radio shall attempt to establish a call to this number with railway operation priority.","7.2.2.6 (M): When the call is connected to the controller, an audible and visual indication shall be provided to the user.","(M) mandatory, (O) optional, (I) informative"
S0339,PURE,2007-eirene_fun_7-2,"When the call is connected to the controller, an audible and visual indication shall be provided to the user.",be provided to the user,yes,,yes,,be provided to the user,"EIRENE Functional Requirements Specification, version 7",7.2.2.6,M,7 Operational radio > 7.2 Operational radio functions,7.2.2.5 (M): An audible and visual indication shall be provided to the user that the call is proceeding.,"7.2.2.7 (M): The functional identity of the connected party, if available, shall be displayed to the user.","(M) mandatory, (O) optional, (I) informative"
S0340,PURE,2007-eirene_fun_7-2,"The functional identity of the connected party, if available, shall be displayed to the user.",be displayed to the user,yes,,yes,,be displayed to the user,"EIRENE Functional Requirements Specification, version 7",7.2.2.7,M,7 Operational radio > 7.2 Operational radio functions,"7.2.2.6 (M): When the call is connected to the controller, an audible and visual indication shall be provided to the user.","7.2.2.8 (M): Where available, an alphanumeric description of the identity of the connected party shall be displayed.","(M) mandatory, (O) optional, (I) informative"
S0341,PURE,2007-eirene_fun_7-2,"Where available, an alphanumeric description of the identity of the connected party shall be displayed.",be displayed,yes,,yes,,be displayed,"EIRENE Functional Requirements Specification, version 7",7.2.2.8,M,7 Operational radio > 7.2 Operational radio functions,"7.2.2.7 (M): The functional identity of the connected party, if available, shall be displayed to the user.","7.2.2.9 (M): If the system is not able to connect the call, an audible and visual indication shall be provided to the user.","(M) mandatory, (O) optional, (I) informative"
S0342,PURE,2007-eirene_fun_7-2,"If the system is not able to connect the call, an audible and visual indication shall be provided to the user.",be provided to the user,no,negation,no,negation,,"EIRENE Functional Requirements Specification, version 7",7.2.2.9,M,7 Operational radio > 7.2 Operational radio functions,"7.2.2.8 (M): Where available, an alphanumeric description of the identity of the connected party shall be displayed.",7.2.2.10 (M): The Railway emergency call shall be able to be initiated using a single red button (see section 13).,"(M) mandatory, (O) optional, (I) informative"
S0343,PURE,2007-eirene_fun_7-2,The Railway emergency call shall be able to be initiated using a single red button (see section 13).,be initiated using a single red button (see section 13),no,table_or_figure_reference,no,table_or_figure_reference,,"EIRENE Functional Requirements Specification, version 7",7.2.2.10,M,7 Operational radio > 7.2 Operational radio functions,"7.2.2.9 (M): If the system is not able to connect the call, an audible and visual indication shall be provided to the user.","7.2.2.11 (O): It should be possible, as a maintenance function, to enable/disable the emergency call function.","(M) mandatory, (O) optional, (I) informative"
S0344,PURE,2007-eirene_fun_7-2,"It should be possible, as a maintenance function, to enable/disable the emergency call function.","be possible, as a maintenance function, to enable/disable the emergency call function",no,impersonal_construction,no,impersonal_construction,,"EIRENE Functional Requirements Specification, version 7",7.2.2.11,O,7 Operational radio > 7.2 Operational radio functions,7.2.2.10 (M): The Railway emergency call shall be able to be initiated using a single red button (see section 13).,"7.2.2.12: If the emergency call function is disabled, a visual indication and short audible indication shall be given when: the radio is switched on; (M) the emergency button is pushed (in this case nothing else will happen). (M)","(M) mandatory, (O) optional, (I) informative"
S0345,PURE,2007-eirene_fun_7-2,"If the emergency call function is disabled, a visual indication and short audible indication shall be given when: the radio is switched on; the emergency button is pushed (in this case nothing else will happen).",be given when: the radio is switched on; the emergency button is pushed (in this case nothing else will happen),no,possibly_multiple_capabilities;residual_modal_in_capability;colon_structure;multiple_markers,no,possibly_multiple_capabilities;residual_modal_in_capability;colon_structure;multiple_markers,,"EIRENE Functional Requirements Specification, version 7",7.2.2.12,M,7 Operational radio > 7.2 Operational radio functions,"7.2.2.11 (O): It should be possible, as a maintenance function, to enable/disable the emergency call function.",7.2.2.13 (M): An audible and visual indication of an incoming call shall be provided.,"(M) mandatory, (O) optional, (I) informative"
S0346,PURE,2007-eirene_fun_7-2,Reception of this call shall proceed as for a standard group or broadcast call except that a distinctive audible and visual indication shall be provided.,proceed as for a standard group or broadcast call except that a distinctive audible and visual indication shall be provided,no,possibly_multiple_capabilities;residual_modal_in_capability,no,possibly_multiple_capabilities;residual_modal_in_capability,,"EIRENE Functional Requirements Specification, version 7",7.2.2.23,M,7 Operational radio > 7.2 Operational radio functions,"7.2.2.22 (M): If the user moves out of the group or broadcast call area whilst the call is in progress, an audible and visual indication of the loss of call shall be provided to the user.",7.2.2.24 (M): The radio shall provide a means for the user to terminate calls which he is authorised to terminate (ie all calls except broadcast or group calls not initiated by the user).,"(M) mandatory, (O) optional, (I) informative"
S0347,PURE,2007-eirene_fun_7-2,The Operational radio should provide facilities to support shunting mode as described in section 14.,provide facilities to support shunting mode as described in section 14,no,table_or_figure_reference;list_or_heading_marker,no,table_or_figure_reference;list_or_heading_marker,,"EIRENE Functional Requirements Specification, version 7",7.2.2.25,O,7 Operational radio > 7.2 Operational radio functions,7.2.2.24 (M): The radio shall provide a means for the user to terminate calls which he is authorised to terminate (ie all calls except broadcast or group calls not initiated by the user).,"7.2.2.26 (M): If shunting mode is implemented, a means to enter and leave shunting mode shall be provided.","(M) mandatory, (O) optional, (I) informative"
S0348,PURE,2007-eirene_fun_7-2,"If shunting mode is implemented, a means to enter and leave shunting mode shall be provided.",be provided,yes,,yes,,be provided,"EIRENE Functional Requirements Specification, version 7",7.2.2.26,M,7 Operational radio > 7.2 Operational radio functions,7.2.2.25 (O): The Operational radio should provide facilities to support shunting mode as described in section 14.,"7.2.2.27 (M): If shunting mode is implemented, the functionality to enter or leave shunting mode shall not be available whilst there are on-going calls involving the Operational radio.","(M) mandatory, (O) optional, (I) informative"
S0349,PURE,2007-eirene_fun_7-2,"If shunting mode is implemented, the functionality to enter or leave shunting mode shall not be available whilst there are on-going calls involving the Operational radio.",not be available whilst there are on-going calls involving the Operational radio,no,negation,no,negation,,"EIRENE Functional Requirements Specification, version 7",7.2.2.27,M,7 Operational radio > 7.2 Operational radio functions,"7.2.2.26 (M): If shunting mode is implemented, a means to enter and leave shunting mode shall be provided.","7.2.2.28 (M): If shunting mode is implemented, the link assurance tone shall be provided via the loudspeaker.","(M) mandatory, (O) optional, (I) informative"
S0350,PURE,2007-eirene_fun_7-2,"If shunting mode is implemented, the link assurance tone shall be provided via the loudspeaker.",be provided via the loudspeaker,yes,,no,not_sampled_mandatory_pool,,"EIRENE Functional Requirements Specification, version 7",7.2.2.28,M,7 Operational radio > 7.2 Operational radio functions,"7.2.2.27 (M): If shunting mode is implemented, the functionality to enter or leave shunting mode shall not be available whilst there are on-going calls involving the Operational radio.",7.2.2.29 (O): A means to enter/leave the direct mode of operation should be provided (see section 15).,"(M) mandatory, (O) optional, (I) informative"
S0351,PURE,2007-eirene_fun_7-2,A means to enter/leave the direct mode of operation should be provided (see section 15).,be provided (see section 15),no,table_or_figure_reference,no,table_or_figure_reference,,"EIRENE Functional Requirements Specification, version 7",7.2.2.29,O,7 Operational radio > 7.2 Operational radio functions,"7.2.2.28 (M): If shunting mode is implemented, the link assurance tone shall be provided via the loudspeaker.",7.2.3.1 (M): The radio shall have an on/off switch. Switching the radio on shall initiate the following:,"(M) mandatory, (O) optional, (I) informative"
S0352,PURE,2007-eirene_fun_7-2,At this point the radio should be able to receive all calls initiated using the telephone number or appropriate group call number.,receive all calls initiated using the telephone number or appropriate group call number,no,informative_marker,no,informative_marker,,"EIRENE Functional Requirements Specification, version 7",7.2.3.2,I,7 Operational radio > 7.2 Operational radio functions,7.2.3.1 (M): The radio shall have an on/off switch. Switching the radio on shall initiate the following:,7.2.3.3 (M): Switching the radio off shall cause the following:,"(M) mandatory, (O) optional, (I) informative"
S0353,PURE,2007-eirene_fun_7-2,The Operational radio shall comply with the basic standards defined for all EIRENE mobile equipment in section 4.3 and this section. The Operational radio is specified to allow its use in the operating environment experienced on the operational railway (eg shunting and maintenance).,comply with the basic standards defined for all EIRENE mobile equipment in section 4.3 and this section. The Operational radio is specified to allow its use in the operating environment experienced on the operational railway (eg shunting and maintenance),no,too_long;multi_sentence;possibly_multiple_capabilities;table_or_figure_reference;list_or_heading_marker;informative_marker,no,too_long;multi_sentence;possibly_multiple_capabilities;table_or_figure_reference;list_or_heading_marker;informative_marker,,"EIRENE Functional Requirements Specification, version 7",7.3.1,I,7 Operational radio > 7.3 Environmental and physical requirements,7.2.3.14 (O): A standard data interface should be provided to allow a computer to be connected to the radio.,7.3.2 (O): The Operational radio should be capable of withstanding exposure to the following extreme environmental conditions:,"(M) mandatory, (O) optional, (I) informative"
S0354,PURE,2007-eirene_fun_7-2,The Operational radio should be capable of withstanding exposure to the following extreme environmental conditions:,be capable of withstanding exposure to the following extreme environmental conditions,no,residual_modal_in_capability;colon_structure,no,residual_modal_in_capability;colon_structure,,"EIRENE Functional Requirements Specification, version 7",7.3.2,O,7 Operational radio > 7.3 Environmental and physical requirements,7.3.1 (I): The Operational radio shall comply with the basic standards defined for all EIRENE mobile equipment in section 4.3 and this section. The Operational radio is specified to allow its use in the operating environment experienced on the operational railway (eg shunting and maintenance).,7.3.3 (M): The Operational radio shall be of a rugged design suitable for use in the railway environment by operational railway personnel.,"(M) mandatory, (O) optional, (I) informative"
S0355,PURE,2007-eirene_fun_7-2,The Operational radio shall be of a rugged design suitable for use in the railway environment by operational railway personnel.,be of a rugged design suitable for use in the railway environment by operational railway personnel,yes,,yes,,be of a rugged design suitable for use in the railway environment by operational railway personnel,"EIRENE Functional Requirements Specification, version 7",7.3.3,M,7 Operational radio > 7.3 Environmental and physical requirements,7.3.2 (O): The Operational radio should be capable of withstanding exposure to the following extreme environmental conditions:,7.3.4 (O): The Operational radio should have a carry feature that allows the operator to instantly have both hands free without dropping the radio. It should be possible to release the carry feature instantly in the event that the radio is caught on a projecting part of a moving vehicle.,"(M) mandatory, (O) optional, (I) informative"
S0356,PURE,2007-eirene_fun_7-2,The Operational radio should have a carry feature that allows the operator to instantly have both hands free without dropping the radio. It should be possible to release the carry feature instantly in the event that the radio is caught on a projecting part of a moving vehicle.,have a carry feature that allows the operator to instantly have both hands free without dropping the radio. It should be possible to release the carry feature instantly in the event that the radio is caught on a projecting part of a moving vehicle,no,too_long;multi_sentence;negation;residual_modal_in_capability,no,too_long;multi_sentence;negation;residual_modal_in_capability,,"EIRENE Functional Requirements Specification, version 7",7.3.4,O,7 Operational radio > 7.3 Environmental and physical requirements,7.3.3 (M): The Operational radio shall be of a rugged design suitable for use in the railway environment by operational railway personnel.,7.3.5 (M): Controls shall be designed such that they are suitable for use by people wearing gloves.,"(M) mandatory, (O) optional, (I) informative"
S0357,PURE,2007-eirene_fun_7-2,Controls shall be designed such that they are suitable for use by people wearing gloves.,be designed such that they are suitable for use by people wearing gloves,yes,,yes,,be designed such that they are suitable for use by people wearing gloves,"EIRENE Functional Requirements Specification, version 7",7.3.5,M,7 Operational radio > 7.3 Environmental and physical requirements,7.3.4 (O): The Operational radio should have a carry feature that allows the operator to instantly have both hands free without dropping the radio. It should be possible to release the carry feature instantly in the event that the radio is caught on a projecting part of a moving vehicle.,"7.3.6 (M): Controls shall be designed for use in a wide range of conditions, eg splash proof and suitable for viewing in direct sunlight and in darkness.","(M) mandatory, (O) optional, (I) informative"
S0358,PURE,2007-eirene_fun_7-2,"Controls shall be designed for use in a wide range of conditions, eg splash proof and suitable for viewing in direct sunlight and in darkness.","be designed for use in a wide range of conditions, eg splash proof and suitable for viewing in direct sunlight and in darkness",no,possibly_multiple_capabilities,no,possibly_multiple_capabilities,,"EIRENE Functional Requirements Specification, version 7",7.3.6,M,7 Operational radio > 7.3 Environmental and physical requirements,7.3.5 (M): Controls shall be designed such that they are suitable for use by people wearing gloves.,7.3.7 (O): It should be possible for a user to change the battery without the use of tools.,"(M) mandatory, (O) optional, (I) informative"
S0359,PURE,2007-eirene_fun_7-2,The weight of the Operational radio including battery should not exceed 800g.,not exceed 800g,no,negation,no,negation,,"EIRENE Functional Requirements Specification, version 7",7.3.8,O,7 Operational radio > 7.3 Environmental and physical requirements,7.3.7 (O): It should be possible for a user to change the battery without the use of tools.,7.3.9 (M): It shall be possible to change the battery without losing data stored in the radio.,"(M) mandatory, (O) optional, (I) informative"
S0360,PURE,2007-eirene_fun_7-2,It shall be possible to change the battery without losing data stored in the radio.,be possible to change the battery without losing data stored in the radio,no,negation;residual_modal_in_capability;impersonal_construction,no,negation;residual_modal_in_capability;impersonal_construction,,"EIRENE Functional Requirements Specification, version 7",7.3.9,M,7 Operational radio > 7.3 Environmental and physical requirements,7.3.8 (O): The weight of the Operational radio including battery should not exceed 800g.,7.3.10 (M): Operational radios shall be equipped with rechargeable batteries capable of providing a minimum of eight hours operation from a single charge based on the following cycle (see section 4.3.9):,"(M) mandatory, (O) optional, (I) informative"
S0361,PURE,2007-eirene_fun_7-2,Operational radios shall be equipped with rechargeable batteries capable of providing a minimum of eight hours operation from a single charge based on the following cycle (see section 4.3.9):,be equipped with rechargeable batteries capable of providing a minimum of eight hours operation from a single charge based on the following cycle (see section 4.3.9),no,multi_sentence;residual_modal_in_capability;table_or_figure_reference;colon_structure;list_or_heading_marker,no,multi_sentence;residual_modal_in_capability;table_or_figure_reference;colon_structure;list_or_heading_marker,,"EIRENE Functional Requirements Specification, version 7",7.3.10,M,7 Operational radio > 7.3 Environmental and physical requirements,7.3.9 (M): It shall be possible to change the battery without losing data stored in the radio.,7.3.11 (O): The Operational radio should be suitable for use with a car adapter kit.,"(M) mandatory, (O) optional, (I) informative"
S0362,PURE,2007-eirene_fun_7-2,The Operational radio should be suitable for use with a car adapter kit.,be suitable for use with a car adapter kit,yes,,yes,,be suitable for use with a car adapter kit,"EIRENE Functional Requirements Specification, version 7",7.3.11,O,7 Operational radio > 7.3 Environmental and physical requirements,7.3.10 (M): Operational radios shall be equipped with rechargeable batteries capable of providing a minimum of eight hours operation from a single charge based on the following cycle (see section 4.3.9):,7.4.1.1 (O): The Operational radio MMI shall comprise the following components:,"(M) mandatory, (O) optional, (I) informative"
S0363,PURE,2007-eirene_fun_7-2,The Operational radio MMI shall comprise the following components:,comprise the following components,no,colon_structure,no,colon_structure,,"EIRENE Functional Requirements Specification, version 7",7.4.1.1,O,7 Operational radio > 7.4 Operational radio man-machine interface > 7.4.1 Introduction,7.3.11 (O): The Operational radio should be suitable for use with a car adapter kit.,7.4.1.2 (O): The MMI shall be suitable for use by day and night.,"(M) mandatory, (O) optional, (I) informative"
S0364,PURE,2007-eirene_fun_7-2,The MMI shall be suitable for use by day and night.,be suitable for use by day and night,yes,,yes,,be suitable for use by day and night,"EIRENE Functional Requirements Specification, version 7",7.4.1.2,O,7 Operational radio > 7.4 Operational radio man-machine interface > 7.4.1 Introduction,7.4.1.1 (O): The Operational radio MMI shall comprise the following components:,"7.4.2.1: The display shall be capable of displaying at least 6 lines, each of 20 characters. (M )","(M) mandatory, (O) optional, (I) informative"
S0365,PURE,2007-eirene_fun_7-2,"The display shall be capable of displaying at least 6 lines, each of 20 characters. (M )","be capable of displaying at least 6 lines, each of 20 characters. (M )",no,multi_sentence;residual_modal_in_capability;no_marker,no,multi_sentence;residual_modal_in_capability;no_marker,,"EIRENE Functional Requirements Specification, version 7",7.4.2.1,,7 Operational radio > 7.4 Operational radio man-machine interface > 7.4.2 Display,7.4.1.2 (O): The MMI shall be suitable for use by day and night.,"7.4.3.1 (O): Four buttons should be provided for designated stored numbers. (This facility is required for calls to local controllers, etc.)","(M) mandatory, (O) optional, (I) informative"
S0366,PURE,2007-eirene_fun_7-2,"Four buttons should be provided for designated stored numbers. (This facility is required for calls to local controllers, etc.)","be provided for designated stored numbers. (This facility is required for calls to local controllers, etc.)",no,multi_sentence,no,multi_sentence,,"EIRENE Functional Requirements Specification, version 7",7.4.3.1,O,7 Operational radio > 7.4 Operational radio man-machine interface > 7.4.3 Controls,"7.4.2.1: The display shall be capable of displaying at least 6 lines, each of 20 characters. (M )",7.4.3.2 (M): The emergency button shall be designed to avoid accidental use.,"(M) mandatory, (O) optional, (I) informative"
S0367,PURE,2007-eirene_fun_7-2,The emergency button shall be designed to avoid accidental use.,be designed to avoid accidental use,yes,,yes,,be designed to avoid accidental use,"EIRENE Functional Requirements Specification, version 7",7.4.3.2,M,7 Operational radio > 7.4 Operational radio man-machine interface > 7.4.3 Controls,"7.4.3.1 (O): Four buttons should be provided for designated stored numbers. (This facility is required for calls to local controllers, etc.)","7.4.3.3 (M): If shunting mode is implemented, the link assurance button shall be designed to avoid accidental use.","(M) mandatory, (O) optional, (I) informative"
S0368,PURE,2007-eirene_fun_7-2,"If shunting mode is implemented, the link assurance button shall be designed to avoid accidental use.",be designed to avoid accidental use,yes,,yes,,be designed to avoid accidental use,"EIRENE Functional Requirements Specification, version 7",7.4.3.3,M,7 Operational radio > 7.4 Operational radio man-machine interface > 7.4.3 Controls,7.4.3.2 (M): The emergency button shall be designed to avoid accidental use.,7.4.3.4 (M): A dedicated Push-To-Talk button shall be provided.,"(M) mandatory, (O) optional, (I) informative"
S0369,PURE,2007-eirene_fun_7-2,A dedicated Push-To-Talk button shall be provided.,be provided,yes,,yes,,be provided,"EIRENE Functional Requirements Specification, version 7",7.4.3.4,M,7 Operational radio > 7.4 Operational radio man-machine interface > 7.4.3 Controls,"7.4.3.3 (M): If shunting mode is implemented, the link assurance button shall be designed to avoid accidental use.",7.4.4.1 (M): A visual and audible alarm shall be given when the remaining capacity of the battery is such as to enable only 10 minutes of full duplex call time.,"(M) mandatory, (O) optional, (I) informative"
S0370,PURE,2007-eirene_fun_7-2,A visual and audible alarm shall be given when the remaining capacity of the battery is such as to enable only 10 minutes of full duplex call time.,be given when the remaining capacity of the battery is such as to enable only 10 minutes of full duplex call time,yes,,yes,,be given when the remaining capacity of the battery is such as to enable only 10 minutes of full duplex call time,"EIRENE Functional Requirements Specification, version 7",7.4.4.1,M,7 Operational radio > 7.4 Operational radio man-machine interface > 7.4.4 Indications,7.4.3.4 (M): A dedicated Push-To-Talk button shall be provided.,7.4.4.2 (M): A visual indication shall be provided to the user if the network service is no longer available.,"(M) mandatory, (O) optional, (I) informative"
S0371,PURE,2007-eirene_fun_7-2,"Within a railway operational structure there may be several different controller types such as primary, power, secondary, etc. These may be physically separate or co- located; however, the majority of interaction is with the primary controller. This section addresses the following:","be several different controller types such as primary, power, secondary, etc. These may be physically separate or co- located; however, the majority of interaction is with the primary controller. This section addresses the following",no,too_long;multi_sentence;possibly_multiple_capabilities;residual_modal_in_capability;table_or_figure_reference;colon_structure;informative_marker,no,too_long;multi_sentence;possibly_multiple_capabilities;residual_modal_in_capability;table_or_figure_reference;colon_structure;informative_marker,,"EIRENE Functional Requirements Specification, version 7",8.1.1,I,8 Controller equipment specifications > 8.1 General,7.4.4.3 (O): An audible indication should be provided to the user if the network service is no longer available.,8.1.2 (I): Detailed specification of controller equipment and the interface between such equipment and the EIRENE network is at the discretion of the railway operator.,"(M) mandatory, (O) optional, (I) informative"
S0372,PURE,2007-eirene_fun_7-2,Detailed specification of controller equipment and the interface between such equipment and the EIRENE network is at the discretion of the railway operator.,detailed specification of controller equipment and the interface between such equipment and the EIRENE network is at the discretion of the railway operator,no,possibly_multiple_capabilities;no_requirement_cue;informative_marker,no,possibly_multiple_capabilities;no_requirement_cue;informative_marker,,"EIRENE Functional Requirements Specification, version 7",8.1.2,I,8 Controller equipment specifications > 8.1 General,"8.1.1 (I): Within a railway operational structure there may be several different controller types such as primary, power, secondary, etc. These may be physically separate or co- located; however, the majority of interaction is with the primary controller. This section addresses the following:","8.1.3 (I): Within a control centres equipment, the radio control functions and presentation may be integrated within a set of equipment used for other control operations. The following description is based on dedicated equipment but does not preclude integration.","(M) mandatory, (O) optional, (I) informative"
S0373,PURE,2007-eirene_fun_7-2,"Within a control centres equipment, the radio control functions and presentation may be integrated within a set of equipment used for other control operations. The following description is based on dedicated equipment but does not preclude integration.",be integrated within a set of equipment used for other control operations. The following description is based on dedicated equipment but does not preclude integration,no,too_long;multi_sentence;negation;informative_marker,no,too_long;multi_sentence;negation;informative_marker,,"EIRENE Functional Requirements Specification, version 7",8.1.3,I,8 Controller equipment specifications > 8.1 General,8.1.2 (I): Detailed specification of controller equipment and the interface between such equipment and the EIRENE network is at the discretion of the railway operator.,8.1.4 (I): Details concerning controller equipment requirements for Railway emergency calls are given in section 13.,"(M) mandatory, (O) optional, (I) informative"
S0374,PURE,2007-eirene_fun_7-2,Details concerning controller equipment requirements for Railway emergency calls are given in section 13.,details concerning controller equipment requirements for Railway emergency calls are given in section 13,no,no_requirement_cue;table_or_figure_reference;list_or_heading_marker;informative_marker,no,no_requirement_cue;table_or_figure_reference;list_or_heading_marker;informative_marker,,"EIRENE Functional Requirements Specification, version 7",8.1.4,I,8 Controller equipment specifications > 8.1 General,"8.1.3 (I): Within a control centres equipment, the radio control functions and presentation may be integrated within a set of equipment used for other control operations. The following description is based on dedicated equipment but does not preclude integration.",8.2.1 (O): The primary controllers MMI should provide the following functionality:,"(M) mandatory, (O) optional, (I) informative"
S0375,PURE,2007-eirene_fun_7-2,The primary controllers MMI should provide the following functionality:,provide the following functionality,no,colon_structure,no,colon_structure,,"EIRENE Functional Requirements Specification, version 7",8.2.1,O,8 Controller equipment specifications > 8.2 Primary controllers MMI,8.1.4 (I): Details concerning controller equipment requirements for Railway emergency calls are given in section 13.,"8.2.2 (O): For post incident analysis, the controller equipment should provide the possibility to record all operational speech and data calls.","(M) mandatory, (O) optional, (I) informative"
S0376,PURE,2007-eirene_fun_7-2,"For post incident analysis, the controller equipment should provide the possibility to record all operational speech and data calls.",provide the possibility to record all operational speech and data calls,no,residual_modal_in_capability,no,residual_modal_in_capability,,"EIRENE Functional Requirements Specification, version 7",8.2.2,O,8 Controller equipment specifications > 8.2 Primary controllers MMI,8.2.1 (O): The primary controllers MMI should provide the following functionality:,8.2.3 (O): It should be possible for calls to be answered automatically according to incoming call priority as defined in section 10.2.,"(M) mandatory, (O) optional, (I) informative"
S0377,PURE,2007-eirene_fun_7-2,It should be possible for calls to be answered automatically according to incoming call priority as defined in section 10.2.,be possible for calls to be answered automatically according to incoming call priority as defined in section 10.2,no,multi_sentence;table_or_figure_reference;list_or_heading_marker;impersonal_construction,no,multi_sentence;table_or_figure_reference;list_or_heading_marker;impersonal_construction,,"EIRENE Functional Requirements Specification, version 7",8.2.3,O,8 Controller equipment specifications > 8.2 Primary controllers MMI,"8.2.2 (O): For post incident analysis, the controller equipment should provide the possibility to record all operational speech and data calls.","8.3.1 (I): The functionality required by other types of controllers is essentially the same as for primary controllers, but the control area will differ and the call set-up subsystem may be integrated into their own function management system.","(M) mandatory, (O) optional, (I) informative"
S0378,PURE,2007-eirene_fun_7-2,"The functionality required by other types of controllers is essentially the same as for primary controllers, but the control area will differ and the call set-up subsystem may be integrated into their own function management system.","the functionality required by other types of controllers is essentially the same as for primary controllers, but the control area will differ and the call set-up subsystem may be integrated into their own function management system",no,too_long;residual_modal_in_capability;informative_marker,no,too_long;residual_modal_in_capability;informative_marker,,"EIRENE Functional Requirements Specification, version 7",8.3.1,I,8 Controller equipment specifications > 8.3 Other controllers MMIs,8.2.3 (O): It should be possible for calls to be answered automatically according to incoming call priority as defined in section 10.2.,"8.3.2 (I): At the detailed level, different controllers may have specific addressing needs, eg catering controllers will need to call specific vehicles in a train.","(M) mandatory, (O) optional, (I) informative"
S0379,PURE,2007-eirene_fun_7-2,"At the detailed level, different controllers may have specific addressing needs, eg catering controllers will need to call specific vehicles in a train.","have specific addressing needs, eg catering controllers will need to call specific vehicles in a train",no,residual_modal_in_capability;informative_marker,no,residual_modal_in_capability;informative_marker,,"EIRENE Functional Requirements Specification, version 7",8.3.2,I,8 Controller equipment specifications > 8.3 Other controllers MMIs,"8.3.1 (I): The functionality required by other types of controllers is essentially the same as for primary controllers, but the control area will differ and the call set-up subsystem may be integrated into their own function management system.",8.4.1 (I): The communications architecture will be dictated by local circumstances. The definition of this interface is beyond the scope of EIRENE.,"(M) mandatory, (O) optional, (I) informative"
S0380,PURE,2007-eirene_fun_7-2,The communications architecture will be dictated by local circumstances. The definition of this interface is beyond the scope of EIRENE.,be dictated by local circumstances. The definition of this interface is beyond the scope of EIRENE,no,multi_sentence;informative_marker,no,multi_sentence;informative_marker,,"EIRENE Functional Requirements Specification, version 7",8.4.1,I,8 Controller equipment specifications > 8.4 Controller terminal interface,"8.3.2 (I): At the detailed level, different controllers may have specific addressing needs, eg catering controllers will need to call specific vehicles in a train.","8.5.1 (I): The controller equipment must be designed to function correctly in a railway operating environment, such as control centres and signal boxes.","(M) mandatory, (O) optional, (I) informative"
S0381,PURE,2007-eirene_fun_7-2,"The controller equipment must be designed to function correctly in a railway operating environment, such as control centres and signal boxes.","be designed to function correctly in a railway operating environment, such as control centres and signal boxes",no,informative_marker,no,informative_marker,,"EIRENE Functional Requirements Specification, version 7",8.5.1,I,8 Controller equipment specifications > 8.5 Environmental specification,8.4.1 (I): The communications architecture will be dictated by local circumstances. The definition of this interface is beyond the scope of EIRENE.,"9.1.1 (I): International standardisation of numbering plans is needed to ensure interworking between networks. Furthermore, standardised allocation of numbers to subscribers will facilitate schemes for identification, barring, etc.","(M) mandatory, (O) optional, (I) informative"
S0382,PURE,2007-eirene_fun_7-2,"International standardisation of numbering plans is needed to ensure interworking between networks. Furthermore, standardised allocation of numbers to subscribers will facilitate schemes for identification, barring, etc.","international standardisation of numbering plans is needed to ensure interworking between networks. Furthermore, standardised allocation of numbers to subscribers will facilitate schemes for identification, barring, etc",no,multi_sentence;residual_modal_in_capability;informative_marker,no,multi_sentence;residual_modal_in_capability;informative_marker,,"EIRENE Functional Requirements Specification, version 7",9.1.1,I,9 Numbering plan > 9.1 General,"8.5.1 (I): The controller equipment must be designed to function correctly in a railway operating environment, such as control centres and signal boxes.",9.1.2 (I): This section addresses the following:,"(M) mandatory, (O) optional, (I) informative"
S0383,PURE,2007-eirene_fun_7-2,This section addresses the following:,this section addresses the following,no,no_requirement_cue;table_or_figure_reference;colon_structure;informative_marker,no,no_requirement_cue;table_or_figure_reference;colon_structure;informative_marker,,"EIRENE Functional Requirements Specification, version 7",9.1.2,I,9 Numbering plan > 9.1 General,"9.1.1 (I): International standardisation of numbering plans is needed to ensure interworking between networks. Furthermore, standardised allocation of numbers to subscribers will facilitate schemes for identification, barring, etc.",9.2.1.1 (M): The EIRENE system shall enable users to originate and receive calls by functional number.,"(M) mandatory, (O) optional, (I) informative"
S0384,PURE,2007-eirene_fun_7-2,The EIRENE system shall enable users to originate and receive calls by functional number.,enable users to originate and receive calls by functional number,yes,,yes,,enable users to originate and receive calls by functional number,"EIRENE Functional Requirements Specification, version 7",9.2.1.1,M,9 Numbering plan > 9.2 Numbering plan requirements > 9.2.1 General,9.1.2 (I): This section addresses the following:,9.2.1.2 (M): Each mobile shall be identified by a unique telephone number.,"(M) mandatory, (O) optional, (I) informative"
S0385,PURE,2007-eirene_fun_7-2,Each mobile shall be identified by a unique telephone number.,be identified by a unique telephone number,yes,,yes,,be identified by a unique telephone number,"EIRENE Functional Requirements Specification, version 7",9.2.1.2,M,9 Numbering plan > 9.2 Numbering plan requirements > 9.2.1 General,9.2.1.1 (M): The EIRENE system shall enable users to originate and receive calls by functional number.,9.2.2.1 (I): The use of train numbers to address trains shall not result in any ambiguities.,"(M) mandatory, (O) optional, (I) informative"
S0386,PURE,2007-eirene_fun_7-2,The use of train numbers to address trains shall not result in any ambiguities.,not result in any ambiguities,no,negation;informative_marker,no,negation;informative_marker,,"EIRENE Functional Requirements Specification, version 7",9.2.2.1,I,9 Numbering plan > 9.2 Numbering plan requirements > 9.2.2 Use of train number,9.2.1.2 (M): Each mobile shall be identified by a unique telephone number.,9.2.2.2 (M): Every on-train function shall be identified by a unique standard number.,"(M) mandatory, (O) optional, (I) informative"
S0387,PURE,2007-eirene_fun_7-2,Every on-train function shall be identified by a unique standard number.,be identified by a unique standard number,yes,,yes,,be identified by a unique standard number,"EIRENE Functional Requirements Specification, version 7",9.2.2.2,M,9 Numbering plan > 9.2 Numbering plan requirements > 9.2.2 Use of train number,9.2.2.1 (I): The use of train numbers to address trains shall not result in any ambiguities.,9.2.3.1 (I): The use of engine/coach numbers to address trains shall not result in any ambiguities.,"(M) mandatory, (O) optional, (I) informative"
S0388,PURE,2007-eirene_fun_7-2,The use of engine/coach numbers to address trains shall not result in any ambiguities.,not result in any ambiguities,no,negation;informative_marker,no,negation;informative_marker,,"EIRENE Functional Requirements Specification, version 7",9.2.3.1,I,9 Numbering plan > 9.2 Numbering plan requirements > 9.2.3 Use of engine/coach number,9.2.2.2 (M): Every on-train function shall be identified by a unique standard number.,9.2.3.2 (M): Every on-engine/coach function shall be identified by a unique standard number.,"(M) mandatory, (O) optional, (I) informative"
S0389,PURE,2007-eirene_fun_7-2,Every on-engine/coach function shall be identified by a unique standard number.,be identified by a unique standard number,yes,,yes,,be identified by a unique standard number,"EIRENE Functional Requirements Specification, version 7",9.2.3.2,M,9 Numbering plan > 9.2 Numbering plan requirements > 9.2.3 Use of engine/coach number,9.2.3.1 (I): The use of engine/coach numbers to address trains shall not result in any ambiguities.,9.2.4.1 (M): Every shunting team number shall be based on an association of:,"(M) mandatory, (O) optional, (I) informative"
S0390,PURE,2007-eirene_fun_7-2,Every shunting team number shall be based on an association of:,be based on an association of,no,colon_structure,no,colon_structure,,"EIRENE Functional Requirements Specification, version 7",9.2.4.1,M,"9 Numbering plan > 9.2 Numbering plan requirements > 9.2.4 Use of shunting team, maintenance team or controller number",9.2.3.2 (M): Every on-engine/coach function shall be identified by a unique standard number.,9.2.4.2 (M): Every maintenance team number shall be based on an association of:,"(M) mandatory, (O) optional, (I) informative"
S0391,PURE,2007-eirene_fun_7-2,Every maintenance team number shall be based on an association of:,be based on an association of,no,colon_structure,no,colon_structure,,"EIRENE Functional Requirements Specification, version 7",9.2.4.2,M,"9 Numbering plan > 9.2 Numbering plan requirements > 9.2.4 Use of shunting team, maintenance team or controller number",9.2.4.1 (M): Every shunting team number shall be based on an association of:,9.2.4.3 (M): Every controller number shall be based on an association of:,"(M) mandatory, (O) optional, (I) informative"
S0392,PURE,2007-eirene_fun_7-2,Every controller number shall be based on an association of:,be based on an association of,no,colon_structure,no,colon_structure,,"EIRENE Functional Requirements Specification, version 7",9.2.4.3,M,"9 Numbering plan > 9.2 Numbering plan requirements > 9.2.4 Use of shunting team, maintenance team or controller number",9.2.4.2 (M): Every maintenance team number shall be based on an association of:,9.2.4.4 (M): The numbering for other teams shall be treated in the same way as maintenance teams in 9.2.4.2.,"(M) mandatory, (O) optional, (I) informative"
S0393,PURE,2007-eirene_fun_7-2,The numbering for other teams shall be treated in the same way as maintenance teams in 9.2.4.2.,be treated in the same way as maintenance teams in 9.2.4.2,no,multi_sentence;list_or_heading_marker,no,multi_sentence;list_or_heading_marker,,"EIRENE Functional Requirements Specification, version 7",9.2.4.4,M,"9 Numbering plan > 9.2 Numbering plan requirements > 9.2.4 Use of shunting team, maintenance team or controller number",9.2.4.3 (M): Every controller number shall be based on an association of:,9.2.5.1 (M): Group call service areas shall be freely configurable within the operational responsibility of each railway network.,"(M) mandatory, (O) optional, (I) informative"
S0394,PURE,2007-eirene_fun_7-2,Group call service areas shall be freely configurable within the operational responsibility of each railway network.,be freely configurable within the operational responsibility of each railway network,yes,,yes,,be freely configurable within the operational responsibility of each railway network,"EIRENE Functional Requirements Specification, version 7",9.2.5.1,M,9 Numbering plan > 9.2 Numbering plan requirements > 9.2.5 Use of group calls,9.2.4.4 (M): The numbering for other teams shall be treated in the same way as maintenance teams in 9.2.4.2.,"9.2.6.1 (I): In some countries, train numbers are alphanumeric. Support for such numbers is not required for interoperability.","(M) mandatory, (O) optional, (I) informative"
S0395,PURE,2007-eirene_fun_7-2,"In some countries, train numbers are alphanumeric. Support for such numbers is not required for interoperability.","in some countries, train numbers are alphanumeric. Support for such numbers is not required for interoperability",no,multi_sentence;negation;stranded_preposition;informative_marker,no,multi_sentence;negation;stranded_preposition;informative_marker,,"EIRENE Functional Requirements Specification, version 7",9.2.6.1,I,9 Numbering plan > 9.2 Numbering plan requirements > 9.2.6 Use of alphanumerical numbers,9.2.5.1 (M): Group call service areas shall be freely configurable within the operational responsibility of each railway network.,"9.3.1 (M): Telephone numbers can be defined on a national basis, but codes for certain functions shall be used on an international basis in order to allow interoperability.","(M) mandatory, (O) optional, (I) informative"
S0396,PURE,2007-eirene_fun_7-2,"Telephone numbers can be defined on a national basis, but codes for certain functions shall be used on an international basis in order to allow interoperability.","be defined on a national basis, but codes for certain functions shall be used on an international basis in order to allow interoperability",no,residual_modal_in_capability,no,residual_modal_in_capability,,"EIRENE Functional Requirements Specification, version 7",9.3.1,M,9 Numbering plan > 9.3 Telephone numbers,"9.2.6.1 (I): In some countries, train numbers are alphanumeric. Support for such numbers is not required for interoperability.","9.3.2 (M): For certain functions, standardised telephone numbers shall be implemented. These functions are:","(M) mandatory, (O) optional, (I) informative"
S0397,PURE,2007-eirene_fun_7-2,"For certain functions, standardised telephone numbers shall be implemented. These functions are:",be implemented. These functions are,no,multi_sentence;colon_structure,no,multi_sentence;colon_structure,,"EIRENE Functional Requirements Specification, version 7",9.3.2,M,9 Numbering plan > 9.3 Telephone numbers,"9.3.1 (M): Telephone numbers can be defined on a national basis, but codes for certain functions shall be used on an international basis in order to allow interoperability.","9.4.1 (I): To provide interoperability between the fixed railway networks within the EIRENE network, standardisation of UIC group numbering will be required.","(M) mandatory, (O) optional, (I) informative"
S0398,PURE,2007-eirene_fun_7-2,"To provide interoperability between the fixed railway networks within the EIRENE network, standardisation of UIC group numbering will be required.","to provide interoperability between the fixed railway networks within the EIRENE network, standardisation of UIC group numbering will be required",no,residual_modal_in_capability;stranded_preposition;informative_marker,no,residual_modal_in_capability;stranded_preposition;informative_marker,,"EIRENE Functional Requirements Specification, version 7",9.4.1,I,9 Numbering plan > 9.4 Group numbers,"9.3.2 (M): For certain functions, standardised telephone numbers shall be implemented. These functions are:","9.4.2 (M): In network boundary areas, the pre-defined local area shall be allocated on a bilateral basis.","(M) mandatory, (O) optional, (I) informative"
S0399,PURE,2007-eirene_fun_7-2,"In network boundary areas, the pre-defined local area shall be allocated on a bilateral basis.",be allocated on a bilateral basis,yes,,yes,,be allocated on a bilateral basis,"EIRENE Functional Requirements Specification, version 7",9.4.2,M,9 Numbering plan > 9.4 Group numbers,"9.4.1 (I): To provide interoperability between the fixed railway networks within the EIRENE network, standardisation of UIC group numbering will be required.",9.5.1 (M): Authorised users within the EIRENE network shall be able to receive calls from calling parties outside the EIRENE network.,"(M) mandatory, (O) optional, (I) informative"
S0400,PURE,2007-eirene_fun_7-2,Authorised users within the EIRENE network shall be able to receive calls from calling parties outside the EIRENE network.,receive calls from calling parties outside the EIRENE network,yes,,yes,,receive calls from calling parties outside the EIRENE network,"EIRENE Functional Requirements Specification, version 7",9.5.1,M,9 Numbering plan > 9.5 Calls from external networks to the EIRENE network,"9.4.2 (M): In network boundary areas, the pre-defined local area shall be allocated on a bilateral basis.","10.1.1 (I): In order to provide a consistent level of service in each railway network and, in particular, to ensure interoperability for train drivers and other users roaming between networks, it is important to harmonise subscription details and other information stored in the network.","(M) mandatory, (O) optional, (I) informative"
S0401,PURE,2007-eirene_fun_7-2,"In order to provide a consistent level of service in each railway network and, in particular, to ensure interoperability for train drivers and other users roaming between networks, it is important to harmonise subscription details and other information stored in the network.","in order to provide a consistent level of service in each railway network and, in particular, to ensure interoperability for train drivers and other users roaming between networks, it is important to harmonise subscription details and other information stored in the network",no,too_long;possibly_multiple_capabilities;stranded_preposition;no_requirement_cue;informative_marker,no,too_long;possibly_multiple_capabilities;stranded_preposition;no_requirement_cue;informative_marker,,"EIRENE Functional Requirements Specification, version 7",10.1.1,I,10 Subscriber management > 10.1 Introduction,9.5.1 (M): Authorised users within the EIRENE network shall be able to receive calls from calling parties outside the EIRENE network.,"10.1.2 (I): For the purposes of defining common subscription profiles, a number of subscription types might be used, for example:","(M) mandatory, (O) optional, (I) informative"
S0402,PURE,2007-eirene_fun_7-2,"For the purposes of defining common subscription profiles, a number of subscription types might be used, for example:","for the purposes of defining common subscription profiles, a number of subscription types might be used, for example",no,stranded_preposition;no_requirement_cue;colon_structure;informative_marker,no,stranded_preposition;no_requirement_cue;colon_structure;informative_marker,,"EIRENE Functional Requirements Specification, version 7",10.1.2,I,10 Subscriber management > 10.1 Introduction,"10.1.1 (I): In order to provide a consistent level of service in each railway network and, in particular, to ensure interoperability for train drivers and other users roaming between networks, it is important to harmonise subscription details and other information stored in the network.",10.2.1 (M): A number of levels of priority shall be required in order to offer different grades of service to different users and calls. Five levels of priority shall be defined:,"(M) mandatory, (O) optional, (I) informative"
S0403,PURE,2007-eirene_fun_7-2,A number of levels of priority shall be required in order to offer different grades of service to different users and calls. Five levels of priority shall be defined:,be required in order to offer different grades of service to different users and calls. Five levels of priority shall be defined,no,multi_sentence;residual_modal_in_capability;colon_structure,no,multi_sentence;residual_modal_in_capability;colon_structure,,"EIRENE Functional Requirements Specification, version 7",10.2.1,M,10 Subscriber management > 10.2 Allocation of priorities,"10.1.2 (I): For the purposes of defining common subscription profiles, a number of subscription types might be used, for example:","10.2.2 (M): In order to provide interoperability, priorities shall be allocated consistently across all EIRENE networks, as shown in the following table.","(M) mandatory, (O) optional, (I) informative"
S0404,PURE,2007-eirene_fun_7-2,"In order to provide interoperability, priorities shall be allocated consistently across all EIRENE networks, as shown in the following table.","be allocated consistently across all EIRENE networks, as shown in the following table",yes,,no,not_sampled_mandatory_pool,,"EIRENE Functional Requirements Specification, version 7",10.2.2,M,10 Subscriber management > 10.2 Allocation of priorities,10.2.1 (M): A number of levels of priority shall be required in order to offer different grades of service to different users and calls. Five levels of priority shall be defined:,10.2.3 (M): The lowest priority ongoing call shall be pre-empted before that of a higher priority.,"(M) mandatory, (O) optional, (I) informative"
S0405,PURE,2007-eirene_fun_7-2,The lowest priority ongoing call shall be pre-empted before that of a higher priority.,be pre-empted before that of a higher priority,yes,,yes,,be pre-empted before that of a higher priority,"EIRENE Functional Requirements Specification, version 7",10.2.3,M,10 Subscriber management > 10.2 Allocation of priorities,"10.2.2 (M): In order to provide interoperability, priorities shall be allocated consistently across all EIRENE networks, as shown in the following table.","10.2.4 (I): In the case where an EIRENE mobile attempts to make a Railway emergency call over a public network, the ability to pre-empt lower priority calls (particularly public emergency calls) may be inhibited, unless a special agreement is in place.","(M) mandatory, (O) optional, (I) informative"
S0406,PURE,2007-eirene_fun_7-2,"In the case where an EIRENE mobile attempts to make a Railway emergency call over a public network, the ability to pre-empt lower priority calls (particularly public emergency calls) may be inhibited, unless a special agreement is in place.","in the case where an EIRENE mobile attempts to make a Railway emergency call over a public network, the ability to pre-empt lower priority calls (particularly public emergency calls) may be inhibited, unless a special agreement is in place",no,too_long;residual_modal_in_capability;stranded_preposition;informative_marker,no,too_long;residual_modal_in_capability;stranded_preposition;informative_marker,,"EIRENE Functional Requirements Specification, version 7",10.2.4,I,10 Subscriber management > 10.2 Allocation of priorities,10.2.3 (M): The lowest priority ongoing call shall be pre-empted before that of a higher priority.,10.3.1 (O): Various types of call restriction may be employed by the railways as an additional security measure. Such facilities may be particularly important if public network access to the radio system is provided (eg to prevent members of the public calling drivers and drivers calling members of the public).,"(M) mandatory, (O) optional, (I) informative"
S0407,PURE,2007-eirene_fun_7-2,Various types of call restriction may be employed by the railways as an additional security measure. Such facilities may be particularly important if public network access to the radio system is provided (eg to prevent members of the public calling drivers and drivers calling members of the public).,be employed by the railways as an additional security measure. Such facilities may be particularly important if public network access to the radio system is provided (eg to prevent members of the public calling drivers and drivers calling members of the public),no,too_long;multi_sentence;residual_modal_in_capability,no,too_long;multi_sentence;residual_modal_in_capability,,"EIRENE Functional Requirements Specification, version 7",10.3.1,O,10 Subscriber management > 10.3 Call restriction,"10.2.4 (I): In the case where an EIRENE mobile attempts to make a Railway emergency call over a public network, the ability to pre-empt lower priority calls (particularly public emergency calls) may be inhibited, unless a special agreement is in place.",10.3.2 (M): Any implementation of such call restrictions shall not affect international interoperability.,"(M) mandatory, (O) optional, (I) informative"
S0408,PURE,2007-eirene_fun_7-2,Any implementation of such call restrictions shall not affect international interoperability.,not affect international interoperability,no,negation,no,negation,,"EIRENE Functional Requirements Specification, version 7",10.3.2,M,10 Subscriber management > 10.3 Call restriction,10.3.1 (O): Various types of call restriction may be employed by the railways as an additional security measure. Such facilities may be particularly important if public network access to the radio system is provided (eg to prevent members of the public calling drivers and drivers calling members of the public).,10.4.1 (M): A mobile may be a member of a number of groups. It shall be possible to activate or deactivate the mobiles subscription to these groups.,"(M) mandatory, (O) optional, (I) informative"
S0409,PURE,2007-eirene_fun_7-2,A mobile may be a member of a number of groups. It shall be possible to activate or deactivate the mobiles subscription to these groups.,be a member of a number of groups. It shall be possible to activate or deactivate the mobiles subscription to these groups,no,multi_sentence;residual_modal_in_capability,no,multi_sentence;residual_modal_in_capability,,"EIRENE Functional Requirements Specification, version 7",10.4.1,M,10 Subscriber management > 10.4 Group membership,10.3.2 (M): Any implementation of such call restrictions shall not affect international interoperability.,10.4.2 (M): Activating a group on the mobile shall allow a user to receive a call from that group.,"(M) mandatory, (O) optional, (I) informative"
S0410,PURE,2007-eirene_fun_7-2,Activating a group on the mobile shall allow a user to receive a call from that group.,allow a user to receive a call from that group,yes,,no,not_sampled_mandatory_pool,,"EIRENE Functional Requirements Specification, version 7",10.4.2,M,10 Subscriber management > 10.4 Group membership,10.4.1 (M): A mobile may be a member of a number of groups. It shall be possible to activate or deactivate the mobiles subscription to these groups.,10.4.3 (M): Deactivating a group on the mobile shall prevent a user receiving calls from that group.,"(M) mandatory, (O) optional, (I) informative"
S0411,PURE,2007-eirene_fun_7-2,Deactivating a group on the mobile shall prevent a user receiving calls from that group.,prevent a user receiving calls from that group,yes,,yes,,prevent a user receiving calls from that group,"EIRENE Functional Requirements Specification, version 7",10.4.3,M,10 Subscriber management > 10.4 Group membership,10.4.2 (M): Activating a group on the mobile shall allow a user to receive a call from that group.,"10.4.4: In order to provide interoperability, Cab radios will be members of a number of standard groups: Railway emergency call; (M) all train drivers; (M) shunting team; (M) trackside worker. (O)","(M) mandatory, (O) optional, (I) informative"
S0412,PURE,2007-eirene_fun_7-2,"In order to provide interoperability, Cab radios will be members of a number of standard groups: Railway emergency call; all train drivers; shunting team; trackside worker.",be members of a number of standard groups: Railway emergency call; all train drivers; shunting team; trackside worker,no,possibly_multiple_capabilities;colon_structure;multiple_markers,no,possibly_multiple_capabilities;colon_structure;multiple_markers,,"EIRENE Functional Requirements Specification, version 7",10.4.4,O,10 Subscriber management > 10.4 Group membership,10.4.3 (M): Deactivating a group on the mobile shall prevent a user receiving calls from that group.,10.4.5 (M): All mobiles with Railway emergency group call subscription(s) shall be prevented from deactivating the emergency group(s) whilst operational.,"(M) mandatory, (O) optional, (I) informative"
S0413,PURE,2007-eirene_fun_7-2,All mobiles with Railway emergency group call subscription(s) shall be prevented from deactivating the emergency group(s) whilst operational.,be prevented from deactivating the emergency group(s) whilst operational,yes,,yes,,be prevented from deactivating the emergency group(s) whilst operational,"EIRENE Functional Requirements Specification, version 7",10.4.5,M,10 Subscriber management > 10.4 Group membership,"10.4.4: In order to provide interoperability, Cab radios will be members of a number of standard groups: Railway emergency call; (M) all train drivers; (M) shunting team; (M) trackside worker. (O)",10.5.1 (M): Authorised networks shall be listed (or automatically selected if automatic selection has been enabled) in the following order:,"(M) mandatory, (O) optional, (I) informative"
S0414,PURE,2007-eirene_fun_7-2,Authorised networks shall be listed (or automatically selected if automatic selection has been enabled) in the following order:,be listed (or automatically selected if automatic selection has been enabled) in the following order,no,colon_structure,no,colon_structure,,"EIRENE Functional Requirements Specification, version 7",10.5.1,M,10 Subscriber management > 10.5 Network selection list,10.4.5 (M): All mobiles with Railway emergency group call subscription(s) shall be prevented from deactivating the emergency group(s) whilst operational.,"10.5.2 (M): Where EIRENE facilities are not available within the currently selected network, the user shall be given a visible indication.","(M) mandatory, (O) optional, (I) informative"
S0415,PURE,2007-eirene_fun_7-2,"Where EIRENE facilities are not available within the currently selected network, the user shall be given a visible indication.",be given a visible indication,no,negation,no,negation,,"EIRENE Functional Requirements Specification, version 7",10.5.2,M,10 Subscriber management > 10.5 Network selection list,10.5.1 (M): Authorised networks shall be listed (or automatically selected if automatic selection has been enabled) in the following order:,10.6.1 (M): The access matrix defines which subscribers are able to contact which other subscribers within the EIRENE network.,"(M) mandatory, (O) optional, (I) informative"
S0416,PURE,2007-eirene_fun_7-2,The access matrix defines which subscribers are able to contact which other subscribers within the EIRENE network.,the access matrix defines which subscribers are able to contact which other subscribers within the EIRENE network,no,residual_modal_in_capability,no,residual_modal_in_capability,,"EIRENE Functional Requirements Specification, version 7",10.6.1,M,10 Subscriber management > 10.6 Access matrix,"10.5.2 (M): Where EIRENE facilities are not available within the currently selected network, the user shall be given a visible indication.",10.6.2 (M): Yes indicates that the network shall allow a call from the stated initiating party to the stated receiving party. Yes* indicates that the call shall be allowed at least for users on the same train. Open indicates that permissions for calls of this type are to be assigned by the implementing railway according to their specific communication requirements. Shaded cells on the access matrix mean that this call is outside the scope of the EIRENE specifications. The access matrix is shown in table 10-2.,"(M) mandatory, (O) optional, (I) informative"
S0417,PURE,2007-eirene_fun_7-2,Yes indicates that the network shall allow a call from the stated initiating party to the stated receiving party. Yes* indicates that the call shall be allowed at least for users on the same train. Open indicates that permissions for calls of this type are to be assigned by the implementing railway according to their specific communication requirements. Shaded cells on the access matrix mean that this call is outside the scope of the EIRENE specifications. The access matrix is shown in table 10-2.,allow a call from the stated initiating party to the stated receiving party. Yes* indicates that the call shall be allowed at least for users on the same train. Open indicates that permissions for calls of this type are to be assigned by the implementing railway according to their specific communication requirements. Shaded cells on the access matrix mean that this call is outside the scope of the EIRENE specifications. The access matrix is shown in table 10-2,no,too_long;multi_sentence;formula_or_symbol;residual_modal_in_capability;table_or_figure_reference,no,too_long;multi_sentence;formula_or_symbol;residual_modal_in_capability;table_or_figure_reference,,"EIRENE Functional Requirements Specification, version 7",10.6.2,M,10 Subscriber management > 10.6 Access matrix,10.6.1 (M): The access matrix defines which subscribers are able to contact which other subscribers within the EIRENE network.,"10.6.3 (O): If required, a railway may make additional restrictions to the access matrix.","(M) mandatory, (O) optional, (I) informative"
S0418,PURE,2007-eirene_fun_7-2,"If required, a railway may make additional restrictions to the access matrix.",make additional restrictions to the access matrix,yes,,yes,,make additional restrictions to the access matrix,"EIRENE Functional Requirements Specification, version 7",10.6.3,O,10 Subscriber management > 10.6 Access matrix,10.6.2 (M): Yes indicates that the network shall allow a call from the stated initiating party to the stated receiving party. Yes* indicates that the call shall be allowed at least for users on the same train. Open indicates that permissions for calls of this type are to be assigned by the implementing railway according to their specific communication requirements. Shaded cells on the access matrix mean that this call is outside the scope of the EIRENE specifications. The access matrix is shown in table 10-2.,11.1.1 (I): There is a requirement to be able to address communications to a functional number rather than a telephone number. Such numbers are generally only associated with a user for a limited period of time.,"(M) mandatory, (O) optional, (I) informative"
S0419,PURE,2007-eirene_fun_7-2,There is a requirement to be able to address communications to a functional number rather than a telephone number. Such numbers are generally only associated with a user for a limited period of time.,there is a requirement to be able to address communications to a functional number rather than a telephone number. Such numbers are generally only associated with a user for a limited period of time,no,multi_sentence;residual_modal_in_capability;informative_marker,no,multi_sentence;residual_modal_in_capability;informative_marker,,"EIRENE Functional Requirements Specification, version 7",11.1.1,I,11.1 General,"10.6.3 (O): If required, a railway may make additional restrictions to the access matrix.",11.1.2 (I): The addressing scheme can be divided into two areas:,"(M) mandatory, (O) optional, (I) informative"
S0420,PURE,2007-eirene_fun_7-2,The addressing scheme can be divided into two areas:,be divided into two areas,no,no_requirement_cue;colon_structure;informative_marker,no,no_requirement_cue;colon_structure;informative_marker,,"EIRENE Functional Requirements Specification, version 7",11.1.2,I,11.1 General,11.1.1 (I): There is a requirement to be able to address communications to a functional number rather than a telephone number. Such numbers are generally only associated with a user for a limited period of time.,11.2.1.1 (M): An addressing scheme shall be provided which permits users to be identified by numbers corresponding to their functional roles rather than by numbers tied to the terminal equipment that they are using.,"(M) mandatory, (O) optional, (I) informative"
S0421,PURE,2007-eirene_fun_7-2,An addressing scheme shall be provided which permits users to be identified by numbers corresponding to their functional roles rather than by numbers tied to the terminal equipment that they are using.,be provided which permits users to be identified by numbers corresponding to their functional roles rather than by numbers tied to the terminal equipment that they are using,yes,,yes,,be provided which permits users to be identified by numbers corresponding to their functional roles rather than by numbers tied to the terminal equipment that they are using,"EIRENE Functional Requirements Specification, version 7",11.2.1.1,M,11.2 Functional addressing > 11.2.1 Principles,11.1.2 (I): The addressing scheme can be divided into two areas:,11.2.1.2 (I): The primary usage of functional addressing will be for controllers to establish communications with train drivers by making use of the train number. The train number will vary between journeys although EIRENE equipment in the cab is unlikely to change.,"(M) mandatory, (O) optional, (I) informative"
S0422,PURE,2007-eirene_fun_7-2,The primary usage of functional addressing will be for controllers to establish communications with train drivers by making use of the train number. The train number will vary between journeys although EIRENE equipment in the cab is unlikely to change.,be for controllers to establish communications with train drivers by making use of the train number. The train number will vary between journeys although EIRENE equipment in the cab is unlikely to change,no,too_long;multi_sentence;residual_modal_in_capability;informative_marker,no,too_long;multi_sentence;residual_modal_in_capability;informative_marker,,"EIRENE Functional Requirements Specification, version 7",11.2.1.2,I,11.2 Functional addressing > 11.2.1 Principles,11.2.1.1 (M): An addressing scheme shall be provided which permits users to be identified by numbers corresponding to their functional roles rather than by numbers tied to the terminal equipment that they are using.,"11.2.1.3 (I): Other uses of functional addressing will include identifying on-train functions and other users performing particular roles such as shunting team leaders, maintenance team members, etc.","(M) mandatory, (O) optional, (I) informative"
S0423,PURE,2007-eirene_fun_7-2,"Other uses of functional addressing will include identifying on-train functions and other users performing particular roles such as shunting team leaders, maintenance team members, etc.","include identifying on-train functions and other users performing particular roles such as shunting team leaders, maintenance team members, etc",no,informative_marker,no,informative_marker,,"EIRENE Functional Requirements Specification, version 7",11.2.1.3,I,11.2 Functional addressing > 11.2.1 Principles,11.2.1.2 (I): The primary usage of functional addressing will be for controllers to establish communications with train drivers by making use of the train number. The train number will vary between journeys although EIRENE equipment in the cab is unlikely to change.,11.2.1.4 (M): It shall be possible to assign up to a minimum of 3 functional numbers to an EIRENE user at any one time.,"(M) mandatory, (O) optional, (I) informative"
S0424,PURE,2007-eirene_fun_7-2,It shall be possible to assign up to a minimum of 3 functional numbers to an EIRENE user at any one time.,be possible to assign up to a minimum of 3 functional numbers to an EIRENE user at any one time,no,residual_modal_in_capability;impersonal_construction,no,residual_modal_in_capability;impersonal_construction,,"EIRENE Functional Requirements Specification, version 7",11.2.1.4,M,11.2 Functional addressing > 11.2.1 Principles,"11.2.1.3 (I): Other uses of functional addressing will include identifying on-train functions and other users performing particular roles such as shunting team leaders, maintenance team members, etc.",11.2.1.5 (M): Only one EIRENE user shall be assigned to a given functional number at any one time.,"(M) mandatory, (O) optional, (I) informative"
S0425,PURE,2007-eirene_fun_7-2,Only one EIRENE user shall be assigned to a given functional number at any one time.,be assigned to a given functional number at any one time,yes,,no,not_sampled_mandatory_pool,,"EIRENE Functional Requirements Specification, version 7",11.2.1.5,M,11.2 Functional addressing > 11.2.1 Principles,11.2.1.4 (M): It shall be possible to assign up to a minimum of 3 functional numbers to an EIRENE user at any one time.,11.2.1.6: Deleted.,"(M) mandatory, (O) optional, (I) informative"
S0426,PURE,2007-eirene_fun_7-2,"A user shall be able to set up a functional number on one network, and cancel the number from another network.","set up a functional number on one network, and cancel the number from another network",yes,,yes,,"set up a functional number on one network, and cancel the number from another network","EIRENE Functional Requirements Specification, version 7",11.2.1.7,M,11.2 Functional addressing > 11.2.1 Principles,11.2.1.6: Deleted.,11.2.1.8 (M): The functional number shall remain valid as a user roams from one network to another.,"(M) mandatory, (O) optional, (I) informative"
S0427,PURE,2007-eirene_fun_7-2,The functional number shall remain valid as a user roams from one network to another.,remain valid as a user roams from one network to another,yes,,no,not_sampled_mandatory_pool,,"EIRENE Functional Requirements Specification, version 7",11.2.1.8,M,11.2 Functional addressing > 11.2.1 Principles,"11.2.1.7 (M): A user shall be able to set up a functional number on one network, and cancel the number from another network.","11.2.1.9 (M): The functional addressing scheme shall be independent of specific configurations of mobile and terminal equipment. For example, the functional number of a conductor on board a particular train shall be the same irrespective of whether the conductor accesses the network through the Cab radio or has a separate dedicated EIRENE mobile.","(M) mandatory, (O) optional, (I) informative"
S0428,PURE,2007-eirene_fun_7-2,"The functional addressing scheme shall be independent of specific configurations of mobile and terminal equipment. For example, the functional number of a conductor on board a particular train shall be the same irrespective of whether the conductor accesses the network through the Cab radio or has a separate dedicated EIRENE mobile.","be independent of specific configurations of mobile and terminal equipment. For example, the functional number of a conductor on board a particular train shall be the same irrespective of whether the conductor accesses the network through the Cab radio or has a separate dedicated EIRENE mobile",no,too_long;multi_sentence;possibly_multiple_capabilities;residual_modal_in_capability,no,too_long;multi_sentence;possibly_multiple_capabilities;residual_modal_in_capability,,"EIRENE Functional Requirements Specification, version 7",11.2.1.9,M,11.2 Functional addressing > 11.2.1 Principles,11.2.1.8 (M): The functional number shall remain valid as a user roams from one network to another.,"11.2.1.10 (M): 11.2.1.10It shall be possible to call EIRENE users by functional numbers from a wide range of terminals (EIRENE and non-EIRENE). Examples include EIRENE mobiles, controller terminals, railway fixed network telephones and public telephones. (All such calls will be subject to any access restrictions see section 10.3.)","(M) mandatory, (O) optional, (I) informative"
S0429,PURE,2007-eirene_fun_7-2,"11.2.1.10It shall be possible to call EIRENE users by functional numbers from a wide range of terminals (EIRENE and non-EIRENE). Examples include EIRENE mobiles, controller terminals, railway fixed network telephones and public telephones. (All such calls will be subject to any access restrictions see section 10.3.)","be possible to call EIRENE users by functional numbers from a wide range of terminals (EIRENE and non-EIRENE). Examples include EIRENE mobiles, controller terminals, railway fixed network telephones and public telephones. (All such calls will be subject to any access restrictions see section 10.3.)",no,too_long;multi_sentence;possibly_multiple_capabilities;residual_modal_in_capability;table_or_figure_reference;list_or_heading_marker,no,too_long;multi_sentence;possibly_multiple_capabilities;residual_modal_in_capability;table_or_figure_reference;list_or_heading_marker,,"EIRENE Functional Requirements Specification, version 7",11.2.1.10,M,11.2 Functional addressing > 11.2.1 Principles,"11.2.1.9 (M): The functional addressing scheme shall be independent of specific configurations of mobile and terminal equipment. For example, the functional number of a conductor on board a particular train shall be the same irrespective of whether the conductor accesses the network through the Cab radio or has a separate dedicated EIRENE mobile.",11.2.1.11 (O): 11.2.1.11The functional addressing scheme should permit calls to be routed from a controller to an international train within the control area without reference to any EIRENE system other than that providing service to the international train.,"(M) mandatory, (O) optional, (I) informative"
S0430,PURE,2007-eirene_fun_7-2,11.2.1.11The functional addressing scheme should permit calls to be routed from a controller to an international train within the control area without reference to any EIRENE system other than that providing service to the international train.,permit calls to be routed from a controller to an international train within the control area without reference to any EIRENE system other than that providing service to the international train,no,too_long;multi_sentence;negation;list_or_heading_marker,no,too_long;multi_sentence;negation;list_or_heading_marker,,"EIRENE Functional Requirements Specification, version 7",11.2.1.11,O,11.2 Functional addressing > 11.2.1 Principles,"11.2.1.10 (M): 11.2.1.10It shall be possible to call EIRENE users by functional numbers from a wide range of terminals (EIRENE and non-EIRENE). Examples include EIRENE mobiles, controller terminals, railway fixed network telephones and public telephones. (All such calls will be subject to any access restrictions see section 10.3.)","11.2.2.1 (M): Functional numbers must be unique within the domain of operation. Since the number must be independent of networks, each number must be unique across all networks (including implementation of EIRENE facilities on public networks).","(M) mandatory, (O) optional, (I) informative"
S0431,PURE,2007-eirene_fun_7-2,"Functional numbers must be unique within the domain of operation. Since the number must be independent of networks, each number must be unique across all networks (including implementation of EIRENE facilities on public networks).","be unique within the domain of operation. Since the number must be independent of networks, each number must be unique across all networks (including implementation of EIRENE facilities on public networks)",no,multi_sentence;residual_modal_in_capability,no,multi_sentence;residual_modal_in_capability,,"EIRENE Functional Requirements Specification, version 7",11.2.2.1,M,11.2 Functional addressing > 11.2.2 Format of functional numbers,11.2.1.11 (O): 11.2.1.11The functional addressing scheme should permit calls to be routed from a controller to an international train within the control area without reference to any EIRENE system other than that providing service to the international train.,11.2.2.2 (M): The functional number shall consist of numeric characters only.,"(M) mandatory, (O) optional, (I) informative"
S0432,PURE,2007-eirene_fun_7-2,The functional number shall consist of numeric characters only.,consist of numeric characters only,yes,,no,not_sampled_mandatory_pool,,"EIRENE Functional Requirements Specification, version 7",11.2.2.2,M,11.2 Functional addressing > 11.2.2 Format of functional numbers,"11.2.2.1 (M): Functional numbers must be unique within the domain of operation. Since the number must be independent of networks, each number must be unique across all networks (including implementation of EIRENE facilities on public networks).","11.2.2.3 (I): If alphanumeric numbers are applied by a national railway, the railway will be responsible for the translation to unique numeric functional numbers compatible with the EIRENE specification.","(M) mandatory, (O) optional, (I) informative"
S0433,PURE,2007-eirene_fun_7-2,"If alphanumeric numbers are applied by a national railway, the railway will be responsible for the translation to unique numeric functional numbers compatible with the EIRENE specification.",be responsible for the translation to unique numeric functional numbers compatible with the EIRENE specification,no,informative_marker,no,informative_marker,,"EIRENE Functional Requirements Specification, version 7",11.2.2.3,I,11.2 Functional addressing > 11.2.2 Format of functional numbers,11.2.2.2 (M): The functional number shall consist of numeric characters only.,11.2.3.1 (M): The functional identity of the called user shall be presented to the user initiating a call and the functional identity of the initiator shall be presented to the user receiving a call.,"(M) mandatory, (O) optional, (I) informative"
S0434,PURE,2007-eirene_fun_7-2,The functional identity of the called user shall be presented to the user initiating a call and the functional identity of the initiator shall be presented to the user receiving a call.,be presented to the user initiating a call and the functional identity of the initiator shall be presented to the user receiving a call,no,residual_modal_in_capability,no,residual_modal_in_capability,,"EIRENE Functional Requirements Specification, version 7",11.2.3.1,M,11.2 Functional addressing > 11.2.3 Presentation of functional identity,"11.2.2.3 (I): If alphanumeric numbers are applied by a national railway, the railway will be responsible for the translation to unique numeric functional numbers compatible with the EIRENE specification.","11.2.3.2 (M): For broadcast and group voice communications, the functional identity provided shall be that of the broadcast or group identity.","(M) mandatory, (O) optional, (I) informative"
S0435,PURE,2007-eirene_fun_7-2,"For broadcast and group voice communications, the functional identity provided shall be that of the broadcast or group identity.",be that of the broadcast or group identity,no,possibly_multiple_capabilities,no,possibly_multiple_capabilities,,"EIRENE Functional Requirements Specification, version 7",11.2.3.2,M,11.2 Functional addressing > 11.2.3 Presentation of functional identity,11.2.3.1 (M): The functional identity of the called user shall be presented to the user initiating a call and the functional identity of the initiator shall be presented to the user receiving a call.,"11.2.3.3 (M): If the user initiating the call has more than one functional identity, the user shall be able to select, prior to call establishment, which functional identity is presented to the receiving user.","(M) mandatory, (O) optional, (I) informative"
S0436,PURE,2007-eirene_fun_7-2,"If the user initiating the call has more than one functional identity, the user shall be able to select, prior to call establishment, which functional identity is presented to the receiving user.","select, prior to call establishment, which functional identity is presented to the receiving user",yes,,no,not_sampled_mandatory_pool,,"EIRENE Functional Requirements Specification, version 7",11.2.3.3,M,11.2 Functional addressing > 11.2.3 Presentation of functional identity,"11.2.3.2 (M): For broadcast and group voice communications, the functional identity provided shall be that of the broadcast or group identity.","11.2.3.4 (M): In the case of Cab radio, when a train number is assigned as a functional identity, this shall take priority over other Cab radio functional identities, and shall be the functional identity for the Cab radio to be displayed to other users.","(M) mandatory, (O) optional, (I) informative"
S0437,PURE,2007-eirene_fun_7-2,"In the case of Cab radio, when a train number is assigned as a functional identity, this shall take priority over other Cab radio functional identities, and shall be the functional identity for the Cab radio to be displayed to other users.","take priority over other Cab radio functional identities, and shall be the functional identity for the Cab radio to be displayed to other users",no,too_long;residual_modal_in_capability,no,too_long;residual_modal_in_capability,,"EIRENE Functional Requirements Specification, version 7",11.2.3.4,M,11.2 Functional addressing > 11.2.3 Presentation of functional identity,"11.2.3.3 (M): If the user initiating the call has more than one functional identity, the user shall be able to select, prior to call establishment, which functional identity is presented to the receiving user.",11.2.3.5 (M): The functional identity shall be presented to the user in a form which can be readily understood (eg driver of train abcd rather than abcd01 or xyz shunting team 3 rather than xyz03).,"(M) mandatory, (O) optional, (I) informative"
S0438,PURE,2007-eirene_fun_7-2,The functional identity shall be presented to the user in a form which can be readily understood (eg driver of train abcd rather than abcd01 or xyz shunting team 3 rather than xyz03).,be presented to the user in a form which can be readily understood (eg driver of train abcd rather than abcd01 or xyz shunting team 3 rather than xyz03),no,residual_modal_in_capability,no,residual_modal_in_capability,,"EIRENE Functional Requirements Specification, version 7",11.2.3.5,M,11.2 Functional addressing > 11.2.3 Presentation of functional identity,"11.2.3.4 (M): In the case of Cab radio, when a train number is assigned as a functional identity, this shall take priority over other Cab radio functional identities, and shall be the functional identity for the Cab radio to be displayed to other users.",11.3.1 (I): Three procedures can be identified for managing the relationship between the functional number and the telephone number by the mobile user as defined below.,"(M) mandatory, (O) optional, (I) informative"
S0439,PURE,2007-eirene_fun_7-2,Three procedures can be identified for managing the relationship between the functional number and the telephone number by the mobile user as defined below.,be identified for managing the relationship between the functional number and the telephone number by the mobile user as defined below,no,no_requirement_cue;informative_marker,no,no_requirement_cue;informative_marker,,"EIRENE Functional Requirements Specification, version 7",11.3.1,I,11.3 Functional addressing registration procedures principles,11.2.3.5 (M): The functional identity shall be presented to the user in a form which can be readily understood (eg driver of train abcd rather than abcd01 or xyz shunting team 3 rather than xyz03).,11.3.2.1 (M): The functional addressing scheme shall be supported by a straightforward procedure for registration of functional numbers. This procedure shall be carried out by the user on commencement of the functional role.,"(M) mandatory, (O) optional, (I) informative"
S0440,PURE,2007-eirene_fun_7-2,The functional addressing scheme shall be supported by a straightforward procedure for registration of functional numbers. This procedure shall be carried out by the user on commencement of the functional role.,be supported by a straightforward procedure for registration of functional numbers. This procedure shall be carried out by the user on commencement of the functional role,no,multi_sentence;residual_modal_in_capability,no,multi_sentence;residual_modal_in_capability,,"EIRENE Functional Requirements Specification, version 7",11.3.2.1,M,11.3 Functional addressing registration procedures principles > 11.3.2 Registration,11.3.1 (I): Three procedures can be identified for managing the relationship between the functional number and the telephone number by the mobile user as defined below.,11.3.2.2 (M): The functional number registration facility shall be supported by all EIRENE user equipment.,"(M) mandatory, (O) optional, (I) informative"
S0441,PURE,2007-eirene_fun_7-2,The functional number registration facility shall be supported by all EIRENE user equipment.,be supported by all EIRENE user equipment,yes,,no,not_sampled_mandatory_pool,,"EIRENE Functional Requirements Specification, version 7",11.3.2.2,M,11.3 Functional addressing registration procedures principles > 11.3.2 Registration,11.3.2.1 (M): The functional addressing scheme shall be supported by a straightforward procedure for registration of functional numbers. This procedure shall be carried out by the user on commencement of the functional role.,"11.3.2.2i (O): It should be possible for the system to prevent certain types of users from registering functional numbers that they are not authorised to use, for example:","(M) mandatory, (O) optional, (I) informative"
S0442,PURE,2007-eirene_fun_7-2,"It should be possible for the system to prevent certain types of users from registering functional numbers that they are not authorised to use, for example:","be possible for the system to prevent certain types of users from registering functional numbers that they are not authorised to use, for example",no,negation;colon_structure;impersonal_construction,no,negation;colon_structure;impersonal_construction,,"EIRENE Functional Requirements Specification, version 7",11.3.2.2i,O,11.3 Functional addressing registration procedures principles > 11.3.2 Registration,11.3.2.2 (M): The functional number registration facility shall be supported by all EIRENE user equipment.,11.3.2.3 (M): It shall be possible to register up to ten functional numbers to items of equipment physically connected to the Cab radio within 30 seconds.,"(M) mandatory, (O) optional, (I) informative"
S0443,PURE,2007-eirene_fun_7-2,It shall be possible to register up to ten functional numbers to items of equipment physically connected to the Cab radio within 30 seconds.,be possible to register up to ten functional numbers to items of equipment physically connected to the Cab radio within 30 seconds,no,residual_modal_in_capability;impersonal_construction,no,residual_modal_in_capability;impersonal_construction,,"EIRENE Functional Requirements Specification, version 7",11.3.2.3,M,11.3 Functional addressing registration procedures principles > 11.3.2 Registration,"11.3.2.2i (O): It should be possible for the system to prevent certain types of users from registering functional numbers that they are not authorised to use, for example:",11.3.2.4 (M): The registration procedure shall provide a means to prevent mis-allocation of functional numbers during registration.,"(M) mandatory, (O) optional, (I) informative"
S0444,PURE,2007-eirene_fun_7-2,The registration procedure shall provide a means to prevent mis-allocation of functional numbers during registration.,provide a means to prevent mis-allocation of functional numbers during registration,yes,,yes,,provide a means to prevent mis-allocation of functional numbers during registration,"EIRENE Functional Requirements Specification, version 7",11.3.2.4,M,11.3 Functional addressing registration procedures principles > 11.3.2 Registration,11.3.2.3 (M): It shall be possible to register up to ten functional numbers to items of equipment physically connected to the Cab radio within 30 seconds.,11.3.2.5 (M): Duplicate functional numbers (eg two trains with the same train number) shall be prevented.,"(M) mandatory, (O) optional, (I) informative"
S0445,PURE,2007-eirene_fun_7-2,Duplicate functional numbers (eg two trains with the same train number) shall be prevented.,be prevented,yes,,no,not_sampled_mandatory_pool,,"EIRENE Functional Requirements Specification, version 7",11.3.2.5,M,11.3 Functional addressing registration procedures principles > 11.3.2 Registration,11.3.2.4 (M): The registration procedure shall provide a means to prevent mis-allocation of functional numbers during registration.,"11.3.2.6 (M): The system shall provide a means to recover consistent data sets following a system failure during which functional addressing facilities are lost. During this recovery period, the system shall not permit the use of unverified functional numbers.","(M) mandatory, (O) optional, (I) informative"
S0446,PURE,2007-eirene_fun_7-2,"The system shall provide a means to recover consistent data sets following a system failure during which functional addressing facilities are lost. During this recovery period, the system shall not permit the use of unverified functional numbers.","provide a means to recover consistent data sets following a system failure during which functional addressing facilities are lost. During this recovery period, the system shall not permit the use of unverified functional numbers",no,too_long;multi_sentence;negation;residual_modal_in_capability,no,too_long;multi_sentence;negation;residual_modal_in_capability,,"EIRENE Functional Requirements Specification, version 7",11.3.2.6,M,11.3 Functional addressing registration procedures principles > 11.3.2 Registration,11.3.2.5 (M): Duplicate functional numbers (eg two trains with the same train number) shall be prevented.,11.3.3.1 (M): The functional addressing scheme shall be supported by a straightforward procedure for deregistration of functional numbers. This procedure shall be carried out by the user at the end of the functional role.,"(M) mandatory, (O) optional, (I) informative"
S0447,PURE,2007-eirene_fun_7-2,The functional addressing scheme shall be supported by a straightforward procedure for deregistration of functional numbers. This procedure shall be carried out by the user at the end of the functional role.,be supported by a straightforward procedure for deregistration of functional numbers. This procedure shall be carried out by the user at the end of the functional role,no,multi_sentence;residual_modal_in_capability,no,multi_sentence;residual_modal_in_capability,,"EIRENE Functional Requirements Specification, version 7",11.3.3.1,M,11.3 Functional addressing registration procedures principles > 11.3.3 Deregistration,"11.3.2.6 (M): The system shall provide a means to recover consistent data sets following a system failure during which functional addressing facilities are lost. During this recovery period, the system shall not permit the use of unverified functional numbers.",11.3.3.2 (M): The functional number deregistration facility shall be supported by all EIRENE user equipment.,"(M) mandatory, (O) optional, (I) informative"
S0448,PURE,2007-eirene_fun_7-2,The functional number deregistration facility shall be supported by all EIRENE user equipment.,be supported by all EIRENE user equipment,yes,,no,not_sampled_mandatory_pool,,"EIRENE Functional Requirements Specification, version 7",11.3.3.2,M,11.3 Functional addressing registration procedures principles > 11.3.3 Deregistration,11.3.3.1 (M): The functional addressing scheme shall be supported by a straightforward procedure for deregistration of functional numbers. This procedure shall be carried out by the user at the end of the functional role.,11.3.3.3 (M): It shall be possible to deregister up to ten functional numbers to items of equipment physically connected to the Cab radio within 30 seconds.,"(M) mandatory, (O) optional, (I) informative"
S0449,PURE,2007-eirene_fun_7-2,It shall be possible to deregister up to ten functional numbers to items of equipment physically connected to the Cab radio within 30 seconds.,be possible to deregister up to ten functional numbers to items of equipment physically connected to the Cab radio within 30 seconds,no,residual_modal_in_capability;impersonal_construction,no,residual_modal_in_capability;impersonal_construction,,"EIRENE Functional Requirements Specification, version 7",11.3.3.3,M,11.3 Functional addressing registration procedures principles > 11.3.3 Deregistration,11.3.3.2 (M): The functional number deregistration facility shall be supported by all EIRENE user equipment.,"11.3.3.4 (M): In addition, a given set of users shall also be allowed to:","(M) mandatory, (O) optional, (I) informative"
S0450,PURE,2007-eirene_fun_7-2,"In addition, a given set of users shall also be allowed to:",also be allowed to,no,colon_structure,no,colon_structure,,"EIRENE Functional Requirements Specification, version 7",11.3.3.4,M,11.3 Functional addressing registration procedures principles > 11.3.3 Deregistration,11.3.3.3 (M): It shall be possible to deregister up to ten functional numbers to items of equipment physically connected to the Cab radio within 30 seconds.,11.3.3.5 (M): An EIRENE mobile shall remove the displayed functional number and provide an indication to the user that deregistration has taken place.,"(M) mandatory, (O) optional, (I) informative"
S0451,PURE,2007-eirene_fun_7-2,An EIRENE mobile shall remove the displayed functional number and provide an indication to the user that deregistration has taken place.,remove the displayed functional number and provide an indication to the user that deregistration has taken place,yes,,yes,,remove the displayed functional number and provide an indication to the user that deregistration has taken place,"EIRENE Functional Requirements Specification, version 7",11.3.3.5,M,11.3 Functional addressing registration procedures principles > 11.3.3 Deregistration,"11.3.3.4 (M): In addition, a given set of users shall also be allowed to:","11.3.4.1 (M): To allow roaming between EIRENE networks, the system shall support a procedure for the re-registration of functional numbers after selection of a new network.","(M) mandatory, (O) optional, (I) informative"
S0452,PURE,2007-eirene_fun_7-2,"To allow roaming between EIRENE networks, the system shall support a procedure for the re-registration of functional numbers after selection of a new network.",support a procedure for the re-registration of functional numbers after selection of a new network,yes,,yes,,support a procedure for the re-registration of functional numbers after selection of a new network,"EIRENE Functional Requirements Specification, version 7",11.3.4.1,M,11.3 Functional addressing registration procedures principles > 11.3.4 Re-registration,11.3.3.5 (M): An EIRENE mobile shall remove the displayed functional number and provide an indication to the user that deregistration has taken place.,11.3.4.2 (M): This procedure shall be carried out without manual intervention.,"(M) mandatory, (O) optional, (I) informative"
S0453,PURE,2007-eirene_fun_7-2,This procedure shall be carried out without manual intervention.,be carried out without manual intervention,no,negation,no,negation,,"EIRENE Functional Requirements Specification, version 7",11.3.4.2,M,11.3 Functional addressing registration procedures principles > 11.3.4 Re-registration,"11.3.4.1 (M): To allow roaming between EIRENE networks, the system shall support a procedure for the re-registration of functional numbers after selection of a new network.","11.3.4.3 (M): After automatic re-registration is performed, the new registration details shall be displayed to the user.","(M) mandatory, (O) optional, (I) informative"
S0454,PURE,2007-eirene_fun_7-2,"After automatic re-registration is performed, the new registration details shall be displayed to the user.",be displayed to the user,yes,,yes,,be displayed to the user,"EIRENE Functional Requirements Specification, version 7",11.3.4.3,M,11.3 Functional addressing registration procedures principles > 11.3.4 Re-registration,11.3.4.2 (M): This procedure shall be carried out without manual intervention.,11.4.1 (M): Location dependent addressing shall be provided to route calls for a given function to a destination number that is dependent upon the users location.,"(M) mandatory, (O) optional, (I) informative"
S0455,PURE,2007-eirene_fun_7-2,Location dependent addressing shall be provided to route calls for a given function to a destination number that is dependent upon the users location.,be provided to route calls for a given function to a destination number that is dependent upon the users location,yes,,yes,,be provided to route calls for a given function to a destination number that is dependent upon the users location,"EIRENE Functional Requirements Specification, version 7",11.4.1,M,11.4 Location dependent addressing,"11.3.4.3 (M): After automatic re-registration is performed, the new registration details shall be displayed to the user.",11.4.2 (M): The functions to which calls shall be routed based upon the location of the mobile shall include:,"(M) mandatory, (O) optional, (I) informative"
S0456,PURE,2007-eirene_fun_7-2,The functions to which calls shall be routed based upon the location of the mobile shall include:,be routed based upon the location of the mobile shall include,no,residual_modal_in_capability;colon_structure,no,residual_modal_in_capability;colon_structure,,"EIRENE Functional Requirements Specification, version 7",11.4.2,M,11.4 Location dependent addressing,11.4.1 (M): Location dependent addressing shall be provided to route calls for a given function to a destination number that is dependent upon the users location.,"11.4.3 (M): The correspondence between the locations and the destination of the call shall be easily re-configurable to support dynamic changes in controller area boundaries (eg controller area boundaries will change from peak to off-peak periods during the working day or over longer periods, areas may change to match changes in railway organisation or traffic demand).","(M) mandatory, (O) optional, (I) informative"
S0457,PURE,2007-eirene_fun_7-2,"The correspondence between the locations and the destination of the call shall be easily re-configurable to support dynamic changes in controller area boundaries (eg controller area boundaries will change from peak to off-peak periods during the working day or over longer periods, areas may change to match changes in railway organisation or traffic demand).","be easily re-configurable to support dynamic changes in controller area boundaries (eg controller area boundaries will change from peak to off-peak periods during the working day or over longer periods, areas may change to match changes in railway organisation or traffic demand)",no,too_long;possibly_multiple_capabilities;residual_modal_in_capability,no,too_long;possibly_multiple_capabilities;residual_modal_in_capability,,"EIRENE Functional Requirements Specification, version 7",11.4.3,M,11.4 Location dependent addressing,11.4.2 (M): The functions to which calls shall be routed based upon the location of the mobile shall include:,"11.4.4 (M): When operating with location dependent addressing, no manual action shall be required to update the system when a mobile moves between locations.","(M) mandatory, (O) optional, (I) informative"
S0458,PURE,2007-eirene_fun_7-2,"When operating with location dependent addressing, no manual action shall be required to update the system when a mobile moves between locations.",be required to update the system when a mobile moves between locations,no,negation,no,negation,,"EIRENE Functional Requirements Specification, version 7",11.4.4,M,11.4 Location dependent addressing,"11.4.3 (M): The correspondence between the locations and the destination of the call shall be easily re-configurable to support dynamic changes in controller area boundaries (eg controller area boundaries will change from peak to off-peak periods during the working day or over longer periods, areas may change to match changes in railway organisation or traffic demand).",11.4.5 (M): The location dependent addressing scheme shall be available to all mobiles.,"(M) mandatory, (O) optional, (I) informative"
S0459,PURE,2007-eirene_fun_7-2,The location dependent addressing scheme shall be available to all mobiles.,be available to all mobiles,yes,,yes,,be available to all mobiles,"EIRENE Functional Requirements Specification, version 7",11.4.5,M,11.4 Location dependent addressing,"11.4.4 (M): When operating with location dependent addressing, no manual action shall be required to update the system when a mobile moves between locations.","11.4.6 (M): As a minimum, the location information used by the EIRENE system shall be derived from that available from the network itself (eg current cell or base station serving the mobile).","(M) mandatory, (O) optional, (I) informative"
S0460,PURE,2007-eirene_fun_7-2,"As a minimum, the location information used by the EIRENE system shall be derived from that available from the network itself (eg current cell or base station serving the mobile).",be derived from that available from the network itself (eg current cell or base station serving the mobile),yes,,yes,,be derived from that available from the network itself (eg current cell or base station serving the mobile),"EIRENE Functional Requirements Specification, version 7",11.4.6,M,11.4 Location dependent addressing,11.4.5 (M): The location dependent addressing scheme shall be available to all mobiles.,"11.4.7 (O): Where greater accuracy for location dependent addressing is required, additional location information may be provided by systems external to EIRENE. Sources of such information may include:","(M) mandatory, (O) optional, (I) informative"
S0461,PURE,2007-eirene_fun_7-2,"Where greater accuracy for location dependent addressing is required, additional location information may be provided by systems external to EIRENE. Sources of such information may include:",be provided by systems external to EIRENE. Sources of such information may include,no,multi_sentence;residual_modal_in_capability;colon_structure,no,multi_sentence;residual_modal_in_capability;colon_structure,,"EIRENE Functional Requirements Specification, version 7",11.4.7,O,11.4 Location dependent addressing,"11.4.6 (M): As a minimum, the location information used by the EIRENE system shall be derived from that available from the network itself (eg current cell or base station serving the mobile).",12.1.1 (I): There is a requirement that the EIRENE system can be used as a bearer to support an application connected to the radio for exchange of text messages between ground and mobile(s) or mobile and ground.,"(M) mandatory, (O) optional, (I) informative"
S0462,PURE,2007-eirene_fun_7-2,There is a requirement that the EIRENE system can be used as a bearer to support an application connected to the radio for exchange of text messages between ground and mobile(s) or mobile and ground.,be used as a bearer to support an application connected to the radio for exchange of text messages between ground and mobile(s) or mobile and ground,no,too_long;possibly_multiple_capabilities;no_requirement_cue;informative_marker,no,too_long;possibly_multiple_capabilities;no_requirement_cue;informative_marker,,"EIRENE Functional Requirements Specification, version 7",12.1.1,I,12 Text messaging > 12.1 Introduction,"11.4.7 (O): Where greater accuracy for location dependent addressing is required, additional location information may be provided by systems external to EIRENE. Sources of such information may include:",12.1.2 (I): The aim of this section is to define the features and level of performance required for this service in order to ensure interoperability.,"(M) mandatory, (O) optional, (I) informative"
S0463,PURE,2007-eirene_fun_7-2,The aim of this section is to define the features and level of performance required for this service in order to ensure interoperability.,the aim of this section is to define the features and level of performance required for this service in order to ensure interoperability,no,table_or_figure_reference;informative_marker,no,table_or_figure_reference;informative_marker,,"EIRENE Functional Requirements Specification, version 7",12.1.2,I,12 Text messaging > 12.1 Introduction,12.1.1 (I): There is a requirement that the EIRENE system can be used as a bearer to support an application connected to the radio for exchange of text messages between ground and mobile(s) or mobile and ground.,"12.1.3 (I): There is no requirement for an internationally standardised pre-defined messaging application. However, it is anticipated that individual national railways may have a requirement for pre-defined messages, in which case the application should be specified as part of individual national procurements.","(M) mandatory, (O) optional, (I) informative"
S0464,PURE,2007-eirene_fun_7-2,"There is no requirement for an internationally standardised pre-defined messaging application. However, it is anticipated that individual national railways may have a requirement for pre-defined messages, in which case the application should be specified as part of individual national procurements.","there is no requirement for an internationally standardised pre-defined messaging application. However, it is anticipated that individual national railways may have a requirement for pre-defined messages, in which case the application should be specified as part of individual national procurements",no,too_long;multi_sentence;negation;residual_modal_in_capability;informative_marker,no,too_long;multi_sentence;negation;residual_modal_in_capability;informative_marker,,"EIRENE Functional Requirements Specification, version 7",12.1.3,I,12 Text messaging > 12.1 Introduction,12.1.2 (I): The aim of this section is to define the features and level of performance required for this service in order to ensure interoperability.,12.2.1 (O): It should be possible to transfer text messages between ground and mobile(s) through the EIRENE system.,"(M) mandatory, (O) optional, (I) informative"
S0465,PURE,2007-eirene_fun_7-2,It should be possible to transfer text messages between ground and mobile(s) through the EIRENE system.,be possible to transfer text messages between ground and mobile(s) through the EIRENE system,no,residual_modal_in_capability;impersonal_construction,no,residual_modal_in_capability;impersonal_construction,,"EIRENE Functional Requirements Specification, version 7",12.2.1,O,12 Text messaging > 12.2 Definition of the service,"12.1.3 (I): There is no requirement for an internationally standardised pre-defined messaging application. However, it is anticipated that individual national railways may have a requirement for pre-defined messages, in which case the application should be specified as part of individual national procurements.","12.2.2 (M): In order to ensure interoperability, the service is optional for the ground and mandatory for the Cab radio.","(M) mandatory, (O) optional, (I) informative"
S0466,PURE,2007-eirene_fun_7-2,"In order to ensure interoperability, the service is optional for the ground and mandatory for the Cab radio.","in order to ensure interoperability, the service is optional for the ground and mandatory for the Cab radio",no,stranded_preposition,no,stranded_preposition,,"EIRENE Functional Requirements Specification, version 7",12.2.2,M,12 Text messaging > 12.2 Definition of the service,12.2.1 (O): It should be possible to transfer text messages between ground and mobile(s) through the EIRENE system.,"12.2.3 (I): If a message is safety related, the safety mechanisms will be included at the application level and do not concern the EIRENE system.","(M) mandatory, (O) optional, (I) informative"
S0467,PURE,2007-eirene_fun_7-2,"If a message is safety related, the safety mechanisms will be included at the application level and do not concern the EIRENE system.",be included at the application level and do not concern the EIRENE system,no,negation;informative_marker,no,negation;informative_marker,,"EIRENE Functional Requirements Specification, version 7",12.2.3,I,12 Text messaging > 12.2 Definition of the service,"12.2.2 (M): In order to ensure interoperability, the service is optional for the ground and mandatory for the Cab radio.",12.3.1 (M): The maximum length of a message segment shall be 96 characters. A message can include several segments.,"(M) mandatory, (O) optional, (I) informative"
S0468,PURE,2007-eirene_fun_7-2,The maximum length of a message segment shall be 96 characters. A message can include several segments.,be 96 characters. A message can include several segments,no,multi_sentence;residual_modal_in_capability,no,multi_sentence;residual_modal_in_capability,,"EIRENE Functional Requirements Specification, version 7",12.3.1,M,12 Text messaging > 12.3 Performance,"12.2.3 (I): If a message is safety related, the safety mechanisms will be included at the application level and do not concern the EIRENE system.",12.3.2 (O): The transfer time for each message segment should be less then 30 seconds for 95% of messages.,"(M) mandatory, (O) optional, (I) informative"
S0469,PURE,2007-eirene_fun_7-2,The transfer time for each message segment should be less then 30 seconds for 95% of messages.,be less then 30 seconds for 95% of messages,no,formula_or_symbol;symbol_heavy,no,formula_or_symbol;symbol_heavy,,"EIRENE Functional Requirements Specification, version 7",12.3.2,O,12 Text messaging > 12.3 Performance,12.3.1 (M): The maximum length of a message segment shall be 96 characters. A message can include several segments.,12.3.3 (M): The text message facility shall not interfere with the ability of users to use the radio.,"(M) mandatory, (O) optional, (I) informative"
S0470,PURE,2007-eirene_fun_7-2,The text message facility shall not interfere with the ability of users to use the radio.,not interfere with the ability of users to use the radio,no,negation,no,negation,,"EIRENE Functional Requirements Specification, version 7",12.3.3,M,12 Text messaging > 12.3 Performance,12.3.2 (O): The transfer time for each message segment should be less then 30 seconds for 95% of messages.,12.4.1 (M): A standard data interface between the mobile and the application module shall be provided.,"(M) mandatory, (O) optional, (I) informative"
S0471,PURE,2007-eirene_fun_7-2,A standard data interface between the mobile and the application module shall be provided.,be provided,yes,,yes,,be provided,"EIRENE Functional Requirements Specification, version 7",12.4.1,M,12 Text messaging > 12.4 Interface,12.3.3 (M): The text message facility shall not interfere with the ability of users to use the radio.,13.1.1 (I): This section covers the use of the EIRENE radio system for Railway emergency calls. This section also describes the facility for confirmation of such emergency calls and storage of confirmation for post-incident analysis.,"(M) mandatory, (O) optional, (I) informative"
S0472,PURE,2007-eirene_fun_7-2,This section covers the use of the EIRENE radio system for Railway emergency calls. This section also describes the facility for confirmation of such emergency calls and storage of confirmation for post-incident analysis.,this section covers the use of the EIRENE radio system for Railway emergency calls. This section also describes the facility for confirmation of such emergency calls and storage of confirmation for post-incident analysis,no,multi_sentence;no_requirement_cue;table_or_figure_reference;informative_marker,no,multi_sentence;no_requirement_cue;table_or_figure_reference;informative_marker,,"EIRENE Functional Requirements Specification, version 7",13.1.1,I,13 Railway emergency calls > 13.1 Introduction,12.4.1 (M): A standard data interface between the mobile and the application module shall be provided.,13.1.2 (I): This section describes the handling of high priority voice calls for railway operational emergencies and does not cover public emergency calls (ie handling of 112 calls).,"(M) mandatory, (O) optional, (I) informative"
S0473,PURE,2007-eirene_fun_7-2,This section describes the handling of high priority voice calls for railway operational emergencies and does not cover public emergency calls (ie handling of 112 calls).,this section describes the handling of high priority voice calls for railway operational emergencies and does not cover public emergency calls (ie handling of 112 calls),no,negation;no_requirement_cue;table_or_figure_reference;informative_marker,no,negation;no_requirement_cue;table_or_figure_reference;informative_marker,,"EIRENE Functional Requirements Specification, version 7",13.1.2,I,13 Railway emergency calls > 13.1 Introduction,13.1.1 (I): This section covers the use of the EIRENE radio system for Railway emergency calls. This section also describes the facility for confirmation of such emergency calls and storage of confirmation for post-incident analysis.,13.1.3 (I): There are two types of Railway emergency call:,"(M) mandatory, (O) optional, (I) informative"
S0474,PURE,2007-eirene_fun_7-2,There are two types of Railway emergency call:,there are two types of Railway emergency call,no,no_requirement_cue;colon_structure;informative_marker,no,no_requirement_cue;colon_structure;informative_marker,,"EIRENE Functional Requirements Specification, version 7",13.1.3,I,13 Railway emergency calls > 13.1 Introduction,13.1.2 (I): This section describes the handling of high priority voice calls for railway operational emergencies and does not cover public emergency calls (ie handling of 112 calls).,"13.1.4 (M): The type of call initiated shall be determined automatically, based upon the mode of operation of the radio.","(M) mandatory, (O) optional, (I) informative"
S0475,PURE,2007-eirene_fun_7-2,"The type of call initiated shall be determined automatically, based upon the mode of operation of the radio.","be determined automatically, based upon the mode of operation of the radio",yes,,yes,,"be determined automatically, based upon the mode of operation of the radio","EIRENE Functional Requirements Specification, version 7",13.1.4,M,13 Railway emergency calls > 13.1 Introduction,13.1.3 (I): There are two types of Railway emergency call:,"13.1.5 (M): If the mobile is in shunting mode, the emergency call button shall initiate a shunting emergency call, otherwise the call shall be a Train emergency call.","(M) mandatory, (O) optional, (I) informative"
S0476,PURE,2007-eirene_fun_7-2,"If the mobile is in shunting mode, the emergency call button shall initiate a shunting emergency call, otherwise the call shall be a Train emergency call.","initiate a shunting emergency call, otherwise the call shall be a Train emergency call",no,residual_modal_in_capability,no,residual_modal_in_capability,,"EIRENE Functional Requirements Specification, version 7",13.1.5,M,13 Railway emergency calls > 13.1 Introduction,"13.1.4 (M): The type of call initiated shall be determined automatically, based upon the mode of operation of the radio.","13.1.6 (M): The Train emergency call shall be sent to all drivers and controller(s) within an area, which is pre-defined to meet operational requirements. The predefined areas for emergency calls shall include, where necessary, parts of one or more network(s).","(M) mandatory, (O) optional, (I) informative"
S0477,PURE,2007-eirene_fun_7-2,"The Train emergency call shall be sent to all drivers and controller(s) within an area, which is pre-defined to meet operational requirements. The predefined areas for emergency calls shall include, where necessary, parts of one or more network(s).","be sent to all drivers and controller(s) within an area, which is pre-defined to meet operational requirements. The predefined areas for emergency calls shall include, where necessary, parts of one or more network(s)",no,too_long;multi_sentence;possibly_multiple_capabilities;residual_modal_in_capability,no,too_long;multi_sentence;possibly_multiple_capabilities;residual_modal_in_capability,,"EIRENE Functional Requirements Specification, version 7",13.1.6,M,13 Railway emergency calls > 13.1 Introduction,"13.1.5 (M): If the mobile is in shunting mode, the emergency call button shall initiate a shunting emergency call, otherwise the call shall be a Train emergency call.",13.1.6i (O): The appropriate ERTMS/ETCS RBC should be informed when a Train emergency call is initiated.,"(M) mandatory, (O) optional, (I) informative"
S0478,PURE,2007-eirene_fun_7-2,The appropriate ERTMS/ETCS RBC should be informed when a Train emergency call is initiated.,be informed when a Train emergency call is initiated,yes,,yes,,be informed when a Train emergency call is initiated,"EIRENE Functional Requirements Specification, version 7",13.1.6i,O,13 Railway emergency calls > 13.1 Introduction,"13.1.6 (M): The Train emergency call shall be sent to all drivers and controller(s) within an area, which is pre-defined to meet operational requirements. The predefined areas for emergency calls shall include, where necessary, parts of one or more network(s).",13.1.7 (M): The Shunting emergency call shall be sent to all users involved in shunting operations in the shunting area.,"(M) mandatory, (O) optional, (I) informative"
S0479,PURE,2007-eirene_fun_7-2,The Shunting emergency call shall be sent to all users involved in shunting operations in the shunting area.,be sent to all users involved in shunting operations in the shunting area,yes,,yes,,be sent to all users involved in shunting operations in the shunting area,"EIRENE Functional Requirements Specification, version 7",13.1.7,M,13 Railway emergency calls > 13.1 Introduction,13.1.6i (O): The appropriate ERTMS/ETCS RBC should be informed when a Train emergency call is initiated.,13.1.8 (M): The Shunting emergency call shall automatically take priority over the link assurance signal.,"(M) mandatory, (O) optional, (I) informative"
S0480,PURE,2007-eirene_fun_7-2,The Shunting emergency call shall automatically take priority over the link assurance signal.,automatically take priority over the link assurance signal,yes,,yes,,automatically take priority over the link assurance signal,"EIRENE Functional Requirements Specification, version 7",13.1.8,M,13 Railway emergency calls > 13.1 Introduction,13.1.7 (M): The Shunting emergency call shall be sent to all users involved in shunting operations in the shunting area.,13.2.1.1 (I): A Railway emergency call may be defined in three distinct phases. These are:,"(M) mandatory, (O) optional, (I) informative"
S0481,PURE,2007-eirene_fun_7-2,A Railway emergency call may be defined in three distinct phases. These are:,be defined in three distinct phases. These are,no,multi_sentence;colon_structure;informative_marker,no,multi_sentence;colon_structure;informative_marker,,"EIRENE Functional Requirements Specification, version 7",13.2.1.1,I,13 Railway emergency calls > 13.2 Management of Railway emergency calls > 13.2.1 Summary,13.1.8 (M): The Shunting emergency call shall automatically take priority over the link assurance signal.,13.2.2.1 (M): A Railway emergency call shall be able to be initiated by using a simple MMI action (eg a single MMI action for the Cab and Operational radios).,"(M) mandatory, (O) optional, (I) informative"
S0482,PURE,2007-eirene_fun_7-2,A Railway emergency call shall be able to be initiated by using a simple MMI action (eg a single MMI action for the Cab and Operational radios).,be initiated by using a simple MMI action (eg a single MMI action for the Cab and Operational radios),yes,,yes,,be initiated by using a simple MMI action (eg a single MMI action for the Cab and Operational radios),"EIRENE Functional Requirements Specification, version 7",13.2.2.1,M,13 Railway emergency calls > 13.2 Management of Railway emergency calls > 13.2.2 Stage 1: Warning,13.2.1.1 (I): A Railway emergency call may be defined in three distinct phases. These are:,13.2.2.2 (M): A connection of Railway emergency priority (see section 10.2) shall be established to a pre-determined set of receiving mobiles and controller(s).,"(M) mandatory, (O) optional, (I) informative"
S0483,PURE,2007-eirene_fun_7-2,A connection of Railway emergency priority (see section 10.2) shall be established to a pre-determined set of receiving mobiles and controller(s).,A connection of Railway emergency priority (see section 10.2) shall be established to a pre-determined set of receiving mobiles and controller(s),no,multi_sentence;residual_modal_in_capability;table_or_figure_reference;list_or_heading_marker,no,multi_sentence;residual_modal_in_capability;table_or_figure_reference;list_or_heading_marker,,"EIRENE Functional Requirements Specification, version 7",13.2.2.2,M,13 Railway emergency calls > 13.2 Management of Railway emergency calls > 13.2.2 Stage 1: Warning,13.2.2.1 (M): A Railway emergency call shall be able to be initiated by using a simple MMI action (eg a single MMI action for the Cab and Operational radios).,"13.2.2.3 (M): If the system is not able to connect the call, the system shall automatically keep trying to connect the call for 30 seconds.","(M) mandatory, (O) optional, (I) informative"
S0484,PURE,2007-eirene_fun_7-2,"If the system is not able to connect the call, the system shall automatically keep trying to connect the call for 30 seconds.",automatically keep trying to connect the call for 30 seconds,no,negation,no,negation,,"EIRENE Functional Requirements Specification, version 7",13.2.2.3,M,13 Railway emergency calls > 13.2 Management of Railway emergency calls > 13.2.2 Stage 1: Warning,13.2.2.2 (M): A connection of Railway emergency priority (see section 10.2) shall be established to a pre-determined set of receiving mobiles and controller(s).,13.2.2.3i (M): During this period the user shall be provided with an audible and visual indication that the system is trying to connect the call.,"(M) mandatory, (O) optional, (I) informative"
S0485,PURE,2007-eirene_fun_7-2,During this period the user shall be provided with an audible and visual indication that the system is trying to connect the call.,be provided with an audible and visual indication that the system is trying to connect the call,yes,,yes,,be provided with an audible and visual indication that the system is trying to connect the call,"EIRENE Functional Requirements Specification, version 7",13.2.2.3i,M,13 Railway emergency calls > 13.2 Management of Railway emergency calls > 13.2.2 Stage 1: Warning,"13.2.2.3 (M): If the system is not able to connect the call, the system shall automatically keep trying to connect the call for 30 seconds.","13.2.2.3ii (M): 13.2.2.3ii After the 30 second period, if the connection was unsuccessful, the system shall provide another audible and visual indication that it was unable to connect the call.","(M) mandatory, (O) optional, (I) informative"
S0486,PURE,2007-eirene_fun_7-2,"13.2.2.3ii After the 30 second period, if the connection was unsuccessful, the system shall provide another audible and visual indication that it was unable to connect the call.",provide another audible and visual indication that it was unable to connect the call,no,multi_sentence;list_or_heading_marker,no,multi_sentence;list_or_heading_marker,,"EIRENE Functional Requirements Specification, version 7",13.2.2.3ii,M,13 Railway emergency calls > 13.2 Management of Railway emergency calls > 13.2.2 Stage 1: Warning,13.2.2.3i (M): During this period the user shall be provided with an audible and visual indication that the system is trying to connect the call.,13.2.2.4 (M): An audible indication of 5 seconds (to be confirmed by trials) shall be provided to originating and receiving users that the emergency function has been activated.,"(M) mandatory, (O) optional, (I) informative"
S0487,PURE,2007-eirene_fun_7-2,An audible indication of 5 seconds (to be confirmed by trials) shall be provided to originating and receiving users that the emergency function has been activated.,be provided to originating and receiving users that the emergency function has been activated,yes,,no,not_sampled_mandatory_pool,,"EIRENE Functional Requirements Specification, version 7",13.2.2.4,M,13 Railway emergency calls > 13.2 Management of Railway emergency calls > 13.2.2 Stage 1: Warning,"13.2.2.3ii (M): 13.2.2.3ii After the 30 second period, if the connection was unsuccessful, the system shall provide another audible and visual indication that it was unable to connect the call.",13.2.2.5 (O): Different indications at the originating and receiving terminal may be provided.,"(M) mandatory, (O) optional, (I) informative"
S0488,PURE,2007-eirene_fun_7-2,Different indications at the originating and receiving terminal may be provided.,be provided,yes,,yes,,be provided,"EIRENE Functional Requirements Specification, version 7",13.2.2.5,O,13 Railway emergency calls > 13.2 Management of Railway emergency calls > 13.2.2 Stage 1: Warning,13.2.2.4 (M): An audible indication of 5 seconds (to be confirmed by trials) shall be provided to originating and receiving users that the emergency function has been activated.,13.2.2.6 (M): A continuous visual indication that the emergency function has been activated shall be provided at the originating and all receiving terminals.,"(M) mandatory, (O) optional, (I) informative"
S0489,PURE,2007-eirene_fun_7-2,A continuous visual indication that the emergency function has been activated shall be provided at the originating and all receiving terminals.,be provided at the originating and all receiving terminals,yes,,yes,,be provided at the originating and all receiving terminals,"EIRENE Functional Requirements Specification, version 7",13.2.2.6,M,13 Railway emergency calls > 13.2 Management of Railway emergency calls > 13.2.2 Stage 1: Warning,13.2.2.5 (O): Different indications at the originating and receiving terminal may be provided.,"13.2.2.7 (M): In the event that a train enters the affected area after the warning stage is complete, the same audible and visual indications shall be provided.","(M) mandatory, (O) optional, (I) informative"
S0490,PURE,2007-eirene_fun_7-2,"In the event that a train enters the affected area after the warning stage is complete, the same audible and visual indications shall be provided.","in the event that a train enters the affected area after the warning stage is complete, the same audible and visual indications shall be provided",no,residual_modal_in_capability;stranded_preposition,no,residual_modal_in_capability;stranded_preposition,,"EIRENE Functional Requirements Specification, version 7",13.2.2.7,M,13 Railway emergency calls > 13.2 Management of Railway emergency calls > 13.2.2 Stage 1: Warning,13.2.2.6 (M): A continuous visual indication that the emergency function has been activated shall be provided at the originating and all receiving terminals.,"13.2.3.1 (M): A speech connection shall be established immediately following the warning tone, to allow the originator of the emergency call, to give information concerning the nature of the emergency.","(M) mandatory, (O) optional, (I) informative"
S0491,PURE,2007-eirene_fun_7-2,"A speech connection shall be established immediately following the warning tone, to allow the originator of the emergency call, to give information concerning the nature of the emergency.","be established immediately following the warning tone, to allow the originator of the emergency call, to give information concerning the nature of the emergency",yes,,yes,,"be established immediately following the warning tone, to allow the originator of the emergency call, to give information concerning the nature of the emergency","EIRENE Functional Requirements Specification, version 7",13.2.3.1,M,13 Railway emergency calls > 13.2 Management of Railway emergency calls > 13.2.3 Stage 2: Information,"13.2.2.7 (M): In the event that a train enters the affected area after the warning stage is complete, the same audible and visual indications shall be provided.",13.2.3.1i (O): Speech should be possible to allow a controller receiving the warning tone to give information.,"(M) mandatory, (O) optional, (I) informative"
S0492,PURE,2007-eirene_fun_7-2,Speech should be possible to allow a controller receiving the warning tone to give information.,be possible to allow a controller receiving the warning tone to give information,no,residual_modal_in_capability,no,residual_modal_in_capability,,"EIRENE Functional Requirements Specification, version 7",13.2.3.1i,O,13 Railway emergency calls > 13.2 Management of Railway emergency calls > 13.2.3 Stage 2: Information,"13.2.3.1 (M): A speech connection shall be established immediately following the warning tone, to allow the originator of the emergency call, to give information concerning the nature of the emergency.","13.2.3.2 (O): Additionally, speech should be possible to allow other mobile users receiving the warning tone to give information.","(M) mandatory, (O) optional, (I) informative"
S0493,PURE,2007-eirene_fun_7-2,"Additionally, speech should be possible to allow other mobile users receiving the warning tone to give information.",be possible to allow other mobile users receiving the warning tone to give information,no,residual_modal_in_capability,no,residual_modal_in_capability,,"EIRENE Functional Requirements Specification, version 7",13.2.3.2,O,13 Railway emergency calls > 13.2 Management of Railway emergency calls > 13.2.3 Stage 2: Information,13.2.3.1i (O): Speech should be possible to allow a controller receiving the warning tone to give information.,13.2.3.3 (M): The information shall be received by the same set of users who received the warning tone.,"(M) mandatory, (O) optional, (I) informative"
S0494,PURE,2007-eirene_fun_7-2,The information shall be received by the same set of users who received the warning tone.,be received by the same set of users who received the warning tone,yes,,yes,,be received by the same set of users who received the warning tone,"EIRENE Functional Requirements Specification, version 7",13.2.3.3,M,13 Railway emergency calls > 13.2 Management of Railway emergency calls > 13.2.3 Stage 2: Information,"13.2.3.2 (O): Additionally, speech should be possible to allow other mobile users receiving the warning tone to give information.",13.2.4.1 (M): A Railway emergency call may only be terminated by:,"(M) mandatory, (O) optional, (I) informative"
S0495,PURE,2007-eirene_fun_7-2,A Railway emergency call may only be terminated by:,only be terminated by,no,colon_structure,no,colon_structure,,"EIRENE Functional Requirements Specification, version 7",13.2.4.1,M,13 Railway emergency calls > 13.2 Management of Railway emergency calls > 13.2.4 Stage 3: Terminate Railway emergency call,13.2.3.3 (M): The information shall be received by the same set of users who received the warning tone.,"13.2.4.2 (M): If the radio moves out of the area whilst the emergency call is in progress, an audible and visual indication of the loss of the call shall be provided to the user.","(M) mandatory, (O) optional, (I) informative"
S0496,PURE,2007-eirene_fun_7-2,"If the radio moves out of the area whilst the emergency call is in progress, an audible and visual indication of the loss of the call shall be provided to the user.","if the radio moves out of the area whilst the emergency call is in progress, an audible and visual indication of the loss of the call shall be provided to the user",no,residual_modal_in_capability,no,residual_modal_in_capability,,"EIRENE Functional Requirements Specification, version 7",13.2.4.2,M,13 Railway emergency calls > 13.2 Management of Railway emergency calls > 13.2.4 Stage 3: Terminate Railway emergency call,13.2.4.1 (M): A Railway emergency call may only be terminated by:,13.3.1 (M): Authorised EIRENE mobiles shall be able to receive a Railway emergency call at any time while the mobile is powered up.,"(M) mandatory, (O) optional, (I) informative"
S0497,PURE,2007-eirene_fun_7-2,Authorised EIRENE mobiles shall be able to receive a Railway emergency call at any time while the mobile is powered up.,receive a Railway emergency call at any time while the mobile is powered up,yes,,no,not_sampled_mandatory_pool,,"EIRENE Functional Requirements Specification, version 7",13.3.1,M,13 Railway emergency calls > 13.3 Receipt of Railway emergency calls,"13.2.4.2 (M): If the radio moves out of the area whilst the emergency call is in progress, an audible and visual indication of the loss of the call shall be provided to the user.","13.3.2: For Railway emergency calls initiated by a mobile, the controllers display will indicate: location; (O) the functional identity of the originating mobile, which includes the following: the train number, if available; (M) the engine number, if no train number is available; (M) the coach number of the leading cab, if neither a train number nor an engine number is available. (O)","(M) mandatory, (O) optional, (I) informative"
S0498,PURE,2007-eirene_fun_7-2,"For Railway emergency calls initiated by a mobile, the controllers display will indicate: location; the functional identity of the originating mobile, which includes the following: the train number, if available; the engine number, if no train number is available; the coach number of the leading cab, if neither a train number nor an engine number is available.","indicate: location; the functional identity of the originating mobile, which includes the following: the train number, if available; the engine number, if no train number is available; the coach number of the leading cab, if neither a train number nor an engine number is available",no,too_long;negation;possibly_multiple_capabilities;colon_structure;multiple_markers,no,too_long;negation;possibly_multiple_capabilities;colon_structure;multiple_markers,,"EIRENE Functional Requirements Specification, version 7",13.3.2,O,13 Railway emergency calls > 13.3 Receipt of Railway emergency calls,13.3.1 (M): Authorised EIRENE mobiles shall be able to receive a Railway emergency call at any time while the mobile is powered up.,"13.4.1 (I): For post-incident analysis, it is important that the origination and reception of Railway emergency calls by mobiles is confirmed by a message sent to a ground-based central location (and also recorded in the on-train recording device).","(M) mandatory, (O) optional, (I) informative"
S0499,PURE,2007-eirene_fun_7-2,"For post-incident analysis, it is important that the origination and reception of Railway emergency calls by mobiles is confirmed by a message sent to a ground-based central location (and also recorded in the on-train recording device).","for post-incident analysis, it is important that the origination and reception of Railway emergency calls by mobiles is confirmed by a message sent to a ground-based central location (and also recorded in the on-train recording device)",no,too_long;stranded_preposition;no_requirement_cue;informative_marker,no,too_long;stranded_preposition;no_requirement_cue;informative_marker,,"EIRENE Functional Requirements Specification, version 7",13.4.1,I,13 Railway emergency calls > 13.4 Confirmation of Railway emergency calls,"13.3.2: For Railway emergency calls initiated by a mobile, the controllers display will indicate: location; (O) the functional identity of the originating mobile, which includes the following: the train number, if available; (M) the engine number, if no train number is available; (M) the coach number of the leading cab, if neither a train number nor an engine number is available. (O)",13.4.2 (M): The confirmation shall be generated automatically without input from the user.,"(M) mandatory, (O) optional, (I) informative"
S0500,PURE,2007-eirene_fun_7-2,The confirmation shall be generated automatically without input from the user.,be generated automatically without input from the user,no,negation,no,negation,,"EIRENE Functional Requirements Specification, version 7",13.4.2,M,13 Railway emergency calls > 13.4 Confirmation of Railway emergency calls,"13.4.1 (I): For post-incident analysis, it is important that the origination and reception of Railway emergency calls by mobiles is confirmed by a message sent to a ground-based central location (and also recorded in the on-train recording device).",13.4.3 (M): The confirmation message shall commence at the end of the call or if the radio moves out of the call area.,"(M) mandatory, (O) optional, (I) informative"
S0501,PURE,2007-eirene_fun_7-2,The confirmation message shall commence at the end of the call or if the radio moves out of the call area.,commence at the end of the call or if the radio moves out of the call area,yes,,yes,,commence at the end of the call or if the radio moves out of the call area,"EIRENE Functional Requirements Specification, version 7",13.4.3,M,13 Railway emergency calls > 13.4 Confirmation of Railway emergency calls,13.4.2 (M): The confirmation shall be generated automatically without input from the user.,"13.4.4 (M): If the radio loses contact with the network, the mechanism shall commence as soon as possible on regaining communications, for up to a maximum of 5 minutes without achieving contact.","(M) mandatory, (O) optional, (I) informative"
S0502,PURE,2007-eirene_fun_7-2,"If the radio loses contact with the network, the mechanism shall commence as soon as possible on regaining communications, for up to a maximum of 5 minutes without achieving contact.","commence as soon as possible on regaining communications, for up to a maximum of 5 minutes without achieving contact",no,negation,no,negation,,"EIRENE Functional Requirements Specification, version 7",13.4.4,M,13 Railway emergency calls > 13.4 Confirmation of Railway emergency calls,13.4.3 (M): The confirmation message shall commence at the end of the call or if the radio moves out of the call area.,"13.4.5 (M): For Railway emergency calls initiated by a mobile, the automatic confirmation message of the initiating mobile shall contain:","(M) mandatory, (O) optional, (I) informative"
S0503,PURE,2007-eirene_fun_7-2,"For Railway emergency calls initiated by a mobile, the automatic confirmation message of the initiating mobile shall contain:",contain,no,empty_or_too_short_capability;colon_structure,no,empty_or_too_short_capability;colon_structure,,"EIRENE Functional Requirements Specification, version 7",13.4.5,M,13 Railway emergency calls > 13.4 Confirmation of Railway emergency calls,"13.4.4 (M): If the radio loses contact with the network, the mechanism shall commence as soon as possible on regaining communications, for up to a maximum of 5 minutes without achieving contact.","13.4.6 (M): For Railway emergency calls received by a mobile, the automatic confirmation message of the receiving mobile shall contain:","(M) mandatory, (O) optional, (I) informative"
S0504,PURE,2007-eirene_fun_7-2,"For Railway emergency calls received by a mobile, the automatic confirmation message of the receiving mobile shall contain:",contain,no,empty_or_too_short_capability;colon_structure,no,empty_or_too_short_capability;colon_structure,,"EIRENE Functional Requirements Specification, version 7",13.4.6,M,13 Railway emergency calls > 13.4 Confirmation of Railway emergency calls,"13.4.5 (M): For Railway emergency calls initiated by a mobile, the automatic confirmation message of the initiating mobile shall contain:",13.4.7 (M): The confirmation message shall be received at the central location with a 99% probability of success within 5 minutes of call termination.,"(M) mandatory, (O) optional, (I) informative"
S0505,PURE,2007-eirene_fun_7-2,The confirmation message shall be received at the central location with a 99% probability of success within 5 minutes of call termination.,be received at the central location with a 99% probability of success within 5 minutes of call termination,no,formula_or_symbol;symbol_heavy,no,formula_or_symbol;symbol_heavy,,"EIRENE Functional Requirements Specification, version 7",13.4.7,M,13 Railway emergency calls > 13.4 Confirmation of Railway emergency calls,"13.4.6 (M): For Railway emergency calls received by a mobile, the automatic confirmation message of the receiving mobile shall contain:",13.4.8 (M): The performance of the confirmation procedure shall not be dependent upon the current use of the mobile and shall not overload the network.,"(M) mandatory, (O) optional, (I) informative"
S0506,PURE,2007-eirene_fun_7-2,The performance of the confirmation procedure shall not be dependent upon the current use of the mobile and shall not overload the network.,not be dependent upon the current use of the mobile and shall not overload the network,no,negation;residual_modal_in_capability,no,negation;residual_modal_in_capability,,"EIRENE Functional Requirements Specification, version 7",13.4.8,M,13 Railway emergency calls > 13.4 Confirmation of Railway emergency calls,13.4.7 (M): The confirmation message shall be received at the central location with a 99% probability of success within 5 minutes of call termination.,14.1.1 (I): Shunting mode is the term used to describe the application that will regulate and control user access to facilities and features in the mobile while it is being used for shunting communications.,"(M) mandatory, (O) optional, (I) informative"
S0507,PURE,2007-eirene_fun_7-2,Shunting mode is the term used to describe the application that will regulate and control user access to facilities and features in the mobile while it is being used for shunting communications.,regulate and control user access to facilities and features in the mobile while it is being used for shunting communications,no,possibly_multiple_capabilities;informative_marker,no,possibly_multiple_capabilities;informative_marker,,"EIRENE Functional Requirements Specification, version 7",14.1.1,I,14 Shunting mode > 14.1 Introduction,13.4.8 (M): The performance of the confirmation procedure shall not be dependent upon the current use of the mobile and shall not overload the network.,14.1.2 (I): There is a requirement to regulate the membership of shunting groups to prevent uncontrolled membership.,"(M) mandatory, (O) optional, (I) informative"
S0508,PURE,2007-eirene_fun_7-2,There is a requirement to regulate the membership of shunting groups to prevent uncontrolled membership.,there is a requirement to regulate the membership of shunting groups to prevent uncontrolled membership,no,no_requirement_cue;informative_marker,no,no_requirement_cue;informative_marker,,"EIRENE Functional Requirements Specification, version 7",14.1.2,I,14 Shunting mode > 14.1 Introduction,14.1.1 (I): Shunting mode is the term used to describe the application that will regulate and control user access to facilities and features in the mobile while it is being used for shunting communications.,"14.1.3 (I): During specific shunting operations where the driver is not able to see the way ahead and where he is therefore relying on information from another shunting member, a link assurance signal is needed to provide reassurance during silent periods that the radio link is still established. This signal is also employed to provide reassurance that this other shunting member is not incapacitated.","(M) mandatory, (O) optional, (I) informative"
S0509,PURE,2007-eirene_fun_7-2,"During specific shunting operations where the driver is not able to see the way ahead and where he is therefore relying on information from another shunting member, a link assurance signal is needed to provide reassurance during silent periods that the radio link is still established. This signal is also employed to provide reassurance that this other shunting member is not incapacitated.","during specific shunting operations where the driver is not able to see the way ahead and where he is therefore relying on information from another shunting member, a link assurance signal is needed to provide reassurance during silent periods that the radio link is still established. This signal is also employed to provide reassurance that this other shunting member is not incapacitated",no,too_long;multi_sentence;negation;residual_modal_in_capability;informative_marker,no,too_long;multi_sentence;negation;residual_modal_in_capability;informative_marker,,"EIRENE Functional Requirements Specification, version 7",14.1.3,I,14 Shunting mode > 14.1 Introduction,14.1.2 (I): There is a requirement to regulate the membership of shunting groups to prevent uncontrolled membership.,14.2.1 (M): The shunting call shall be a group call and shall have Railway operation priority (see section 10.2).,"(M) mandatory, (O) optional, (I) informative"
S0510,PURE,2007-eirene_fun_7-2,The shunting call shall be a group call and shall have Railway operation priority (see section 10.2).,be a group call and shall have Railway operation priority (see section 10.2),no,multi_sentence;residual_modal_in_capability;table_or_figure_reference;list_or_heading_marker,no,multi_sentence;residual_modal_in_capability;table_or_figure_reference;list_or_heading_marker,,"EIRENE Functional Requirements Specification, version 7",14.2.1,M,14 Shunting mode > 14.2 Functional requirements,"14.1.3 (I): During specific shunting operations where the driver is not able to see the way ahead and where he is therefore relying on information from another shunting member, a link assurance signal is needed to provide reassurance during silent periods that the radio link is still established. This signal is also employed to provide reassurance that this other shunting member is not incapacitated.","14.2.2 (M): Throughout the duration of the shunting group call, it shall be possible for any member of the shunting group to speak to all other members of the group, using the PTT function (as described in sections 5.2.2.53, 6.2.2.12 and 7.2.2.20), except during transmission of the link assurance signal.","(M) mandatory, (O) optional, (I) informative"
S0511,PURE,2007-eirene_fun_7-2,"Throughout the duration of the shunting group call, it shall be possible for any member of the shunting group to speak to all other members of the group, using the PTT function (as described in sections 5.2.2.53, 6.2.2.12 and 7.2.2.20), except during transmission of the link assurance signal.","be possible for any member of the shunting group to speak to all other members of the group, using the PTT function (as described in sections 5.2.2.53, 6.2.2.12 and 7.2.2.20), except during transmission of the link assurance signal",no,too_long;multi_sentence;list_or_heading_marker,no,too_long;multi_sentence;list_or_heading_marker,,"EIRENE Functional Requirements Specification, version 7",14.2.2,M,14 Shunting mode > 14.2 Functional requirements,14.2.1 (M): The shunting call shall be a group call and shall have Railway operation priority (see section 10.2).,"14.2.2i (M): During the transmission of the link assurance signal, only the originator of the link assurance signal shall be able to speak to all other members using the PTT function.","(M) mandatory, (O) optional, (I) informative"
S0512,PURE,2007-eirene_fun_7-2,"During the transmission of the link assurance signal, only the originator of the link assurance signal shall be able to speak to all other members using the PTT function.",speak to all other members using the PTT function,yes,,yes,,speak to all other members using the PTT function,"EIRENE Functional Requirements Specification, version 7",14.2.2i,M,14 Shunting mode > 14.2 Functional requirements,"14.2.2 (M): Throughout the duration of the shunting group call, it shall be possible for any member of the shunting group to speak to all other members of the group, using the PTT function (as described in sections 5.2.2.53, 6.2.2.12 and 7.2.2.20), except during transmission of the link assurance signal.",14.2.3 (M): The shunting communication shall be protected from unintentional and unauthorised access.,"(M) mandatory, (O) optional, (I) informative"
S0513,PURE,2007-eirene_fun_7-2,The shunting communication shall be protected from unintentional and unauthorised access.,be protected from unintentional and unauthorised access,yes,,no,not_sampled_mandatory_pool,,"EIRENE Functional Requirements Specification, version 7",14.2.3,M,14 Shunting mode > 14.2 Functional requirements,"14.2.2i (M): During the transmission of the link assurance signal, only the originator of the link assurance signal shall be able to speak to all other members using the PTT function.",14.2.4 (M): It shall be possible for all mobile members of the shunting group (except the driver) to transmit a link assurance signal.,"(M) mandatory, (O) optional, (I) informative"
S0514,PURE,2007-eirene_fun_7-2,It shall be possible for all mobile members of the shunting group (except the driver) to transmit a link assurance signal.,be possible for all mobile members of the shunting group (except the driver) to transmit a link assurance signal,no,impersonal_construction,no,impersonal_construction,,"EIRENE Functional Requirements Specification, version 7",14.2.4,M,14 Shunting mode > 14.2 Functional requirements,14.2.3 (M): The shunting communication shall be protected from unintentional and unauthorised access.,"14.2.5 (M): Within the shunting group, it shall be possible for only one member of the group to transmit the link assurance signal at any time.","(M) mandatory, (O) optional, (I) informative"
S0515,PURE,2007-eirene_fun_7-2,"Within the shunting group, it shall be possible for only one member of the group to transmit the link assurance signal at any time.",be possible for only one member of the group to transmit the link assurance signal at any time,yes,,no,not_sampled_mandatory_pool,,"EIRENE Functional Requirements Specification, version 7",14.2.5,M,14 Shunting mode > 14.2 Functional requirements,14.2.4 (M): It shall be possible for all mobile members of the shunting group (except the driver) to transmit a link assurance signal.,14.2.6 (M): Operational radios used for shunting shall enable the link assurance signal to be activated and de-activated by the shunting group member.,"(M) mandatory, (O) optional, (I) informative"
S0516,PURE,2007-eirene_fun_7-2,Operational radios used for shunting shall enable the link assurance signal to be activated and de-activated by the shunting group member.,enable the link assurance signal to be activated and de-activated by the shunting group member,yes,,yes,,enable the link assurance signal to be activated and de-activated by the shunting group member,"EIRENE Functional Requirements Specification, version 7",14.2.6,M,14 Shunting mode > 14.2 Functional requirements,"14.2.5 (M): Within the shunting group, it shall be possible for only one member of the group to transmit the link assurance signal at any time.",14.2.7 (O): The link assurance signal should be used to reassure the driver of the integrity of the member at the head of the shunting movement.,"(M) mandatory, (O) optional, (I) informative"
S0517,PURE,2007-eirene_fun_7-2,The link assurance signal should be used to reassure the driver of the integrity of the member at the head of the shunting movement.,be used to reassure the driver of the integrity of the member at the head of the shunting movement,yes,,yes,,be used to reassure the driver of the integrity of the member at the head of the shunting movement,"EIRENE Functional Requirements Specification, version 7",14.2.7,O,14 Shunting mode > 14.2 Functional requirements,14.2.6 (M): Operational radios used for shunting shall enable the link assurance signal to be activated and de-activated by the shunting group member.,14.2.8 (M): Operational radios used for shunting shall be able to be switched between the following two operating modes by a maintenance function:,"(M) mandatory, (O) optional, (I) informative"
S0518,PURE,2007-eirene_fun_7-2,Operational radios used for shunting shall be able to be switched between the following two operating modes by a maintenance function:,be switched between the following two operating modes by a maintenance function,no,colon_structure,no,colon_structure,,"EIRENE Functional Requirements Specification, version 7",14.2.8,M,14 Shunting mode > 14.2 Functional requirements,14.2.7 (O): The link assurance signal should be used to reassure the driver of the integrity of the member at the head of the shunting movement.,"14.2.9 (M): The link assurance signal shall be used to provide an audible indication to all group members. For the driver, this indicates that the radio link is operational.","(M) mandatory, (O) optional, (I) informative"
S0519,PURE,2007-eirene_fun_7-2,"The link assurance signal shall be used to provide an audible indication to all group members. For the driver, this indicates that the radio link is operational.","be used to provide an audible indication to all group members. For the driver, this indicates that the radio link is operational",no,multi_sentence,no,multi_sentence,,"EIRENE Functional Requirements Specification, version 7",14.2.9,M,14 Shunting mode > 14.2 Functional requirements,14.2.8 (M): Operational radios used for shunting shall be able to be switched between the following two operating modes by a maintenance function:,14.2.10: Deleted.,"(M) mandatory, (O) optional, (I) informative"
S0520,PURE,2007-eirene_fun_7-2,It shall be possible for any member of the shunting group (including a driver) to transmit a shunting emergency call to all shunting groups in the area.,be possible for any member of the shunting group (including a driver) to transmit a shunting emergency call to all shunting groups in the area,no,impersonal_construction,no,impersonal_construction,,"EIRENE Functional Requirements Specification, version 7",14.2.11,M,14 Shunting mode > 14.2 Functional requirements,14.2.10: Deleted.,14.2.12 (M): It shall be possible for all shunting drivers and shunting group members to receive a shunting emergency call from any equipment capable of taking part in shunting communications. The shunting emergency call shall cause the audible link assurance signal to be interrupted.,"(M) mandatory, (O) optional, (I) informative"
S0521,PURE,2007-eirene_fun_7-2,It shall be possible for all shunting drivers and shunting group members to receive a shunting emergency call from any equipment capable of taking part in shunting communications. The shunting emergency call shall cause the audible link assurance signal to be interrupted.,be possible for all shunting drivers and shunting group members to receive a shunting emergency call from any equipment capable of taking part in shunting communications. The shunting emergency call shall cause the audible link assurance signal to be interrupted,no,too_long;multi_sentence;residual_modal_in_capability;impersonal_construction,no,too_long;multi_sentence;residual_modal_in_capability;impersonal_construction,,"EIRENE Functional Requirements Specification, version 7",14.2.12,M,14 Shunting mode > 14.2 Functional requirements,14.2.11 (M): It shall be possible for any member of the shunting group (including a driver) to transmit a shunting emergency call to all shunting groups in the area.,14.2.13 (O): It should be possible for the system to record:,"(M) mandatory, (O) optional, (I) informative"
S0522,PURE,2007-eirene_fun_7-2,It should be possible for the system to record:,be possible for the system to record,no,colon_structure;impersonal_construction,no,colon_structure;impersonal_construction,,"EIRENE Functional Requirements Specification, version 7",14.2.13,O,14 Shunting mode > 14.2 Functional requirements,14.2.12 (M): It shall be possible for all shunting drivers and shunting group members to receive a shunting emergency call from any equipment capable of taking part in shunting communications. The shunting emergency call shall cause the audible link assurance signal to be interrupted.,"14.2.14 (M): If a user, other than the shunting leader, attempts to make another call whilst being an active member of a shunting group, the attempt shall be ignored.","(M) mandatory, (O) optional, (I) informative"
S0523,PURE,2007-eirene_fun_7-2,"If a user, other than the shunting leader, attempts to make another call whilst being an active member of a shunting group, the attempt shall be ignored.","if a user, other than the shunting leader, attempts to make another call whilst being an active member of a shunting group, the attempt shall be ignored",no,residual_modal_in_capability,no,residual_modal_in_capability,,"EIRENE Functional Requirements Specification, version 7",14.2.14,M,14 Shunting mode > 14.2 Functional requirements,14.2.13 (O): It should be possible for the system to record:,"14.2.15 (M): If the radio is used by the team leader for a shunting group call (ie initiated the shunting group call), switching the radio off shall result in the termination of the shunting group call.","(M) mandatory, (O) optional, (I) informative"
S0524,PURE,2007-eirene_fun_7-2,"If the radio is used by the team leader for a shunting group call (ie initiated the shunting group call), switching the radio off shall result in the termination of the shunting group call.","if the radio is used by the team leader for a shunting group call (ie initiated the shunting group call), switching the radio off shall result in the termination of the shunting group call",no,residual_modal_in_capability,no,residual_modal_in_capability,,"EIRENE Functional Requirements Specification, version 7",14.2.15,M,14 Shunting mode > 14.2 Functional requirements,"14.2.14 (M): If a user, other than the shunting leader, attempts to make another call whilst being an active member of a shunting group, the attempt shall be ignored.",14.3.1 (M): A shunting group shall be able to consist of the following mobile members:,"(M) mandatory, (O) optional, (I) informative"
S0525,PURE,2007-eirene_fun_7-2,A shunting group shall be able to consist of the following mobile members:,consist of the following mobile members,no,colon_structure,no,colon_structure,,"EIRENE Functional Requirements Specification, version 7",14.3.1,M,14 Shunting mode > 14.3 Group membership,"14.2.15 (M): If the radio is used by the team leader for a shunting group call (ie initiated the shunting group call), switching the radio off shall result in the termination of the shunting group call.",14.3.2: In addition to the above shunting group members: a controller shall be able to be associated permanently or temporarily with the shunting group; (M) a shunting manager or other person capable of taking part in a shunting communication should be able to be temporarily associated with the shunting group. (O),"(M) mandatory, (O) optional, (I) informative"
S0526,PURE,2007-eirene_fun_7-2,In addition to the above shunting group members: a controller shall be able to be associated permanently or temporarily with the shunting group; a shunting manager or other person capable of taking part in a shunting communication should be able to be temporarily associated with the shunting group.,in addition to the above shunting group members: a controller shall be able to be associated permanently or temporarily with the shunting group; a shunting manager or other person capable of taking part in a shunting communication should be able to be temporarily associated with the shunting group,no,too_long;possibly_multiple_capabilities;residual_modal_in_capability;stranded_preposition;colon_structure;multiple_markers,no,too_long;possibly_multiple_capabilities;residual_modal_in_capability;stranded_preposition;colon_structure;multiple_markers,,"EIRENE Functional Requirements Specification, version 7",14.3.2,O,14 Shunting mode > 14.3 Group membership,14.3.1 (M): A shunting group shall be able to consist of the following mobile members:,"14.3.3 (M): It shall only be possible for the shunting leader to communicate with a person external to the ongoing shunting communication. This may be initiated by either the shunting leader or the external user. In the latter case, in order to avoid disturbing a shunting movement, the shunting leader should be informed by a visual and audible indication. The shunting leader can then choose the moment when he takes or rejects the call.","(M) mandatory, (O) optional, (I) informative"
S0527,PURE,2007-eirene_fun_7-2,"It shall only be possible for the shunting leader to communicate with a person external to the ongoing shunting communication. This may be initiated by either the shunting leader or the external user. In the latter case, in order to avoid disturbing a shunting movement, the shunting leader should be informed by a visual and audible indication. The shunting leader can then choose the moment when he takes or rejects the call.","only be possible for the shunting leader to communicate with a person external to the ongoing shunting communication. This may be initiated by either the shunting leader or the external user. In the latter case, in order to avoid disturbing a shunting movement, the shunting leader should be informed by a visual and audible indication. The shunting leader can then choose the moment when he takes or rejects the call",no,too_long;multi_sentence;possibly_multiple_capabilities;residual_modal_in_capability,no,too_long;multi_sentence;possibly_multiple_capabilities;residual_modal_in_capability,,"EIRENE Functional Requirements Specification, version 7",14.3.3,M,14 Shunting mode > 14.3 Group membership,14.3.2: In addition to the above shunting group members: a controller shall be able to be associated permanently or temporarily with the shunting group; (M) a shunting manager or other person capable of taking part in a shunting communication should be able to be temporarily associated with the shunting group. (O),14.3.4 (M): The shunting leader shall then be able to allow the external user to join the shunting communication.,"(M) mandatory, (O) optional, (I) informative"
S0528,PURE,2007-eirene_fun_7-2,The shunting leader shall then be able to allow the external user to join the shunting communication.,then be able to allow the external user to join the shunting communication,no,residual_modal_in_capability,no,residual_modal_in_capability,,"EIRENE Functional Requirements Specification, version 7",14.3.4,M,14 Shunting mode > 14.3 Group membership,"14.3.3 (M): It shall only be possible for the shunting leader to communicate with a person external to the ongoing shunting communication. This may be initiated by either the shunting leader or the external user. In the latter case, in order to avoid disturbing a shunting movement, the shunting leader should be informed by a visual and audible indication. The shunting leader can then choose the moment when he takes or rejects the call.",14.3.5 (I): National railways will be responsible for limiting the availability of equipment that is capable of taking part in shunting communications to persons that are authorised to engage in such communications.,"(M) mandatory, (O) optional, (I) informative"
S0529,PURE,2007-eirene_fun_7-2,National railways will be responsible for limiting the availability of equipment that is capable of taking part in shunting communications to persons that are authorised to engage in such communications.,be responsible for limiting the availability of equipment that is capable of taking part in shunting communications to persons that are authorised to engage in such communications,no,residual_modal_in_capability;informative_marker,no,residual_modal_in_capability;informative_marker,,"EIRENE Functional Requirements Specification, version 7",14.3.5,I,14 Shunting mode > 14.3 Group membership,14.3.4 (M): The shunting leader shall then be able to allow the external user to join the shunting communication.,14.4.1 (I): The link assurance signal is a means to provide end-to-end confirmation between users that a voice communication link remains intact. This facility is required principally for the safe conduct of pushing manoeuvres to assure continuing availability of the radio channel while a shunting worker is guiding a train driver.,"(M) mandatory, (O) optional, (I) informative"
S0530,PURE,2007-eirene_fun_7-2,The link assurance signal is a means to provide end-to-end confirmation between users that a voice communication link remains intact. This facility is required principally for the safe conduct of pushing manoeuvres to assure continuing availability of the radio channel while a shunting worker is guiding a train driver.,the link assurance signal is a means to provide end-to-end confirmation between users that a voice communication link remains intact. This facility is required principally for the safe conduct of pushing manoeuvres to assure continuing availability of the radio channel while a shunting worker is guiding a train driver,no,too_long;multi_sentence;informative_marker,no,too_long;multi_sentence;informative_marker,,"EIRENE Functional Requirements Specification, version 7",14.4.1,I,14 Shunting mode > 14.4 Link assurance signal,14.3.5 (I): National railways will be responsible for limiting the availability of equipment that is capable of taking part in shunting communications to persons that are authorised to engage in such communications.,"14.4.2 (M): The link assurance signal shall consist of an intermittent audio tone (between 800 and 850Hz). The tone shall be of one second duration, followed by an interval of two seconds.","(M) mandatory, (O) optional, (I) informative"
S0531,PURE,2007-eirene_fun_7-2,"The link assurance signal shall consist of an intermittent audio tone (between 800 and 850Hz). The tone shall be of one second duration, followed by an interval of two seconds.","consist of an intermittent audio tone (between 800 and 850Hz). The tone shall be of one second duration, followed by an interval of two seconds",no,multi_sentence;residual_modal_in_capability,no,multi_sentence;residual_modal_in_capability,,"EIRENE Functional Requirements Specification, version 7",14.4.2,M,14 Shunting mode > 14.4 Link assurance signal,14.4.1 (I): The link assurance signal is a means to provide end-to-end confirmation between users that a voice communication link remains intact. This facility is required principally for the safe conduct of pushing manoeuvres to assure continuing availability of the radio channel while a shunting worker is guiding a train driver.,"14.4.3 (O): In order to fulfil the requirements of some railways, it should be possible to provide an alternative means of link assurance indication.","(M) mandatory, (O) optional, (I) informative"
S0532,PURE,2007-eirene_fun_7-2,"In order to fulfil the requirements of some railways, it should be possible to provide an alternative means of link assurance indication.",be possible to provide an alternative means of link assurance indication,no,residual_modal_in_capability,no,residual_modal_in_capability,,"EIRENE Functional Requirements Specification, version 7",14.4.3,O,14 Shunting mode > 14.4 Link assurance signal,"14.4.2 (M): The link assurance signal shall consist of an intermittent audio tone (between 800 and 850Hz). The tone shall be of one second duration, followed by an interval of two seconds.","14.4.4 (I): This means will consist of an additional safety device (external to the radio system) interposed between the Cab radio and the loudspeaker with the purpose of muting the continuous link assurance signal for the drivers convenience. In this case, the safety device will alert the driver only if the link assurance signal has failed or if it is cancelled.","(M) mandatory, (O) optional, (I) informative"
S0533,PURE,2007-eirene_fun_7-2,"This means will consist of an additional safety device (external to the radio system) interposed between the Cab radio and the loudspeaker with the purpose of muting the continuous link assurance signal for the drivers convenience. In this case, the safety device will alert the driver only if the link assurance signal has failed or if it is cancelled.","consist of an additional safety device (external to the radio system) interposed between the Cab radio and the loudspeaker with the purpose of muting the continuous link assurance signal for the drivers convenience. In this case, the safety device will alert the driver only if the link assurance signal has failed or if it is cancelled",no,too_long;multi_sentence;possibly_multiple_capabilities;residual_modal_in_capability;informative_marker,no,too_long;multi_sentence;possibly_multiple_capabilities;residual_modal_in_capability;informative_marker,,"EIRENE Functional Requirements Specification, version 7",14.4.4,I,14 Shunting mode > 14.4 Link assurance signal,"14.4.3 (O): In order to fulfil the requirements of some railways, it should be possible to provide an alternative means of link assurance indication.",14.4.4i (M): Operational radios used for shunting shall be able to be switched between the following two operating modes by a maintenance function:,"(M) mandatory, (O) optional, (I) informative"
S0534,PURE,2007-eirene_fun_7-2,The link assurance signal shall be deactivated upon receipt of a shunting emergency call.,be deactivated upon receipt of a shunting emergency call,yes,,no,not_sampled_mandatory_pool,,"EIRENE Functional Requirements Specification, version 7",14.4.5,M,14 Shunting mode > 14.4 Link assurance signal,14.4.4i (M): Operational radios used for shunting shall be able to be switched between the following two operating modes by a maintenance function:,"14.4.6 (M): All members of the shunting group, other than the initiator of the link assurance signal, shall be unable to speak during the transmission of the link assurance signal. However, they shall be able to initiate a shunting emergency call at any time.","(M) mandatory, (O) optional, (I) informative"
S0535,PURE,2007-eirene_fun_7-2,"All members of the shunting group, other than the initiator of the link assurance signal, shall be unable to speak during the transmission of the link assurance signal. However, they shall be able to initiate a shunting emergency call at any time.","be unable to speak during the transmission of the link assurance signal. However, they shall be able to initiate a shunting emergency call at any time",no,too_long;multi_sentence;residual_modal_in_capability,no,too_long;multi_sentence;residual_modal_in_capability,,"EIRENE Functional Requirements Specification, version 7",14.4.6,M,14 Shunting mode > 14.4 Link assurance signal,14.4.5 (M): The link assurance signal shall be deactivated upon receipt of a shunting emergency call.,"14.5.1 (M): Operating flexibility: it shall be possible to modify a shunting groups composition during a working period. The process for acceptance (or rejection) of new members, and for admission and removal of temporary members, shall be simple.","(M) mandatory, (O) optional, (I) informative"
S0536,PURE,2007-eirene_fun_7-2,"Operating flexibility: it shall be possible to modify a shunting groups composition during a working period. The process for acceptance (or rejection) of new members, and for admission and removal of temporary members, shall be simple.","operating flexibility: it shall be possible to modify a shunting groups composition during a working period. The process for acceptance (or rejection) of new members, and for admission and removal of temporary members, shall be simple",no,too_long;multi_sentence;possibly_multiple_capabilities;residual_modal_in_capability;colon_structure,no,too_long;multi_sentence;possibly_multiple_capabilities;residual_modal_in_capability;colon_structure,,"EIRENE Functional Requirements Specification, version 7",14.5.1,M,14 Shunting mode > 14.5 Constraints,"14.4.6 (M): All members of the shunting group, other than the initiator of the link assurance signal, shall be unable to speak during the transmission of the link assurance signal. However, they shall be able to initiate a shunting emergency call at any time.","14.5.2 (M): Management flexibility: in a given area, a radio set shall be capable of operation in any of the shunting groups in use in that area, subject to any user access restrictions.","(M) mandatory, (O) optional, (I) informative"
S0537,PURE,2007-eirene_fun_7-2,"Management flexibility: in a given area, a radio set shall be capable of operation in any of the shunting groups in use in that area, subject to any user access restrictions.","management flexibility: in a given area, a radio set shall be capable of operation in any of the shunting groups in use in that area, subject to any user access restrictions",no,residual_modal_in_capability;colon_structure,no,residual_modal_in_capability;colon_structure,,"EIRENE Functional Requirements Specification, version 7",14.5.2,M,14 Shunting mode > 14.5 Constraints,"14.5.1 (M): Operating flexibility: it shall be possible to modify a shunting groups composition during a working period. The process for acceptance (or rejection) of new members, and for admission and removal of temporary members, shall be simple.",15.1.1 (I): The operational requirement for direct mode is to:,"(M) mandatory, (O) optional, (I) informative"
S0538,PURE,2007-eirene_fun_7-2,The operational requirement for direct mode is to:,the operational requirement for direct mode is to,no,no_requirement_cue;colon_structure;informative_marker,no,no_requirement_cue;colon_structure;informative_marker,,"EIRENE Functional Requirements Specification, version 7",15.1.1,I,15 Direct mode > 15.1 Introduction,"14.5.2 (M): Management flexibility: in a given area, a radio set shall be capable of operation in any of the shunting groups in use in that area, subject to any user access restrictions.","15.2.1 (O): Implementation of direct mode is optional. Where the facility is provided, the following requirements are mandatory.","(M) mandatory, (O) optional, (I) informative"
S0539,PURE,2007-eirene_fun_7-2,"Implementation of direct mode is optional. Where the facility is provided, the following requirements are mandatory.","implementation of direct mode is optional. Where the facility is provided, the following requirements are mandatory",no,multi_sentence,no,multi_sentence,,"EIRENE Functional Requirements Specification, version 7",15.2.1,O,15 Direct mode > 15.2 Functional requirements,15.1.1 (I): The operational requirement for direct mode is to:,"15.2.2: Principal requirements are: (M see above) a range of up to at least 2000m in open terrain between a direct mode transmitter and receiver; a voice only capability that supports the use of the link assurance signal; open channel mode of operation such that all users employing direct mode receive transmissions when in range of the transmitting user; it is sufficient that the user may talk or listen only, but not both. The ability to talk shall be achieved through use of the Push-To-Talk function; a minimum of one channel is to be available for use of direct mode facilities; if more than one channel is provided, there must be a function allowing the user to manually select the channel; where equipment provides both normal and direct mode capability, the user shall be able to switch between the two modes in a straightforward manner (but not by accident); the user may only select direct mode when the normal mobile telephony services are not available; controls shall be simple to use, eg: direct mode on/off switch; Push-To-Talk function; channel selection; volume control; battery warning for handportables; battery life for handportables operating in direct mode shall be a minimum of 8 hours based on the following cycle: 20% transmit; 20% receive; 60% stand-by; when direct mode is used as a fall-back, an audible and visual indication shall be provided of normal mobile telephony services returning.","(M) mandatory, (O) optional, (I) informative"
S0540,PURE,2007-eirene_fun_7-2,"Principal requirements are: (M see above) a range of up to at least 2000m in open terrain between a direct mode transmitter and receiver; a voice only capability that supports the use of the link assurance signal; open channel mode of operation such that all users employing direct mode receive transmissions when in range of the transmitting user; it is sufficient that the user may talk or listen only, but not both. The ability to talk shall be achieved through use of the Push-To-Talk function; a minimum of one channel is to be available for use of direct mode facilities; if more than one channel is provided, there must be a function allowing the user to manually select the channel; where equipment provides both normal and direct mode capability, the user shall be able to switch between the two modes in a straightforward manner (but not by accident); the user may only select direct mode when the normal mobile telephony services are not available; controls shall be simple to use, eg: direct mode on/off switch; Push-To-Talk function; channel selection; volume control; battery warning for handportables; battery life for handportables operating in direct mode shall be a minimum of 8 hours based on the following cycle: 20% transmit; 20% receive; 60% stand-by; when direct mode is used as a fall-back, an audible and visual indication shall be provided of normal mobile telephony services returning.","principal requirements are: (M see above) a range of up to at least 2000m in open terrain between a direct mode transmitter and receiver; a voice only capability that supports the use of the link assurance signal; open channel mode of operation such that all users employing direct mode receive transmissions when in range of the transmitting user; it is sufficient that the user may talk or listen only, but not both. The ability to talk shall be achieved through use of the Push-To-Talk function; a minimum of one channel is to be available for use of direct mode facilities; if more than one channel is provided, there must be a function allowing the user to manually select the channel; where equipment provides both normal and direct mode capability, the user shall be able to switch between the two modes in a straightforward manner (but not by accident); the user may only select direct mode when the normal mobile telephony services are not available; controls shall be simple to use, eg: direct mode on/off switch; Push-To-Talk function; channel selection; volume control; battery warning for handportables; battery life for handportables operating in direct mode shall be a minimum of 8 hours based on the following cycle: 20% transmit; 20% receive; 60% stand-by; when direct mode is used as a fall-back, an audible and visual indication shall be provided of normal mobile telephony services returning",no,too_long;multi_sentence;negation;formula_or_symbol;possibly_multiple_capabilities;residual_modal_in_capability;colon_structure;symbol_heavy;no_marker,no,too_long;multi_sentence;negation;formula_or_symbol;possibly_multiple_capabilities;residual_modal_in_capability;colon_structure;symbol_heavy;no_marker,,"EIRENE Functional Requirements Specification, version 7",15.2.2,,15 Direct mode > 15.2 Functional requirements,"15.2.1 (O): Implementation of direct mode is optional. Where the facility is provided, the following requirements are mandatory.",,"(M) mandatory, (O) optional, (I) informative"
S0541,PURE,2007-ertms,ETCS shall provide the driver with information to allow him to drive the train safely.,provide the driver with information to allow him to drive the train safely,yes,,yes,,provide the driver with information to allow him to drive the train safely,"ERTMS/ETCS Functional Requirements Specification, version 5.0",3.1.1.1a,M,General requirements > Basic functioning,,3.1.1.1b (M): ETCS shall be able to supervise train and shunting movements.,"(M) mandatory, (O) optional"
S0542,PURE,2007-ertms,ETCS shall be able to supervise train and shunting movements.,supervise train and shunting movements,yes,,no,not_sampled_mandatory_pool,,"ERTMS/ETCS Functional Requirements Specification, version 5.0",3.1.1.1b,M,General requirements > Basic functioning,3.1.1.1a (M): ETCS shall provide the driver with information to allow him to drive the train safely.,3.1.1.1c (M): If the supervision is performed by a RBC it shall be possible to prevent movements of a traction unit in its area if not authorised by the RBC.,"(M) mandatory, (O) optional"
S0543,PURE,2007-ertms,If the supervision is performed by a RBC it shall be possible to prevent movements of a traction unit in its area if not authorised by the RBC.,be possible to prevent movements of a traction unit in its area if not authorised by the RBC,no,negation;residual_modal_in_capability,no,negation;residual_modal_in_capability,,"ERTMS/ETCS Functional Requirements Specification, version 5.0",3.1.1.1c,M,General requirements > Basic functioning,3.1.1.1b (M): ETCS shall be able to supervise train and shunting movements.,3.1.1.10 (M): ETCS is required to be functional to a maximum train speed of 500 km/h.,"(M) mandatory, (O) optional"
S0544,PURE,2007-ertms,ETCS is required to be functional to a maximum train speed of 500 km/h.,ETCS is required to be functional to a maximum train speed of 500 km/h,yes,,yes,,ETCS is required to be functional to a maximum train speed of 500 km/h,"ERTMS/ETCS Functional Requirements Specification, version 5.0",3.1.1.10,M,General requirements > Basic functioning,3.1.1.1c (M): If the supervision is performed by a RBC it shall be possible to prevent movements of a traction unit in its area if not authorised by the RBC.,"3.2.1.3a (M): The following definitions shall apply for the ETCS application levels: Level 0: ETCS active for limited train control function; trackside not fitted with any train control system or fitted with a train control system for which no STM is available onboard. Level 1: Basic track to train information via intermittent transmission media, e.g. balises. This information can be supported by infill, transmitted via balise, loop or radio. Level 2: Basic track to train and train to track information via continuous transmission media, i.e. radio. The train detection is provided by trackside. Level 3: Same as level 2 except that train integrity is provided by onboard and therefore trackside. train detection is optional. Level STM (Specific Transmission Module): Track to train information provided by national system. Onboard functions provided by national system (STM) in co-operation with onboard ETCS.","(M) mandatory, (O) optional"
S0545,PURE,2007-ertms,"The following definitions shall apply for the ETCS application levels: Level 0: ETCS active for limited train control function; trackside not fitted with any train control system or fitted with a train control system for which no STM is available onboard. Level 1: Basic track to train information via intermittent transmission media, e.g. balises. This information can be supported by infill, transmitted via balise, loop or radio. Level 2: Basic track to train and train to track information via continuous transmission media, i.e. radio. The train detection is provided by trackside. Level 3: Same as level 2 except that train integrity is provided by onboard and therefore trackside. train detection is optional. Level STM (Specific Transmission Module): Track to train information provided by national system. Onboard functions provided by national system (STM) in co-operation with onboard ETCS.","apply for the ETCS application levels: Level 0: ETCS active for limited train control function; trackside not fitted with any train control system or fitted with a train control system for which no STM is available onboard. Level 1: Basic track to train information via intermittent transmission media, e.g. balises. This information can be supported by infill, transmitted via balise, loop or radio. Level 2: Basic track to train and train to track information via continuous transmission media, i.e. radio. The train detection is provided by trackside. Level 3: Same as level 2 except that train integrity is provided by onboard and therefore trackside. train detection is optional. Level STM (Specific Transmission Module): Track to train information provided by national system. Onboard functions provided by national system (STM) in co-operation with onboard ETCS",no,too_long;multi_sentence;negation;possibly_multiple_capabilities;residual_modal_in_capability;colon_structure;list_or_heading_marker,no,too_long;multi_sentence;negation;possibly_multiple_capabilities;residual_modal_in_capability;colon_structure;list_or_heading_marker,,"ERTMS/ETCS Functional Requirements Specification, version 5.0",3.2.1.3a,M,General requirements > Application levels,3.1.1.10 (M): ETCS is required to be functional to a maximum train speed of 500 km/h.,3.2.1.3b (O): It shall be possible to implement one or more of the ETCS application levels on a line.,"(M) mandatory, (O) optional"
S0546,PURE,2007-ertms,It shall be possible to implement one or more of the ETCS application levels on a line.,be possible to implement one or more of the ETCS application levels on a line,no,residual_modal_in_capability;impersonal_construction,no,residual_modal_in_capability;impersonal_construction,,"ERTMS/ETCS Functional Requirements Specification, version 5.0",3.2.1.3b,O,General requirements > Application levels,"3.2.1.3a (M): The following definitions shall apply for the ETCS application levels: Level 0: ETCS active for limited train control function; trackside not fitted with any train control system or fitted with a train control system for which no STM is available onboard. Level 1: Basic track to train information via intermittent transmission media, e.g. balises. This information can be supported by infill, transmitted via balise, loop or radio. Level 2: Basic track to train and train to track information via continuous transmission media, i.e. radio. The train detection is provided by trackside. Level 3: Same as level 2 except that train integrity is provided by onboard and therefore trackside. train detection is optional. Level STM (Specific Transmission Module): Track to train information provided by national system. Onboard functions provided by national system (STM) in co-operation with onboard ETCS.","3.2.1.3c (M): Trains equipped for ERTMS/ETCS application level 3 shall be able to run on lines equipped with ERTMS/ETCS application level 3, 2, 1 and 0, trains equipped for ERTMS/ETCS application level 2 shall be able to run on lines equipped with ERTMS/ETCS application level 2, 1 and 0 and trains equipped for ERTMS/ETCS application level 1 shall be able to run on lines equipped with ERTMS/ETCS application level 1 and 0.","(M) mandatory, (O) optional"
S0547,PURE,2007-ertms,"Trains equipped for ERTMS/ETCS application level 3 shall be able to run on lines equipped with ERTMS/ETCS application level 3, 2, 1 and 0, trains equipped for ERTMS/ETCS application level 2 shall be able to run on lines equipped with ERTMS/ETCS application level 2, 1 and 0 and trains equipped for ERTMS/ETCS application level 1 shall be able to run on lines equipped with ERTMS/ETCS application level 1 and 0.","run on lines equipped with ERTMS/ETCS application level 3, 2, 1 and 0, trains equipped for ERTMS/ETCS application level 2 shall be able to run on lines equipped with ERTMS/ETCS application level 2, 1 and 0 and trains equipped for ERTMS/ETCS application level 1 shall be able to run on lines equipped with ERTMS/ETCS application level 1 and 0",no,too_long;possibly_multiple_capabilities;residual_modal_in_capability;list_or_heading_marker,no,too_long;possibly_multiple_capabilities;residual_modal_in_capability;list_or_heading_marker,,"ERTMS/ETCS Functional Requirements Specification, version 5.0",3.2.1.3c,M,General requirements > Application levels,3.2.1.3b (O): It shall be possible to implement one or more of the ETCS application levels on a line.,3.2.1.3d (M): The current application level shall be indicated on the DMI.,"(M) mandatory, (O) optional"
S0548,PURE,2007-ertms,The current application level shall be indicated on the DMI.,be indicated on the DMI,yes,,no,not_sampled_mandatory_pool,,"ERTMS/ETCS Functional Requirements Specification, version 5.0",3.2.1.3d,M,General requirements > Application levels,"3.2.1.3c (M): Trains equipped for ERTMS/ETCS application level 3 shall be able to run on lines equipped with ERTMS/ETCS application level 3, 2, 1 and 0, trains equipped for ERTMS/ETCS application level 2 shall be able to run on lines equipped with ERTMS/ETCS application level 2, 1 and 0 and trains equipped for ERTMS/ETCS application level 1 shall be able to run on lines equipped with ERTMS/ETCS application level 1 and 0.","3.2.1.5 (M): The driver shall acknowledge the level transitions, if requested from trackside. If the driver does not acknowledge after the transition the brake shall be applied. If the driver acknowledges afterwards, the brake can be released","(M) mandatory, (O) optional"
S0549,PURE,2007-ertms,"The driver shall acknowledge the level transitions, if requested from trackside. If the driver does not acknowledge after the transition the brake shall be applied. If the driver acknowledges afterwards, the brake can be released","acknowledge the level transitions, if requested from trackside. If the driver does not acknowledge after the transition the brake shall be applied. If the driver acknowledges afterwards, the brake can be released",no,multi_sentence;negation;residual_modal_in_capability,no,multi_sentence;negation;residual_modal_in_capability,,"ERTMS/ETCS Functional Requirements Specification, version 5.0",3.2.1.5,M,General requirements > Application levels,3.2.1.3d (M): The current application level shall be indicated on the DMI.,3.7.1.1 (M): ETCS shall be compatible with existing national systems listed in the CCS TSI such that it does not interfere with the national systems and is not interfered with by the national systems.,"(M) mandatory, (O) optional"
S0550,PURE,2007-ertms,ETCS shall be compatible with existing national systems listed in the CCS TSI such that it does not interfere with the national systems and is not interfered with by the national systems.,be compatible with existing national systems listed in the CCS TSI such that it does not interfere with the national systems and is not interfered with by the national systems,no,negation,no,negation,,"ERTMS/ETCS Functional Requirements Specification, version 5.0",3.7.1.1,M,General requirements > Operation with existing national train control systems,"3.2.1.5 (M): The driver shall acknowledge the level transitions, if requested from trackside. If the driver does not acknowledge after the transition the brake shall be applied. If the driver acknowledges afterwards, the brake can be released",3.9.1.1 (M): The ETCS trainborne equipment shall be capable of supervising the following operational states: Full Supervision operation Partial Supervision operation Staff Responsible operation On Sight operation Unfitted Line operation Train Trip operation Post Trip operation National operation (STM) Tandem operation Multiple operation Shunting operation Stand By operation Reversing operation,"(M) mandatory, (O) optional"
S0551,PURE,2007-ertms,The ETCS trainborne equipment shall be capable of supervising the following operational states: Full Supervision operation Partial Supervision operation Staff Responsible operation On Sight operation Unfitted Line operation Train Trip operation Post Trip operation National operation (STM) Tandem operation Multiple operation Shunting operation Stand By operation Reversing operation,be capable of supervising the following operational states: Full Supervision operation Partial Supervision operation Staff Responsible operation On Sight operation Unfitted Line operation Train Trip operation Post Trip operation National operation (STM) Tandem operation Multiple operation Shunting operation Stand By operation Reversing operation,no,too_long;residual_modal_in_capability;colon_structure,no,too_long;residual_modal_in_capability;colon_structure,,"ERTMS/ETCS Functional Requirements Specification, version 5.0",3.9.1.1,M,General requirements > Operational states,3.7.1.1 (M): ETCS shall be compatible with existing national systems listed in the CCS TSI such that it does not interfere with the national systems and is not interfered with by the national systems.,3.9.1.2a (M): Any transition which occurs while the train is moving shall in principle occur automatically.,"(M) mandatory, (O) optional"
S0552,PURE,2007-ertms,Any transition which occurs while the train is moving shall in principle occur automatically.,in principle occur automatically,no,stranded_preposition,no,stranded_preposition,,"ERTMS/ETCS Functional Requirements Specification, version 5.0",3.9.1.2a,M,General requirements > Operational states,3.9.1.1 (M): The ETCS trainborne equipment shall be capable of supervising the following operational states: Full Supervision operation Partial Supervision operation Staff Responsible operation On Sight operation Unfitted Line operation Train Trip operation Post Trip operation National operation (STM) Tandem operation Multiple operation Shunting operation Stand By operation Reversing operation,"3.9.1.2b (M): Transitions which occur while the train is stationary, shall be initiated automatically or manually as appropriate.","(M) mandatory, (O) optional"
S0553,PURE,2007-ertms,"Transitions which occur while the train is stationary, shall be initiated automatically or manually as appropriate.",be initiated automatically or manually as appropriate,yes,,no,not_sampled_mandatory_pool,,"ERTMS/ETCS Functional Requirements Specification, version 5.0",3.9.1.2b,M,General requirements > Operational states,3.9.1.2a (M): Any transition which occurs while the train is moving shall in principle occur automatically.,"3.9.1.2c (M): If, as a result of an automatic transition, except for transitions to and from National Operation (STM), the responsibility for the driver increases, the ETCS shall seek an acknowledgement from the driver, whether the train is stationary or not.","(M) mandatory, (O) optional"
S0554,PURE,2007-ertms,"If, as a result of an automatic transition, except for transitions to and from National Operation (STM), the responsibility for the driver increases, the ETCS shall seek an acknowledgement from the driver, whether the train is stationary or not.","if, as a result of an automatic transition, except for transitions to and from National Operation (STM), the responsibility for the driver increases, the ETCS shall seek an acknowledgement from the driver, whether the train is stationary or not",no,too_long;negation;possibly_multiple_capabilities;residual_modal_in_capability,no,too_long;negation;possibly_multiple_capabilities;residual_modal_in_capability,,"ERTMS/ETCS Functional Requirements Specification, version 5.0",3.9.1.2c,M,General requirements > Operational states,"3.9.1.2b (M): Transitions which occur while the train is stationary, shall be initiated automatically or manually as appropriate.","3.9.1.2d (M): For transitions to and from National Operation (STM) the ETCS shall request, an acknowledgement by the driver.","(M) mandatory, (O) optional"
S0555,PURE,2007-ertms,"For transitions to and from National Operation (STM) the ETCS shall request, an acknowledgement by the driver.","request, an acknowledgement by the driver",yes,,no,not_sampled_mandatory_pool,,"ERTMS/ETCS Functional Requirements Specification, version 5.0",3.9.1.2d,M,General requirements > Operational states,"3.9.1.2c (M): If, as a result of an automatic transition, except for transitions to and from National Operation (STM), the responsibility for the driver increases, the ETCS shall seek an acknowledgement from the driver, whether the train is stationary or not.","3.9.1.2e (M): In case the transition has to be acknowledged and the driver fails to acknowledge as required, the ETCS shall initiate a brake application","(M) mandatory, (O) optional"
S0556,PURE,2007-ertms,"In case the transition has to be acknowledged and the driver fails to acknowledge as required, the ETCS shall initiate a brake application",initiate a brake application,yes,,no,not_sampled_mandatory_pool,,"ERTMS/ETCS Functional Requirements Specification, version 5.0",3.9.1.2e,M,General requirements > Operational states,"3.9.1.2d (M): For transitions to and from National Operation (STM) the ETCS shall request, an acknowledgement by the driver.",3.9.1.3 (M): During the transition period between two operational states (including two different national operations) the supervision provided shall at least ensure the same protection provided by the least restrictive state.,"(M) mandatory, (O) optional"
S0557,PURE,2007-ertms,During the transition period between two operational states (including two different national operations) the supervision provided shall at least ensure the same protection provided by the least restrictive state.,during the transition period between two operational states (including two different national operations) the supervision provided shall at least ensure the same protection provided by the least restrictive state,no,residual_modal_in_capability,no,residual_modal_in_capability,,"ERTMS/ETCS Functional Requirements Specification, version 5.0",3.9.1.3,M,General requirements > Operational states,"3.9.1.2e (M): In case the transition has to be acknowledged and the driver fails to acknowledge as required, the ETCS shall initiate a brake application","3.9.1.4 (M): If an ETCS equipped train passes a level transition to a line fitted with more than one level, the onboard shall switch to the highest level, according to the priority given by trackside, for which it is equipped.","(M) mandatory, (O) optional"
S0558,PURE,2007-ertms,"If an ETCS equipped train passes a level transition to a line fitted with more than one level, the onboard shall switch to the highest level, according to the priority given by trackside, for which it is equipped.","switch to the highest level, according to the priority given by trackside, for which it is equipped",no,too_long,no,too_long,,"ERTMS/ETCS Functional Requirements Specification, version 5.0",3.9.1.4,M,General requirements > Operational states,3.9.1.3 (M): During the transition period between two operational states (including two different national operations) the supervision provided shall at least ensure the same protection provided by the least restrictive state.,"3.9.1.5 (M): If an ETCS equipped train passes a level transition to one or more levels for which it is not equipped, ETCS shall initiate a brake application.","(M) mandatory, (O) optional"
S0559,PURE,2007-ertms,"If an ETCS equipped train passes a level transition to one or more levels for which it is not equipped, ETCS shall initiate a brake application.",initiate a brake application,no,negation,no,negation,,"ERTMS/ETCS Functional Requirements Specification, version 5.0",3.9.1.5,M,General requirements > Operational states,"3.9.1.4 (M): If an ETCS equipped train passes a level transition to a line fitted with more than one level, the onboard shall switch to the highest level, according to the priority given by trackside, for which it is equipped.",3.9.1.6 (M): The current operational status shall be indicated to the driver on the DMI,"(M) mandatory, (O) optional"
S0560,PURE,2007-ertms,The current operational status shall be indicated to the driver on the DMI,be indicated to the driver on the DMI,yes,,yes,,be indicated to the driver on the DMI,"ERTMS/ETCS Functional Requirements Specification, version 5.0",3.9.1.6,M,General requirements > Operational states,"3.9.1.5 (M): If an ETCS equipped train passes a level transition to one or more levels for which it is not equipped, ETCS shall initiate a brake application.",3.10.1.1 (M): The ETCS on-board shall be capable of receiving National values from the trackside to adapt to National requirements,"(M) mandatory, (O) optional"
S0561,PURE,2007-ertms,The ETCS on-board shall be capable of receiving National values from the trackside to adapt to National requirements,be capable of receiving National values from the trackside to adapt to National requirements,no,residual_modal_in_capability,no,residual_modal_in_capability,,"ERTMS/ETCS Functional Requirements Specification, version 5.0",3.10.1.1,M,General requirements > National values,3.9.1.6 (M): The current operational status shall be indicated to the driver on the DMI,3.10.1.3 (M): National values shall be applicable to a defined area,"(M) mandatory, (O) optional"
S0562,PURE,2007-ertms,National values shall be applicable to a defined area,be applicable to a defined area,yes,,yes,,be applicable to a defined area,"ERTMS/ETCS Functional Requirements Specification, version 5.0",3.10.1.3,M,General requirements > National values,3.10.1.1 (M): The ETCS on-board shall be capable of receiving National values from the trackside to adapt to National requirements,3.10.1.6 (M): Once received onboard the national values shall remain valid even if the onboard equipment is switched off,"(M) mandatory, (O) optional"
S0563,PURE,2007-ertms,Once received onboard the national values shall remain valid even if the onboard equipment is switched off,remain valid even if the onboard equipment is switched off,yes,,yes,,remain valid even if the onboard equipment is switched off,"ERTMS/ETCS Functional Requirements Specification, version 5.0",3.10.1.6,M,General requirements > National values,3.10.1.3 (M): National values shall be applicable to a defined area,"3.10.1.1 (M): If the on-board has no valid national values for the current location, default values shall be used by the onboard equipment.","(M) mandatory, (O) optional"
S0564,PURE,2007-ertms,"If the on-board has no valid national values for the current location, default values shall be used by the onboard equipment.",be used by the onboard equipment,no,negation,no,negation,,"ERTMS/ETCS Functional Requirements Specification, version 5.0",3.10.1.1,M,General requirements > Default values for the national values,3.10.1.6 (M): Once received onboard the national values shall remain valid even if the onboard equipment is switched off,"3.10.1.2 (M): Default values shall be harmonised values, permanently stored in all ERTMS/ETCS on board equipment","(M) mandatory, (O) optional"
S0565,PURE,2007-ertms,"Default values shall be harmonised values, permanently stored in all ERTMS/ETCS on board equipment","be harmonised values, permanently stored in all ERTMS/ETCS on board equipment",yes,,yes,,"be harmonised values, permanently stored in all ERTMS/ETCS on board equipment","ERTMS/ETCS Functional Requirements Specification, version 5.0",3.10.1.2,M,General requirements > Default values for the national values,"3.10.1.1 (M): If the on-board has no valid national values for the current location, default values shall be used by the onboard equipment.","4.1.1.3a (M): At Start Up, the on board equipment shall perform an automatic self-test.","(M) mandatory, (O) optional"
S0566,PURE,2007-ertms,"At Start Up, the on board equipment shall perform an automatic self-test.",perform an automatic self-test,yes,,no,not_sampled_mandatory_pool,,"ERTMS/ETCS Functional Requirements Specification, version 5.0",4.1.1.3a,M,Functions > Operational Functions > On Board Equipment self Test,"3.10.1.2 (M): Default values shall be harmonised values, permanently stored in all ERTMS/ETCS on board equipment",4.1.1.4b (M): The test shall require no action on the part of the driver.,"(M) mandatory, (O) optional"
S0567,PURE,2007-ertms,The test shall require no action on the part of the driver.,require no action on the part of the driver,no,negation,no,negation,,"ERTMS/ETCS Functional Requirements Specification, version 5.0",4.1.1.4b,M,Functions > Operational Functions > On Board Equipment self Test,"4.1.1.3a (M): At Start Up, the on board equipment shall perform an automatic self-test.",4.1.1.4c (M): The DMI shall indicate the result of the self-test.,"(M) mandatory, (O) optional"
S0568,PURE,2007-ertms,The DMI shall indicate the result of the self-test.,indicate the result of the self-test,yes,,yes,,indicate the result of the self-test,"ERTMS/ETCS Functional Requirements Specification, version 5.0",4.1.1.4c,M,Functions > Operational Functions > On Board Equipment self Test,4.1.1.4b (M): The test shall require no action on the part of the driver.,4.1.2.1a (M): Train data shall be entered before the on-board ETCS equipment allows train movement.,"(M) mandatory, (O) optional"
S0569,PURE,2007-ertms,Train data shall be entered before the on-board ETCS equipment allows train movement.,be entered before the on-board ETCS equipment allows train movement,yes,,yes,,be entered before the on-board ETCS equipment allows train movement,"ERTMS/ETCS Functional Requirements Specification, version 5.0",4.1.2.1a,M,Functions > Operational Functions > Train and driver Data Entry,4.1.1.4c (M): The DMI shall indicate the result of the self-test.,4.1.2.2 (M): The driver shall be able to select Train Data Entry on the DMI.,"(M) mandatory, (O) optional"
S0570,PURE,2007-ertms,The driver shall be able to select Train Data Entry on the DMI.,select Train Data Entry on the DMI,yes,,no,not_sampled_mandatory_pool,,"ERTMS/ETCS Functional Requirements Specification, version 5.0",4.1.2.2,M,Functions > Operational Functions > Train and driver Data Entry,4.1.2.1a (M): Train data shall be entered before the on-board ETCS equipment allows train movement.,4.1.2.3a (M): Entering or overwriting data manually by the driver shall be possible but only when stationary.,"(M) mandatory, (O) optional"
S0571,PURE,2007-ertms,Entering or overwriting data manually by the driver shall be possible but only when stationary.,be possible but only when stationary,yes,,yes,,be possible but only when stationary,"ERTMS/ETCS Functional Requirements Specification, version 5.0",4.1.2.3a,M,Functions > Operational Functions > Train and driver Data Entry,4.1.2.2 (M): The driver shall be able to select Train Data Entry on the DMI.,4.1.2.5a (O): Train data may be entered automatically from a railway management system or from train memory.,"(M) mandatory, (O) optional"
S0572,PURE,2007-ertms,Train data may be entered automatically from a railway management system or from train memory.,be entered automatically from a railway management system or from train memory,yes,,yes,,be entered automatically from a railway management system or from train memory,"ERTMS/ETCS Functional Requirements Specification, version 5.0",4.1.2.5a,O,Functions > Operational Functions > Train and driver Data Entry,4.1.2.3a (M): Entering or overwriting data manually by the driver shall be possible but only when stationary.,4.1.2.9 (M): The driver shall be able to consult train data when the train is stationary or moving.,"(M) mandatory, (O) optional"
S0573,PURE,2007-ertms,The driver shall be able to consult train data when the train is stationary or moving.,consult train data when the train is stationary or moving,yes,,no,not_sampled_mandatory_pool,,"ERTMS/ETCS Functional Requirements Specification, version 5.0",4.1.2.9,M,Functions > Operational Functions > Train and driver Data Entry,4.1.2.5a (O): Train data may be entered automatically from a railway management system or from train memory.,4.1.2.10 (M): Current train data shall be stored (except at transition to shunting) in the ETCS equipment until the traction unit is not operative.,"(M) mandatory, (O) optional"
S0574,PURE,2007-ertms,Current train data shall be stored (except at transition to shunting) in the ETCS equipment until the traction unit is not operative.,be stored (except at transition to shunting) in the ETCS equipment until the traction unit is not operative,no,negation,no,negation,,"ERTMS/ETCS Functional Requirements Specification, version 5.0",4.1.2.10,M,Functions > Operational Functions > Train and driver Data Entry,4.1.2.9 (M): The driver shall be able to consult train data when the train is stationary or moving.,4.1.2.11 (M): Stored train data shall be offered to the driver to be confirmed when Data Entry starts.,"(M) mandatory, (O) optional"
S0575,PURE,2007-ertms,Stored train data shall be offered to the driver to be confirmed when Data Entry starts.,be offered to the driver to be confirmed when Data Entry starts,yes,,no,not_sampled_mandatory_pool,,"ERTMS/ETCS Functional Requirements Specification, version 5.0",4.1.2.11,M,Functions > Operational Functions > Train and driver Data Entry,4.1.2.10 (M): Current train data shall be stored (except at transition to shunting) in the ETCS equipment until the traction unit is not operative.,"4.1.2.13 (M): The system for Train Data Entry shall provide for the input of other data required by STMs connected to ETCS. This may require additional items, not required for ETCS, to be entered.","(M) mandatory, (O) optional"
S0576,PURE,2007-ertms,"The system for Train Data Entry shall provide for the input of other data required by STMs connected to ETCS. This may require additional items, not required for ETCS, to be entered.","provide for the input of other data required by STMs connected to ETCS. This may require additional items, not required for ETCS, to be entered",no,multi_sentence;negation;residual_modal_in_capability,no,multi_sentence;negation;residual_modal_in_capability,,"ERTMS/ETCS Functional Requirements Specification, version 5.0",4.1.2.13,M,Functions > Operational Functions > Train and driver Data Entry,4.1.2.11 (M): Stored train data shall be offered to the driver to be confirmed when Data Entry starts.,4.1.2.14a (M): The entry of driver identification and the selection of the language shall be possible.,"(M) mandatory, (O) optional"
S0577,PURE,2007-ertms,The entry of driver identification and the selection of the language shall be possible.,be possible,yes,,yes,,be possible,"ERTMS/ETCS Functional Requirements Specification, version 5.0",4.1.2.14a,M,Functions > Operational Functions > Train and driver Data Entry,"4.1.2.13 (M): The system for Train Data Entry shall provide for the input of other data required by STMs connected to ETCS. This may require additional items, not required for ETCS, to be entered.",4.1.2.14b (M): The change of driver identification during a journey or a Train Running Number shall be possible,"(M) mandatory, (O) optional"
S0578,PURE,2007-ertms,The change of driver identification during a journey or a Train Running Number shall be possible,be possible,yes,,yes,,be possible,"ERTMS/ETCS Functional Requirements Specification, version 5.0",4.1.2.14b,M,Functions > Operational Functions > Train and driver Data Entry,4.1.2.14a (M): The entry of driver identification and the selection of the language shall be possible.,"4.1.2.15 (M): Following successful completion of Train Data Entry, the driver shall be able to perform shunting movements or train movements.","(M) mandatory, (O) optional"
S0579,PURE,2007-ertms,"Following successful completion of Train Data Entry, the driver shall be able to perform shunting movements or train movements.",perform shunting movements or train movements,yes,,yes,,perform shunting movements or train movements,"ERTMS/ETCS Functional Requirements Specification, version 5.0",4.1.2.15,M,Functions > Operational Functions > Train and driver Data Entry,4.1.2.14b (M): The change of driver identification during a journey or a Train Running Number shall be possible,"4.1.2.16 (M): The following data may be entered manually by the driver or from train memory: Driver identification Train identification (train number) STM ready for use Data required for brake calculation Maximum train speed Train length Status of air tight system Type of electric power accepted Data additional required for STM (if any) International train category Train gauge Maximum axle load of the train with a resolution of 0,5 t","(M) mandatory, (O) optional"
S0580,PURE,2007-ertms,"The following data may be entered manually by the driver or from train memory: Driver identification Train identification (train number) STM ready for use Data required for brake calculation Maximum train speed Train length Status of air tight system Type of electric power accepted Data additional required for STM (if any) International train category Train gauge Maximum axle load of the train with a resolution of 0,5 t","be entered manually by the driver or from train memory: Driver identification Train identification (train number) STM ready for use Data required for brake calculation Maximum train speed Train length Status of air tight system Type of electric power accepted Data additional required for STM (if any) International train category Train gauge Maximum axle load of the train with a resolution of 0,5 t",no,too_long;colon_structure,no,too_long;colon_structure,,"ERTMS/ETCS Functional Requirements Specification, version 5.0",4.1.2.16,M,Functions > Operational Functions > Train and driver Data Entry,"4.1.2.15 (M): Following successful completion of Train Data Entry, the driver shall be able to perform shunting movements or train movements.","4.1.2.16 (O): The following data may be entered manually by the driver provided by external sources : Driver identification Train identification (train number) STM ready for use Data required for brake calculation Maximum train speed Train length Status of air tight system Type of electric power accepted Data additional required for STM (if any) International train category Train gauge Maximum axle load of the train with a resolution of 0,5 t","(M) mandatory, (O) optional"
S0581,PURE,2007-ertms,"The following data may be entered manually by the driver provided by external sources : Driver identification Train identification (train number) STM ready for use Data required for brake calculation Maximum train speed Train length Status of air tight system Type of electric power accepted Data additional required for STM (if any) International train category Train gauge Maximum axle load of the train with a resolution of 0,5 t","be entered manually by the driver provided by external sources : Driver identification Train identification (train number) STM ready for use Data required for brake calculation Maximum train speed Train length Status of air tight system Type of electric power accepted Data additional required for STM (if any) International train category Train gauge Maximum axle load of the train with a resolution of 0,5 t",no,too_long;colon_structure,no,too_long;colon_structure,,"ERTMS/ETCS Functional Requirements Specification, version 5.0",4.1.2.16,O,Functions > Operational Functions > Train and driver Data Entry,"4.1.2.16 (M): The following data may be entered manually by the driver or from train memory: Driver identification Train identification (train number) STM ready for use Data required for brake calculation Maximum train speed Train length Status of air tight system Type of electric power accepted Data additional required for STM (if any) International train category Train gauge Maximum axle load of the train with a resolution of 0,5 t",4.1.2.17 (M): If the onboard fails to contact the RBC when awakening the driver shall be asked to enter the RBC contact details,"(M) mandatory, (O) optional"
S0582,PURE,2007-ertms,If the onboard fails to contact the RBC when awakening the driver shall be asked to enter the RBC contact details,be asked to enter the RBC contact details,yes,,yes,,be asked to enter the RBC contact details,"ERTMS/ETCS Functional Requirements Specification, version 5.0",4.1.2.17,M,Functions > Operational Functions > Train and driver Data Entry,"4.1.2.16 (O): The following data may be entered manually by the driver provided by external sources : Driver identification Train identification (train number) STM ready for use Data required for brake calculation Maximum train speed Train length Status of air tight system Type of electric power accepted Data additional required for STM (if any) International train category Train gauge Maximum axle load of the train with a resolution of 0,5 t","4.1.3.1 (M): An ETCS equipped traction unit shall be capable of being moved in Shunting without train data, track data or movement authority.","(M) mandatory, (O) optional"
S0583,PURE,2007-ertms,"An ETCS equipped traction unit shall be capable of being moved in Shunting without train data, track data or movement authority.","be capable of being moved in Shunting without train data, track data or movement authority",no,negation;residual_modal_in_capability,no,negation;residual_modal_in_capability,,"ERTMS/ETCS Functional Requirements Specification, version 5.0",4.1.3.1,M,Functions > Operational Functions > Shunting operation,4.1.2.17 (M): If the onboard fails to contact the RBC when awakening the driver shall be asked to enter the RBC contact details,4.1.3.2a (M): Transfer to Shunting on driver’s selection shall only be possible when stationary.,"(M) mandatory, (O) optional"
S0584,PURE,2007-ertms,Transfer to Shunting on driver’s selection shall only be possible when stationary.,only be possible when stationary,yes,,yes,,only be possible when stationary,"ERTMS/ETCS Functional Requirements Specification, version 5.0",4.1.3.2a,M,Functions > Operational Functions > Shunting operation,"4.1.3.1 (M): An ETCS equipped traction unit shall be capable of being moved in Shunting without train data, track data or movement authority.",4.1.3.2c (M): To prevent unauthorised use of the function permission shall be obtained from the RBC if the train is operating under the control of the RBC.,"(M) mandatory, (O) optional"
S0585,PURE,2007-ertms,To prevent unauthorised use of the function permission shall be obtained from the RBC if the train is operating under the control of the RBC.,be obtained from the RBC if the train is operating under the control of the RBC,yes,,yes,,be obtained from the RBC if the train is operating under the control of the RBC,"ERTMS/ETCS Functional Requirements Specification, version 5.0",4.1.3.2c,M,Functions > Operational Functions > Shunting operation,4.1.3.2a (M): Transfer to Shunting on driver’s selection shall only be possible when stationary.,4.1.3.2d (M): Permission received shall be indicated to the driver.,"(M) mandatory, (O) optional"
S0586,PURE,2007-ertms,Permission received shall be indicated to the driver.,be indicated to the driver,yes,,yes,,be indicated to the driver,"ERTMS/ETCS Functional Requirements Specification, version 5.0",4.1.3.2d,M,Functions > Operational Functions > Shunting operation,4.1.3.2c (M): To prevent unauthorised use of the function permission shall be obtained from the RBC if the train is operating under the control of the RBC.,"4.1.3.3 (M): It shall be possible to manually select Shunting from Stand By operation, Full Supervision operation or Partial Supervision operation","(M) mandatory, (O) optional"
S0587,PURE,2007-ertms,"It shall be possible to manually select Shunting from Stand By operation, Full Supervision operation or Partial Supervision operation","be possible to manually select Shunting from Stand By operation, Full Supervision operation or Partial Supervision operation",no,residual_modal_in_capability;impersonal_construction,no,residual_modal_in_capability;impersonal_construction,,"ERTMS/ETCS Functional Requirements Specification, version 5.0",4.1.3.3,M,Functions > Operational Functions > Shunting operation,4.1.3.2d (M): Permission received shall be indicated to the driver.,4.1.3.4a (M): Automatic transfer to Shunting may be from Full Supervision operation and Partial Supervision operation status at any speed lower than or equal to the supervised shunting speed based on trackside information.,"(M) mandatory, (O) optional"
S0588,PURE,2007-ertms,Automatic transfer to Shunting may be from Full Supervision operation and Partial Supervision operation status at any speed lower than or equal to the supervised shunting speed based on trackside information.,be from Full Supervision operation and Partial Supervision operation status at any speed lower than or equal to the supervised shunting speed based on trackside information,no,possibly_multiple_capabilities,no,possibly_multiple_capabilities,,"ERTMS/ETCS Functional Requirements Specification, version 5.0",4.1.3.4a,M,Functions > Operational Functions > Shunting operation,"4.1.3.3 (M): It shall be possible to manually select Shunting from Stand By operation, Full Supervision operation or Partial Supervision operation","4.1.3.4b (M): Before authomatic transition to Shunting, ETCS shall request confirmation from the driver.","(M) mandatory, (O) optional"
S0589,PURE,2007-ertms,"Before authomatic transition to Shunting, ETCS shall request confirmation from the driver.",request confirmation from the driver,yes,,no,not_sampled_mandatory_pool,,"ERTMS/ETCS Functional Requirements Specification, version 5.0",4.1.3.4b,M,Functions > Operational Functions > Shunting operation,4.1.3.4a (M): Automatic transfer to Shunting may be from Full Supervision operation and Partial Supervision operation status at any speed lower than or equal to the supervised shunting speed based on trackside information.,4.1.3.5a (M): ETCS shall supervise Shunting operation to a permitted national speed value.,"(M) mandatory, (O) optional"
S0590,PURE,2007-ertms,ETCS shall supervise Shunting operation to a permitted national speed value.,supervise Shunting operation to a permitted national speed value,yes,,yes,,supervise Shunting operation to a permitted national speed value,"ERTMS/ETCS Functional Requirements Specification, version 5.0",4.1.3.5a,M,Functions > Operational Functions > Shunting operation,"4.1.3.4b (M): Before authomatic transition to Shunting, ETCS shall request confirmation from the driver.",4.1.3.5b (M): The supervised Shunting speed shall be indicated to the driver on request.,"(M) mandatory, (O) optional"
S0591,PURE,2007-ertms,The supervised Shunting speed shall be indicated to the driver on request.,be indicated to the driver on request,yes,,no,not_sampled_mandatory_pool,,"ERTMS/ETCS Functional Requirements Specification, version 5.0",4.1.3.5b,M,Functions > Operational Functions > Shunting operation,4.1.3.5a (M): ETCS shall supervise Shunting operation to a permitted national speed value.,"4.1.3.6 (M): It shall be possible to apply the train trip function, if the shunting movement passes a signal showing ""danger for shunting"".","(M) mandatory, (O) optional"
S0592,PURE,2007-ertms,"It shall be possible to apply the train trip function, if the shunting movement passes a signal showing ""danger for shunting"".","be possible to apply the train trip function, if the shunting movement passes a signal showing ""danger for shunting",no,residual_modal_in_capability;impersonal_construction,no,residual_modal_in_capability;impersonal_construction,,"ERTMS/ETCS Functional Requirements Specification, version 5.0",4.1.3.6,M,Functions > Operational Functions > Shunting operation,4.1.3.5b (M): The supervised Shunting speed shall be indicated to the driver on request.,4.1.3.8a (M): Exit from Shunting shall only be possible when the train is stationary.,"(M) mandatory, (O) optional"
S0593,PURE,2007-ertms,Exit from Shunting shall only be possible when the train is stationary.,only be possible when the train is stationary,yes,,yes,,only be possible when the train is stationary,"ERTMS/ETCS Functional Requirements Specification, version 5.0",4.1.3.8a,M,Functions > Operational Functions > Shunting operation,"4.1.3.6 (M): It shall be possible to apply the train trip function, if the shunting movement passes a signal showing ""danger for shunting"".",4.1.3.8b (M): Exit from Shunting shall take place when the driver selects exit from shunting.,"(M) mandatory, (O) optional"
S0594,PURE,2007-ertms,Exit from Shunting shall take place when the driver selects exit from shunting.,take place when the driver selects exit from shunting,yes,,no,not_sampled_mandatory_pool,,"ERTMS/ETCS Functional Requirements Specification, version 5.0",4.1.3.8b,M,Functions > Operational Functions > Shunting operation,4.1.3.8a (M): Exit from Shunting shall only be possible when the train is stationary.,"4.1.4.1 (M): Partial Supervision shall be selected either by the Driver, or by information received from track-to-train transmission.","(M) mandatory, (O) optional"
S0595,PURE,2007-ertms,"Partial Supervision shall be selected either by the Driver, or by information received from track-to-train transmission.","be selected either by the Driver, or by information received from track-to-train transmission",yes,,no,not_sampled_mandatory_pool,,"ERTMS/ETCS Functional Requirements Specification, version 5.0",4.1.4.1,M,Functions > Operational Functions > Partial Supervision,4.1.3.8b (M): Exit from Shunting shall take place when the driver selects exit from shunting.,4.1.4.2a (M): If acknowledgement is specified the driver shall acknowledge transfer from Full Supervision to Partial Supervision within 5 seconds,"(M) mandatory, (O) optional"
S0596,PURE,2007-ertms,If acknowledgement is specified the driver shall acknowledge transfer from Full Supervision to Partial Supervision within 5 seconds,acknowledge transfer from Full Supervision to Partial Supervision within 5 seconds,yes,,no,not_sampled_mandatory_pool,,"ERTMS/ETCS Functional Requirements Specification, version 5.0",4.1.4.2a,M,Functions > Operational Functions > Partial Supervision,"4.1.4.1 (M): Partial Supervision shall be selected either by the Driver, or by information received from track-to-train transmission.",4.1.4.3 (M): Partial Supervision shall be indicated on the DMI.,"(M) mandatory, (O) optional"
S0597,PURE,2007-ertms,Partial Supervision shall be indicated on the DMI.,be indicated on the DMI,yes,,yes,,be indicated on the DMI,"ERTMS/ETCS Functional Requirements Specification, version 5.0",4.1.4.3,M,Functions > Operational Functions > Partial Supervision,4.1.4.2a (M): If acknowledgement is specified the driver shall acknowledge transfer from Full Supervision to Partial Supervision within 5 seconds,4.1.4.4a (M): In Partial Supervision the train shall be supervised according to train speed and distance data available.,"(M) mandatory, (O) optional"
S0598,PURE,2007-ertms,In Partial Supervision the train shall be supervised according to train speed and distance data available.,be supervised according to train speed and distance data available,yes,,no,not_sampled_mandatory_pool,,"ERTMS/ETCS Functional Requirements Specification, version 5.0",4.1.4.4a,M,Functions > Operational Functions > Partial Supervision,4.1.4.3 (M): Partial Supervision shall be indicated on the DMI.,4.1.4.4b (M): The train shall have the capability of being supervised to a ceiling speed.,"(M) mandatory, (O) optional"
S0599,PURE,2007-ertms,The train shall have the capability of being supervised to a ceiling speed.,have the capability of being supervised to a ceiling speed,yes,,yes,,have the capability of being supervised to a ceiling speed,"ERTMS/ETCS Functional Requirements Specification, version 5.0",4.1.4.4b,M,Functions > Operational Functions > Partial Supervision,4.1.4.4a (M): In Partial Supervision the train shall be supervised according to train speed and distance data available.,4.1.4.4c (M): This ceiling speed shall not be shown continually on the DMI but may be shown momentarily when selected by the driver.,"(M) mandatory, (O) optional"
S0600,PURE,2007-ertms,This ceiling speed shall not be shown continually on the DMI but may be shown momentarily when selected by the driver.,not be shown continually on the DMI but may be shown momentarily when selected by the driver,no,negation;residual_modal_in_capability,no,negation;residual_modal_in_capability,,"ERTMS/ETCS Functional Requirements Specification, version 5.0",4.1.4.4c,M,Functions > Operational Functions > Partial Supervision,4.1.4.4b (M): The train shall have the capability of being supervised to a ceiling speed.,"4.1.4.6 (M): The train shall leave Partial Supervision when the trainborne equipment is not operative any longer, when Shunting is selected or when Full Supervision is available.","(M) mandatory, (O) optional"
S0601,PURE,2007-ertms,"The train shall leave Partial Supervision when the trainborne equipment is not operative any longer, when Shunting is selected or when Full Supervision is available.","leave Partial Supervision when the trainborne equipment is not operative any longer, when Shunting is selected or when Full Supervision is available",no,negation,no,negation,,"ERTMS/ETCS Functional Requirements Specification, version 5.0",4.1.4.6,M,Functions > Operational Functions > Partial Supervision,4.1.4.4c (M): This ceiling speed shall not be shown continually on the DMI but may be shown momentarily when selected by the driver.,4.1.4.7 (M): It shall be possible to order a train trip when passing a stop signal,"(M) mandatory, (O) optional"
S0602,PURE,2007-ertms,It shall be possible to order a train trip when passing a stop signal,be possible to order a train trip when passing a stop signal,no,residual_modal_in_capability;impersonal_construction,no,residual_modal_in_capability;impersonal_construction,,"ERTMS/ETCS Functional Requirements Specification, version 5.0",4.1.4.7,M,Functions > Operational Functions > Partial Supervision,"4.1.4.6 (M): The train shall leave Partial Supervision when the trainborne equipment is not operative any longer, when Shunting is selected or when Full Supervision is available.",4.1.5.1a (M): Transferring to Full Supervision shall occur automatically when a movement authority and all other necessary information is received through track-to-train transmission.,"(M) mandatory, (O) optional"
S0603,PURE,2007-ertms,Transferring to Full Supervision shall occur automatically when a movement authority and all other necessary information is received through track-to-train transmission.,occur automatically when a movement authority and all other necessary information is received through track-to-train transmission,yes,,yes,,occur automatically when a movement authority and all other necessary information is received through track-to-train transmission,"ERTMS/ETCS Functional Requirements Specification, version 5.0",4.1.5.1a,M,Functions > Operational Functions > Full Supervision operation,4.1.4.7 (M): It shall be possible to order a train trip when passing a stop signal,4.1.5.1b (M): It shall be possible for the trackside to ask a driver for confirmation about the occupancy of the track ahead before sending a Full Supervision movement authority.,"(M) mandatory, (O) optional"
S0604,PURE,2007-ertms,It shall be possible for the trackside to ask a driver for confirmation about the occupancy of the track ahead before sending a Full Supervision movement authority.,be possible for the trackside to ask a driver for confirmation about the occupancy of the track ahead before sending a Full Supervision movement authority,no,impersonal_construction,no,impersonal_construction,,"ERTMS/ETCS Functional Requirements Specification, version 5.0",4.1.5.1b,M,Functions > Operational Functions > Full Supervision operation,4.1.5.1a (M): Transferring to Full Supervision shall occur automatically when a movement authority and all other necessary information is received through track-to-train transmission.,4.1.5.4 (M): Full Supervision shall provide supervision of speed and distance.,"(M) mandatory, (O) optional"
S0605,PURE,2007-ertms,Full Supervision shall provide supervision of speed and distance.,provide supervision of speed and distance,yes,,yes,,provide supervision of speed and distance,"ERTMS/ETCS Functional Requirements Specification, version 5.0",4.1.5.4,M,Functions > Operational Functions > Full Supervision operation,4.1.5.1b (M): It shall be possible for the trackside to ask a driver for confirmation about the occupancy of the track ahead before sending a Full Supervision movement authority.,"4.1.5.5 (M): The trainborne equipment shall remain in Full Supervision until the trainborne equipment is not active any longer, when Shunting is selected or when Partial Supervision information is received.","(M) mandatory, (O) optional"
S0606,PURE,2007-ertms,"The trainborne equipment shall remain in Full Supervision until the trainborne equipment is not active any longer, when Shunting is selected or when Partial Supervision information is received.","remain in Full Supervision until the trainborne equipment is not active any longer, when Shunting is selected or when Partial Supervision information is received",no,negation,no,negation,,"ERTMS/ETCS Functional Requirements Specification, version 5.0",4.1.5.5,M,Functions > Operational Functions > Full Supervision operation,4.1.5.4 (M): Full Supervision shall provide supervision of speed and distance.,4.1.6.1a (M): The ETCS trainborne equipment shall be capable of being isolated.,"(M) mandatory, (O) optional"
S0607,PURE,2007-ertms,The ETCS trainborne equipment shall be capable of being isolated.,be capable of being isolated,no,residual_modal_in_capability,no,residual_modal_in_capability,,"ERTMS/ETCS Functional Requirements Specification, version 5.0",4.1.6.1a,M,Functions > Operational Functions > Isolation of ETCS trainborne equipment,"4.1.5.5 (M): The trainborne equipment shall remain in Full Supervision until the trainborne equipment is not active any longer, when Shunting is selected or when Partial Supervision information is received.","4.1.6.5 (M): When the ETCS trainborne equipment is isolated, the system shall not show any ETCS information other than the fact that the system is isolated.","(M) mandatory, (O) optional"
S0608,PURE,2007-ertms,"When the ETCS trainborne equipment is isolated, the system shall not show any ETCS information other than the fact that the system is isolated.",not show any ETCS information other than the fact that the system is isolated,no,negation,no,negation,,"ERTMS/ETCS Functional Requirements Specification, version 5.0",4.1.6.5,M,Functions > Operational Functions > Isolation of ETCS trainborne equipment,4.1.6.1a (M): The ETCS trainborne equipment shall be capable of being isolated.,4.1.6.6 (M): Isolation of the ETCS trainborne equipment shall disconnect the ETCS trainborne equipment from the vehicle braking system.,"(M) mandatory, (O) optional"
S0609,PURE,2007-ertms,Isolation of the ETCS trainborne equipment shall disconnect the ETCS trainborne equipment from the vehicle braking system.,disconnect the ETCS trainborne equipment from the vehicle braking system,yes,,no,not_sampled_mandatory_pool,,"ERTMS/ETCS Functional Requirements Specification, version 5.0",4.1.6.6,M,Functions > Operational Functions > Isolation of ETCS trainborne equipment,"4.1.6.5 (M): When the ETCS trainborne equipment is isolated, the system shall not show any ETCS information other than the fact that the system is isolated.",4.1.7.1 (M): The ETCS trainborne equipment shall be capable of receiving information from the national train control systems by means of the STM.,"(M) mandatory, (O) optional"
S0610,PURE,2007-ertms,The ETCS trainborne equipment shall be capable of receiving information from the national train control systems by means of the STM.,be capable of receiving information from the national train control systems by means of the STM,no,residual_modal_in_capability,no,residual_modal_in_capability,,"ERTMS/ETCS Functional Requirements Specification, version 5.0",4.1.7.1,M,Functions > Operational Functions > Compatibility with existing train control and protection systems,4.1.6.6 (M): Isolation of the ETCS trainborne equipment shall disconnect the ETCS trainborne equipment from the vehicle braking system.,4.1.7.2 (M): The DMI shall display or be compatible with information from national train control systems. This may mean displaying the information shown by the national system.,"(M) mandatory, (O) optional"
S0611,PURE,2007-ertms,The DMI shall display or be compatible with information from national train control systems. This may mean displaying the information shown by the national system.,display or be compatible with information from national train control systems. This may mean displaying the information shown by the national system,no,multi_sentence;residual_modal_in_capability,no,multi_sentence;residual_modal_in_capability,,"ERTMS/ETCS Functional Requirements Specification, version 5.0",4.1.7.2,M,Functions > Operational Functions > Compatibility with existing train control and protection systems,4.1.7.1 (M): The ETCS trainborne equipment shall be capable of receiving information from the national train control systems by means of the STM.,4.1.8.1 (M): Unfitted operation shall be possible if ordered by trackside,"(M) mandatory, (O) optional"
S0612,PURE,2007-ertms,Unfitted operation shall be possible if ordered by trackside,be possible if ordered by trackside,yes,,yes,,be possible if ordered by trackside,"ERTMS/ETCS Functional Requirements Specification, version 5.0",4.1.8.1,M,Functions > Operational Functions > Unfitted Line Operation,4.1.7.2 (M): The DMI shall display or be compatible with information from national train control systems. This may mean displaying the information shown by the national system.,4.1.8.2 (M): Unfitted operation shall be possible if selected by the driver at start up,"(M) mandatory, (O) optional"
S0613,PURE,2007-ertms,Unfitted operation shall be possible if selected by the driver at start up,be possible if selected by the driver at start up,yes,,yes,,be possible if selected by the driver at start up,"ERTMS/ETCS Functional Requirements Specification, version 5.0",4.1.8.2,M,Functions > Operational Functions > Unfitted Line Operation,4.1.8.1 (M): Unfitted operation shall be possible if ordered by trackside,4.1.8.3 (M): The on board shall supervise the train against a ceiling speed,"(M) mandatory, (O) optional"
S0614,PURE,2007-ertms,The on board shall supervise the train against a ceiling speed,supervise the train against a ceiling speed,yes,,no,not_sampled_mandatory_pool,,"ERTMS/ETCS Functional Requirements Specification, version 5.0",4.1.8.3,M,Functions > Operational Functions > Unfitted Line Operation,4.1.8.2 (M): Unfitted operation shall be possible if selected by the driver at start up,4.1.8.4 (M): The ceiling speed value for the unfitted operation is determined by the lower value out of Maximum train speed National value for unfitted operation,"(M) mandatory, (O) optional"
S0615,PURE,2007-ertms,The ceiling speed value for the unfitted operation is determined by the lower value out of Maximum train speed National value for unfitted operation,the ceiling speed value for the unfitted operation is determined by the lower value out of Maximum train speed National value for unfitted operation,no,no_requirement_cue,no,no_requirement_cue,,"ERTMS/ETCS Functional Requirements Specification, version 5.0",4.1.8.4,M,Functions > Operational Functions > Unfitted Line Operation,4.1.8.3 (M): The on board shall supervise the train against a ceiling speed,4.1.8.5 (M): The onboard shall be capable to switch to another ETCS status when transmitted from trackside,"(M) mandatory, (O) optional"
S0616,PURE,2007-ertms,The onboard shall be capable to switch to another ETCS status when transmitted from trackside,be capable to switch to another ETCS status when transmitted from trackside,no,residual_modal_in_capability,no,residual_modal_in_capability,,"ERTMS/ETCS Functional Requirements Specification, version 5.0",4.1.8.5,M,Functions > Operational Functions > Unfitted Line Operation,4.1.8.4 (M): The ceiling speed value for the unfitted operation is determined by the lower value out of Maximum train speed National value for unfitted operation,4.1.1.1 (M): The ETCS on-board shall be capable of receiving track description from the trackside.,"(M) mandatory, (O) optional"
S0617,PURE,2007-ertms,The ETCS on-board shall be capable of receiving track description from the trackside.,be capable of receiving track description from the trackside,no,residual_modal_in_capability,no,residual_modal_in_capability,,"ERTMS/ETCS Functional Requirements Specification, version 5.0",4.1.1.1,M,Functions > Infrastructure Functions,4.1.8.5 (M): The onboard shall be capable to switch to another ETCS status when transmitted from trackside,4.1.1.3a (M): It shall be possible to send information on adhesion conditions from trackside.,"(M) mandatory, (O) optional"
S0618,PURE,2007-ertms,It shall be possible to send information on adhesion conditions from trackside.,be possible to send information on adhesion conditions from trackside,no,residual_modal_in_capability;impersonal_construction,no,residual_modal_in_capability;impersonal_construction,,"ERTMS/ETCS Functional Requirements Specification, version 5.0",4.1.1.3a,M,Functions > Infrastructure Functions,4.1.1.1 (M): The ETCS on-board shall be capable of receiving track description from the trackside.,"4.1.1.3b (M): It shall also be possible, to allow the driver to change the adhesion conditions; in this case information from trackside has priority.","(M) mandatory, (O) optional"
S0619,PURE,2007-ertms,"It shall also be possible, to allow the driver to change the adhesion conditions; in this case information from trackside has priority.","also be possible, to allow the driver to change the adhesion conditions; in this case information from trackside has priority",yes,,yes,,"also be possible, to allow the driver to change the adhesion conditions; in this case information from trackside has priority","ERTMS/ETCS Functional Requirements Specification, version 5.0",4.1.1.3b,M,Functions > Infrastructure Functions,4.1.1.3a (M): It shall be possible to send information on adhesion conditions from trackside.,4.1.1.4a (M): The trackside shall be able to send information for the calculation of speed profiles.,"(M) mandatory, (O) optional"
S0620,PURE,2007-ertms,The trackside shall be able to send information for the calculation of speed profiles.,send information for the calculation of speed profiles,yes,,yes,,send information for the calculation of speed profiles,"ERTMS/ETCS Functional Requirements Specification, version 5.0",4.1.1.4a,M,Functions > Infrastructure Functions,"4.1.1.3b (M): It shall also be possible, to allow the driver to change the adhesion conditions; in this case information from trackside has priority.","4.1.1.4b (M): If track data at least to the location where the relevant movement authority ends are not available on-board, the movement authority shall be rejected.","(M) mandatory, (O) optional"
S0621,PURE,2007-ertms,"If track data at least to the location where the relevant movement authority ends are not available on-board, the movement authority shall be rejected.","if track data at least to the location where the relevant movement authority ends are not available on-board, the movement authority shall be rejected",no,negation;residual_modal_in_capability,no,negation;residual_modal_in_capability,,"ERTMS/ETCS Functional Requirements Specification, version 5.0",4.1.1.4b,M,Functions > Infrastructure Functions,4.1.1.4a (M): The trackside shall be able to send information for the calculation of speed profiles.,4.1.1.5 (M): Track to train transmission shall provide the capability to send different speed profiles for specific train categories.,"(M) mandatory, (O) optional"
S0622,PURE,2007-ertms,Track to train transmission shall provide the capability to send different speed profiles for specific train categories.,provide the capability to send different speed profiles for specific train categories,yes,,yes,,provide the capability to send different speed profiles for specific train categories,"ERTMS/ETCS Functional Requirements Specification, version 5.0",4.1.1.5,M,Functions > Infrastructure Functions,"4.1.1.4b (M): If track data at least to the location where the relevant movement authority ends are not available on-board, the movement authority shall be rejected.","4.2.2.1 (M): The ETCS trainborne equipment shall supervise the end of movement authority, if this information is available on-board.","(M) mandatory, (O) optional"
S0623,PURE,2007-ertms,"The ETCS trainborne equipment shall supervise the end of movement authority, if this information is available on-board.","supervise the end of movement authority, if this information is available on-board",yes,,yes,,"supervise the end of movement authority, if this information is available on-board","ERTMS/ETCS Functional Requirements Specification, version 5.0",4.2.2.1,M,Functions > Infrastructure Functions > End of movement authority,4.1.1.5 (M): Track to train transmission shall provide the capability to send different speed profiles for specific train categories.,4.2.2.2 (M): The target distance to be displayed on the DMI shall be based on the most restrictive braking curve.,"(M) mandatory, (O) optional"
S0624,PURE,2007-ertms,The target distance to be displayed on the DMI shall be based on the most restrictive braking curve.,be based on the most restrictive braking curve,yes,,no,not_sampled_mandatory_pool,,"ERTMS/ETCS Functional Requirements Specification, version 5.0",4.2.2.2,M,Functions > Infrastructure Functions > End of movement authority,"4.2.2.1 (M): The ETCS trainborne equipment shall supervise the end of movement authority, if this information is available on-board.","4.2.2.3 (M): Together with the movement authority, the on board shall be able to receive one or more time-out(s) for certain sections of the movement authority, and shorten the movement authority accordingly when a time out expires.","(M) mandatory, (O) optional"
S0625,PURE,2007-ertms,"Together with the movement authority, the on board shall be able to receive one or more time-out(s) for certain sections of the movement authority, and shorten the movement authority accordingly when a time out expires.","receive one or more time-out(s) for certain sections of the movement authority, and shorten the movement authority accordingly when a time out expires",no,too_long;possibly_multiple_capabilities,no,too_long;possibly_multiple_capabilities,,"ERTMS/ETCS Functional Requirements Specification, version 5.0",4.2.2.3,M,Functions > Infrastructure Functions > End of movement authority,4.2.2.2 (M): The target distance to be displayed on the DMI shall be based on the most restrictive braking curve.,"4.2.3.1 (M): Using train data and infrastructure data, braking curves shall be calculated taking into account the target information but not the location of vehicles occupying the track.","(M) mandatory, (O) optional"
S0626,PURE,2007-ertms,"Using train data and infrastructure data, braking curves shall be calculated taking into account the target information but not the location of vehicles occupying the track.",be calculated taking into account the target information but not the location of vehicles occupying the track,no,negation,no,negation,,"ERTMS/ETCS Functional Requirements Specification, version 5.0",4.2.3.1,M,Functions > Infrastructure Functions > Supervision of driving into a section of track which could be occupied (On Sight operation),"4.2.2.3 (M): Together with the movement authority, the on board shall be able to receive one or more time-out(s) for certain sections of the movement authority, and shorten the movement authority accordingly when a time out expires.",4.2.3.2 (M): The ceiling speed level for the movement authority shall be defined as data National Value.,"(M) mandatory, (O) optional"
S0627,PURE,2007-ertms,The ceiling speed level for the movement authority shall be defined as data National Value.,be defined as data National Value,yes,,yes,,be defined as data National Value,"ERTMS/ETCS Functional Requirements Specification, version 5.0",4.2.3.2,M,Functions > Infrastructure Functions > Supervision of driving into a section of track which could be occupied (On Sight operation),"4.2.3.1 (M): Using train data and infrastructure data, braking curves shall be calculated taking into account the target information but not the location of vehicles occupying the track.","4.2.3.4 (M): Before entering an occupied track, a driver acknowledgement shall be requested.","(M) mandatory, (O) optional"
S0628,PURE,2007-ertms,"Before entering an occupied track, a driver acknowledgement shall be requested.",be requested,yes,,yes,,be requested,"ERTMS/ETCS Functional Requirements Specification, version 5.0",4.2.3.4,M,Functions > Infrastructure Functions > Supervision of driving into a section of track which could be occupied (On Sight operation),4.2.3.2 (M): The ceiling speed level for the movement authority shall be defined as data National Value.,4.2.3.6a (M): The train shall be supervised according to train speed data available.,"(M) mandatory, (O) optional"
S0629,PURE,2007-ertms,The train shall be supervised according to train speed data available.,be supervised according to train speed data available,yes,,yes,,be supervised according to train speed data available,"ERTMS/ETCS Functional Requirements Specification, version 5.0",4.2.3.6a,M,Functions > Infrastructure Functions > Supervision of driving into a section of track which could be occupied (On Sight operation),"4.2.3.4 (M): Before entering an occupied track, a driver acknowledgement shall be requested.","4.2.3.6b (M): The train shall, as a minimum, be supervised to a ceiling speed; the supervised speed shall not be shown on the DMI unless selected by the driver.","(M) mandatory, (O) optional"
S0630,PURE,2007-ertms,"The train shall, as a minimum, be supervised to a ceiling speed; the supervised speed shall not be shown on the DMI unless selected by the driver.","the train shall, as a minimum, be supervised to a ceiling speed; the supervised speed shall not be shown on the DMI unless selected by the driver",no,negation;residual_modal_in_capability,no,negation;residual_modal_in_capability,,"ERTMS/ETCS Functional Requirements Specification, version 5.0",4.2.3.6b,M,Functions > Infrastructure Functions > Supervision of driving into a section of track which could be occupied (On Sight operation),4.2.3.6a (M): The train shall be supervised according to train speed data available.,4.2.3.6c (M): The target distance shall not be shown on the DMI unless selected by the driver.,"(M) mandatory, (O) optional"
S0631,PURE,2007-ertms,The target distance shall not be shown on the DMI unless selected by the driver.,not be shown on the DMI unless selected by the driver,no,negation,no,negation,,"ERTMS/ETCS Functional Requirements Specification, version 5.0",4.2.3.6c,M,Functions > Infrastructure Functions > Supervision of driving into a section of track which could be occupied (On Sight operation),"4.2.3.6b (M): The train shall, as a minimum, be supervised to a ceiling speed; the supervised speed shall not be shown on the DMI unless selected by the driver.","4.2.3.6d (M): On request of the RBC, the driver shall have the possibility to confirm that the track ahead of him until the end of the on sight section is clear","(M) mandatory, (O) optional"
S0632,PURE,2007-ertms,"On request of the RBC, the driver shall have the possibility to confirm that the track ahead of him until the end of the on sight section is clear",have the possibility to confirm that the track ahead of him until the end of the on sight section is clear,no,residual_modal_in_capability;table_or_figure_reference,no,residual_modal_in_capability;table_or_figure_reference,,"ERTMS/ETCS Functional Requirements Specification, version 5.0",4.2.3.6d,M,Functions > Infrastructure Functions > Supervision of driving into a section of track which could be occupied (On Sight operation),4.2.3.6c (M): The target distance shall not be shown on the DMI unless selected by the driver.,4.3.1.1 (M): ETCS shall collect all relevant information concerning train and line speed.,"(M) mandatory, (O) optional"
S0633,PURE,2007-ertms,ETCS shall collect all relevant information concerning train and line speed.,collect all relevant information concerning train and line speed,yes,,no,not_sampled_mandatory_pool,,"ERTMS/ETCS Functional Requirements Specification, version 5.0",4.3.1.1,M,Functions > Trainborne Functions,"4.2.3.6d (M): On request of the RBC, the driver shall have the possibility to confirm that the track ahead of him until the end of the on sight section is clear",4.3.1.2a (M): ETCS shall calculate the permitted speed for the train for all locations of the authorised movement.,"(M) mandatory, (O) optional"
S0634,PURE,2007-ertms,ETCS shall calculate the permitted speed for the train for all locations of the authorised movement.,calculate the permitted speed for the train for all locations of the authorised movement,yes,,no,not_sampled_mandatory_pool,,"ERTMS/ETCS Functional Requirements Specification, version 5.0",4.3.1.2a,M,Functions > Trainborne Functions,4.3.1.1 (M): ETCS shall collect all relevant information concerning train and line speed.,4.3.1.2b (M): This static train speed profile shall also respect maximum line speed and track speed and special speed levels for special classes of trains.,"(M) mandatory, (O) optional"
S0635,PURE,2007-ertms,This static train speed profile shall also respect maximum line speed and track speed and special speed levels for special classes of trains.,also respect maximum line speed and track speed and special speed levels for special classes of trains,no,possibly_multiple_capabilities,no,possibly_multiple_capabilities,,"ERTMS/ETCS Functional Requirements Specification, version 5.0",4.3.1.2b,M,Functions > Trainborne Functions,4.3.1.2a (M): ETCS shall calculate the permitted speed for the train for all locations of the authorised movement.,4.3.1.4a (M): The ETCS trainborne equipment calculates the static train speed profile on the basis of infrastructure data and train data.,"(M) mandatory, (O) optional"
S0636,PURE,2007-ertms,The ETCS trainborne equipment calculates the static train speed profile on the basis of infrastructure data and train data.,the ETCS trainborne equipment calculates the static train speed profile on the basis of infrastructure data and train data,no,no_requirement_cue,no,no_requirement_cue,,"ERTMS/ETCS Functional Requirements Specification, version 5.0",4.3.1.4a,M,Functions > Trainborne Functions,4.3.1.2b (M): This static train speed profile shall also respect maximum line speed and track speed and special speed levels for special classes of trains.,"4.3.2.1a (M): Based on all relevant data, the ETCS shall calculate an emergency braking curve and a service braking curve","(M) mandatory, (O) optional"
S0637,PURE,2007-ertms,"Based on all relevant data, the ETCS shall calculate an emergency braking curve and a service braking curve",calculate an emergency braking curve and a service braking curve,yes,,yes,,calculate an emergency braking curve and a service braking curve,"ERTMS/ETCS Functional Requirements Specification, version 5.0",4.3.2.1a,M,Functions > Trainborne Functions > Dynamic train speed profile calculation,4.3.1.4a (M): The ETCS trainborne equipment calculates the static train speed profile on the basis of infrastructure data and train data.,"4.3.2.1b (M): Based on all relevant data, the ETCS shall calculate an emergency braking curve and a service braking curve","(M) mandatory, (O) optional"
S0638,PURE,2007-ertms,"When changing to a lower speed level, the front end of the train shall respect the dynamic train speed profile.",respect the dynamic train speed profile,yes,,yes,,respect the dynamic train speed profile,"ERTMS/ETCS Functional Requirements Specification, version 5.0",4.3.2.2a,M,Functions > Trainborne Functions > Dynamic train speed profile calculation,"4.3.2.1b (M): Based on all relevant data, the ETCS shall calculate an emergency braking curve and a service braking curve",4.3.2.2b (M): When changing to a higher speed level the rear end of the train shall respect the static train speed profile.,"(M) mandatory, (O) optional"
S0639,PURE,2007-ertms,When changing to a higher speed level the rear end of the train shall respect the static train speed profile.,respect the static train speed profile,yes,,yes,,respect the static train speed profile,"ERTMS/ETCS Functional Requirements Specification, version 5.0",4.3.2.2b,M,Functions > Trainborne Functions > Dynamic train speed profile calculation,"4.3.2.2a (M): When changing to a lower speed level, the front end of the train shall respect the dynamic train speed profile.",4.3.2.3 (M): It shall be possible to define certain locations (e.g. tunnels) where speed increase is related to the front of the train.,"(M) mandatory, (O) optional"
S0640,PURE,2007-ertms,It shall be possible to define certain locations (e.g. tunnels) where speed increase is related to the front of the train.,be possible to define certain locations (e.g. tunnels) where speed increase is related to the front of the train,no,multi_sentence;residual_modal_in_capability;impersonal_construction,no,multi_sentence;residual_modal_in_capability;impersonal_construction,,"ERTMS/ETCS Functional Requirements Specification, version 5.0",4.3.2.3,M,Functions > Trainborne Functions > Dynamic train speed profile calculation,4.3.2.2b (M): When changing to a higher speed level the rear end of the train shall respect the static train speed profile.,4.3.2.5 (M): The braking curves shall ensure that the train complies with its speed requirements.,"(M) mandatory, (O) optional"
S0641,PURE,2007-ertms,The braking curves shall ensure that the train complies with its speed requirements.,ensure that the train complies with its speed requirements,yes,,yes,,ensure that the train complies with its speed requirements,"ERTMS/ETCS Functional Requirements Specification, version 5.0",4.3.2.5,M,Functions > Trainborne Functions > Dynamic train speed profile calculation,4.3.2.3 (M): It shall be possible to define certain locations (e.g. tunnels) where speed increase is related to the front of the train.,4.3.2.7 (M): Where failure to apply the full service brake is detected the emergency brake shall stop the train in rear of the danger point.,"(M) mandatory, (O) optional"
S0642,PURE,2007-ertms,Where failure to apply the full service brake is detected the emergency brake shall stop the train in rear of the danger point.,stop the train in rear of the danger point,yes,,no,not_sampled_mandatory_pool,,"ERTMS/ETCS Functional Requirements Specification, version 5.0",4.3.2.7,M,Functions > Trainborne Functions > Dynamic train speed profile calculation,4.3.2.5 (M): The braking curves shall ensure that the train complies with its speed requirements.,"4.3.3.1 (M): The release speed shall be calculated on board, based on either: safety distance and overlap accuracy of odometry deceleration performance of the train, etc or given from the trackside. The release speed given from the trackside shall take priority over the release speed calculated on board.","(M) mandatory, (O) optional"
S0643,PURE,2007-ertms,"The release speed shall be calculated on board, based on either: safety distance and overlap accuracy of odometry deceleration performance of the train, etc or given from the trackside. The release speed given from the trackside shall take priority over the release speed calculated on board.","be calculated on board, based on either: safety distance and overlap accuracy of odometry deceleration performance of the train, etc or given from the trackside. The release speed given from the trackside shall take priority over the release speed calculated on board",no,too_long;multi_sentence;possibly_multiple_capabilities;residual_modal_in_capability;colon_structure,no,too_long;multi_sentence;possibly_multiple_capabilities;residual_modal_in_capability;colon_structure,,"ERTMS/ETCS Functional Requirements Specification, version 5.0",4.3.3.1,M,Functions > Trainborne Functions > Release speed calculation,4.3.2.7 (M): Where failure to apply the full service brake is detected the emergency brake shall stop the train in rear of the danger point.,4.3.3.2c (M): The release speed shall be indicated on the DMI.,"(M) mandatory, (O) optional"
S0644,PURE,2007-ertms,The release speed shall be indicated on the DMI.,be indicated on the DMI,yes,,yes,,be indicated on the DMI,"ERTMS/ETCS Functional Requirements Specification, version 5.0",4.3.3.2c,M,Functions > Trainborne Functions > Release speed calculation,"4.3.3.1 (M): The release speed shall be calculated on board, based on either: safety distance and overlap accuracy of odometry deceleration performance of the train, etc or given from the trackside. The release speed given from the trackside shall take priority over the release speed calculated on board.",4.3.3.2d (M): If the release speed is calculated on board it shall ensure that the train will stop before reaching the danger point,"(M) mandatory, (O) optional"
S0645,PURE,2007-ertms,If the release speed is calculated on board it shall ensure that the train will stop before reaching the danger point,ensure that the train will stop before reaching the danger point,no,residual_modal_in_capability,no,residual_modal_in_capability,,"ERTMS/ETCS Functional Requirements Specification, version 5.0",4.3.3.2d,M,Functions > Trainborne Functions > Release speed calculation,4.3.3.2c (M): The release speed shall be indicated on the DMI.,"4.3.3.3 (M): When the train is stationary or after a certain time (e.g. the time for ""route releasing"" of the overlap, the release speed calculation shall be based on the distance to the danger point (if calculated on-board). The condition for this change shall be defined for each target as infrastructure data.","(M) mandatory, (O) optional"
S0646,PURE,2007-ertms,"When the train is stationary or after a certain time (e.g. the time for ""route releasing"" of the overlap, the release speed calculation shall be based on the distance to the danger point (if calculated on-board). The condition for this change shall be defined for each target as infrastructure data.","when the train is stationary or after a certain time (e.g. the time for ""route releasing"" of the overlap, the release speed calculation shall be based on the distance to the danger point (if calculated on-board). The condition for this change shall be defined for each target as infrastructure data",no,too_long;multi_sentence;residual_modal_in_capability,no,too_long;multi_sentence;residual_modal_in_capability,,"ERTMS/ETCS Functional Requirements Specification, version 5.0",4.3.3.3,M,Functions > Trainborne Functions > Release speed calculation,4.3.3.2d (M): If the release speed is calculated on board it shall ensure that the train will stop before reaching the danger point,4.3.3.4 (M): Each railway shall have the possibility of allowing a different release speed for every signal.,"(M) mandatory, (O) optional"
S0647,PURE,2007-ertms,Each railway shall have the possibility of allowing a different release speed for every signal.,have the possibility of allowing a different release speed for every signal,yes,,yes,,have the possibility of allowing a different release speed for every signal,"ERTMS/ETCS Functional Requirements Specification, version 5.0",4.3.3.4,M,Functions > Trainborne Functions > Release speed calculation,"4.3.3.3 (M): When the train is stationary or after a certain time (e.g. the time for ""route releasing"" of the overlap, the release speed calculation shall be based on the distance to the danger point (if calculated on-board). The condition for this change shall be defined for each target as infrastructure data.",4.3.4.1 (M): The ETCS trainborne equipment shall be able to determine the location of the entire train.,"(M) mandatory, (O) optional"
S0648,PURE,2007-ertms,The ETCS trainborne equipment shall be able to determine the location of the entire train.,determine the location of the entire train,yes,,yes,,determine the location of the entire train,"ERTMS/ETCS Functional Requirements Specification, version 5.0",4.3.4.1,M,Functions > Trainborne Functions > Train location,4.3.3.4 (M): Each railway shall have the possibility of allowing a different release speed for every signal.,"4.3.4.2 (M): On lines fitted with RBC, the ETCS trainborne equipment shall be able to transmit the location of the entire train to the RBC.","(M) mandatory, (O) optional"
S0649,PURE,2007-ertms,"On lines fitted with RBC, the ETCS trainborne equipment shall be able to transmit the location of the entire train to the RBC.",transmit the location of the entire train to the RBC,yes,,yes,,transmit the location of the entire train to the RBC,"ERTMS/ETCS Functional Requirements Specification, version 5.0",4.3.4.2,M,Functions > Trainborne Functions > Train location,4.3.4.1 (M): The ETCS trainborne equipment shall be able to determine the location of the entire train.,4.3.4.3 (M): The train location calculation shall take into account error of odometry.,"(M) mandatory, (O) optional"
S0650,PURE,2007-ertms,The train location calculation shall take into account error of odometry.,take into account error of odometry,yes,,yes,,take into account error of odometry,"ERTMS/ETCS Functional Requirements Specification, version 5.0",4.3.4.3,M,Functions > Trainborne Functions > Train location,"4.3.4.2 (M): On lines fitted with RBC, the ETCS trainborne equipment shall be able to transmit the location of the entire train to the RBC.",4.3.51a (M): Actual speed shall be indicated on the DMI,"(M) mandatory, (O) optional"
S0651,PURE,2007-ertms,Actual speed shall be indicated on the DMI,be indicated on the DMI,yes,,yes,,be indicated on the DMI,"ERTMS/ETCS Functional Requirements Specification, version 5.0",4.3.51a,M,Functions > Trainborne Functions > Speed calculation and indication,4.3.4.3 (M): The train location calculation shall take into account error of odometry.,"4.3.5.2 (M): There shall be no discrepancy between the speed shown to the driver and the speed used for supervision of movement authorities and speed limits, function 4.3.7","(M) mandatory, (O) optional"
S0652,PURE,2007-ertms,"There shall be no discrepancy between the speed shown to the driver and the speed used for supervision of movement authorities and speed limits, function 4.3.7","be no discrepancy between the speed shown to the driver and the speed used for supervision of movement authorities and speed limits, function 4.3.7",no,multi_sentence;negation;possibly_multiple_capabilities;list_or_heading_marker,no,multi_sentence;negation;possibly_multiple_capabilities;list_or_heading_marker,,"ERTMS/ETCS Functional Requirements Specification, version 5.0",4.3.5.2,M,Functions > Trainborne Functions > Speed calculation and indication,4.3.51a (M): Actual speed shall be indicated on the DMI,4.3.6.3 (M): The indication provided shall enable the driver to drive at the permitted speed without receiving a warning and without intervention of ETCS.,"(M) mandatory, (O) optional"
S0653,PURE,2007-ertms,The indication provided shall enable the driver to drive at the permitted speed without receiving a warning and without intervention of ETCS.,enable the driver to drive at the permitted speed without receiving a warning and without intervention of ETCS,no,negation,no,negation,,"ERTMS/ETCS Functional Requirements Specification, version 5.0",4.3.6.3,M,Functions > Trainborne Functions > Indication displayed on the DMI,"4.3.5.2 (M): There shall be no discrepancy between the speed shown to the driver and the speed used for supervision of movement authorities and speed limits, function 4.3.7",4.3.6.4 (M): The driver shall know the distance to the next point defining the indicated braking curve and the permitted speed allowed. This shall be shown to the driver in a way that is understandable and logical.,"(M) mandatory, (O) optional"
S0654,PURE,2007-ertms,The driver shall know the distance to the next point defining the indicated braking curve and the permitted speed allowed. This shall be shown to the driver in a way that is understandable and logical.,know the distance to the next point defining the indicated braking curve and the permitted speed allowed. This shall be shown to the driver in a way that is understandable and logical,no,multi_sentence;possibly_multiple_capabilities;residual_modal_in_capability,no,multi_sentence;possibly_multiple_capabilities;residual_modal_in_capability,,"ERTMS/ETCS Functional Requirements Specification, version 5.0",4.3.6.4,M,Functions > Trainborne Functions > Indication displayed on the DMI,4.3.6.3 (M): The indication provided shall enable the driver to drive at the permitted speed without receiving a warning and without intervention of ETCS.,4.3.6.5 (M): Visual and acoustic warnings to the driver about possible intervention from ETCS shall be given to enable the driver to react and avoid intervention.,"(M) mandatory, (O) optional"
S0655,PURE,2007-ertms,Visual and acoustic warnings to the driver about possible intervention from ETCS shall be given to enable the driver to react and avoid intervention.,be given to enable the driver to react and avoid intervention,no,possibly_multiple_capabilities,no,possibly_multiple_capabilities,,"ERTMS/ETCS Functional Requirements Specification, version 5.0",4.3.6.5,M,Functions > Trainborne Functions > Indication displayed on the DMI,4.3.6.4 (M): The driver shall know the distance to the next point defining the indicated braking curve and the permitted speed allowed. This shall be shown to the driver in a way that is understandable and logical.,"4.3.6.6 (M): The driver shall have the possibility to select the language, this does not concern non pre-defined texts sent from the trackside.","(M) mandatory, (O) optional"
S0656,PURE,2007-ertms,"The driver shall have the possibility to select the language, this does not concern non pre-defined texts sent from the trackside.","have the possibility to select the language, this does not concern non pre-defined texts sent from the trackside",no,negation;residual_modal_in_capability,no,negation;residual_modal_in_capability,,"ERTMS/ETCS Functional Requirements Specification, version 5.0",4.3.6.6,M,Functions > Trainborne Functions > Indication displayed on the DMI,4.3.6.5 (M): Visual and acoustic warnings to the driver about possible intervention from ETCS shall be given to enable the driver to react and avoid intervention.,4.3.7.1 (M): A train shall be supervised to its static and dynamic train speed profiles.,"(M) mandatory, (O) optional"
S0657,PURE,2007-ertms,A train shall be supervised to its static and dynamic train speed profiles.,be supervised to its static and dynamic train speed profiles,yes,,yes,,be supervised to its static and dynamic train speed profiles,"ERTMS/ETCS Functional Requirements Specification, version 5.0",4.3.7.1,M,Functions > Trainborne Functions > Indication displayed on the DMI > Supervision of movement authorities and speed limits,"4.3.6.6 (M): The driver shall have the possibility to select the language, this does not concern non pre-defined texts sent from the trackside.","4.3.7.2 (M): Within the braking curve area, a warning shall be given to the driver to enable him to react and avoid intervention from ETCS equipment at least 5 sec. before the intervention.","(M) mandatory, (O) optional"
S0658,PURE,2007-ertms,"Within the braking curve area, a warning shall be given to the driver to enable him to react and avoid intervention from ETCS equipment at least 5 sec. before the intervention.",be given to the driver to enable him to react and avoid intervention from ETCS equipment at least 5 sec. before the intervention,no,multi_sentence,no,multi_sentence,,"ERTMS/ETCS Functional Requirements Specification, version 5.0",4.3.7.2,M,Functions > Trainborne Functions > Indication displayed on the DMI > Supervision of movement authorities and speed limits,4.3.7.1 (M): A train shall be supervised to its static and dynamic train speed profiles.,"4.3.7.3 (M): If the train or the shunting movement exceeds the permitted ceiling speed by a certain harmonised margin, the trainborne equipment shall execute a brake intervention until the actual speed does not exceed permitted speed; then the driver shall be able to release the brake","(M) mandatory, (O) optional"
S0659,PURE,2007-ertms,"If the train or the shunting movement exceeds the permitted ceiling speed by a certain harmonised margin, the trainborne equipment shall execute a brake intervention until the actual speed does not exceed permitted speed; then the driver shall be able to release the brake","if the train or the shunting movement exceeds the permitted ceiling speed by a certain harmonised margin, the trainborne equipment shall execute a brake intervention until the actual speed does not exceed permitted speed; then the driver shall be able to release the brake",no,too_long;negation;possibly_multiple_capabilities;residual_modal_in_capability,no,too_long;negation;possibly_multiple_capabilities;residual_modal_in_capability,,"ERTMS/ETCS Functional Requirements Specification, version 5.0",4.3.7.3,M,Functions > Trainborne Functions > Indication displayed on the DMI > Supervision of movement authorities and speed limits,"4.3.7.2 (M): Within the braking curve area, a warning shall be given to the driver to enable him to react and avoid intervention from ETCS equipment at least 5 sec. before the intervention.",4.3.7.4b (M): The driver shall be able to release an ETCS emergency brake application when stationary.,"(M) mandatory, (O) optional"
S0660,PURE,2007-ertms,The driver shall be able to release an ETCS emergency brake application when stationary.,release an ETCS emergency brake application when stationary,yes,,yes,,release an ETCS emergency brake application when stationary,"ERTMS/ETCS Functional Requirements Specification, version 5.0",4.3.7.4b,M,Functions > Trainborne Functions > Indication displayed on the DMI > Supervision of movement authorities and speed limits,"4.3.7.3 (M): If the train or the shunting movement exceeds the permitted ceiling speed by a certain harmonised margin, the trainborne equipment shall execute a brake intervention until the actual speed does not exceed permitted speed; then the driver shall be able to release the brake","4.3.7.4c (M): If decided by a national value, the driver may release the ETCS emergency brake when the actual speed is below the permitted speed.","(M) mandatory, (O) optional"
S0661,PURE,2007-ertms,"If decided by a national value, the driver may release the ETCS emergency brake when the actual speed is below the permitted speed.",release the ETCS emergency brake when the actual speed is below the permitted speed,yes,,yes,,release the ETCS emergency brake when the actual speed is below the permitted speed,"ERTMS/ETCS Functional Requirements Specification, version 5.0",4.3.7.4c,M,Functions > Trainborne Functions > Indication displayed on the DMI > Supervision of movement authorities and speed limits,4.3.7.4b (M): The driver shall be able to release an ETCS emergency brake application when stationary.,4.3.9.1a (M): To protect a traction unit from roll away and unwanted reverse movements the trainborne equipment shall monitor the direction of movement in relation to the permitted direction.,"(M) mandatory, (O) optional"
S0662,PURE,2007-ertms,To protect a traction unit from roll away and unwanted reverse movements the trainborne equipment shall monitor the direction of movement in relation to the permitted direction.,monitor the direction of movement in relation to the permitted direction,yes,,yes,,monitor the direction of movement in relation to the permitted direction,"ERTMS/ETCS Functional Requirements Specification, version 5.0",4.3.9.1a,M,Functions > Trainborne Functions > Indication displayed on the DMI > Roll away and reverse movement protection,"4.3.7.4c (M): If decided by a national value, the driver may release the ETCS emergency brake when the actual speed is below the permitted speed.","4.3.9.1b (M): The trainborne equipment shall apply the emergency brake after a distance, defined by a national value, is travelled by the train.","(M) mandatory, (O) optional"
S0663,PURE,2007-ertms,"The trainborne equipment shall apply the emergency brake after a distance, defined by a national value, is travelled by the train.","apply the emergency brake after a distance, defined by a national value, is travelled by the train",yes,,yes,,"apply the emergency brake after a distance, defined by a national value, is travelled by the train","ERTMS/ETCS Functional Requirements Specification, version 5.0",4.3.9.1b,M,Functions > Trainborne Functions > Indication displayed on the DMI > Roll away and reverse movement protection,4.3.9.1a (M): To protect a traction unit from roll away and unwanted reverse movements the trainborne equipment shall monitor the direction of movement in relation to the permitted direction.,4.3.9.1c (M): The roll away/reverse movement intervention shall be indicated on the DMI.,"(M) mandatory, (O) optional"
S0664,PURE,2007-ertms,The roll away/reverse movement intervention shall be indicated on the DMI.,be indicated on the DMI,yes,,no,not_sampled_mandatory_pool,,"ERTMS/ETCS Functional Requirements Specification, version 5.0",4.3.9.1c,M,Functions > Trainborne Functions > Indication displayed on the DMI > Roll away and reverse movement protection,"4.3.9.1b (M): The trainborne equipment shall apply the emergency brake after a distance, defined by a national value, is travelled by the train.","4.3.9.2 (M): When the traction unit has come to a standstill, the driver shall be able to release the emergency brake.","(M) mandatory, (O) optional"
S0665,PURE,2007-ertms,"When the traction unit has come to a standstill, the driver shall be able to release the emergency brake.",release the emergency brake,yes,,yes,,release the emergency brake,"ERTMS/ETCS Functional Requirements Specification, version 5.0",4.3.9.2,M,Functions > Trainborne Functions > Indication displayed on the DMI > Roll away and reverse movement protection,4.3.9.1c (M): The roll away/reverse movement intervention shall be indicated on the DMI.,4.3.9.3 (M): After releasing the emergency brake ETCS will provide the supervision appertaining when roll away protection was initiated,"(M) mandatory, (O) optional"
S0666,PURE,2007-ertms,After releasing the emergency brake ETCS will provide the supervision appertaining when roll away protection was initiated,provide the supervision appertaining when roll away protection was initiated,yes,,no,not_sampled_mandatory_pool,,"ERTMS/ETCS Functional Requirements Specification, version 5.0",4.3.9.3,M,Functions > Trainborne Functions > Indication displayed on the DMI > Roll away and reverse movement protection,"4.3.9.2 (M): When the traction unit has come to a standstill, the driver shall be able to release the emergency brake.",4.3.9.4 (M): When using more than one traction unit this function shall be disabled in all but the leading traction unit.,"(M) mandatory, (O) optional"
S0667,PURE,2007-ertms,When using more than one traction unit this function shall be disabled in all but the leading traction unit.,be disabled in all but the leading traction unit,yes,,yes,,be disabled in all but the leading traction unit,"ERTMS/ETCS Functional Requirements Specification, version 5.0",4.3.9.4,M,Functions > Trainborne Functions > Indication displayed on the DMI > Roll away and reverse movement protection,4.3.9.3 (M): After releasing the emergency brake ETCS will provide the supervision appertaining when roll away protection was initiated,"4.3.10.2 (M): All data entered, received or indicated to the driver shall be recorded onboard. All data shall be related to UTC (Universal Time Corrected) and a reference point.","(M) mandatory, (O) optional"
S0668,PURE,2007-ertms,"All data entered, received or indicated to the driver shall be recorded onboard. All data shall be related to UTC (Universal Time Corrected) and a reference point.",be recorded onboard. All data shall be related to UTC (Universal Time Corrected) and a reference point,no,multi_sentence;possibly_multiple_capabilities;residual_modal_in_capability,no,multi_sentence;possibly_multiple_capabilities;residual_modal_in_capability,,"ERTMS/ETCS Functional Requirements Specification, version 5.0",4.3.10.2,M,Functions > Trainborne Functions > Indication displayed on the DMI > Recording the ETCS information,4.3.9.4 (M): When using more than one traction unit this function shall be disabled in all but the leading traction unit.,4.3.10.3 (M): Information shall be recorded to an accuracy which enables a clear view of the functioning of ETCS and way the traction unit has been driven.,"(M) mandatory, (O) optional"
S0669,PURE,2007-ertms,Information shall be recorded to an accuracy which enables a clear view of the functioning of ETCS and way the traction unit has been driven.,be recorded to an accuracy which enables a clear view of the functioning of ETCS and way the traction unit has been driven,yes,,yes,,be recorded to an accuracy which enables a clear view of the functioning of ETCS and way the traction unit has been driven,"ERTMS/ETCS Functional Requirements Specification, version 5.0",4.3.10.3,M,Functions > Trainborne Functions > Indication displayed on the DMI > Recording the ETCS information,"4.3.10.2 (M): All data entered, received or indicated to the driver shall be recorded onboard. All data shall be related to UTC (Universal Time Corrected) and a reference point.",4.3.10.4a (M): Standardised output interfaces shall enable transmission of information recorded to other media for investigation,"(M) mandatory, (O) optional"
S0670,PURE,2007-ertms,Standardised output interfaces shall enable transmission of information recorded to other media for investigation,enable transmission of information recorded to other media for investigation,yes,,no,not_sampled_mandatory_pool,,"ERTMS/ETCS Functional Requirements Specification, version 5.0",4.3.10.4a,M,Functions > Trainborne Functions > Indication displayed on the DMI > Recording the ETCS information,4.3.10.3 (M): Information shall be recorded to an accuracy which enables a clear view of the functioning of ETCS and way the traction unit has been driven.,"4.3.10.5 (M): The retention period for the recorded data will be different and two levels are foreseen: Data to enable investigation of accidents need only be stored for at least 24 hours, and shall be very detailed. Operational data to enable assessment of driver performance shall be stored for at least one week.","(M) mandatory, (O) optional"
S0671,PURE,2007-ertms,"The retention period for the recorded data will be different and two levels are foreseen: Data to enable investigation of accidents need only be stored for at least 24 hours, and shall be very detailed. Operational data to enable assessment of driver performance shall be stored for at least one week.","be different and two levels are foreseen: Data to enable investigation of accidents need only be stored for at least 24 hours, and shall be very detailed. Operational data to enable assessment of driver performance shall be stored for at least one week",no,too_long;multi_sentence;possibly_multiple_capabilities;residual_modal_in_capability;colon_structure,no,too_long;multi_sentence;possibly_multiple_capabilities;residual_modal_in_capability;colon_structure,,"ERTMS/ETCS Functional Requirements Specification, version 5.0",4.3.10.5,M,Functions > Trainborne Functions > Indication displayed on the DMI > Recording the ETCS information,4.3.10.4a (M): Standardised output interfaces shall enable transmission of information recorded to other media for investigation,"4.3.10.7 (M): The following information shall be recorded: any transition of Level and of operational status the driver’s confirmation of transition to shunting train supervision data and information received from national train control systems actual speed full service brake intervention emergency brake intervention applying the train trip function selection of the override control override of the route suitability function isolation of on board ETCS equipmen data entered, recieved or indicated to the driver","(M) mandatory, (O) optional"
S0672,PURE,2007-ertms,"The following information shall be recorded: any transition of Level and of operational status the driver’s confirmation of transition to shunting train supervision data and information received from national train control systems actual speed full service brake intervention emergency brake intervention applying the train trip function selection of the override control override of the route suitability function isolation of on board ETCS equipmen data entered, recieved or indicated to the driver","be recorded: any transition of Level and of operational status the driver’s confirmation of transition to shunting train supervision data and information received from national train control systems actual speed full service brake intervention emergency brake intervention applying the train trip function selection of the override control override of the route suitability function isolation of on board ETCS equipmen data entered, recieved or indicated to the driver",no,too_long;possibly_multiple_capabilities;colon_structure,no,too_long;possibly_multiple_capabilities;colon_structure,,"ERTMS/ETCS Functional Requirements Specification, version 5.0",4.3.10.7,M,Functions > Trainborne Functions > Indication displayed on the DMI > Recording the ETCS information,"4.3.10.5 (M): The retention period for the recorded data will be different and two levels are foreseen: Data to enable investigation of accidents need only be stored for at least 24 hours, and shall be very detailed. Operational data to enable assessment of driver performance shall be stored for at least one week.",4.4.1.1 (M): It shall be possible to use multiple traction units without isolating the ETCS trainborne equipment on traction unit(s) with an in-operative cab.,"(M) mandatory, (O) optional"
S0673,PURE,2007-ertms,It shall be possible to use multiple traction units without isolating the ETCS trainborne equipment on traction unit(s) with an in-operative cab.,be possible to use multiple traction units without isolating the ETCS trainborne equipment on traction unit(s) with an in-operative cab,no,negation;residual_modal_in_capability;impersonal_construction,no,negation;residual_modal_in_capability;impersonal_construction,,"ERTMS/ETCS Functional Requirements Specification, version 5.0",4.4.1.1,M,Functions > Special Operations > Using multiple traction units,"4.3.10.7 (M): The following information shall be recorded: any transition of Level and of operational status the driver’s confirmation of transition to shunting train supervision data and information received from national train control systems actual speed full service brake intervention emergency brake intervention applying the train trip function selection of the override control override of the route suitability function isolation of on board ETCS equipmen data entered, recieved or indicated to the driver",4.4.1.2 (M): Information received shall not influence the traction unit(s) with in-operative cabs.,"(M) mandatory, (O) optional"
S0674,PURE,2007-ertms,Information received shall not influence the traction unit(s) with in-operative cabs.,not influence the traction unit(s) with in-operative cabs,no,negation,no,negation,,"ERTMS/ETCS Functional Requirements Specification, version 5.0",4.4.1.2,M,Functions > Special Operations > Using multiple traction units,4.4.1.1 (M): It shall be possible to use multiple traction units without isolating the ETCS trainborne equipment on traction unit(s) with an in-operative cab.,4.4.1.3 (M): The train trip function 4.6.12 shall be suppressed in traction unit(s) with in-operative cabs.,"(M) mandatory, (O) optional"
S0675,PURE,2007-ertms,The train trip function 4.6.12 shall be suppressed in traction unit(s) with in-operative cabs.,the train trip function 4.6.12 shall be suppressed in traction unit(s) with in-operative cabs,no,multi_sentence;residual_modal_in_capability;list_or_heading_marker,no,multi_sentence;residual_modal_in_capability;list_or_heading_marker,,"ERTMS/ETCS Functional Requirements Specification, version 5.0",4.4.1.3,M,Functions > Special Operations > Using multiple traction units,4.4.1.2 (M): Information received shall not influence the traction unit(s) with in-operative cabs.,4.4.2.1 (M): It shall be possible to use tandem traction units without isolating the ETCS trainborne equipment on the tandem traction unit.,"(M) mandatory, (O) optional"
S0676,PURE,2007-ertms,It shall be possible to use tandem traction units without isolating the ETCS trainborne equipment on the tandem traction unit.,be possible to use tandem traction units without isolating the ETCS trainborne equipment on the tandem traction unit,no,negation;residual_modal_in_capability;impersonal_construction,no,negation;residual_modal_in_capability;impersonal_construction,,"ERTMS/ETCS Functional Requirements Specification, version 5.0",4.4.2.1,M,Functions > Special Operations > Using multiple traction units,4.4.1.3 (M): The train trip function 4.6.12 shall be suppressed in traction unit(s) with in-operative cabs.,4.4.2.2 (M): The train trip function 4.6.12 shall be suppressed on the tandem traction unit.,"(M) mandatory, (O) optional"
S0677,PURE,2007-ertms,The train trip function 4.6.12 shall be suppressed on the tandem traction unit.,the train trip function 4.6.12 shall be suppressed on the tandem traction unit,no,multi_sentence;residual_modal_in_capability;list_or_heading_marker,no,multi_sentence;residual_modal_in_capability;list_or_heading_marker,,"ERTMS/ETCS Functional Requirements Specification, version 5.0",4.4.2.2,M,Functions > Special Operations > Using multiple traction units,4.4.2.1 (M): It shall be possible to use tandem traction units without isolating the ETCS trainborne equipment on the tandem traction unit.,4.4.2.5 (M): The driver shall enter the driver ID,"(M) mandatory, (O) optional"
S0678,PURE,2007-ertms,The driver shall enter the driver ID,enter the driver ID,yes,,yes,,enter the driver ID,"ERTMS/ETCS Functional Requirements Specification, version 5.0",4.4.2.5,M,Functions > Special Operations > Using multiple traction units,4.4.2.2 (M): The train trip function 4.6.12 shall be suppressed on the tandem traction unit.,4.4.7.1 (M): It shall be possible to drive the train backwards in a supervised way (speed and distance) according to information received from trackside,"(M) mandatory, (O) optional"
S0679,PURE,2007-ertms,It shall be possible to drive the train backwards in a supervised way (speed and distance) according to information received from trackside,be possible to drive the train backwards in a supervised way (speed and distance) according to information received from trackside,no,residual_modal_in_capability;impersonal_construction,no,residual_modal_in_capability;impersonal_construction,,"ERTMS/ETCS Functional Requirements Specification, version 5.0",4.4.7.1,M,Functions > Special Operations > Train reversing,4.4.2.5 (M): The driver shall enter the driver ID,4.5.2.1 (M): The train speed shall be at or below a speed specified by a national value.,"(M) mandatory, (O) optional"
S0680,PURE,2007-ertms,The train speed shall be at or below a speed specified by a national value.,be at or below a speed specified by a national value,yes,,yes,,be at or below a speed specified by a national value,"ERTMS/ETCS Functional Requirements Specification, version 5.0",4.5.2.1,M,Functions > Functions required in the event of incidents or other (non ETCS) system failures > Passing a stop signal with restricted movement authority,4.4.7.1 (M): It shall be possible to drive the train backwards in a supervised way (speed and distance) according to information received from trackside,4.5.2.2a (M): The driver shall select an override control according to the permission received.,"(M) mandatory, (O) optional"
S0681,PURE,2007-ertms,The driver shall select an override control according to the permission received.,select an override control according to the permission received,yes,,yes,,select an override control according to the permission received,"ERTMS/ETCS Functional Requirements Specification, version 5.0",4.5.2.2a,M,Functions > Functions required in the event of incidents or other (non ETCS) system failures > Passing a stop signal with restricted movement authority,4.5.2.1 (M): The train speed shall be at or below a speed specified by a national value.,4.5.2.2b (M): The override control shall be protected against inadvertent operation.,"(M) mandatory, (O) optional"
S0682,PURE,2007-ertms,The override control shall be protected against inadvertent operation.,be protected against inadvertent operation,yes,,yes,,be protected against inadvertent operation,"ERTMS/ETCS Functional Requirements Specification, version 5.0",4.5.2.2b,M,Functions > Functions required in the event of incidents or other (non ETCS) system failures > Passing a stop signal with restricted movement authority,4.5.2.2a (M): The driver shall select an override control according to the permission received.,"4.5.2.3 (M): When the train passes the stop signal, the train trip function shall be suppressed.","(M) mandatory, (O) optional"
S0683,PURE,2007-ertms,"When the train passes the stop signal, the train trip function shall be suppressed.",be suppressed,yes,,yes,,be suppressed,"ERTMS/ETCS Functional Requirements Specification, version 5.0",4.5.2.3,M,Functions > Functions required in the event of incidents or other (non ETCS) system failures > Passing a stop signal with restricted movement authority,4.5.2.2b (M): The override control shall be protected against inadvertent operation.,4.5.2.4 (M): Actual speed shall still be shown on the DMI.,"(M) mandatory, (O) optional"
S0684,PURE,2007-ertms,Actual speed shall still be shown on the DMI.,still be shown on the DMI,yes,,no,not_sampled_mandatory_pool,,"ERTMS/ETCS Functional Requirements Specification, version 5.0",4.5.2.4,M,Functions > Functions required in the event of incidents or other (non ETCS) system failures > Passing a stop signal with restricted movement authority,"4.5.2.3 (M): When the train passes the stop signal, the train trip function shall be suppressed.",4.5.2.5a (M): A special indication shall be shown on the DMI.,"(M) mandatory, (O) optional"
S0685,PURE,2007-ertms,A special indication shall be shown on the DMI.,be shown on the DMI,yes,,yes,,be shown on the DMI,"ERTMS/ETCS Functional Requirements Specification, version 5.0",4.5.2.5a,M,Functions > Functions required in the event of incidents or other (non ETCS) system failures > Passing a stop signal with restricted movement authority,4.5.2.4 (M): Actual speed shall still be shown on the DMI.,4.5.2.5b (M): The supervised speed shall not be shown on the DMI.,"(M) mandatory, (O) optional"
S0686,PURE,2007-ertms,The supervised speed shall not be shown on the DMI.,not be shown on the DMI,no,negation,no,negation,,"ERTMS/ETCS Functional Requirements Specification, version 5.0",4.5.2.5b,M,Functions > Functions required in the event of incidents or other (non ETCS) system failures > Passing a stop signal with restricted movement authority,4.5.2.5a (M): A special indication shall be shown on the DMI.,4.5.2.7 (M): The train shall be capable of receiving any track-to-train information intended and relevant for this train including movement authority.,"(M) mandatory, (O) optional"
S0687,PURE,2007-ertms,The train shall be capable of receiving any track-to-train information intended and relevant for this train including movement authority.,be capable of receiving any track-to-train information intended and relevant for this train including movement authority,no,residual_modal_in_capability,no,residual_modal_in_capability,,"ERTMS/ETCS Functional Requirements Specification, version 5.0",4.5.2.7,M,Functions > Functions required in the event of incidents or other (non ETCS) system failures > Passing a stop signal with restricted movement authority,4.5.2.5b (M): The supervised speed shall not be shown on the DMI.,4.6.4.1a (M): If supervised by an RBC it shall be possible to command an emergency stop to all trains in a particular area or to a specific train,"(M) mandatory, (O) optional"
S0688,PURE,2007-ertms,If supervised by an RBC it shall be possible to command an emergency stop to all trains in a particular area or to a specific train,be possible to command an emergency stop to all trains in a particular area or to a specific train,no,residual_modal_in_capability,no,residual_modal_in_capability,,"ERTMS/ETCS Functional Requirements Specification, version 5.0",4.6.4.1a,M,Functions > Protection Functions > Emergency stop to train(s),4.5.2.7 (M): The train shall be capable of receiving any track-to-train information intended and relevant for this train including movement authority.,4.6.4.1b (M): It shall be possible to command an immediate train stop.,"(M) mandatory, (O) optional"
S0689,PURE,2007-ertms,It shall be possible to command an immediate train stop.,be possible to command an immediate train stop,no,residual_modal_in_capability;impersonal_construction,no,residual_modal_in_capability;impersonal_construction,,"ERTMS/ETCS Functional Requirements Specification, version 5.0",4.6.4.1b,M,Functions > Protection Functions > Emergency stop to train(s),4.6.4.1a (M): If supervised by an RBC it shall be possible to command an emergency stop to all trains in a particular area or to a specific train,4.6.4.1c (M): It shall be possible to command a conditional emergency stop. If the train has already passed the location for the emergency stop the command shall be ignored,"(M) mandatory, (O) optional"
S0690,PURE,2007-ertms,It shall be possible to command a conditional emergency stop. If the train has already passed the location for the emergency stop the command shall be ignored,be possible to command a conditional emergency stop. If the train has already passed the location for the emergency stop the command shall be ignored,no,multi_sentence;residual_modal_in_capability;impersonal_construction,no,multi_sentence;residual_modal_in_capability;impersonal_construction,,"ERTMS/ETCS Functional Requirements Specification, version 5.0",4.6.4.1c,M,Functions > Protection Functions > Emergency stop to train(s),4.6.4.1b (M): It shall be possible to command an immediate train stop.,4.6.4.7 (M): When a train has received an emergency stop ETCS shall command the emergency brake.,"(M) mandatory, (O) optional"
S0691,PURE,2007-ertms,When a train has received an emergency stop ETCS shall command the emergency brake.,command the emergency brake,yes,,yes,,command the emergency brake,"ERTMS/ETCS Functional Requirements Specification, version 5.0",4.6.4.7,M,Functions > Protection Functions > Emergency stop to train(s),4.6.4.1c (M): It shall be possible to command a conditional emergency stop. If the train has already passed the location for the emergency stop the command shall be ignored,4.6.4.8 (M): The emergency stop shall be indicated to the driver on the DMI.,"(M) mandatory, (O) optional"
S0692,PURE,2007-ertms,The emergency stop shall be indicated to the driver on the DMI.,be indicated to the driver on the DMI,yes,,no,not_sampled_mandatory_pool,,"ERTMS/ETCS Functional Requirements Specification, version 5.0",4.6.4.8,M,Functions > Protection Functions > Emergency stop to train(s),4.6.4.7 (M): When a train has received an emergency stop ETCS shall command the emergency brake.,4.6.4.1a (M): It shall be possible to prevent a train from entering a route for which it does not meet the required criteria.,"(M) mandatory, (O) optional"
S0693,PURE,2007-ertms,It shall be possible to prevent a train from entering a route for which it does not meet the required criteria.,be possible to prevent a train from entering a route for which it does not meet the required criteria,no,negation;residual_modal_in_capability;impersonal_construction,no,negation;residual_modal_in_capability;impersonal_construction,,"ERTMS/ETCS Functional Requirements Specification, version 5.0",4.6.4.1a,M,Functions > Protection Functions > Route suitability,4.6.4.8 (M): The emergency stop shall be indicated to the driver on the DMI.,4.6.4.1c (M): Route unsuitability shall be indicated on the DMI.,"(M) mandatory, (O) optional"
S0694,PURE,2007-ertms,Route unsuitability shall be indicated on the DMI.,be indicated on the DMI,yes,,no,not_sampled_mandatory_pool,,"ERTMS/ETCS Functional Requirements Specification, version 5.0",4.6.4.1c,M,Functions > Protection Functions > Route suitability,4.6.4.1a (M): It shall be possible to prevent a train from entering a route for which it does not meet the required criteria.,4.6.4.2 (M): The driver shall be able to override the function when the train is stationary.,"(M) mandatory, (O) optional"
S0695,PURE,2007-ertms,The driver shall be able to override the function when the train is stationary.,override the function when the train is stationary,yes,,yes,,override the function when the train is stationary,"ERTMS/ETCS Functional Requirements Specification, version 5.0",4.6.4.2,M,Functions > Protection Functions > Route suitability,4.6.4.1c (M): Route unsuitability shall be indicated on the DMI.,4.6.4.3 (M): After overriding this function the movement authority shall be re-established.,"(M) mandatory, (O) optional"
S0696,PURE,2007-ertms,After overriding this function the movement authority shall be re-established.,be re-established,yes,,no,not_sampled_mandatory_pool,,"ERTMS/ETCS Functional Requirements Specification, version 5.0",4.6.4.3,M,Functions > Protection Functions > Route suitability,4.6.4.2 (M): The driver shall be able to override the function when the train is stationary.,4.6.12.1 (M): When a traction unit passes a stop-signal the emergency brake shall be triggered.,"(M) mandatory, (O) optional"
S0697,PURE,2007-ertms,When a traction unit passes a stop-signal the emergency brake shall be triggered.,be triggered,yes,,yes,,be triggered,"ERTMS/ETCS Functional Requirements Specification, version 5.0",4.6.12.1,M,Functions > Protection Functions > Train trip,4.6.4.3 (M): After overriding this function the movement authority shall be re-established.,4.6.12.2 (M): Operation of the train trip shall be indicated on the DMI.,"(M) mandatory, (O) optional"
S0698,PURE,2007-ertms,Operation of the train trip shall be indicated on the DMI.,be indicated on the DMI,yes,,no,not_sampled_mandatory_pool,,"ERTMS/ETCS Functional Requirements Specification, version 5.0",4.6.12.2,M,Functions > Protection Functions > Train trip,4.6.12.1 (M): When a traction unit passes a stop-signal the emergency brake shall be triggered.,4.6.12.3 (M): The emergency brake shall be applied until the traction unit is stationary.,"(M) mandatory, (O) optional"
S0699,PURE,2007-ertms,The emergency brake shall be applied until the traction unit is stationary.,be applied until the traction unit is stationary,yes,,yes,,be applied until the traction unit is stationary,"ERTMS/ETCS Functional Requirements Specification, version 5.0",4.6.12.3,M,Functions > Protection Functions > Train trip,4.6.12.2 (M): Operation of the train trip shall be indicated on the DMI.,4.6.12.4 (M): When the traction unit is stationary the driver shall be required to acknowledge the train trip condition. This acknowledgement will release the emergency brake.,"(M) mandatory, (O) optional"
S0700,PURE,2007-ertms,When the traction unit is stationary the driver shall be required to acknowledge the train trip condition. This acknowledgement will release the emergency brake.,be required to acknowledge the train trip condition. This acknowledgement will release the emergency brake,no,multi_sentence;residual_modal_in_capability,no,multi_sentence;residual_modal_in_capability,,"ERTMS/ETCS Functional Requirements Specification, version 5.0",4.6.12.4,M,Functions > Protection Functions > Train trip,4.6.12.3 (M): The emergency brake shall be applied until the traction unit is stationary.,4.6.12.5a (M): After the acknowledgement the driver shall be able to continue the movement,"(M) mandatory, (O) optional"
S0701,PURE,2007-ertms,After the acknowledgement the driver shall be able to continue the movement,continue the movement,yes,,no,not_sampled_mandatory_pool,,"ERTMS/ETCS Functional Requirements Specification, version 5.0",4.6.12.5a,M,Functions > Protection Functions > Train trip,4.6.12.4 (M): When the traction unit is stationary the driver shall be required to acknowledge the train trip condition. This acknowledgement will release the emergency brake.,4.6.12.5b (M): After the acknowledgement the train shall be able to be driven backwards for a certain distance defined by national value,"(M) mandatory, (O) optional"
S0702,PURE,2007-ertms,After the acknowledgement the train shall be able to be driven backwards for a certain distance defined by national value,be driven backwards for a certain distance defined by national value,yes,,yes,,be driven backwards for a certain distance defined by national value,"ERTMS/ETCS Functional Requirements Specification, version 5.0",4.6.12.5b,M,Functions > Protection Functions > Train trip,4.6.12.5a (M): After the acknowledgement the driver shall be able to continue the movement,4.7.1.1 (M): The ETCS trainborne equipment shall transmit its own train identification to the RBC.,"(M) mandatory, (O) optional"
S0703,PURE,2007-ertms,The ETCS trainborne equipment shall transmit its own train identification to the RBC.,transmit its own train identification to the RBC,yes,,no,not_sampled_mandatory_pool,,"ERTMS/ETCS Functional Requirements Specification, version 5.0",4.7.1.1,M,Functions > Train Control Centre Functions > Train identification,4.6.12.5b (M): After the acknowledgement the train shall be able to be driven backwards for a certain distance defined by national value,4.7.1.4 (M): The train running number shall consist of a maximum of 8 numeric digits.,"(M) mandatory, (O) optional"
S0704,PURE,2007-ertms,The train running number shall consist of a maximum of 8 numeric digits.,consist of a maximum of 8 numeric digits,yes,,no,not_sampled_mandatory_pool,,"ERTMS/ETCS Functional Requirements Specification, version 5.0",4.7.1.4,M,Functions > Train Control Centre Functions > Train identification,4.7.1.1 (M): The ETCS trainborne equipment shall transmit its own train identification to the RBC.,"4.7.3.2 (M): On demand, the position of the front end of the train at the time of the demand shall be indicated on the DMI. This shall be possible while the train is moving or stationary.","(M) mandatory, (O) optional"
S0705,PURE,2007-ertms,"On demand, the position of the front end of the train at the time of the demand shall be indicated on the DMI. This shall be possible while the train is moving or stationary.",be indicated on the DMI. This shall be possible while the train is moving or stationary,no,multi_sentence;residual_modal_in_capability,no,multi_sentence;residual_modal_in_capability,,"ERTMS/ETCS Functional Requirements Specification, version 5.0",4.7.3.2,M,Functions > Train Control Centre Functions > Geographical position of the train,4.7.1.4 (M): The train running number shall consist of a maximum of 8 numeric digits.,4.8.1.1 (M): The ETCS on-board shall be capable of receiving information about pantograph and power supply from the trackside.,"(M) mandatory, (O) optional"
S0706,PURE,2007-ertms,The ETCS on-board shall be capable of receiving information about pantograph and power supply from the trackside.,be capable of receiving information about pantograph and power supply from the trackside,no,residual_modal_in_capability,no,residual_modal_in_capability,,"ERTMS/ETCS Functional Requirements Specification, version 5.0",4.8.1.1,M,Functions > Additional Functions > Control of pantograph and power supply,"4.7.3.2 (M): On demand, the position of the front end of the train at the time of the demand shall be indicated on the DMI. This shall be possible while the train is moving or stationary.",4.8.1.5a (M): The ETCS trainborne equipment shall indicate on the DMI the information regarding pantograph and power supply.,"(M) mandatory, (O) optional"
S0707,PURE,2007-ertms,The ETCS trainborne equipment shall indicate on the DMI the information regarding pantograph and power supply.,indicate on the DMI the information regarding pantograph and power supply,yes,,yes,,indicate on the DMI the information regarding pantograph and power supply,"ERTMS/ETCS Functional Requirements Specification, version 5.0",4.8.1.5a,M,Functions > Additional Functions > Control of pantograph and power supply,4.8.1.1 (M): The ETCS on-board shall be capable of receiving information about pantograph and power supply from the trackside.,4.8.1.6 (M): The information regarding lowering and raising of the pantograph and opening/closing of the circuit breaker shall be provided separately and in combinations.,"(M) mandatory, (O) optional"
S0708,PURE,2007-ertms,The information regarding lowering and raising of the pantograph and opening/closing of the circuit breaker shall be provided separately and in combinations.,be provided separately and in combinations,no,possibly_multiple_capabilities,no,possibly_multiple_capabilities,,"ERTMS/ETCS Functional Requirements Specification, version 5.0",4.8.1.6,M,Functions > Additional Functions > Control of pantograph and power supply,4.8.1.5a (M): The ETCS trainborne equipment shall indicate on the DMI the information regarding pantograph and power supply.,4.8.2.1 (M): The ETCS on-board shall be capable of receiving information regarding air tightness from the trackside.,"(M) mandatory, (O) optional"
S0709,PURE,2007-ertms,The ETCS on-board shall be capable of receiving information regarding air tightness from the trackside.,be capable of receiving information regarding air tightness from the trackside,no,residual_modal_in_capability,no,residual_modal_in_capability,,"ERTMS/ETCS Functional Requirements Specification, version 5.0",4.8.2.1,M,Functions > Additional Functions > Air tightness control,4.8.1.6 (M): The information regarding lowering and raising of the pantograph and opening/closing of the circuit breaker shall be provided separately and in combinations.,4.8.8.1 (M): It shall be possible to send plain text messages from track to train.,"(M) mandatory, (O) optional"
S0710,PURE,2007-ertms,It shall be possible to send plain text messages from track to train.,be possible to send plain text messages from track to train,no,residual_modal_in_capability;impersonal_construction,no,residual_modal_in_capability;impersonal_construction,,"ERTMS/ETCS Functional Requirements Specification, version 5.0",4.8.8.1,M,Functions > Additional Functions > Plain text transmission,4.8.2.1 (M): The ETCS on-board shall be capable of receiving information regarding air tightness from the trackside.,"4.8.8.3 (M): When the plain text message appears on the DMI, the driver shall be alerted.","(M) mandatory, (O) optional"
S0711,PURE,2007-ertms,"When the plain text message appears on the DMI, the driver shall be alerted.",be alerted,yes,,yes,,be alerted,"ERTMS/ETCS Functional Requirements Specification, version 5.0",4.8.8.3,M,Functions > Additional Functions > Plain text transmission,4.8.8.1 (M): It shall be possible to send plain text messages from track to train.,4.8.8.5 (M): The onboard equipment shall display plain text messages as received.,"(M) mandatory, (O) optional"
S0712,PURE,2007-ertms,The onboard equipment shall display plain text messages as received.,display plain text messages as received,yes,,no,not_sampled_mandatory_pool,,"ERTMS/ETCS Functional Requirements Specification, version 5.0",4.8.8.5,M,Functions > Additional Functions > Plain text transmission,"4.8.8.3 (M): When the plain text message appears on the DMI, the driver shall be alerted.",4.8.8.6 (M): The character set used shall support different languages.,"(M) mandatory, (O) optional"
S0713,PURE,2007-ertms,The character set used shall support different languages.,support different languages,yes,,yes,,support different languages,"ERTMS/ETCS Functional Requirements Specification, version 5.0",4.8.8.6,M,Functions > Additional Functions > Plain text transmission,4.8.8.5 (M): The onboard equipment shall display plain text messages as received.,4.8.9.1 (M): It shall be possible to send fixed text messages from track to train,"(M) mandatory, (O) optional"
S0714,PURE,2007-ertms,It shall be possible to send fixed text messages from track to train,be possible to send fixed text messages from track to train,no,residual_modal_in_capability;impersonal_construction,no,residual_modal_in_capability;impersonal_construction,,"ERTMS/ETCS Functional Requirements Specification, version 5.0",4.8.9.1,M,Functions > Additional Functions > Fixed text messages,4.8.8.6 (M): The character set used shall support different languages.,4.8.9.2 (M): Fixed text messages shall be provided in the language selected by the driver,"(M) mandatory, (O) optional"
S0715,PURE,2007-ertms,Fixed text messages shall be provided in the language selected by the driver,be provided in the language selected by the driver,yes,,no,not_sampled_mandatory_pool,,"ERTMS/ETCS Functional Requirements Specification, version 5.0",4.8.9.2,M,Functions > Additional Functions > Fixed text messages,4.8.9.1 (M): It shall be possible to send fixed text messages from track to train,4.8.10.1 (M): It shall be possible to send information regarding the inhibition of the following different types of brake: Regenerative brake Eddy current brake Magnetic shoe brake,"(M) mandatory, (O) optional"
S0716,PURE,2007-ertms,It shall be possible to send information regarding the inhibition of the following different types of brake: Regenerative brake Eddy current brake Magnetic shoe brake,be possible to send information regarding the inhibition of the following different types of brake: Regenerative brake Eddy current brake Magnetic shoe brake,no,residual_modal_in_capability;colon_structure;impersonal_construction,no,residual_modal_in_capability;colon_structure;impersonal_construction,,"ERTMS/ETCS Functional Requirements Specification, version 5.0",4.8.10.1,M,Functions > Additional Functions > Management of special brakes,4.8.9.2 (M): Fixed text messages shall be provided in the language selected by the driver,4.8.10.2 (M): Information shall be shown on the DMI,"(M) mandatory, (O) optional"
S0717,PURE,2007-ertms,Information shall be shown on the DMI,be shown on the DMI,yes,,yes,,be shown on the DMI,"ERTMS/ETCS Functional Requirements Specification, version 5.0",4.8.10.2,M,Functions > Additional Functions > Management of special brakes,4.8.10.1 (M): It shall be possible to send information regarding the inhibition of the following different types of brake: Regenerative brake Eddy current brake Magnetic shoe brake,4.9.5.1 (M): The ETCS on-board shall be capable of sending to the trackside train integrity information detected by a system outside ETCS,"(M) mandatory, (O) optional"
S0718,PURE,2007-ertms,The ETCS on-board shall be capable of sending to the trackside train integrity information detected by a system outside ETCS,be capable of sending to the trackside train integrity information detected by a system outside ETCS,no,residual_modal_in_capability,no,residual_modal_in_capability,,"ERTMS/ETCS Functional Requirements Specification, version 5.0",4.9.5.1,M,Functions > Functions primarily related to RBC > Train Integrity,4.8.10.2 (M): Information shall be shown on the DMI,4.9.5.4 (M): The driver shall be able to confirm the train integrity to the RBC manually. The confirmation requires the train to be stationary.,"(M) mandatory, (O) optional"
S0719,PURE,2007-ertms,The driver shall be able to confirm the train integrity to the RBC manually. The confirmation requires the train to be stationary.,confirm the train integrity to the RBC manually. The confirmation requires the train to be stationary,no,multi_sentence,no,multi_sentence,,"ERTMS/ETCS Functional Requirements Specification, version 5.0",4.9.5.4,M,Functions > Functions primarily related to RBC > Train Integrity,4.9.5.1 (M): The ETCS on-board shall be capable of sending to the trackside train integrity information detected by a system outside ETCS,"4.9.9.1 (M): The on board shall be capable of sending train data to the trackside after confirmation by the driver, or when entering the RBC area","(M) mandatory, (O) optional"
S0720,PURE,2007-ertms,"The on board shall be capable of sending train data to the trackside after confirmation by the driver, or when entering the RBC area","be capable of sending train data to the trackside after confirmation by the driver, or when entering the RBC area",no,residual_modal_in_capability,no,residual_modal_in_capability,,"ERTMS/ETCS Functional Requirements Specification, version 5.0",4.9.9.1,M,Functions > Functions primarily related to RBC > Train Data to be sent to trackside,4.9.5.4 (M): The driver shall be able to confirm the train integrity to the RBC manually. The confirmation requires the train to be stationary.,4.9.9.2 (M): The following train data shall be sent from the on board to the trackside: Train running number STM ready for use train gauge Max. axle load status of air tight system type of el. power accepted international train category max. train speed train length,"(M) mandatory, (O) optional"
S0721,PURE,2007-ertms,The following train data shall be sent from the on board to the trackside: Train running number STM ready for use train gauge Max. axle load status of air tight system type of el. power accepted international train category max. train speed train length,be sent from the on board to the trackside: Train running number STM ready for use train gauge Max. axle load status of air tight system type of el. power accepted international train category max. train speed train length,no,too_long;multi_sentence;colon_structure,no,too_long;multi_sentence;colon_structure,,"ERTMS/ETCS Functional Requirements Specification, version 5.0",4.9.9.2,M,Functions > Functions primarily related to RBC > Train Data to be sent to trackside,"4.9.9.1 (M): The on board shall be capable of sending train data to the trackside after confirmation by the driver, or when entering the RBC area",4.9.10.1 (M): It shall be possible to revoke a Movement Authority that has already been issued to a train in a co-operative way between RBC and train.,"(M) mandatory, (O) optional"
S0722,PURE,2007-ertms,It shall be possible to revoke a Movement Authority that has already been issued to a train in a co-operative way between RBC and train.,be possible to revoke a Movement Authority that has already been issued to a train in a co-operative way between RBC and train,no,residual_modal_in_capability;impersonal_construction,no,residual_modal_in_capability;impersonal_construction,,"ERTMS/ETCS Functional Requirements Specification, version 5.0",4.9.10.1,M,Functions > Functions primarily related to RBC > Revocation of a Movement Authority,4.9.9.2 (M): The following train data shall be sent from the on board to the trackside: Train running number STM ready for use train gauge Max. axle load status of air tight system type of el. power accepted international train category max. train speed train length,"4.9.10.2 (M): The co-operative revocation of the MA shall be possible to a new target location, proposed from RBC.","(M) mandatory, (O) optional"
S0723,PURE,2007-ertms,"The co-operative revocation of the MA shall be possible to a new target location, proposed from RBC.","be possible to a new target location, proposed from RBC",no,residual_modal_in_capability,no,residual_modal_in_capability,,"ERTMS/ETCS Functional Requirements Specification, version 5.0",4.9.10.2,M,Functions > Functions primarily related to RBC > Revocation of a Movement Authority,4.9.10.1 (M): It shall be possible to revoke a Movement Authority that has already been issued to a train in a co-operative way between RBC and train.,4.9.10.3 (M): The new target location shall be checked for acceptance by the on board.,"(M) mandatory, (O) optional"
S0724,PURE,2007-ertms,The new target location shall be checked for acceptance by the on board.,be checked for acceptance by the on board,yes,,yes,,be checked for acceptance by the on board,"ERTMS/ETCS Functional Requirements Specification, version 5.0",4.9.10.3,M,Functions > Functions primarily related to RBC > Revocation of a Movement Authority,"4.9.10.2 (M): The co-operative revocation of the MA shall be possible to a new target location, proposed from RBC.",4.9.10.4 (M): If a train cannot stop at the proposed new target location it shall reject the request and keep the old target location.,"(M) mandatory, (O) optional"
S0725,PURE,2007-ertms,If a train cannot stop at the proposed new target location it shall reject the request and keep the old target location.,reject the request and keep the old target location,no,negation,no,negation,,"ERTMS/ETCS Functional Requirements Specification, version 5.0",4.9.10.4,M,Functions > Functions primarily related to RBC > Revocation of a Movement Authority,4.9.10.3 (M): The new target location shall be checked for acceptance by the on board.,4.9.10.1 (M): The Reversing function shall only be possible in one active cab which is not closed at any time during the procedure.,"(M) mandatory, (O) optional"
S0726,PURE,2007-ertms,The Reversing function shall only be possible in one active cab which is not closed at any time during the procedure.,only be possible in one active cab which is not closed at any time during the procedure,no,negation,no,negation,,"ERTMS/ETCS Functional Requirements Specification, version 5.0",4.9.10.1,M,Functions > Functions primarily related to RBC > Reversing,4.9.10.4 (M): If a train cannot stop at the proposed new target location it shall reject the request and keep the old target location.,4.9.10.2 (M): Reversing shall be possible as defined by a value given with the MA,"(M) mandatory, (O) optional"
S0727,PURE,2007-ertms,Reversing shall be possible as defined by a value given with the MA,be possible as defined by a value given with the MA,yes,,yes,,be possible as defined by a value given with the MA,"ERTMS/ETCS Functional Requirements Specification, version 5.0",4.9.10.2,M,Functions > Functions primarily related to RBC > Reversing,4.9.10.1 (M): The Reversing function shall only be possible in one active cab which is not closed at any time during the procedure.,4.9.10.5 (M): The driver shall be able to use the Reversing function without needing to re-confirm the train data.,"(M) mandatory, (O) optional"
S0728,PURE,2007-ertms,The driver shall be able to use the Reversing function without needing to re-confirm the train data.,use the Reversing function without needing to re-confirm the train data,no,negation,no,negation,,"ERTMS/ETCS Functional Requirements Specification, version 5.0",4.9.10.5,M,Functions > Functions primarily related to RBC > Reversing,4.9.10.2 (M): Reversing shall be possible as defined by a value given with the MA,4.9.10.6 (M): Reversing shall be supervised to a distance and speed set as National Values,"(M) mandatory, (O) optional"
S0729,PURE,2007-ertms,Reversing shall be supervised to a distance and speed set as National Values,be supervised to a distance and speed set as National Values,yes,,no,not_sampled_mandatory_pool,,"ERTMS/ETCS Functional Requirements Specification, version 5.0",4.9.10.6,M,Functions > Functions primarily related to RBC > Reversing,4.9.10.5 (M): The driver shall be able to use the Reversing function without needing to re-confirm the train data.,4.9.10.7 (M): The distance supervised can be extended from the trackside.,"(M) mandatory, (O) optional"
S0730,PURE,2007-ertms,The distance supervised can be extended from the trackside.,be extended from the trackside,no,no_requirement_cue,no,no_requirement_cue,,"ERTMS/ETCS Functional Requirements Specification, version 5.0",4.9.10.7,M,Functions > Functions primarily related to RBC > Reversing,4.9.10.6 (M): Reversing shall be supervised to a distance and speed set as National Values,4.9.10.8 (M): Once the train starts reversing the MA shall be cancelled.,"(M) mandatory, (O) optional"
S0731,PURE,2007-ertms,Once the train starts reversing the MA shall be cancelled.,be cancelled,yes,,no,not_sampled_mandatory_pool,,"ERTMS/ETCS Functional Requirements Specification, version 5.0",4.9.10.8,M,Functions > Functions primarily related to RBC > Reversing,4.9.10.7 (M): The distance supervised can be extended from the trackside.,4.9.12.1 (M): The train shall be able to automatically pass from one RBC area to another without driver intervention.,"(M) mandatory, (O) optional"
S0732,PURE,2007-ertms,The train shall be able to automatically pass from one RBC area to another without driver intervention.,automatically pass from one RBC area to another without driver intervention,no,negation,no,negation,,"ERTMS/ETCS Functional Requirements Specification, version 5.0",4.9.12.1,M,Functions > Functions primarily related to RBC > Handover when passing from one RBC area to another,4.9.10.8 (M): Once the train starts reversing the MA shall be cancelled.,4.9.12.2 (M): If the train is equipped with two operational radios there shall be no performance penalty as a result of a transition from one RBC to another (train spacing and train speed).,"(M) mandatory, (O) optional"
S0733,PURE,2007-ertms,If the train is equipped with two operational radios there shall be no performance penalty as a result of a transition from one RBC to another (train spacing and train speed).,be no performance penalty as a result of a transition from one RBC to another (train spacing and train speed),no,negation,no,negation,,"ERTMS/ETCS Functional Requirements Specification, version 5.0",4.9.12.2,M,Functions > Functions primarily related to RBC > Handover when passing from one RBC area to another,4.9.12.1 (M): The train shall be able to automatically pass from one RBC area to another without driver intervention.,"4.9.12.3 (M): If the train is equipped with only one operational radio, passing from one RBC to another shall still be possible but might result in a performance penalty.","(M) mandatory, (O) optional"
S0734,PURE,2007-ertms,"If the train is equipped with only one operational radio, passing from one RBC to another shall still be possible but might result in a performance penalty.",still be possible but might result in a performance penalty,yes,,yes,,still be possible but might result in a performance penalty,"ERTMS/ETCS Functional Requirements Specification, version 5.0",4.9.12.3,M,Functions > Functions primarily related to RBC > Handover when passing from one RBC area to another,4.9.12.2 (M): If the train is equipped with two operational radios there shall be no performance penalty as a result of a transition from one RBC to another (train spacing and train speed).,"5.1.3.1 (M): In the event of a Transmission Failure the following reactions, shall be capable of being applied in accordance with a National Value: Option 1. The ETCS trainborne equipment shall immediately command the emergency brake. The failure shall be shown on the DMI. Option 2. The ETCS trainborne equipment shall immediately command the full service brake. The failure shall be shown on the DMI. Option 3. The train may proceed unrestricted to the end of its movement authority. The indication on the DMI shall remain, and the driver shall be informed about the loss of transmission.","(M) mandatory, (O) optional"
S0735,PURE,2007-ertms,"In the event of a Transmission Failure the following reactions, shall be capable of being applied in accordance with a National Value: Option 1. The ETCS trainborne equipment shall immediately command the emergency brake. The failure shall be shown on the DMI. Option 2. The ETCS trainborne equipment shall immediately command the full service brake. The failure shall be shown on the DMI. Option 3. The train may proceed unrestricted to the end of its movement authority. The indication on the DMI shall remain, and the driver shall be informed about the loss of transmission.","be capable of being applied in accordance with a National Value: Option 1. The ETCS trainborne equipment shall immediately command the emergency brake. The failure shall be shown on the DMI. Option 2. The ETCS trainborne equipment shall immediately command the full service brake. The failure shall be shown on the DMI. Option 3. The train may proceed unrestricted to the end of its movement authority. The indication on the DMI shall remain, and the driver shall be informed about the loss of transmission",no,too_long;multi_sentence;residual_modal_in_capability;colon_structure;list_or_heading_marker,no,too_long;multi_sentence;residual_modal_in_capability;colon_structure;list_or_heading_marker,,"ERTMS/ETCS Functional Requirements Specification, version 5.0",5.1.3.1,M,Failures and Fall-back Procedures > Interruption in transmission > Transmission Failures,"4.9.12.3 (M): If the train is equipped with only one operational radio, passing from one RBC to another shall still be possible but might result in a performance penalty.","5.2.1.1 (M): If there are failures of the trainborne equipment which compromise the safety of train supervision, the ETCS trainborne equipment shall immediately command the brake and bring the train to a stop.","(M) mandatory, (O) optional"
S0736,PURE,2007-ertms,"If there are failures of the trainborne equipment which compromise the safety of train supervision, the ETCS trainborne equipment shall immediately command the brake and bring the train to a stop.","if there are failures of the trainborne equipment which compromise the safety of train supervision, the ETCS trainborne equipment shall immediately command the brake and bring the train to a stop",no,residual_modal_in_capability,no,residual_modal_in_capability,,"ERTMS/ETCS Functional Requirements Specification, version 5.0",5.2.1.1,M,Failures and Fall-back Procedures > On board equipment failures,"5.1.3.1 (M): In the event of a Transmission Failure the following reactions, shall be capable of being applied in accordance with a National Value: Option 1. The ETCS trainborne equipment shall immediately command the emergency brake. The failure shall be shown on the DMI. Option 2. The ETCS trainborne equipment shall immediately command the full service brake. The failure shall be shown on the DMI. Option 3. The train may proceed unrestricted to the end of its movement authority. The indication on the DMI shall remain, and the driver shall be informed about the loss of transmission.",5.2.1.2a (M): The occurrence of a failure shall be displayed on the DMI.,"(M) mandatory, (O) optional"
S0737,PURE,2007-ertms,The occurrence of a failure shall be displayed on the DMI.,be displayed on the DMI,yes,,no,not_sampled_mandatory_pool,,"ERTMS/ETCS Functional Requirements Specification, version 5.0",5.2.1.2a,M,Failures and Fall-back Procedures > On board equipment failures,"5.2.1.1 (M): If there are failures of the trainborne equipment which compromise the safety of train supervision, the ETCS trainborne equipment shall immediately command the brake and bring the train to a stop.","5.2.1.2c (M): In ETCS with RBC this restriction on performance shall, if possible be transmitted to the RBC.","(M) mandatory, (O) optional"
S0738,PURE,2007-ertms,"In ETCS with RBC this restriction on performance shall, if possible be transmitted to the RBC.","in ETCS with RBC this restriction on performance shall, if possible be transmitted to the RBC",no,residual_modal_in_capability;stranded_preposition,no,residual_modal_in_capability;stranded_preposition,,"ERTMS/ETCS Functional Requirements Specification, version 5.0",5.2.1.2c,M,Failures and Fall-back Procedures > On board equipment failures,5.2.1.2a (M): The occurrence of a failure shall be displayed on the DMI.,,"(M) mandatory, (O) optional"
