item_id,seed_id,template_id,source_modality,source_statement,task2_gold_modality,capability_text
S0001_weak_useful_if,S0001,useful_if,nice_to_have,It would be useful if the system could refresh the display every 60 seconds.,nice_to_have,refresh the display every 60 seconds
S0001_weak_nice_if,S0001,nice_if,nice_to_have,It would be nice if the system could refresh the display every 60 seconds.,nice_to_have,refresh the display every 60 seconds
S0001_weak_low_priority_enhancement,S0001,low_priority_enhancement,nice_to_have,"As a low-priority enhancement, the system could refresh the display every 60 seconds.",nice_to_have,refresh the display every 60 seconds
S0001_weak_future_enhancement,S0001,future_enhancement,nice_to_have,Stakeholders mentioned that the system could refresh the display every 60 seconds as a possible future enhancement.,nice_to_have,refresh the display every 60 seconds
S0002_weak_useful_if,S0002,useful_if,nice_to_have,It would be useful if the system could match the color of the schema set forth by Department of Homeland Security.,nice_to_have,match the color of the schema set forth by Department of Homeland Security
S0002_weak_nice_if,S0002,nice_if,nice_to_have,It would be nice if the system could match the color of the schema set forth by Department of Homeland Security.,nice_to_have,match the color of the schema set forth by Department of Homeland Security
S0002_weak_low_priority_enhancement,S0002,low_priority_enhancement,nice_to_have,"As a low-priority enhancement, the system could match the color of the schema set forth by Department of Homeland Security.",nice_to_have,match the color of the schema set forth by Department of Homeland Security
S0002_weak_future_enhancement,S0002,future_enhancement,nice_to_have,Stakeholders mentioned that the system could match the color of the schema set forth by Department of Homeland Security as a possible future enhancement.,nice_to_have,match the color of the schema set forth by Department of Homeland Security
S0008_weak_useful_if,S0008,useful_if,nice_to_have,It would be useful if the system could respond fast to keep up-to-date data in the display.,nice_to_have,respond fast to keep up-to-date data in the display
S0008_weak_nice_if,S0008,nice_if,nice_to_have,It would be nice if the system could respond fast to keep up-to-date data in the display.,nice_to_have,respond fast to keep up-to-date data in the display
S0008_weak_low_priority_enhancement,S0008,low_priority_enhancement,nice_to_have,"As a low-priority enhancement, the system could respond fast to keep up-to-date data in the display.",nice_to_have,respond fast to keep up-to-date data in the display
S0008_weak_future_enhancement,S0008,future_enhancement,nice_to_have,Stakeholders mentioned that the system could respond fast to keep up-to-date data in the display as a possible future enhancement.,nice_to_have,respond fast to keep up-to-date data in the display
S0009_weak_useful_if,S0009,useful_if,nice_to_have,It would be useful if the system could have a MDI form that allows for the viewing of the graph and the data table.,nice_to_have,have a MDI form that allows for the viewing of the graph and the data table
S0009_weak_nice_if,S0009,nice_if,nice_to_have,It would be nice if the system could have a MDI form that allows for the viewing of the graph and the data table.,nice_to_have,have a MDI form that allows for the viewing of the graph and the data table
S0009_weak_low_priority_enhancement,S0009,low_priority_enhancement,nice_to_have,"As a low-priority enhancement, the system could have a MDI form that allows for the viewing of the graph and the data table.",nice_to_have,have a MDI form that allows for the viewing of the graph and the data table
S0009_weak_future_enhancement,S0009,future_enhancement,nice_to_have,Stakeholders mentioned that the system could have a MDI form that allows for the viewing of the graph and the data table as a possible future enhancement.,nice_to_have,have a MDI form that allows for the viewing of the graph and the data table
S0010_weak_useful_if,S0010,useful_if,nice_to_have,It would be useful if the system could display Events in a vertical table by time.,nice_to_have,display Events in a vertical table by time
S0010_weak_nice_if,S0010,nice_if,nice_to_have,It would be nice if the system could display Events in a vertical table by time.,nice_to_have,display Events in a vertical table by time
S0010_weak_low_priority_enhancement,S0010,low_priority_enhancement,nice_to_have,"As a low-priority enhancement, the system could display Events in a vertical table by time.",nice_to_have,display Events in a vertical table by time
S0010_weak_future_enhancement,S0010,future_enhancement,nice_to_have,Stakeholders mentioned that the system could display Events in a vertical table by time as a possible future enhancement.,nice_to_have,display Events in a vertical table by time
S0011_weak_useful_if,S0011,useful_if,nice_to_have,It would be useful if the system could display the Events in a graph by time.,nice_to_have,display the Events in a graph by time
S0011_weak_nice_if,S0011,nice_if,nice_to_have,It would be nice if the system could display the Events in a graph by time.,nice_to_have,display the Events in a graph by time
S0011_weak_low_priority_enhancement,S0011,low_priority_enhancement,nice_to_have,"As a low-priority enhancement, the system could display the Events in a graph by time.",nice_to_have,display the Events in a graph by time
S0011_weak_future_enhancement,S0011,future_enhancement,nice_to_have,Stakeholders mentioned that the system could display the Events in a graph by time as a possible future enhancement.,nice_to_have,display the Events in a graph by time
S0012_weak_useful_if,S0012,useful_if,nice_to_have,It would be useful if the system could display Events or Activities.,nice_to_have,display Events or Activities
S0012_weak_nice_if,S0012,nice_if,nice_to_have,It would be nice if the system could display Events or Activities.,nice_to_have,display Events or Activities
S0012_weak_low_priority_enhancement,S0012,low_priority_enhancement,nice_to_have,"As a low-priority enhancement, the system could display Events or Activities.",nice_to_have,display Events or Activities
S0012_weak_future_enhancement,S0012,future_enhancement,nice_to_have,Stakeholders mentioned that the system could display Events or Activities as a possible future enhancement.,nice_to_have,display Events or Activities
S0014_weak_useful_if,S0014,useful_if,nice_to_have,It would be useful if the system could display MSEL Summary data in both graph nodes and table rows.,nice_to_have,display MSEL Summary data in both graph nodes and table rows
S0014_weak_nice_if,S0014,nice_if,nice_to_have,It would be nice if the system could display MSEL Summary data in both graph nodes and table rows.,nice_to_have,display MSEL Summary data in both graph nodes and table rows
S0014_weak_low_priority_enhancement,S0014,low_priority_enhancement,nice_to_have,"As a low-priority enhancement, the system could display MSEL Summary data in both graph nodes and table rows.",nice_to_have,display MSEL Summary data in both graph nodes and table rows
S0014_weak_future_enhancement,S0014,future_enhancement,nice_to_have,Stakeholders mentioned that the system could display MSEL Summary data in both graph nodes and table rows as a possible future enhancement.,nice_to_have,display MSEL Summary data in both graph nodes and table rows
S0015_weak_useful_if,S0015,useful_if,nice_to_have,It would be useful if the system could split the table side of the display into sequential and temporal regions.,nice_to_have,split the table side of the display into sequential and temporal regions
S0015_weak_nice_if,S0015,nice_if,nice_to_have,It would be nice if the system could split the table side of the display into sequential and temporal regions.,nice_to_have,split the table side of the display into sequential and temporal regions
S0015_weak_low_priority_enhancement,S0015,low_priority_enhancement,nice_to_have,"As a low-priority enhancement, the system could split the table side of the display into sequential and temporal regions.",nice_to_have,split the table side of the display into sequential and temporal regions
S0015_weak_future_enhancement,S0015,future_enhancement,nice_to_have,Stakeholders mentioned that the system could split the table side of the display into sequential and temporal regions as a possible future enhancement.,nice_to_have,split the table side of the display into sequential and temporal regions
S0018_weak_useful_if,S0018,useful_if,nice_to_have,It would be useful if the system could color code events according to their variance from current time.,nice_to_have,color code events according to their variance from current time
S0018_weak_nice_if,S0018,nice_if,nice_to_have,It would be nice if the system could color code events according to their variance from current time.,nice_to_have,color code events according to their variance from current time
S0018_weak_low_priority_enhancement,S0018,low_priority_enhancement,nice_to_have,"As a low-priority enhancement, the system could color code events according to their variance from current time.",nice_to_have,color code events according to their variance from current time
S0018_weak_future_enhancement,S0018,future_enhancement,nice_to_have,Stakeholders mentioned that the system could color code events according to their variance from current time as a possible future enhancement.,nice_to_have,color code events according to their variance from current time
S0021_weak_useful_if,S0021,useful_if,nice_to_have,It would be useful if the system could allow modification of the display.,nice_to_have,allow modification of the display
S0021_weak_nice_if,S0021,nice_if,nice_to_have,It would be nice if the system could allow modification of the display.,nice_to_have,allow modification of the display
S0021_weak_low_priority_enhancement,S0021,low_priority_enhancement,nice_to_have,"As a low-priority enhancement, the system could allow modification of the display.",nice_to_have,allow modification of the display
S0021_weak_future_enhancement,S0021,future_enhancement,nice_to_have,Stakeholders mentioned that the system could allow modification of the display as a possible future enhancement.,nice_to_have,allow modification of the display
S0022_weak_useful_if,S0022,useful_if,nice_to_have,It would be useful if the system could offer a display of all the Events in the exercise.,nice_to_have,offer a display of all the Events in the exercise
S0022_weak_nice_if,S0022,nice_if,nice_to_have,It would be nice if the system could offer a display of all the Events in the exercise.,nice_to_have,offer a display of all the Events in the exercise
S0022_weak_low_priority_enhancement,S0022,low_priority_enhancement,nice_to_have,"As a low-priority enhancement, the system could offer a display of all the Events in the exercise.",nice_to_have,offer a display of all the Events in the exercise
S0022_weak_future_enhancement,S0022,future_enhancement,nice_to_have,Stakeholders mentioned that the system could offer a display of all the Events in the exercise as a possible future enhancement.,nice_to_have,offer a display of all the Events in the exercise
S0023_weak_useful_if,S0023,useful_if,nice_to_have,It would be useful if the system could filter data by: Venues and Key Events.,nice_to_have,filter data by: Venues and Key Events
S0023_weak_nice_if,S0023,nice_if,nice_to_have,It would be nice if the system could filter data by: Venues and Key Events.,nice_to_have,filter data by: Venues and Key Events
S0023_weak_low_priority_enhancement,S0023,low_priority_enhancement,nice_to_have,"As a low-priority enhancement, the system could filter data by: Venues and Key Events.",nice_to_have,filter data by: Venues and Key Events
S0023_weak_future_enhancement,S0023,future_enhancement,nice_to_have,Stakeholders mentioned that the system could filter data by: Venues and Key Events as a possible future enhancement.,nice_to_have,filter data by: Venues and Key Events
S0024_weak_useful_if,S0024,useful_if,nice_to_have,It would be useful if the system could allow a user to define the time segments.,nice_to_have,allow a user to define the time segments
S0024_weak_nice_if,S0024,nice_if,nice_to_have,It would be nice if the system could allow a user to define the time segments.,nice_to_have,allow a user to define the time segments
S0024_weak_low_priority_enhancement,S0024,low_priority_enhancement,nice_to_have,"As a low-priority enhancement, the system could allow a user to define the time segments.",nice_to_have,allow a user to define the time segments
S0024_weak_future_enhancement,S0024,future_enhancement,nice_to_have,Stakeholders mentioned that the system could allow a user to define the time segments as a possible future enhancement.,nice_to_have,allow a user to define the time segments
S0025_weak_useful_if,S0025,useful_if,nice_to_have,It would be useful if the system could display the local and exercise time in separate clocks.,nice_to_have,display the local and exercise time in separate clocks
S0025_weak_nice_if,S0025,nice_if,nice_to_have,It would be nice if the system could display the local and exercise time in separate clocks.,nice_to_have,display the local and exercise time in separate clocks
S0025_weak_low_priority_enhancement,S0025,low_priority_enhancement,nice_to_have,"As a low-priority enhancement, the system could display the local and exercise time in separate clocks.",nice_to_have,display the local and exercise time in separate clocks
S0025_weak_future_enhancement,S0025,future_enhancement,nice_to_have,Stakeholders mentioned that the system could display the local and exercise time in separate clocks as a possible future enhancement.,nice_to_have,display the local and exercise time in separate clocks
S0026_weak_useful_if,S0026,useful_if,nice_to_have,It would be useful if the system could offer the ability to pause and resume the refresh of data.,nice_to_have,offer the ability to pause and resume the refresh of data
S0026_weak_nice_if,S0026,nice_if,nice_to_have,It would be nice if the system could offer the ability to pause and resume the refresh of data.,nice_to_have,offer the ability to pause and resume the refresh of data
S0026_weak_low_priority_enhancement,S0026,low_priority_enhancement,nice_to_have,"As a low-priority enhancement, the system could offer the ability to pause and resume the refresh of data.",nice_to_have,offer the ability to pause and resume the refresh of data
S0026_weak_future_enhancement,S0026,future_enhancement,nice_to_have,Stakeholders mentioned that the system could offer the ability to pause and resume the refresh of data as a possible future enhancement.,nice_to_have,offer the ability to pause and resume the refresh of data
S0027_weak_useful_if,S0027,useful_if,nice_to_have,It would be useful if the system could provide charts for the Activity or Event actual versus assumed time.,nice_to_have,provide charts for the Activity or Event actual versus assumed time
S0027_weak_nice_if,S0027,nice_if,nice_to_have,It would be nice if the system could provide charts for the Activity or Event actual versus assumed time.,nice_to_have,provide charts for the Activity or Event actual versus assumed time
S0027_weak_low_priority_enhancement,S0027,low_priority_enhancement,nice_to_have,"As a low-priority enhancement, the system could provide charts for the Activity or Event actual versus assumed time.",nice_to_have,provide charts for the Activity or Event actual versus assumed time
S0027_weak_future_enhancement,S0027,future_enhancement,nice_to_have,Stakeholders mentioned that the system could provide charts for the Activity or Event actual versus assumed time as a possible future enhancement.,nice_to_have,provide charts for the Activity or Event actual versus assumed time
S0028_weak_useful_if,S0028,useful_if,nice_to_have,It would be useful if the system could provide a history report of changes made to the Activity or Event data.,nice_to_have,provide a history report of changes made to the Activity or Event data
S0028_weak_nice_if,S0028,nice_if,nice_to_have,It would be nice if the system could provide a history report of changes made to the Activity or Event data.,nice_to_have,provide a history report of changes made to the Activity or Event data
S0028_weak_low_priority_enhancement,S0028,low_priority_enhancement,nice_to_have,"As a low-priority enhancement, the system could provide a history report of changes made to the Activity or Event data.",nice_to_have,provide a history report of changes made to the Activity or Event data
S0028_weak_future_enhancement,S0028,future_enhancement,nice_to_have,Stakeholders mentioned that the system could provide a history report of changes made to the Activity or Event data as a possible future enhancement.,nice_to_have,provide a history report of changes made to the Activity or Event data
S0029_weak_useful_if,S0029,useful_if,nice_to_have,It would be useful if the system could conform to the smart device user interface standards in look and feel.,nice_to_have,conform to the smart device user interface standards in look and feel
S0029_weak_nice_if,S0029,nice_if,nice_to_have,It would be nice if the system could conform to the smart device user interface standards in look and feel.,nice_to_have,conform to the smart device user interface standards in look and feel
S0029_weak_low_priority_enhancement,S0029,low_priority_enhancement,nice_to_have,"As a low-priority enhancement, the system could conform to the smart device user interface standards in look and feel.",nice_to_have,conform to the smart device user interface standards in look and feel
S0029_weak_future_enhancement,S0029,future_enhancement,nice_to_have,Stakeholders mentioned that the system could conform to the smart device user interface standards in look and feel as a possible future enhancement.,nice_to_have,conform to the smart device user interface standards in look and feel
S0030_weak_useful_if,S0030,useful_if,nice_to_have,It would be useful if the system could provide standard menu buttons for navigation.,nice_to_have,provide standard menu buttons for navigation
S0030_weak_nice_if,S0030,nice_if,nice_to_have,It would be nice if the system could provide standard menu buttons for navigation.,nice_to_have,provide standard menu buttons for navigation
S0030_weak_low_priority_enhancement,S0030,low_priority_enhancement,nice_to_have,"As a low-priority enhancement, the system could provide standard menu buttons for navigation.",nice_to_have,provide standard menu buttons for navigation
S0030_weak_future_enhancement,S0030,future_enhancement,nice_to_have,Stakeholders mentioned that the system could provide standard menu buttons for navigation as a possible future enhancement.,nice_to_have,provide standard menu buttons for navigation
S0031_weak_useful_if,S0031,useful_if,nice_to_have,It would be useful if the system could have a professional appearance.,nice_to_have,have a professional appearance
S0031_weak_nice_if,S0031,nice_if,nice_to_have,It would be nice if the system could have a professional appearance.,nice_to_have,have a professional appearance
S0031_weak_low_priority_enhancement,S0031,low_priority_enhancement,nice_to_have,"As a low-priority enhancement, the system could have a professional appearance.",nice_to_have,have a professional appearance
S0031_weak_future_enhancement,S0031,future_enhancement,nice_to_have,Stakeholders mentioned that the system could have a professional appearance as a possible future enhancement.,nice_to_have,have a professional appearance
S0032_weak_useful_if,S0032,useful_if,nice_to_have,It would be useful if the system could have a consistent color scheme and fonts.,nice_to_have,have a consistent color scheme and fonts
S0032_weak_nice_if,S0032,nice_if,nice_to_have,It would be nice if the system could have a consistent color scheme and fonts.,nice_to_have,have a consistent color scheme and fonts
S0032_weak_low_priority_enhancement,S0032,low_priority_enhancement,nice_to_have,"As a low-priority enhancement, the system could have a consistent color scheme and fonts.",nice_to_have,have a consistent color scheme and fonts
S0032_weak_future_enhancement,S0032,future_enhancement,nice_to_have,Stakeholders mentioned that the system could have a consistent color scheme and fonts as a possible future enhancement.,nice_to_have,have a consistent color scheme and fonts
S0034_weak_useful_if,S0034,useful_if,nice_to_have,It would be useful if the system could be intuitive and self explanatory.,nice_to_have,be intuitive and self explanatory
S0034_weak_nice_if,S0034,nice_if,nice_to_have,It would be nice if the system could be intuitive and self explanatory.,nice_to_have,be intuitive and self explanatory
S0034_weak_low_priority_enhancement,S0034,low_priority_enhancement,nice_to_have,"As a low-priority enhancement, the system could be intuitive and self explanatory.",nice_to_have,be intuitive and self explanatory
S0034_weak_future_enhancement,S0034,future_enhancement,nice_to_have,Stakeholders mentioned that the system could be intuitive and self explanatory as a possible future enhancement.,nice_to_have,be intuitive and self explanatory
S0035_weak_useful_if,S0035,useful_if,nice_to_have,It would be useful if the system could be easy for a realtor to learn.,nice_to_have,be easy for a realtor to learn
S0035_weak_nice_if,S0035,nice_if,nice_to_have,It would be nice if the system could be easy for a realtor to learn.,nice_to_have,be easy for a realtor to learn
S0035_weak_low_priority_enhancement,S0035,low_priority_enhancement,nice_to_have,"As a low-priority enhancement, the system could be easy for a realtor to learn.",nice_to_have,be easy for a realtor to learn
S0035_weak_future_enhancement,S0035,future_enhancement,nice_to_have,Stakeholders mentioned that the system could be easy for a realtor to learn as a possible future enhancement.,nice_to_have,be easy for a realtor to learn
S0036_weak_useful_if,S0036,useful_if,nice_to_have,It would be useful if the system could use symbols and words that are naturally understandable by the realtor community.,nice_to_have,use symbols and words that are naturally understandable by the realtor community
S0036_weak_nice_if,S0036,nice_if,nice_to_have,It would be nice if the system could use symbols and words that are naturally understandable by the realtor community.,nice_to_have,use symbols and words that are naturally understandable by the realtor community
S0036_weak_low_priority_enhancement,S0036,low_priority_enhancement,nice_to_have,"As a low-priority enhancement, the system could use symbols and words that are naturally understandable by the realtor community.",nice_to_have,use symbols and words that are naturally understandable by the realtor community
S0036_weak_future_enhancement,S0036,future_enhancement,nice_to_have,Stakeholders mentioned that the system could use symbols and words that are naturally understandable by the realtor community as a possible future enhancement.,nice_to_have,use symbols and words that are naturally understandable by the realtor community
S0037_weak_useful_if,S0037,useful_if,nice_to_have,It would be useful if the system could produce search results in an acceptable time.,nice_to_have,produce search results in an acceptable time
S0037_weak_nice_if,S0037,nice_if,nice_to_have,It would be nice if the system could produce search results in an acceptable time.,nice_to_have,produce search results in an acceptable time
S0037_weak_low_priority_enhancement,S0037,low_priority_enhancement,nice_to_have,"As a low-priority enhancement, the system could produce search results in an acceptable time.",nice_to_have,produce search results in an acceptable time
S0037_weak_future_enhancement,S0037,future_enhancement,nice_to_have,Stakeholders mentioned that the system could produce search results in an acceptable time as a possible future enhancement.,nice_to_have,produce search results in an acceptable time
S0039_weak_useful_if,S0039,useful_if,nice_to_have,It would be useful if the system could generate a CMA report in an acceptable time.,nice_to_have,generate a CMA report in an acceptable time
S0039_weak_nice_if,S0039,nice_if,nice_to_have,It would be nice if the system could generate a CMA report in an acceptable time.,nice_to_have,generate a CMA report in an acceptable time
S0039_weak_low_priority_enhancement,S0039,low_priority_enhancement,nice_to_have,"As a low-priority enhancement, the system could generate a CMA report in an acceptable time.",nice_to_have,generate a CMA report in an acceptable time
S0039_weak_future_enhancement,S0039,future_enhancement,nice_to_have,Stakeholders mentioned that the system could generate a CMA report in an acceptable time as a possible future enhancement.,nice_to_have,generate a CMA report in an acceptable time
S0041_weak_useful_if,S0041,useful_if,nice_to_have,It would be useful if the system could synchronize contacts and appointments in an acceptable time.,nice_to_have,synchronize contacts and appointments in an acceptable time
S0041_weak_nice_if,S0041,nice_if,nice_to_have,It would be nice if the system could synchronize contacts and appointments in an acceptable time.,nice_to_have,synchronize contacts and appointments in an acceptable time
S0041_weak_low_priority_enhancement,S0041,low_priority_enhancement,nice_to_have,"As a low-priority enhancement, the system could synchronize contacts and appointments in an acceptable time.",nice_to_have,synchronize contacts and appointments in an acceptable time
S0041_weak_future_enhancement,S0041,future_enhancement,nice_to_have,Stakeholders mentioned that the system could synchronize contacts and appointments in an acceptable time as a possible future enhancement.,nice_to_have,synchronize contacts and appointments in an acceptable time
S0042_weak_useful_if,S0042,useful_if,nice_to_have,It would be useful if the system could synchronize with the office system every hour.,nice_to_have,synchronize with the office system every hour
S0042_weak_nice_if,S0042,nice_if,nice_to_have,It would be nice if the system could synchronize with the office system every hour.,nice_to_have,synchronize with the office system every hour
S0042_weak_low_priority_enhancement,S0042,low_priority_enhancement,nice_to_have,"As a low-priority enhancement, the system could synchronize with the office system every hour.",nice_to_have,synchronize with the office system every hour
S0042_weak_future_enhancement,S0042,future_enhancement,nice_to_have,Stakeholders mentioned that the system could synchronize with the office system every hour as a possible future enhancement.,nice_to_have,synchronize with the office system every hour
S0043_weak_useful_if,S0043,useful_if,nice_to_have,It would be useful if the system could be available for use 24 hours per day 365 days per year.,nice_to_have,be available for use 24 hours per day 365 days per year
S0043_weak_nice_if,S0043,nice_if,nice_to_have,It would be nice if the system could be available for use 24 hours per day 365 days per year.,nice_to_have,be available for use 24 hours per day 365 days per year
S0043_weak_low_priority_enhancement,S0043,low_priority_enhancement,nice_to_have,"As a low-priority enhancement, the system could be available for use 24 hours per day 365 days per year.",nice_to_have,be available for use 24 hours per day 365 days per year
S0043_weak_future_enhancement,S0043,future_enhancement,nice_to_have,Stakeholders mentioned that the system could be available for use 24 hours per day 365 days per year as a possible future enhancement.,nice_to_have,be available for use 24 hours per day 365 days per year
S0044_weak_useful_if,S0044,useful_if,nice_to_have,It would be useful if the system could be available for 999 out of 1000 access attempts.,nice_to_have,be available for 999 out of 1000 access attempts
S0044_weak_nice_if,S0044,nice_if,nice_to_have,It would be nice if the system could be available for 999 out of 1000 access attempts.,nice_to_have,be available for 999 out of 1000 access attempts
S0044_weak_low_priority_enhancement,S0044,low_priority_enhancement,nice_to_have,"As a low-priority enhancement, the system could be available for 999 out of 1000 access attempts.",nice_to_have,be available for 999 out of 1000 access attempts
S0044_weak_future_enhancement,S0044,future_enhancement,nice_to_have,Stakeholders mentioned that the system could be available for 999 out of 1000 access attempts as a possible future enhancement.,nice_to_have,be available for 999 out of 1000 access attempts
S0045_weak_useful_if,S0045,useful_if,nice_to_have,It would be useful if the system could operate in offline mode whenever internet connection is unavailable.,nice_to_have,operate in offline mode whenever internet connection is unavailable
S0045_weak_nice_if,S0045,nice_if,nice_to_have,It would be nice if the system could operate in offline mode whenever internet connection is unavailable.,nice_to_have,operate in offline mode whenever internet connection is unavailable
S0045_weak_low_priority_enhancement,S0045,low_priority_enhancement,nice_to_have,"As a low-priority enhancement, the system could operate in offline mode whenever internet connection is unavailable.",nice_to_have,operate in offline mode whenever internet connection is unavailable
S0045_weak_future_enhancement,S0045,future_enhancement,nice_to_have,Stakeholders mentioned that the system could operate in offline mode whenever internet connection is unavailable as a possible future enhancement.,nice_to_have,operate in offline mode whenever internet connection is unavailable
S0046_weak_useful_if,S0046,useful_if,nice_to_have,"It would be useful if the system could allow the user to view previously downloaded search results, CMA reports, and appointments.",nice_to_have,"allow the user to view previously downloaded search results, CMA reports, and appointments"
S0046_weak_nice_if,S0046,nice_if,nice_to_have,"It would be nice if the system could allow the user to view previously downloaded search results, CMA reports, and appointments.",nice_to_have,"allow the user to view previously downloaded search results, CMA reports, and appointments"
S0046_weak_low_priority_enhancement,S0046,low_priority_enhancement,nice_to_have,"As a low-priority enhancement, the system could allow the user to view previously downloaded search results, CMA reports, and appointments.",nice_to_have,"allow the user to view previously downloaded search results, CMA reports, and appointments"
S0046_weak_future_enhancement,S0046,future_enhancement,nice_to_have,"Stakeholders mentioned that the system could allow the user to view previously downloaded search results, CMA reports, and appointments as a possible future enhancement.",nice_to_have,"allow the user to view previously downloaded search results, CMA reports, and appointments"
S0047_weak_useful_if,S0047,useful_if,nice_to_have,It would be useful if the system could retain user preferences in the event of a failure.,nice_to_have,retain user preferences in the event of a failure
S0047_weak_nice_if,S0047,nice_if,nice_to_have,It would be nice if the system could retain user preferences in the event of a failure.,nice_to_have,retain user preferences in the event of a failure
S0047_weak_low_priority_enhancement,S0047,low_priority_enhancement,nice_to_have,"As a low-priority enhancement, the system could retain user preferences in the event of a failure.",nice_to_have,retain user preferences in the event of a failure
S0047_weak_future_enhancement,S0047,future_enhancement,nice_to_have,Stakeholders mentioned that the system could retain user preferences in the event of a failure as a possible future enhancement.,nice_to_have,retain user preferences in the event of a failure
S0049_weak_useful_if,S0049,useful_if,nice_to_have,It would be useful if the system could support multiple remote users.,nice_to_have,support multiple remote users
S0049_weak_nice_if,S0049,nice_if,nice_to_have,It would be nice if the system could support multiple remote users.,nice_to_have,support multiple remote users
S0049_weak_low_priority_enhancement,S0049,low_priority_enhancement,nice_to_have,"As a low-priority enhancement, the system could support multiple remote users.",nice_to_have,support multiple remote users
S0049_weak_future_enhancement,S0049,future_enhancement,nice_to_have,Stakeholders mentioned that the system could support multiple remote users as a possible future enhancement.,nice_to_have,support multiple remote users
S0050_weak_useful_if,S0050,useful_if,nice_to_have,It would be useful if the system could support 1000 simultaneous users.,nice_to_have,support 1000 simultaneous users
S0050_weak_nice_if,S0050,nice_if,nice_to_have,It would be nice if the system could support 1000 simultaneous users.,nice_to_have,support 1000 simultaneous users
S0050_weak_low_priority_enhancement,S0050,low_priority_enhancement,nice_to_have,"As a low-priority enhancement, the system could support 1000 simultaneous users.",nice_to_have,support 1000 simultaneous users
S0050_weak_future_enhancement,S0050,future_enhancement,nice_to_have,Stakeholders mentioned that the system could support 1000 simultaneous users as a possible future enhancement.,nice_to_have,support 1000 simultaneous users
S0054_weak_useful_if,S0054,useful_if,nice_to_have,It would be useful if the system could run on Windows CE and Palm operating systems.,nice_to_have,run on Windows CE and Palm operating systems
S0054_weak_nice_if,S0054,nice_if,nice_to_have,It would be nice if the system could run on Windows CE and Palm operating systems.,nice_to_have,run on Windows CE and Palm operating systems
S0054_weak_low_priority_enhancement,S0054,low_priority_enhancement,nice_to_have,"As a low-priority enhancement, the system could run on Windows CE and Palm operating systems.",nice_to_have,run on Windows CE and Palm operating systems
S0054_weak_future_enhancement,S0054,future_enhancement,nice_to_have,Stakeholders mentioned that the system could run on Windows CE and Palm operating systems as a possible future enhancement.,nice_to_have,run on Windows CE and Palm operating systems
S0055_weak_useful_if,S0055,useful_if,nice_to_have,It would be useful if the system could allow only registered realtors to access the system.,nice_to_have,allow only registered realtors to access the system
S0055_weak_nice_if,S0055,nice_if,nice_to_have,It would be nice if the system could allow only registered realtors to access the system.,nice_to_have,allow only registered realtors to access the system
S0055_weak_low_priority_enhancement,S0055,low_priority_enhancement,nice_to_have,"As a low-priority enhancement, the system could allow only registered realtors to access the system.",nice_to_have,allow only registered realtors to access the system
S0055_weak_future_enhancement,S0055,future_enhancement,nice_to_have,Stakeholders mentioned that the system could allow only registered realtors to access the system as a possible future enhancement.,nice_to_have,allow only registered realtors to access the system
S0056_weak_useful_if,S0056,useful_if,nice_to_have,It would be useful if the system could authenticate and authorize every system user.,nice_to_have,authenticate and authorize every system user
S0056_weak_nice_if,S0056,nice_if,nice_to_have,It would be nice if the system could authenticate and authorize every system user.,nice_to_have,authenticate and authorize every system user
S0056_weak_low_priority_enhancement,S0056,low_priority_enhancement,nice_to_have,"As a low-priority enhancement, the system could authenticate and authorize every system user.",nice_to_have,authenticate and authorize every system user
S0056_weak_future_enhancement,S0056,future_enhancement,nice_to_have,Stakeholders mentioned that the system could authenticate and authorize every system user as a possible future enhancement.,nice_to_have,authenticate and authorize every system user
S0057_weak_useful_if,S0057,useful_if,nice_to_have,It would be useful if the system could prevent incorrect data from being introduced into product data.,nice_to_have,prevent incorrect data from being introduced into product data
S0057_weak_nice_if,S0057,nice_if,nice_to_have,It would be nice if the system could prevent incorrect data from being introduced into product data.,nice_to_have,prevent incorrect data from being introduced into product data
S0057_weak_low_priority_enhancement,S0057,low_priority_enhancement,nice_to_have,"As a low-priority enhancement, the system could prevent incorrect data from being introduced into product data.",nice_to_have,prevent incorrect data from being introduced into product data
S0057_weak_future_enhancement,S0057,future_enhancement,nice_to_have,Stakeholders mentioned that the system could prevent incorrect data from being introduced into product data as a possible future enhancement.,nice_to_have,prevent incorrect data from being introduced into product data
S0058_weak_useful_if,S0058,useful_if,nice_to_have,It would be useful if the system could allow a real estate agent to query MLS information.,nice_to_have,allow a real estate agent to query MLS information
S0058_weak_nice_if,S0058,nice_if,nice_to_have,It would be nice if the system could allow a real estate agent to query MLS information.,nice_to_have,allow a real estate agent to query MLS information
S0058_weak_low_priority_enhancement,S0058,low_priority_enhancement,nice_to_have,"As a low-priority enhancement, the system could allow a real estate agent to query MLS information.",nice_to_have,allow a real estate agent to query MLS information
S0058_weak_future_enhancement,S0058,future_enhancement,nice_to_have,Stakeholders mentioned that the system could allow a real estate agent to query MLS information as a possible future enhancement.,nice_to_have,allow a real estate agent to query MLS information
S0059_weak_useful_if,S0059,useful_if,nice_to_have,It would be useful if the system could provide users with driving directions to a selected property.,nice_to_have,provide users with driving directions to a selected property
S0059_weak_nice_if,S0059,nice_if,nice_to_have,It would be nice if the system could provide users with driving directions to a selected property.,nice_to_have,provide users with driving directions to a selected property
S0059_weak_low_priority_enhancement,S0059,low_priority_enhancement,nice_to_have,"As a low-priority enhancement, the system could provide users with driving directions to a selected property.",nice_to_have,provide users with driving directions to a selected property
S0059_weak_future_enhancement,S0059,future_enhancement,nice_to_have,Stakeholders mentioned that the system could provide users with driving directions to a selected property as a possible future enhancement.,nice_to_have,provide users with driving directions to a selected property
S0060_weak_useful_if,S0060,useful_if,nice_to_have,It would be useful if the system could allow users to download appointments and client contact information.,nice_to_have,allow users to download appointments and client contact information
S0060_weak_nice_if,S0060,nice_if,nice_to_have,It would be nice if the system could allow users to download appointments and client contact information.,nice_to_have,allow users to download appointments and client contact information
S0060_weak_low_priority_enhancement,S0060,low_priority_enhancement,nice_to_have,"As a low-priority enhancement, the system could allow users to download appointments and client contact information.",nice_to_have,allow users to download appointments and client contact information
S0060_weak_future_enhancement,S0060,future_enhancement,nice_to_have,Stakeholders mentioned that the system could allow users to download appointments and client contact information as a possible future enhancement.,nice_to_have,allow users to download appointments and client contact information
S0061_weak_useful_if,S0061,useful_if,nice_to_have,It would be useful if the system could display clear property images in the search results.,nice_to_have,display clear property images in the search results
S0061_weak_nice_if,S0061,nice_if,nice_to_have,It would be nice if the system could display clear property images in the search results.,nice_to_have,display clear property images in the search results
S0061_weak_low_priority_enhancement,S0061,low_priority_enhancement,nice_to_have,"As a low-priority enhancement, the system could display clear property images in the search results.",nice_to_have,display clear property images in the search results
S0061_weak_future_enhancement,S0061,future_enhancement,nice_to_have,Stakeholders mentioned that the system could display clear property images in the search results as a possible future enhancement.,nice_to_have,display clear property images in the search results
S0062_weak_useful_if,S0062,useful_if,nice_to_have,It would be useful if the system could update or create new property listings in the MLS.,nice_to_have,update or create new property listings in the MLS
S0062_weak_nice_if,S0062,nice_if,nice_to_have,It would be nice if the system could update or create new property listings in the MLS.,nice_to_have,update or create new property listings in the MLS
S0062_weak_low_priority_enhancement,S0062,low_priority_enhancement,nice_to_have,"As a low-priority enhancement, the system could update or create new property listings in the MLS.",nice_to_have,update or create new property listings in the MLS
S0062_weak_future_enhancement,S0062,future_enhancement,nice_to_have,Stakeholders mentioned that the system could update or create new property listings in the MLS as a possible future enhancement.,nice_to_have,update or create new property listings in the MLS
S0063_weak_useful_if,S0063,useful_if,nice_to_have,It would be useful if the system could allow realtors to generate CMA reports based on property criteria.,nice_to_have,allow realtors to generate CMA reports based on property criteria
S0063_weak_nice_if,S0063,nice_if,nice_to_have,It would be nice if the system could allow realtors to generate CMA reports based on property criteria.,nice_to_have,allow realtors to generate CMA reports based on property criteria
S0063_weak_low_priority_enhancement,S0063,low_priority_enhancement,nice_to_have,"As a low-priority enhancement, the system could allow realtors to generate CMA reports based on property criteria.",nice_to_have,allow realtors to generate CMA reports based on property criteria
S0063_weak_future_enhancement,S0063,future_enhancement,nice_to_have,Stakeholders mentioned that the system could allow realtors to generate CMA reports based on property criteria as a possible future enhancement.,nice_to_have,allow realtors to generate CMA reports based on property criteria
S0064_weak_useful_if,S0064,useful_if,nice_to_have,It would be useful if the system could call the seller or buyer to schedule an appointment.,nice_to_have,call the seller or buyer to schedule an appointment
S0064_weak_nice_if,S0064,nice_if,nice_to_have,It would be nice if the system could call the seller or buyer to schedule an appointment.,nice_to_have,call the seller or buyer to schedule an appointment
S0064_weak_low_priority_enhancement,S0064,low_priority_enhancement,nice_to_have,"As a low-priority enhancement, the system could call the seller or buyer to schedule an appointment.",nice_to_have,call the seller or buyer to schedule an appointment
S0064_weak_future_enhancement,S0064,future_enhancement,nice_to_have,Stakeholders mentioned that the system could call the seller or buyer to schedule an appointment as a possible future enhancement.,nice_to_have,call the seller or buyer to schedule an appointment
S0065_weak_useful_if,S0065,useful_if,nice_to_have,It would be useful if the system could notify realtors of new client appointments after automatic synchronization with the office system.,nice_to_have,notify realtors of new client appointments after automatic synchronization with the office system
S0065_weak_nice_if,S0065,nice_if,nice_to_have,It would be nice if the system could notify realtors of new client appointments after automatic synchronization with the office system.,nice_to_have,notify realtors of new client appointments after automatic synchronization with the office system
S0065_weak_low_priority_enhancement,S0065,low_priority_enhancement,nice_to_have,"As a low-priority enhancement, the system could notify realtors of new client appointments after automatic synchronization with the office system.",nice_to_have,notify realtors of new client appointments after automatic synchronization with the office system
S0065_weak_future_enhancement,S0065,future_enhancement,nice_to_have,Stakeholders mentioned that the system could notify realtors of new client appointments after automatic synchronization with the office system as a possible future enhancement.,nice_to_have,notify realtors of new client appointments after automatic synchronization with the office system
S0066_weak_useful_if,S0066,useful_if,nice_to_have,It would be useful if the system could allow realtors to retrieve maps showing property locations for a specified area.,nice_to_have,allow realtors to retrieve maps showing property locations for a specified area
S0066_weak_nice_if,S0066,nice_if,nice_to_have,It would be nice if the system could allow realtors to retrieve maps showing property locations for a specified area.,nice_to_have,allow realtors to retrieve maps showing property locations for a specified area
S0066_weak_low_priority_enhancement,S0066,low_priority_enhancement,nice_to_have,"As a low-priority enhancement, the system could allow realtors to retrieve maps showing property locations for a specified area.",nice_to_have,allow realtors to retrieve maps showing property locations for a specified area
S0066_weak_future_enhancement,S0066,future_enhancement,nice_to_have,Stakeholders mentioned that the system could allow realtors to retrieve maps showing property locations for a specified area as a possible future enhancement.,nice_to_have,allow realtors to retrieve maps showing property locations for a specified area
S0067_weak_useful_if,S0067,useful_if,nice_to_have,It would be useful if the system could notify the realtor when a seller or buyer responds to an appointment request.,nice_to_have,notify the realtor when a seller or buyer responds to an appointment request
S0067_weak_nice_if,S0067,nice_if,nice_to_have,It would be nice if the system could notify the realtor when a seller or buyer responds to an appointment request.,nice_to_have,notify the realtor when a seller or buyer responds to an appointment request
S0067_weak_low_priority_enhancement,S0067,low_priority_enhancement,nice_to_have,"As a low-priority enhancement, the system could notify the realtor when a seller or buyer responds to an appointment request.",nice_to_have,notify the realtor when a seller or buyer responds to an appointment request
S0067_weak_future_enhancement,S0067,future_enhancement,nice_to_have,Stakeholders mentioned that the system could notify the realtor when a seller or buyer responds to an appointment request as a possible future enhancement.,nice_to_have,notify the realtor when a seller or buyer responds to an appointment request
S0068_weak_useful_if,S0068,useful_if,nice_to_have,It would be useful if the system could allow the user to save the property search results.,nice_to_have,allow the user to save the property search results
S0068_weak_nice_if,S0068,nice_if,nice_to_have,It would be nice if the system could allow the user to save the property search results.,nice_to_have,allow the user to save the property search results
S0068_weak_low_priority_enhancement,S0068,low_priority_enhancement,nice_to_have,"As a low-priority enhancement, the system could allow the user to save the property search results.",nice_to_have,allow the user to save the property search results
S0068_weak_future_enhancement,S0068,future_enhancement,nice_to_have,Stakeholders mentioned that the system could allow the user to save the property search results as a possible future enhancement.,nice_to_have,allow the user to save the property search results
S0069_weak_useful_if,S0069,useful_if,nice_to_have,It would be useful if the system could be easy to use by the Program Administrators/Nursing Staff Members.,nice_to_have,be easy to use by the Program Administrators/Nursing Staff Members
S0069_weak_nice_if,S0069,nice_if,nice_to_have,It would be nice if the system could be easy to use by the Program Administrators/Nursing Staff Members.,nice_to_have,be easy to use by the Program Administrators/Nursing Staff Members
S0069_weak_low_priority_enhancement,S0069,low_priority_enhancement,nice_to_have,"As a low-priority enhancement, the system could be easy to use by the Program Administrators/Nursing Staff Members.",nice_to_have,be easy to use by the Program Administrators/Nursing Staff Members
S0069_weak_future_enhancement,S0069,future_enhancement,nice_to_have,Stakeholders mentioned that the system could be easy to use by the Program Administrators/Nursing Staff Members as a possible future enhancement.,nice_to_have,be easy to use by the Program Administrators/Nursing Staff Members
S0070_weak_useful_if,S0070,useful_if,nice_to_have,It would be useful if the system could be usable by all users after one day of training.,nice_to_have,be usable by all users after one day of training
S0070_weak_nice_if,S0070,nice_if,nice_to_have,It would be nice if the system could be usable by all users after one day of training.,nice_to_have,be usable by all users after one day of training
S0070_weak_low_priority_enhancement,S0070,low_priority_enhancement,nice_to_have,"As a low-priority enhancement, the system could be usable by all users after one day of training.",nice_to_have,be usable by all users after one day of training
S0070_weak_future_enhancement,S0070,future_enhancement,nice_to_have,Stakeholders mentioned that the system could be usable by all users after one day of training as a possible future enhancement.,nice_to_have,be usable by all users after one day of training
S0071_weak_useful_if,S0071,useful_if,nice_to_have,It would be useful if the system could help the user avoid making mistakes while scheduling classes and clinicals for the nursing students.,nice_to_have,help the user avoid making mistakes while scheduling classes and clinicals for the nursing students
S0071_weak_nice_if,S0071,nice_if,nice_to_have,It would be nice if the system could help the user avoid making mistakes while scheduling classes and clinicals for the nursing students.,nice_to_have,help the user avoid making mistakes while scheduling classes and clinicals for the nursing students
S0071_weak_low_priority_enhancement,S0071,low_priority_enhancement,nice_to_have,"As a low-priority enhancement, the system could help the user avoid making mistakes while scheduling classes and clinicals for the nursing students.",nice_to_have,help the user avoid making mistakes while scheduling classes and clinicals for the nursing students
S0071_weak_future_enhancement,S0071,future_enhancement,nice_to_have,Stakeholders mentioned that the system could help the user avoid making mistakes while scheduling classes and clinicals for the nursing students as a possible future enhancement.,nice_to_have,help the user avoid making mistakes while scheduling classes and clinicals for the nursing students
S0073_weak_useful_if,S0073,useful_if,nice_to_have,It would be useful if the system could be intuitive to the Program Administrators/Nursing Staff Members.,nice_to_have,be intuitive to the Program Administrators/Nursing Staff Members
S0073_weak_nice_if,S0073,nice_if,nice_to_have,It would be nice if the system could be intuitive to the Program Administrators/Nursing Staff Members.,nice_to_have,be intuitive to the Program Administrators/Nursing Staff Members
S0073_weak_low_priority_enhancement,S0073,low_priority_enhancement,nice_to_have,"As a low-priority enhancement, the system could be intuitive to the Program Administrators/Nursing Staff Members.",nice_to_have,be intuitive to the Program Administrators/Nursing Staff Members
S0073_weak_future_enhancement,S0073,future_enhancement,nice_to_have,Stakeholders mentioned that the system could be intuitive to the Program Administrators/Nursing Staff Members as a possible future enhancement.,nice_to_have,be intuitive to the Program Administrators/Nursing Staff Members
S0074_weak_useful_if,S0074,useful_if,nice_to_have,It would be useful if the system could enable 2 out of 3 Program Administrators/Nursing Staff Members to successfully manage scheduling of classes and clinicals.,nice_to_have,enable 2 out of 3 Program Administrators/Nursing Staff Members to successfully manage scheduling of classes and clinicals
S0074_weak_nice_if,S0074,nice_if,nice_to_have,It would be nice if the system could enable 2 out of 3 Program Administrators/Nursing Staff Members to successfully manage scheduling of classes and clinicals.,nice_to_have,enable 2 out of 3 Program Administrators/Nursing Staff Members to successfully manage scheduling of classes and clinicals
S0074_weak_low_priority_enhancement,S0074,low_priority_enhancement,nice_to_have,"As a low-priority enhancement, the system could enable 2 out of 3 Program Administrators/Nursing Staff Members to successfully manage scheduling of classes and clinicals.",nice_to_have,enable 2 out of 3 Program Administrators/Nursing Staff Members to successfully manage scheduling of classes and clinicals
S0074_weak_future_enhancement,S0074,future_enhancement,nice_to_have,Stakeholders mentioned that the system could enable 2 out of 3 Program Administrators/Nursing Staff Members to successfully manage scheduling of classes and clinicals as a possible future enhancement.,nice_to_have,enable 2 out of 3 Program Administrators/Nursing Staff Members to successfully manage scheduling of classes and clinicals
S0075_weak_useful_if,S0075,useful_if,nice_to_have,It would be useful if the system could use symbols and words that are naturally understandable by the user community.,nice_to_have,use symbols and words that are naturally understandable by the user community
S0075_weak_nice_if,S0075,nice_if,nice_to_have,It would be nice if the system could use symbols and words that are naturally understandable by the user community.,nice_to_have,use symbols and words that are naturally understandable by the user community
S0075_weak_low_priority_enhancement,S0075,low_priority_enhancement,nice_to_have,"As a low-priority enhancement, the system could use symbols and words that are naturally understandable by the user community.",nice_to_have,use symbols and words that are naturally understandable by the user community
S0075_weak_future_enhancement,S0075,future_enhancement,nice_to_have,Stakeholders mentioned that the system could use symbols and words that are naturally understandable by the user community as a possible future enhancement.,nice_to_have,use symbols and words that are naturally understandable by the user community
S0076_weak_useful_if,S0076,useful_if,nice_to_have,It would be useful if the system could use Standard English and national Nursing Community terminology consistently.,nice_to_have,use Standard English and national Nursing Community terminology consistently
S0076_weak_nice_if,S0076,nice_if,nice_to_have,It would be nice if the system could use Standard English and national Nursing Community terminology consistently.,nice_to_have,use Standard English and national Nursing Community terminology consistently
S0076_weak_low_priority_enhancement,S0076,low_priority_enhancement,nice_to_have,"As a low-priority enhancement, the system could use Standard English and national Nursing Community terminology consistently.",nice_to_have,use Standard English and national Nursing Community terminology consistently
S0076_weak_future_enhancement,S0076,future_enhancement,nice_to_have,Stakeholders mentioned that the system could use Standard English and national Nursing Community terminology consistently as a possible future enhancement.,nice_to_have,use Standard English and national Nursing Community terminology consistently
S0077_weak_useful_if,S0077,useful_if,nice_to_have,It would be useful if the system could enable staff members to complete a set of tasks in a timely manner.,nice_to_have,enable staff members to complete a set of tasks in a timely manner
S0077_weak_nice_if,S0077,nice_if,nice_to_have,It would be nice if the system could enable staff members to complete a set of tasks in a timely manner.,nice_to_have,enable staff members to complete a set of tasks in a timely manner
S0077_weak_low_priority_enhancement,S0077,low_priority_enhancement,nice_to_have,"As a low-priority enhancement, the system could enable staff members to complete a set of tasks in a timely manner.",nice_to_have,enable staff members to complete a set of tasks in a timely manner
S0077_weak_future_enhancement,S0077,future_enhancement,nice_to_have,Stakeholders mentioned that the system could enable staff members to complete a set of tasks in a timely manner as a possible future enhancement.,nice_to_have,enable staff members to complete a set of tasks in a timely manner
S0079_weak_useful_if,S0079,useful_if,nice_to_have,It would be useful if the system could be available for use between the hours of 8am and 6pm.,nice_to_have,be available for use between the hours of 8am and 6pm
S0079_weak_nice_if,S0079,nice_if,nice_to_have,It would be nice if the system could be available for use between the hours of 8am and 6pm.,nice_to_have,be available for use between the hours of 8am and 6pm
S0079_weak_low_priority_enhancement,S0079,low_priority_enhancement,nice_to_have,"As a low-priority enhancement, the system could be available for use between the hours of 8am and 6pm.",nice_to_have,be available for use between the hours of 8am and 6pm
S0079_weak_future_enhancement,S0079,future_enhancement,nice_to_have,Stakeholders mentioned that the system could be available for use between the hours of 8am and 6pm as a possible future enhancement.,nice_to_have,be available for use between the hours of 8am and 6pm
S0081_weak_useful_if,S0081,useful_if,nice_to_have,It would be useful if the system could handle all of the user requests/usage during business hours.,nice_to_have,handle all of the user requests/usage during business hours
S0081_weak_nice_if,S0081,nice_if,nice_to_have,It would be nice if the system could handle all of the user requests/usage during business hours.,nice_to_have,handle all of the user requests/usage during business hours
S0081_weak_low_priority_enhancement,S0081,low_priority_enhancement,nice_to_have,"As a low-priority enhancement, the system could handle all of the user requests/usage during business hours.",nice_to_have,handle all of the user requests/usage during business hours
S0081_weak_future_enhancement,S0081,future_enhancement,nice_to_have,Stakeholders mentioned that the system could handle all of the user requests/usage during business hours as a possible future enhancement.,nice_to_have,handle all of the user requests/usage during business hours
S0082_weak_useful_if,S0082,useful_if,nice_to_have,It would be useful if the system could cater to 10 simultaneous users from 9am to 5pm.,nice_to_have,cater to 10 simultaneous users from 9am to 5pm
S0082_weak_nice_if,S0082,nice_if,nice_to_have,It would be nice if the system could cater to 10 simultaneous users from 9am to 5pm.,nice_to_have,cater to 10 simultaneous users from 9am to 5pm
S0082_weak_low_priority_enhancement,S0082,low_priority_enhancement,nice_to_have,"As a low-priority enhancement, the system could cater to 10 simultaneous users from 9am to 5pm.",nice_to_have,cater to 10 simultaneous users from 9am to 5pm
S0082_weak_future_enhancement,S0082,future_enhancement,nice_to_have,Stakeholders mentioned that the system could cater to 10 simultaneous users from 9am to 5pm as a possible future enhancement.,nice_to_have,cater to 10 simultaneous users from 9am to 5pm
S0084_weak_useful_if,S0084,useful_if,nice_to_have,It would be useful if the system could manage the nursing program curriculum and class/clinical scheduling for a minimum of 5 years.,nice_to_have,manage the nursing program curriculum and class/clinical scheduling for a minimum of 5 years
S0084_weak_nice_if,S0084,nice_if,nice_to_have,It would be nice if the system could manage the nursing program curriculum and class/clinical scheduling for a minimum of 5 years.,nice_to_have,manage the nursing program curriculum and class/clinical scheduling for a minimum of 5 years
S0084_weak_low_priority_enhancement,S0084,low_priority_enhancement,nice_to_have,"As a low-priority enhancement, the system could manage the nursing program curriculum and class/clinical scheduling for a minimum of 5 years.",nice_to_have,manage the nursing program curriculum and class/clinical scheduling for a minimum of 5 years
S0084_weak_future_enhancement,S0084,future_enhancement,nice_to_have,Stakeholders mentioned that the system could manage the nursing program curriculum and class/clinical scheduling for a minimum of 5 years as a possible future enhancement.,nice_to_have,manage the nursing program curriculum and class/clinical scheduling for a minimum of 5 years
S0085_weak_useful_if,S0085,useful_if,nice_to_have,It would be useful if the system could operate within a business office environment typical of the Nursing Department at DePaul University.,nice_to_have,operate within a business office environment typical of the Nursing Department at DePaul University
S0085_weak_nice_if,S0085,nice_if,nice_to_have,It would be nice if the system could operate within a business office environment typical of the Nursing Department at DePaul University.,nice_to_have,operate within a business office environment typical of the Nursing Department at DePaul University
S0085_weak_low_priority_enhancement,S0085,low_priority_enhancement,nice_to_have,"As a low-priority enhancement, the system could operate within a business office environment typical of the Nursing Department at DePaul University.",nice_to_have,operate within a business office environment typical of the Nursing Department at DePaul University
S0085_weak_future_enhancement,S0085,future_enhancement,nice_to_have,Stakeholders mentioned that the system could operate within a business office environment typical of the Nursing Department at DePaul University as a possible future enhancement.,nice_to_have,operate within a business office environment typical of the Nursing Department at DePaul University
S0086_weak_useful_if,S0086,useful_if,nice_to_have,It would be useful if the system could be used within the specifications defined by the computers used by the Program Administrators/Nursing Staff Members.,nice_to_have,be used within the specifications defined by the computers used by the Program Administrators/Nursing Staff Members
S0086_weak_nice_if,S0086,nice_if,nice_to_have,It would be nice if the system could be used within the specifications defined by the computers used by the Program Administrators/Nursing Staff Members.,nice_to_have,be used within the specifications defined by the computers used by the Program Administrators/Nursing Staff Members
S0086_weak_low_priority_enhancement,S0086,low_priority_enhancement,nice_to_have,"As a low-priority enhancement, the system could be used within the specifications defined by the computers used by the Program Administrators/Nursing Staff Members.",nice_to_have,be used within the specifications defined by the computers used by the Program Administrators/Nursing Staff Members
S0086_weak_future_enhancement,S0086,future_enhancement,nice_to_have,Stakeholders mentioned that the system could be used within the specifications defined by the computers used by the Program Administrators/Nursing Staff Members as a possible future enhancement.,nice_to_have,be used within the specifications defined by the computers used by the Program Administrators/Nursing Staff Members
S0087_weak_useful_if,S0087,useful_if,nice_to_have,It would be useful if the system could operate within the Windows XP Professional operating system.,nice_to_have,operate within the Windows XP Professional operating system
S0087_weak_nice_if,S0087,nice_if,nice_to_have,It would be nice if the system could operate within the Windows XP Professional operating system.,nice_to_have,operate within the Windows XP Professional operating system
S0087_weak_low_priority_enhancement,S0087,low_priority_enhancement,nice_to_have,"As a low-priority enhancement, the system could operate within the Windows XP Professional operating system.",nice_to_have,operate within the Windows XP Professional operating system
S0087_weak_future_enhancement,S0087,future_enhancement,nice_to_have,Stakeholders mentioned that the system could operate within the Windows XP Professional operating system as a possible future enhancement.,nice_to_have,operate within the Windows XP Professional operating system
S0088_weak_useful_if,S0088,useful_if,nice_to_have,It would be useful if the system could interface with CampusConnect's central server.,nice_to_have,interface with CampusConnect's central server
S0088_weak_nice_if,S0088,nice_if,nice_to_have,It would be nice if the system could interface with CampusConnect's central server.,nice_to_have,interface with CampusConnect's central server
S0088_weak_low_priority_enhancement,S0088,low_priority_enhancement,nice_to_have,"As a low-priority enhancement, the system could interface with CampusConnect's central server.",nice_to_have,interface with CampusConnect's central server
S0088_weak_future_enhancement,S0088,future_enhancement,nice_to_have,Stakeholders mentioned that the system could interface with CampusConnect's central server as a possible future enhancement.,nice_to_have,interface with CampusConnect's central server
S0089_weak_useful_if,S0089,useful_if,nice_to_have,It would be useful if the system could interface with the faculty central server.,nice_to_have,interface with the faculty central server
S0089_weak_nice_if,S0089,nice_if,nice_to_have,It would be nice if the system could interface with the faculty central server.,nice_to_have,interface with the faculty central server
S0089_weak_low_priority_enhancement,S0089,low_priority_enhancement,nice_to_have,"As a low-priority enhancement, the system could interface with the faculty central server.",nice_to_have,interface with the faculty central server
S0089_weak_future_enhancement,S0089,future_enhancement,nice_to_have,Stakeholders mentioned that the system could interface with the faculty central server as a possible future enhancement.,nice_to_have,interface with the faculty central server
S0090_weak_useful_if,S0090,useful_if,nice_to_have,It would be useful if the system could interface with the student master server.,nice_to_have,interface with the student master server
S0090_weak_nice_if,S0090,nice_if,nice_to_have,It would be nice if the system could interface with the student master server.,nice_to_have,interface with the student master server
S0090_weak_low_priority_enhancement,S0090,low_priority_enhancement,nice_to_have,"As a low-priority enhancement, the system could interface with the student master server.",nice_to_have,interface with the student master server
S0090_weak_future_enhancement,S0090,future_enhancement,nice_to_have,Stakeholders mentioned that the system could interface with the student master server as a possible future enhancement.,nice_to_have,interface with the student master server
S0091_weak_useful_if,S0091,useful_if,nice_to_have,It would be useful if the system could interface with any HTML browser.,nice_to_have,interface with any HTML browser
S0091_weak_nice_if,S0091,nice_if,nice_to_have,It would be nice if the system could interface with any HTML browser.,nice_to_have,interface with any HTML browser
S0091_weak_low_priority_enhancement,S0091,low_priority_enhancement,nice_to_have,"As a low-priority enhancement, the system could interface with any HTML browser.",nice_to_have,interface with any HTML browser
S0091_weak_future_enhancement,S0091,future_enhancement,nice_to_have,Stakeholders mentioned that the system could interface with any HTML browser as a possible future enhancement.,nice_to_have,interface with any HTML browser
S0092_weak_useful_if,S0092,useful_if,nice_to_have,It would be useful if the system could restrict access to clinical site information to authorized users.,nice_to_have,restrict access to clinical site information to authorized users
S0092_weak_nice_if,S0092,nice_if,nice_to_have,It would be nice if the system could restrict access to clinical site information to authorized users.,nice_to_have,restrict access to clinical site information to authorized users
S0092_weak_low_priority_enhancement,S0092,low_priority_enhancement,nice_to_have,"As a low-priority enhancement, the system could restrict access to clinical site information to authorized users.",nice_to_have,restrict access to clinical site information to authorized users
S0092_weak_future_enhancement,S0092,future_enhancement,nice_to_have,Stakeholders mentioned that the system could restrict access to clinical site information to authorized users as a possible future enhancement.,nice_to_have,restrict access to clinical site information to authorized users
S0093_weak_useful_if,S0093,useful_if,nice_to_have,It would be useful if the system could restrict access to clinical site details to Program Administrators and Nursing Staff Members.,nice_to_have,restrict access to clinical site details to Program Administrators and Nursing Staff Members
S0093_weak_nice_if,S0093,nice_if,nice_to_have,It would be nice if the system could restrict access to clinical site details to Program Administrators and Nursing Staff Members.,nice_to_have,restrict access to clinical site details to Program Administrators and Nursing Staff Members
S0093_weak_low_priority_enhancement,S0093,low_priority_enhancement,nice_to_have,"As a low-priority enhancement, the system could restrict access to clinical site details to Program Administrators and Nursing Staff Members.",nice_to_have,restrict access to clinical site details to Program Administrators and Nursing Staff Members
S0093_weak_future_enhancement,S0093,future_enhancement,nice_to_have,Stakeholders mentioned that the system could restrict access to clinical site details to Program Administrators and Nursing Staff Members as a possible future enhancement.,nice_to_have,restrict access to clinical site details to Program Administrators and Nursing Staff Members
S0094_weak_useful_if,S0094,useful_if,nice_to_have,It would be useful if the system could restrict access to students' personal information to authorized users.,nice_to_have,restrict access to students' personal information to authorized users
S0094_weak_nice_if,S0094,nice_if,nice_to_have,It would be nice if the system could restrict access to students' personal information to authorized users.,nice_to_have,restrict access to students' personal information to authorized users
S0094_weak_low_priority_enhancement,S0094,low_priority_enhancement,nice_to_have,"As a low-priority enhancement, the system could restrict access to students' personal information to authorized users.",nice_to_have,restrict access to students' personal information to authorized users
S0094_weak_future_enhancement,S0094,future_enhancement,nice_to_have,Stakeholders mentioned that the system could restrict access to students' personal information to authorized users as a possible future enhancement.,nice_to_have,restrict access to students' personal information to authorized users
S0095_weak_useful_if,S0095,useful_if,nice_to_have,It would be useful if the system could restrict access to students' personal information to Dr Susan Poslusny and Dr Julie Donalek.,nice_to_have,restrict access to students' personal information to Dr Susan Poslusny and Dr Julie Donalek
S0095_weak_nice_if,S0095,nice_if,nice_to_have,It would be nice if the system could restrict access to students' personal information to Dr Susan Poslusny and Dr Julie Donalek.,nice_to_have,restrict access to students' personal information to Dr Susan Poslusny and Dr Julie Donalek
S0095_weak_low_priority_enhancement,S0095,low_priority_enhancement,nice_to_have,"As a low-priority enhancement, the system could restrict access to students' personal information to Dr Susan Poslusny and Dr Julie Donalek.",nice_to_have,restrict access to students' personal information to Dr Susan Poslusny and Dr Julie Donalek
S0095_weak_future_enhancement,S0095,future_enhancement,nice_to_have,Stakeholders mentioned that the system could restrict access to students' personal information to Dr Susan Poslusny and Dr Julie Donalek as a possible future enhancement.,nice_to_have,restrict access to students' personal information to Dr Susan Poslusny and Dr Julie Donalek
S0096_weak_useful_if,S0096,useful_if,nice_to_have,It would be useful if the system could restrict access to the CampusConnect interface portion of the system to authorized users.,nice_to_have,restrict access to the CampusConnect interface portion of the system to authorized users
S0096_weak_nice_if,S0096,nice_if,nice_to_have,It would be nice if the system could restrict access to the CampusConnect interface portion of the system to authorized users.,nice_to_have,restrict access to the CampusConnect interface portion of the system to authorized users
S0096_weak_low_priority_enhancement,S0096,low_priority_enhancement,nice_to_have,"As a low-priority enhancement, the system could restrict access to the CampusConnect interface portion of the system to authorized users.",nice_to_have,restrict access to the CampusConnect interface portion of the system to authorized users
S0096_weak_future_enhancement,S0096,future_enhancement,nice_to_have,Stakeholders mentioned that the system could restrict access to the CampusConnect interface portion of the system to authorized users as a possible future enhancement.,nice_to_have,restrict access to the CampusConnect interface portion of the system to authorized users
S0097_weak_useful_if,S0097,useful_if,nice_to_have,It would be useful if the system could restrict access to final class section scheduling for the CampusConnect interface to Dr Susan Poslusny and Karen Sysol.,nice_to_have,restrict access to final class section scheduling for the CampusConnect interface to Dr Susan Poslusny and Karen Sysol
S0097_weak_nice_if,S0097,nice_if,nice_to_have,It would be nice if the system could restrict access to final class section scheduling for the CampusConnect interface to Dr Susan Poslusny and Karen Sysol.,nice_to_have,restrict access to final class section scheduling for the CampusConnect interface to Dr Susan Poslusny and Karen Sysol
S0097_weak_low_priority_enhancement,S0097,low_priority_enhancement,nice_to_have,"As a low-priority enhancement, the system could restrict access to final class section scheduling for the CampusConnect interface to Dr Susan Poslusny and Karen Sysol.",nice_to_have,restrict access to final class section scheduling for the CampusConnect interface to Dr Susan Poslusny and Karen Sysol
S0097_weak_future_enhancement,S0097,future_enhancement,nice_to_have,Stakeholders mentioned that the system could restrict access to final class section scheduling for the CampusConnect interface to Dr Susan Poslusny and Karen Sysol as a possible future enhancement.,nice_to_have,restrict access to final class section scheduling for the CampusConnect interface to Dr Susan Poslusny and Karen Sysol
S0098_weak_useful_if,S0098,useful_if,nice_to_have,It would be useful if the system could have basic data integrity checking to reduce the possibility of incorrect or invalid data being introduced.,nice_to_have,have basic data integrity checking to reduce the possibility of incorrect or invalid data being introduced
S0098_weak_nice_if,S0098,nice_if,nice_to_have,It would be nice if the system could have basic data integrity checking to reduce the possibility of incorrect or invalid data being introduced.,nice_to_have,have basic data integrity checking to reduce the possibility of incorrect or invalid data being introduced
S0098_weak_low_priority_enhancement,S0098,low_priority_enhancement,nice_to_have,"As a low-priority enhancement, the system could have basic data integrity checking to reduce the possibility of incorrect or invalid data being introduced.",nice_to_have,have basic data integrity checking to reduce the possibility of incorrect or invalid data being introduced
S0098_weak_future_enhancement,S0098,future_enhancement,nice_to_have,Stakeholders mentioned that the system could have basic data integrity checking to reduce the possibility of incorrect or invalid data being introduced as a possible future enhancement.,nice_to_have,have basic data integrity checking to reduce the possibility of incorrect or invalid data being introduced
S0099_weak_useful_if,S0099,useful_if,nice_to_have,It would be useful if the system could protect private information in accordance with the organization's information policy.,nice_to_have,protect private information in accordance with the organization's information policy
S0099_weak_nice_if,S0099,nice_if,nice_to_have,It would be nice if the system could protect private information in accordance with the organization's information policy.,nice_to_have,protect private information in accordance with the organization's information policy
S0099_weak_low_priority_enhancement,S0099,low_priority_enhancement,nice_to_have,"As a low-priority enhancement, the system could protect private information in accordance with the organization's information policy.",nice_to_have,protect private information in accordance with the organization's information policy
S0099_weak_future_enhancement,S0099,future_enhancement,nice_to_have,Stakeholders mentioned that the system could protect private information in accordance with the organization's information policy as a possible future enhancement.,nice_to_have,protect private information in accordance with the organization's information policy
S0100_weak_useful_if,S0100,useful_if,nice_to_have,It would be useful if the system could be built such that it is as secure as possible from malicious interference.,nice_to_have,be built such that it is as secure as possible from malicious interference
S0100_weak_nice_if,S0100,nice_if,nice_to_have,It would be nice if the system could be built such that it is as secure as possible from malicious interference.,nice_to_have,be built such that it is as secure as possible from malicious interference
S0100_weak_low_priority_enhancement,S0100,low_priority_enhancement,nice_to_have,"As a low-priority enhancement, the system could be built such that it is as secure as possible from malicious interference.",nice_to_have,be built such that it is as secure as possible from malicious interference
S0100_weak_future_enhancement,S0100,future_enhancement,nice_to_have,Stakeholders mentioned that the system could be built such that it is as secure as possible from malicious interference as a possible future enhancement.,nice_to_have,be built such that it is as secure as possible from malicious interference
S0101_weak_useful_if,S0101,useful_if,nice_to_have,It would be useful if the system could use the organization's standard virus protection software to help monitor threats to itself.,nice_to_have,use the organization's standard virus protection software to help monitor threats to itself
S0101_weak_nice_if,S0101,nice_if,nice_to_have,It would be nice if the system could use the organization's standard virus protection software to help monitor threats to itself.,nice_to_have,use the organization's standard virus protection software to help monitor threats to itself
S0101_weak_low_priority_enhancement,S0101,low_priority_enhancement,nice_to_have,"As a low-priority enhancement, the system could use the organization's standard virus protection software to help monitor threats to itself.",nice_to_have,use the organization's standard virus protection software to help monitor threats to itself
S0101_weak_future_enhancement,S0101,future_enhancement,nice_to_have,Stakeholders mentioned that the system could use the organization's standard virus protection software to help monitor threats to itself as a possible future enhancement.,nice_to_have,use the organization's standard virus protection software to help monitor threats to itself
S0102_weak_useful_if,S0102,useful_if,nice_to_have,It would be useful if the system could associate each cohort with one Program of Study offered by the department.,nice_to_have,associate each cohort with one Program of Study offered by the department
S0102_weak_nice_if,S0102,nice_if,nice_to_have,It would be nice if the system could associate each cohort with one Program of Study offered by the department.,nice_to_have,associate each cohort with one Program of Study offered by the department
S0102_weak_low_priority_enhancement,S0102,low_priority_enhancement,nice_to_have,"As a low-priority enhancement, the system could associate each cohort with one Program of Study offered by the department.",nice_to_have,associate each cohort with one Program of Study offered by the department
S0102_weak_future_enhancement,S0102,future_enhancement,nice_to_have,Stakeholders mentioned that the system could associate each cohort with one Program of Study offered by the department as a possible future enhancement.,nice_to_have,associate each cohort with one Program of Study offered by the department
S0103_weak_useful_if,S0103,useful_if,nice_to_have,It would be useful if the system could allow Program Administrators and Nursing Staff Members to add student listings to cohorts.,nice_to_have,allow Program Administrators and Nursing Staff Members to add student listings to cohorts
S0103_weak_nice_if,S0103,nice_if,nice_to_have,It would be nice if the system could allow Program Administrators and Nursing Staff Members to add student listings to cohorts.,nice_to_have,allow Program Administrators and Nursing Staff Members to add student listings to cohorts
S0103_weak_low_priority_enhancement,S0103,low_priority_enhancement,nice_to_have,"As a low-priority enhancement, the system could allow Program Administrators and Nursing Staff Members to add student listings to cohorts.",nice_to_have,allow Program Administrators and Nursing Staff Members to add student listings to cohorts
S0103_weak_future_enhancement,S0103,future_enhancement,nice_to_have,Stakeholders mentioned that the system could allow Program Administrators and Nursing Staff Members to add student listings to cohorts as a possible future enhancement.,nice_to_have,allow Program Administrators and Nursing Staff Members to add student listings to cohorts
S0104_weak_useful_if,S0104,useful_if,nice_to_have,It would be useful if the system could allow Program Administrators and Nursing Staff Members to add single students to cohorts.,nice_to_have,allow Program Administrators and Nursing Staff Members to add single students to cohorts
S0104_weak_nice_if,S0104,nice_if,nice_to_have,It would be nice if the system could allow Program Administrators and Nursing Staff Members to add single students to cohorts.,nice_to_have,allow Program Administrators and Nursing Staff Members to add single students to cohorts
S0104_weak_low_priority_enhancement,S0104,low_priority_enhancement,nice_to_have,"As a low-priority enhancement, the system could allow Program Administrators and Nursing Staff Members to add single students to cohorts.",nice_to_have,allow Program Administrators and Nursing Staff Members to add single students to cohorts
S0104_weak_future_enhancement,S0104,future_enhancement,nice_to_have,Stakeholders mentioned that the system could allow Program Administrators and Nursing Staff Members to add single students to cohorts as a possible future enhancement.,nice_to_have,allow Program Administrators and Nursing Staff Members to add single students to cohorts
S0105_weak_useful_if,S0105,useful_if,nice_to_have,It would be useful if the system could ensure students added to a cohort are eligible for the cohort Program of Study.,nice_to_have,ensure students added to a cohort are eligible for the cohort Program of Study
S0105_weak_nice_if,S0105,nice_if,nice_to_have,It would be nice if the system could ensure students added to a cohort are eligible for the cohort Program of Study.,nice_to_have,ensure students added to a cohort are eligible for the cohort Program of Study
S0105_weak_low_priority_enhancement,S0105,low_priority_enhancement,nice_to_have,"As a low-priority enhancement, the system could ensure students added to a cohort are eligible for the cohort Program of Study.",nice_to_have,ensure students added to a cohort are eligible for the cohort Program of Study
S0105_weak_future_enhancement,S0105,future_enhancement,nice_to_have,Stakeholders mentioned that the system could ensure students added to a cohort are eligible for the cohort Program of Study as a possible future enhancement.,nice_to_have,ensure students added to a cohort are eligible for the cohort Program of Study
S0106_weak_useful_if,S0106,useful_if,nice_to_have,It would be useful if the system could allow Program Administrators and Nursing Staff Members to specify the preferred class sequence for a cohort.,nice_to_have,allow Program Administrators and Nursing Staff Members to specify the preferred class sequence for a cohort
S0106_weak_nice_if,S0106,nice_if,nice_to_have,It would be nice if the system could allow Program Administrators and Nursing Staff Members to specify the preferred class sequence for a cohort.,nice_to_have,allow Program Administrators and Nursing Staff Members to specify the preferred class sequence for a cohort
S0106_weak_low_priority_enhancement,S0106,low_priority_enhancement,nice_to_have,"As a low-priority enhancement, the system could allow Program Administrators and Nursing Staff Members to specify the preferred class sequence for a cohort.",nice_to_have,allow Program Administrators and Nursing Staff Members to specify the preferred class sequence for a cohort
S0106_weak_future_enhancement,S0106,future_enhancement,nice_to_have,Stakeholders mentioned that the system could allow Program Administrators and Nursing Staff Members to specify the preferred class sequence for a cohort as a possible future enhancement.,nice_to_have,allow Program Administrators and Nursing Staff Members to specify the preferred class sequence for a cohort
S0107_weak_useful_if,S0107,useful_if,nice_to_have,It would be useful if the system could allow Program Administrators and Nursing Staff Members to specify the offering quarter for each class in a cohort sequence.,nice_to_have,allow Program Administrators and Nursing Staff Members to specify the offering quarter for each class in a cohort sequence
S0107_weak_nice_if,S0107,nice_if,nice_to_have,It would be nice if the system could allow Program Administrators and Nursing Staff Members to specify the offering quarter for each class in a cohort sequence.,nice_to_have,allow Program Administrators and Nursing Staff Members to specify the offering quarter for each class in a cohort sequence
S0107_weak_low_priority_enhancement,S0107,low_priority_enhancement,nice_to_have,"As a low-priority enhancement, the system could allow Program Administrators and Nursing Staff Members to specify the offering quarter for each class in a cohort sequence.",nice_to_have,allow Program Administrators and Nursing Staff Members to specify the offering quarter for each class in a cohort sequence
S0107_weak_future_enhancement,S0107,future_enhancement,nice_to_have,Stakeholders mentioned that the system could allow Program Administrators and Nursing Staff Members to specify the offering quarter for each class in a cohort sequence as a possible future enhancement.,nice_to_have,allow Program Administrators and Nursing Staff Members to specify the offering quarter for each class in a cohort sequence
S0108_weak_useful_if,S0108,useful_if,nice_to_have,It would be useful if the system could allow Program Administrators and Nursing Staff Members to add new classes to class sequences.,nice_to_have,allow Program Administrators and Nursing Staff Members to add new classes to class sequences
S0108_weak_nice_if,S0108,nice_if,nice_to_have,It would be nice if the system could allow Program Administrators and Nursing Staff Members to add new classes to class sequences.,nice_to_have,allow Program Administrators and Nursing Staff Members to add new classes to class sequences
S0108_weak_low_priority_enhancement,S0108,low_priority_enhancement,nice_to_have,"As a low-priority enhancement, the system could allow Program Administrators and Nursing Staff Members to add new classes to class sequences.",nice_to_have,allow Program Administrators and Nursing Staff Members to add new classes to class sequences
S0108_weak_future_enhancement,S0108,future_enhancement,nice_to_have,Stakeholders mentioned that the system could allow Program Administrators and Nursing Staff Members to add new classes to class sequences as a possible future enhancement.,nice_to_have,allow Program Administrators and Nursing Staff Members to add new classes to class sequences
S0111_weak_useful_if,S0111,useful_if,nice_to_have,It would be useful if the system could allow Program Administrators and Nursing Staff Members to add new nursing department classes to the system.,nice_to_have,allow Program Administrators and Nursing Staff Members to add new nursing department classes to the system
S0111_weak_nice_if,S0111,nice_if,nice_to_have,It would be nice if the system could allow Program Administrators and Nursing Staff Members to add new nursing department classes to the system.,nice_to_have,allow Program Administrators and Nursing Staff Members to add new nursing department classes to the system
S0111_weak_low_priority_enhancement,S0111,low_priority_enhancement,nice_to_have,"As a low-priority enhancement, the system could allow Program Administrators and Nursing Staff Members to add new nursing department classes to the system.",nice_to_have,allow Program Administrators and Nursing Staff Members to add new nursing department classes to the system
S0111_weak_future_enhancement,S0111,future_enhancement,nice_to_have,Stakeholders mentioned that the system could allow Program Administrators and Nursing Staff Members to add new nursing department classes to the system as a possible future enhancement.,nice_to_have,allow Program Administrators and Nursing Staff Members to add new nursing department classes to the system
S0112_weak_useful_if,S0112,useful_if,nice_to_have,It would be useful if the system could classify each class as either non-clinical or clinical.,nice_to_have,classify each class as either non-clinical or clinical
S0112_weak_nice_if,S0112,nice_if,nice_to_have,It would be nice if the system could classify each class as either non-clinical or clinical.,nice_to_have,classify each class as either non-clinical or clinical
S0112_weak_low_priority_enhancement,S0112,low_priority_enhancement,nice_to_have,"As a low-priority enhancement, the system could classify each class as either non-clinical or clinical.",nice_to_have,classify each class as either non-clinical or clinical
S0112_weak_future_enhancement,S0112,future_enhancement,nice_to_have,Stakeholders mentioned that the system could classify each class as either non-clinical or clinical as a possible future enhancement.,nice_to_have,classify each class as either non-clinical or clinical
S0113_weak_useful_if,S0113,useful_if,nice_to_have,It would be useful if the system could capture course name lecture room requirements and instructor needs for non-clinical classes.,nice_to_have,capture course name lecture room requirements and instructor needs for non-clinical classes
S0113_weak_nice_if,S0113,nice_if,nice_to_have,It would be nice if the system could capture course name lecture room requirements and instructor needs for non-clinical classes.,nice_to_have,capture course name lecture room requirements and instructor needs for non-clinical classes
S0113_weak_low_priority_enhancement,S0113,low_priority_enhancement,nice_to_have,"As a low-priority enhancement, the system could capture course name lecture room requirements and instructor needs for non-clinical classes.",nice_to_have,capture course name lecture room requirements and instructor needs for non-clinical classes
S0113_weak_future_enhancement,S0113,future_enhancement,nice_to_have,Stakeholders mentioned that the system could capture course name lecture room requirements and instructor needs for non-clinical classes as a possible future enhancement.,nice_to_have,capture course name lecture room requirements and instructor needs for non-clinical classes
S0114_weak_useful_if,S0114,useful_if,nice_to_have,It would be useful if the system could capture course name lecture room requirements clinical site needs lecture instructor needs and clinical lab instructor needs for clinical classes.,nice_to_have,capture course name lecture room requirements clinical site needs lecture instructor needs and clinical lab instructor needs for clinical classes
S0114_weak_nice_if,S0114,nice_if,nice_to_have,It would be nice if the system could capture course name lecture room requirements clinical site needs lecture instructor needs and clinical lab instructor needs for clinical classes.,nice_to_have,capture course name lecture room requirements clinical site needs lecture instructor needs and clinical lab instructor needs for clinical classes
S0114_weak_low_priority_enhancement,S0114,low_priority_enhancement,nice_to_have,"As a low-priority enhancement, the system could capture course name lecture room requirements clinical site needs lecture instructor needs and clinical lab instructor needs for clinical classes.",nice_to_have,capture course name lecture room requirements clinical site needs lecture instructor needs and clinical lab instructor needs for clinical classes
S0114_weak_future_enhancement,S0114,future_enhancement,nice_to_have,Stakeholders mentioned that the system could capture course name lecture room requirements clinical site needs lecture instructor needs and clinical lab instructor needs for clinical classes as a possible future enhancement.,nice_to_have,capture course name lecture room requirements clinical site needs lecture instructor needs and clinical lab instructor needs for clinical classes
S0115_weak_useful_if,S0115,useful_if,nice_to_have,It would be useful if the system could allow Program Administrators and Nursing Staff Members to create Programs of Study.,nice_to_have,allow Program Administrators and Nursing Staff Members to create Programs of Study
S0115_weak_nice_if,S0115,nice_if,nice_to_have,It would be nice if the system could allow Program Administrators and Nursing Staff Members to create Programs of Study.,nice_to_have,allow Program Administrators and Nursing Staff Members to create Programs of Study
S0115_weak_low_priority_enhancement,S0115,low_priority_enhancement,nice_to_have,"As a low-priority enhancement, the system could allow Program Administrators and Nursing Staff Members to create Programs of Study.",nice_to_have,allow Program Administrators and Nursing Staff Members to create Programs of Study
S0115_weak_future_enhancement,S0115,future_enhancement,nice_to_have,Stakeholders mentioned that the system could allow Program Administrators and Nursing Staff Members to create Programs of Study as a possible future enhancement.,nice_to_have,allow Program Administrators and Nursing Staff Members to create Programs of Study
S0117_weak_useful_if,S0117,useful_if,nice_to_have,It would be useful if the system could allow Program Administrators and Nursing Staff Members to specify required classes for a Program of Study.,nice_to_have,allow Program Administrators and Nursing Staff Members to specify required classes for a Program of Study
S0117_weak_nice_if,S0117,nice_if,nice_to_have,It would be nice if the system could allow Program Administrators and Nursing Staff Members to specify required classes for a Program of Study.,nice_to_have,allow Program Administrators and Nursing Staff Members to specify required classes for a Program of Study
S0117_weak_low_priority_enhancement,S0117,low_priority_enhancement,nice_to_have,"As a low-priority enhancement, the system could allow Program Administrators and Nursing Staff Members to specify required classes for a Program of Study.",nice_to_have,allow Program Administrators and Nursing Staff Members to specify required classes for a Program of Study
S0117_weak_future_enhancement,S0117,future_enhancement,nice_to_have,Stakeholders mentioned that the system could allow Program Administrators and Nursing Staff Members to specify required classes for a Program of Study as a possible future enhancement.,nice_to_have,allow Program Administrators and Nursing Staff Members to specify required classes for a Program of Study
S0118_weak_useful_if,S0118,useful_if,nice_to_have,It would be useful if the system could display a report of needed classes for a given quarter for all cohorts of all programs for Program Administrators/Nursing Staff Members' planning purposes.,nice_to_have,display a report of needed classes for a given quarter for all cohorts of all programs for Program Administrators/Nursing Staff Members' planning purposes
S0118_weak_nice_if,S0118,nice_if,nice_to_have,It would be nice if the system could display a report of needed classes for a given quarter for all cohorts of all programs for Program Administrators/Nursing Staff Members' planning purposes.,nice_to_have,display a report of needed classes for a given quarter for all cohorts of all programs for Program Administrators/Nursing Staff Members' planning purposes
S0118_weak_low_priority_enhancement,S0118,low_priority_enhancement,nice_to_have,"As a low-priority enhancement, the system could display a report of needed classes for a given quarter for all cohorts of all programs for Program Administrators/Nursing Staff Members' planning purposes.",nice_to_have,display a report of needed classes for a given quarter for all cohorts of all programs for Program Administrators/Nursing Staff Members' planning purposes
S0118_weak_future_enhancement,S0118,future_enhancement,nice_to_have,Stakeholders mentioned that the system could display a report of needed classes for a given quarter for all cohorts of all programs for Program Administrators/Nursing Staff Members' planning purposes as a possible future enhancement.,nice_to_have,display a report of needed classes for a given quarter for all cohorts of all programs for Program Administrators/Nursing Staff Members' planning purposes
S0121_weak_useful_if,S0121,useful_if,nice_to_have,It would be useful if the system could allow Program Administrators and Nursing Staff Members to add new clinical sites to the system.,nice_to_have,allow Program Administrators and Nursing Staff Members to add new clinical sites to the system
S0121_weak_nice_if,S0121,nice_if,nice_to_have,It would be nice if the system could allow Program Administrators and Nursing Staff Members to add new clinical sites to the system.,nice_to_have,allow Program Administrators and Nursing Staff Members to add new clinical sites to the system
S0121_weak_low_priority_enhancement,S0121,low_priority_enhancement,nice_to_have,"As a low-priority enhancement, the system could allow Program Administrators and Nursing Staff Members to add new clinical sites to the system.",nice_to_have,allow Program Administrators and Nursing Staff Members to add new clinical sites to the system
S0121_weak_future_enhancement,S0121,future_enhancement,nice_to_have,Stakeholders mentioned that the system could allow Program Administrators and Nursing Staff Members to add new clinical sites to the system as a possible future enhancement.,nice_to_have,allow Program Administrators and Nursing Staff Members to add new clinical sites to the system
S0123_weak_useful_if,S0123,useful_if,nice_to_have,It would be useful if the system could allow Program Administrators and Nursing Staff Members to add new clinical lab sections for existing clinical classes.,nice_to_have,allow Program Administrators and Nursing Staff Members to add new clinical lab sections for existing clinical classes
S0123_weak_nice_if,S0123,nice_if,nice_to_have,It would be nice if the system could allow Program Administrators and Nursing Staff Members to add new clinical lab sections for existing clinical classes.,nice_to_have,allow Program Administrators and Nursing Staff Members to add new clinical lab sections for existing clinical classes
S0123_weak_low_priority_enhancement,S0123,low_priority_enhancement,nice_to_have,"As a low-priority enhancement, the system could allow Program Administrators and Nursing Staff Members to add new clinical lab sections for existing clinical classes.",nice_to_have,allow Program Administrators and Nursing Staff Members to add new clinical lab sections for existing clinical classes
S0123_weak_future_enhancement,S0123,future_enhancement,nice_to_have,Stakeholders mentioned that the system could allow Program Administrators and Nursing Staff Members to add new clinical lab sections for existing clinical classes as a possible future enhancement.,nice_to_have,allow Program Administrators and Nursing Staff Members to add new clinical lab sections for existing clinical classes
S0124_weak_useful_if,S0124,useful_if,nice_to_have,It would be useful if the system could include the clinical site name class instructor day and lab time for each clinical lab section.,nice_to_have,include the clinical site name class instructor day and lab time for each clinical lab section
S0124_weak_nice_if,S0124,nice_if,nice_to_have,It would be nice if the system could include the clinical site name class instructor day and lab time for each clinical lab section.,nice_to_have,include the clinical site name class instructor day and lab time for each clinical lab section
S0124_weak_low_priority_enhancement,S0124,low_priority_enhancement,nice_to_have,"As a low-priority enhancement, the system could include the clinical site name class instructor day and lab time for each clinical lab section.",nice_to_have,include the clinical site name class instructor day and lab time for each clinical lab section
S0124_weak_future_enhancement,S0124,future_enhancement,nice_to_have,Stakeholders mentioned that the system could include the clinical site name class instructor day and lab time for each clinical lab section as a possible future enhancement.,nice_to_have,include the clinical site name class instructor day and lab time for each clinical lab section
S0125_weak_useful_if,S0125,useful_if,nice_to_have,It would be useful if the system could allow Program Administrators and Nursing Staff Members to add registered clinical-class students to clinical lab sections.,nice_to_have,allow Program Administrators and Nursing Staff Members to add registered clinical-class students to clinical lab sections
S0125_weak_nice_if,S0125,nice_if,nice_to_have,It would be nice if the system could allow Program Administrators and Nursing Staff Members to add registered clinical-class students to clinical lab sections.,nice_to_have,allow Program Administrators and Nursing Staff Members to add registered clinical-class students to clinical lab sections
S0125_weak_low_priority_enhancement,S0125,low_priority_enhancement,nice_to_have,"As a low-priority enhancement, the system could allow Program Administrators and Nursing Staff Members to add registered clinical-class students to clinical lab sections.",nice_to_have,allow Program Administrators and Nursing Staff Members to add registered clinical-class students to clinical lab sections
S0125_weak_future_enhancement,S0125,future_enhancement,nice_to_have,Stakeholders mentioned that the system could allow Program Administrators and Nursing Staff Members to add registered clinical-class students to clinical lab sections as a possible future enhancement.,nice_to_have,allow Program Administrators and Nursing Staff Members to add registered clinical-class students to clinical lab sections
S0126_weak_useful_if,S0126,useful_if,nice_to_have,It would be useful if the system could allow a Program Administrator or Nursing staff member to remove a student from a clinical lab section.,nice_to_have,allow a Program Administrator or Nursing staff member to remove a student from a clinical lab section
S0126_weak_nice_if,S0126,nice_if,nice_to_have,It would be nice if the system could allow a Program Administrator or Nursing staff member to remove a student from a clinical lab section.,nice_to_have,allow a Program Administrator or Nursing staff member to remove a student from a clinical lab section
S0126_weak_low_priority_enhancement,S0126,low_priority_enhancement,nice_to_have,"As a low-priority enhancement, the system could allow a Program Administrator or Nursing staff member to remove a student from a clinical lab section.",nice_to_have,allow a Program Administrator or Nursing staff member to remove a student from a clinical lab section
S0126_weak_future_enhancement,S0126,future_enhancement,nice_to_have,Stakeholders mentioned that the system could allow a Program Administrator or Nursing staff member to remove a student from a clinical lab section as a possible future enhancement.,nice_to_have,allow a Program Administrator or Nursing staff member to remove a student from a clinical lab section
S0127_weak_useful_if,S0127,useful_if,nice_to_have,It would be useful if the system could allow a Program Administrator/Nursing Staff Member to move a student from one clinical lab section to another clinical lab section corresponding to the same clinical class.,nice_to_have,allow a Program Administrator/Nursing Staff Member to move a student from one clinical lab section to another clinical lab section corresponding to the same clinical class
S0127_weak_nice_if,S0127,nice_if,nice_to_have,It would be nice if the system could allow a Program Administrator/Nursing Staff Member to move a student from one clinical lab section to another clinical lab section corresponding to the same clinical class.,nice_to_have,allow a Program Administrator/Nursing Staff Member to move a student from one clinical lab section to another clinical lab section corresponding to the same clinical class
S0127_weak_low_priority_enhancement,S0127,low_priority_enhancement,nice_to_have,"As a low-priority enhancement, the system could allow a Program Administrator/Nursing Staff Member to move a student from one clinical lab section to another clinical lab section corresponding to the same clinical class.",nice_to_have,allow a Program Administrator/Nursing Staff Member to move a student from one clinical lab section to another clinical lab section corresponding to the same clinical class
S0127_weak_future_enhancement,S0127,future_enhancement,nice_to_have,Stakeholders mentioned that the system could allow a Program Administrator/Nursing Staff Member to move a student from one clinical lab section to another clinical lab section corresponding to the same clinical class as a possible future enhancement.,nice_to_have,allow a Program Administrator/Nursing Staff Member to move a student from one clinical lab section to another clinical lab section corresponding to the same clinical class
S0129_weak_useful_if,S0129,useful_if,nice_to_have,It would be useful if the system could allow Program Administrators and Nursing Staff Members to add new nursing students to the system.,nice_to_have,allow Program Administrators and Nursing Staff Members to add new nursing students to the system
S0129_weak_nice_if,S0129,nice_if,nice_to_have,It would be nice if the system could allow Program Administrators and Nursing Staff Members to add new nursing students to the system.,nice_to_have,allow Program Administrators and Nursing Staff Members to add new nursing students to the system
S0129_weak_low_priority_enhancement,S0129,low_priority_enhancement,nice_to_have,"As a low-priority enhancement, the system could allow Program Administrators and Nursing Staff Members to add new nursing students to the system.",nice_to_have,allow Program Administrators and Nursing Staff Members to add new nursing students to the system
S0129_weak_future_enhancement,S0129,future_enhancement,nice_to_have,Stakeholders mentioned that the system could allow Program Administrators and Nursing Staff Members to add new nursing students to the system as a possible future enhancement.,nice_to_have,allow Program Administrators and Nursing Staff Members to add new nursing students to the system
S0130_weak_useful_if,S0130,useful_if,nice_to_have,It would be useful if the system could allow staff members to manage part-time student progress by modifying class sequences and timelines.,nice_to_have,allow staff members to manage part-time student progress by modifying class sequences and timelines
S0130_weak_nice_if,S0130,nice_if,nice_to_have,It would be nice if the system could allow staff members to manage part-time student progress by modifying class sequences and timelines.,nice_to_have,allow staff members to manage part-time student progress by modifying class sequences and timelines
S0130_weak_low_priority_enhancement,S0130,low_priority_enhancement,nice_to_have,"As a low-priority enhancement, the system could allow staff members to manage part-time student progress by modifying class sequences and timelines.",nice_to_have,allow staff members to manage part-time student progress by modifying class sequences and timelines
S0130_weak_future_enhancement,S0130,future_enhancement,nice_to_have,Stakeholders mentioned that the system could allow staff members to manage part-time student progress by modifying class sequences and timelines as a possible future enhancement.,nice_to_have,allow staff members to manage part-time student progress by modifying class sequences and timelines
S0135_weak_useful_if,S0135,useful_if,nice_to_have,It would be useful if the system could display a printable summary of the system log.,nice_to_have,display a printable summary of the system log
S0135_weak_nice_if,S0135,nice_if,nice_to_have,It would be nice if the system could display a printable summary of the system log.,nice_to_have,display a printable summary of the system log
S0135_weak_low_priority_enhancement,S0135,low_priority_enhancement,nice_to_have,"As a low-priority enhancement, the system could display a printable summary of the system log.",nice_to_have,display a printable summary of the system log
S0135_weak_future_enhancement,S0135,future_enhancement,nice_to_have,Stakeholders mentioned that the system could display a printable summary of the system log as a possible future enhancement.,nice_to_have,display a printable summary of the system log
S0137_weak_useful_if,S0137,useful_if,nice_to_have,It would be useful if the system could use the stored e-mail addresses as a primary means of communicating information to affected parties.,nice_to_have,use the stored e-mail addresses as a primary means of communicating information to affected parties
S0137_weak_nice_if,S0137,nice_if,nice_to_have,It would be nice if the system could use the stored e-mail addresses as a primary means of communicating information to affected parties.,nice_to_have,use the stored e-mail addresses as a primary means of communicating information to affected parties
S0137_weak_low_priority_enhancement,S0137,low_priority_enhancement,nice_to_have,"As a low-priority enhancement, the system could use the stored e-mail addresses as a primary means of communicating information to affected parties.",nice_to_have,use the stored e-mail addresses as a primary means of communicating information to affected parties
S0137_weak_future_enhancement,S0137,future_enhancement,nice_to_have,Stakeholders mentioned that the system could use the stored e-mail addresses as a primary means of communicating information to affected parties as a possible future enhancement.,nice_to_have,use the stored e-mail addresses as a primary means of communicating information to affected parties
S0143_weak_useful_if,S0143,useful_if,nice_to_have,It would be useful if the system could allow Program Administrators and Nursing Staff Members to modify cohort information including identifier Program of Study preferred class sequence and class quarters.,nice_to_have,allow Program Administrators and Nursing Staff Members to modify cohort information including identifier Program of Study preferred class sequence and class quarters
S0143_weak_nice_if,S0143,nice_if,nice_to_have,It would be nice if the system could allow Program Administrators and Nursing Staff Members to modify cohort information including identifier Program of Study preferred class sequence and class quarters.,nice_to_have,allow Program Administrators and Nursing Staff Members to modify cohort information including identifier Program of Study preferred class sequence and class quarters
S0143_weak_low_priority_enhancement,S0143,low_priority_enhancement,nice_to_have,"As a low-priority enhancement, the system could allow Program Administrators and Nursing Staff Members to modify cohort information including identifier Program of Study preferred class sequence and class quarters.",nice_to_have,allow Program Administrators and Nursing Staff Members to modify cohort information including identifier Program of Study preferred class sequence and class quarters
S0143_weak_future_enhancement,S0143,future_enhancement,nice_to_have,Stakeholders mentioned that the system could allow Program Administrators and Nursing Staff Members to modify cohort information including identifier Program of Study preferred class sequence and class quarters as a possible future enhancement.,nice_to_have,allow Program Administrators and Nursing Staff Members to modify cohort information including identifier Program of Study preferred class sequence and class quarters
S0145_weak_useful_if,S0145,useful_if,nice_to_have,It would be useful if the system could allow Program Administrators and Nursing Staff Members to modify clinical site information including name contact person contact information and address.,nice_to_have,allow Program Administrators and Nursing Staff Members to modify clinical site information including name contact person contact information and address
S0145_weak_nice_if,S0145,nice_if,nice_to_have,It would be nice if the system could allow Program Administrators and Nursing Staff Members to modify clinical site information including name contact person contact information and address.,nice_to_have,allow Program Administrators and Nursing Staff Members to modify clinical site information including name contact person contact information and address
S0145_weak_low_priority_enhancement,S0145,low_priority_enhancement,nice_to_have,"As a low-priority enhancement, the system could allow Program Administrators and Nursing Staff Members to modify clinical site information including name contact person contact information and address.",nice_to_have,allow Program Administrators and Nursing Staff Members to modify clinical site information including name contact person contact information and address
S0145_weak_future_enhancement,S0145,future_enhancement,nice_to_have,Stakeholders mentioned that the system could allow Program Administrators and Nursing Staff Members to modify clinical site information including name contact person contact information and address as a possible future enhancement.,nice_to_have,allow Program Administrators and Nursing Staff Members to modify clinical site information including name contact person contact information and address
S0148_weak_useful_if,S0148,useful_if,nice_to_have,It would be useful if the system could comply with corporate user interface creation standards for internal and external applications.,nice_to_have,comply with corporate user interface creation standards for internal and external applications
S0148_weak_nice_if,S0148,nice_if,nice_to_have,It would be nice if the system could comply with corporate user interface creation standards for internal and external applications.,nice_to_have,comply with corporate user interface creation standards for internal and external applications
S0148_weak_low_priority_enhancement,S0148,low_priority_enhancement,nice_to_have,"As a low-priority enhancement, the system could comply with corporate user interface creation standards for internal and external applications.",nice_to_have,comply with corporate user interface creation standards for internal and external applications
S0148_weak_future_enhancement,S0148,future_enhancement,nice_to_have,Stakeholders mentioned that the system could comply with corporate user interface creation standards for internal and external applications as a possible future enhancement.,nice_to_have,comply with corporate user interface creation standards for internal and external applications
S0149_weak_useful_if,S0149,useful_if,nice_to_have,It would be useful if the system could ensure all Disputes application screens comply with corporate interface creation standards.,nice_to_have,ensure all Disputes application screens comply with corporate interface creation standards
S0149_weak_nice_if,S0149,nice_if,nice_to_have,It would be nice if the system could ensure all Disputes application screens comply with corporate interface creation standards.,nice_to_have,ensure all Disputes application screens comply with corporate interface creation standards
S0149_weak_low_priority_enhancement,S0149,low_priority_enhancement,nice_to_have,"As a low-priority enhancement, the system could ensure all Disputes application screens comply with corporate interface creation standards.",nice_to_have,ensure all Disputes application screens comply with corporate interface creation standards
S0149_weak_future_enhancement,S0149,future_enhancement,nice_to_have,Stakeholders mentioned that the system could ensure all Disputes application screens comply with corporate interface creation standards as a possible future enhancement.,nice_to_have,ensure all Disputes application screens comply with corporate interface creation standards
S0150_weak_useful_if,S0150,useful_if,nice_to_have,It would be useful if the system could color-code dispute search results by dispute case status for easy identification.,nice_to_have,color-code dispute search results by dispute case status for easy identification
S0150_weak_nice_if,S0150,nice_if,nice_to_have,It would be nice if the system could color-code dispute search results by dispute case status for easy identification.,nice_to_have,color-code dispute search results by dispute case status for easy identification
S0150_weak_low_priority_enhancement,S0150,low_priority_enhancement,nice_to_have,"As a low-priority enhancement, the system could color-code dispute search results by dispute case status for easy identification.",nice_to_have,color-code dispute search results by dispute case status for easy identification
S0150_weak_future_enhancement,S0150,future_enhancement,nice_to_have,Stakeholders mentioned that the system could color-code dispute search results by dispute case status for easy identification as a possible future enhancement.,nice_to_have,color-code dispute search results by dispute case status for easy identification
S0162_weak_useful_if,S0162,useful_if,nice_to_have,It would be useful if the system could allow only users with the appropriate access level to initiate dispute requests.,nice_to_have,allow only users with the appropriate access level to initiate dispute requests
S0162_weak_nice_if,S0162,nice_if,nice_to_have,It would be nice if the system could allow only users with the appropriate access level to initiate dispute requests.,nice_to_have,allow only users with the appropriate access level to initiate dispute requests
S0162_weak_low_priority_enhancement,S0162,low_priority_enhancement,nice_to_have,"As a low-priority enhancement, the system could allow only users with the appropriate access level to initiate dispute requests.",nice_to_have,allow only users with the appropriate access level to initiate dispute requests
S0162_weak_future_enhancement,S0162,future_enhancement,nice_to_have,Stakeholders mentioned that the system could allow only users with the appropriate access level to initiate dispute requests as a possible future enhancement.,nice_to_have,allow only users with the appropriate access level to initiate dispute requests
S0163_weak_useful_if,S0163,useful_if,nice_to_have,It would be useful if the system could allow only users with Update access to initiate dispute requests.,nice_to_have,allow only users with Update access to initiate dispute requests
S0163_weak_nice_if,S0163,nice_if,nice_to_have,It would be nice if the system could allow only users with Update access to initiate dispute requests.,nice_to_have,allow only users with Update access to initiate dispute requests
S0163_weak_low_priority_enhancement,S0163,low_priority_enhancement,nice_to_have,"As a low-priority enhancement, the system could allow only users with Update access to initiate dispute requests.",nice_to_have,allow only users with Update access to initiate dispute requests
S0163_weak_future_enhancement,S0163,future_enhancement,nice_to_have,Stakeholders mentioned that the system could allow only users with Update access to initiate dispute requests as a possible future enhancement.,nice_to_have,allow only users with Update access to initiate dispute requests
S0164_weak_useful_if,S0164,useful_if,nice_to_have,It would be useful if the system could allow only authorized users to log on to the application.,nice_to_have,allow only authorized users to log on to the application
S0164_weak_nice_if,S0164,nice_if,nice_to_have,It would be nice if the system could allow only authorized users to log on to the application.,nice_to_have,allow only authorized users to log on to the application
S0164_weak_low_priority_enhancement,S0164,low_priority_enhancement,nice_to_have,"As a low-priority enhancement, the system could allow only authorized users to log on to the application.",nice_to_have,allow only authorized users to log on to the application
S0164_weak_future_enhancement,S0164,future_enhancement,nice_to_have,Stakeholders mentioned that the system could allow only authorized users to log on to the application as a possible future enhancement.,nice_to_have,allow only authorized users to log on to the application
S0165_weak_useful_if,S0165,useful_if,nice_to_have,It would be useful if the system could allow authenticated authorized users to log on to the Disputes System.,nice_to_have,allow authenticated authorized users to log on to the Disputes System
S0165_weak_nice_if,S0165,nice_if,nice_to_have,It would be nice if the system could allow authenticated authorized users to log on to the Disputes System.,nice_to_have,allow authenticated authorized users to log on to the Disputes System
S0165_weak_low_priority_enhancement,S0165,low_priority_enhancement,nice_to_have,"As a low-priority enhancement, the system could allow authenticated authorized users to log on to the Disputes System.",nice_to_have,allow authenticated authorized users to log on to the Disputes System
S0165_weak_future_enhancement,S0165,future_enhancement,nice_to_have,Stakeholders mentioned that the system could allow authenticated authorized users to log on to the Disputes System as a possible future enhancement.,nice_to_have,allow authenticated authorized users to log on to the Disputes System
S0167_weak_useful_if,S0167,useful_if,nice_to_have,It would be useful if the system could record new-user additions and user-access modifications on the User Report.,nice_to_have,record new-user additions and user-access modifications on the User Report
S0167_weak_nice_if,S0167,nice_if,nice_to_have,It would be nice if the system could record new-user additions and user-access modifications on the User Report.,nice_to_have,record new-user additions and user-access modifications on the User Report
S0167_weak_low_priority_enhancement,S0167,low_priority_enhancement,nice_to_have,"As a low-priority enhancement, the system could record new-user additions and user-access modifications on the User Report.",nice_to_have,record new-user additions and user-access modifications on the User Report
S0167_weak_future_enhancement,S0167,future_enhancement,nice_to_have,Stakeholders mentioned that the system could record new-user additions and user-access modifications on the User Report as a possible future enhancement.,nice_to_have,record new-user additions and user-access modifications on the User Report
S0168_weak_useful_if,S0168,useful_if,nice_to_have,It would be useful if the system could allow only the System Administrator to reinstate revoked user accounts.,nice_to_have,allow only the System Administrator to reinstate revoked user accounts
S0168_weak_nice_if,S0168,nice_if,nice_to_have,It would be nice if the system could allow only the System Administrator to reinstate revoked user accounts.,nice_to_have,allow only the System Administrator to reinstate revoked user accounts
S0168_weak_low_priority_enhancement,S0168,low_priority_enhancement,nice_to_have,"As a low-priority enhancement, the system could allow only the System Administrator to reinstate revoked user accounts.",nice_to_have,allow only the System Administrator to reinstate revoked user accounts
S0168_weak_future_enhancement,S0168,future_enhancement,nice_to_have,Stakeholders mentioned that the system could allow only the System Administrator to reinstate revoked user accounts as a possible future enhancement.,nice_to_have,allow only the System Administrator to reinstate revoked user accounts
S0169_weak_useful_if,S0169,useful_if,nice_to_have,It would be useful if the system could allow only the System Administrator to reset revoked user logon accounts.,nice_to_have,allow only the System Administrator to reset revoked user logon accounts
S0169_weak_nice_if,S0169,nice_if,nice_to_have,It would be nice if the system could allow only the System Administrator to reset revoked user logon accounts.,nice_to_have,allow only the System Administrator to reset revoked user logon accounts
S0169_weak_low_priority_enhancement,S0169,low_priority_enhancement,nice_to_have,"As a low-priority enhancement, the system could allow only the System Administrator to reset revoked user logon accounts.",nice_to_have,allow only the System Administrator to reset revoked user logon accounts
S0169_weak_future_enhancement,S0169,future_enhancement,nice_to_have,Stakeholders mentioned that the system could allow only the System Administrator to reset revoked user logon accounts as a possible future enhancement.,nice_to_have,allow only the System Administrator to reset revoked user logon accounts
S0171_weak_useful_if,S0171,useful_if,nice_to_have,It would be useful if the system could ensure all data file or database updates are initiated from the Disputes System.,nice_to_have,ensure all data file or database updates are initiated from the Disputes System
S0171_weak_nice_if,S0171,nice_if,nice_to_have,It would be nice if the system could ensure all data file or database updates are initiated from the Disputes System.,nice_to_have,ensure all data file or database updates are initiated from the Disputes System
S0171_weak_low_priority_enhancement,S0171,low_priority_enhancement,nice_to_have,"As a low-priority enhancement, the system could ensure all data file or database updates are initiated from the Disputes System.",nice_to_have,ensure all data file or database updates are initiated from the Disputes System
S0171_weak_future_enhancement,S0171,future_enhancement,nice_to_have,Stakeholders mentioned that the system could ensure all data file or database updates are initiated from the Disputes System as a possible future enhancement.,nice_to_have,ensure all data file or database updates are initiated from the Disputes System
S0172_weak_useful_if,S0172,useful_if,nice_to_have,It would be useful if the system could conform to the legal requirements specified by the Merchant Operating Regulations.,nice_to_have,conform to the legal requirements specified by the Merchant Operating Regulations
S0172_weak_nice_if,S0172,nice_if,nice_to_have,It would be nice if the system could conform to the legal requirements specified by the Merchant Operating Regulations.,nice_to_have,conform to the legal requirements specified by the Merchant Operating Regulations
S0172_weak_low_priority_enhancement,S0172,low_priority_enhancement,nice_to_have,"As a low-priority enhancement, the system could conform to the legal requirements specified by the Merchant Operating Regulations.",nice_to_have,conform to the legal requirements specified by the Merchant Operating Regulations
S0172_weak_future_enhancement,S0172,future_enhancement,nice_to_have,Stakeholders mentioned that the system could conform to the legal requirements specified by the Merchant Operating Regulations as a possible future enhancement.,nice_to_have,conform to the legal requirements specified by the Merchant Operating Regulations
S0173_weak_useful_if,S0173,useful_if,nice_to_have,It would be useful if the system could ensure Disputes System business rules comply with Merchant Operating Regulations.,nice_to_have,ensure Disputes System business rules comply with Merchant Operating Regulations
S0173_weak_nice_if,S0173,nice_if,nice_to_have,It would be nice if the system could ensure Disputes System business rules comply with Merchant Operating Regulations.,nice_to_have,ensure Disputes System business rules comply with Merchant Operating Regulations
S0173_weak_low_priority_enhancement,S0173,low_priority_enhancement,nice_to_have,"As a low-priority enhancement, the system could ensure Disputes System business rules comply with Merchant Operating Regulations.",nice_to_have,ensure Disputes System business rules comply with Merchant Operating Regulations
S0173_weak_future_enhancement,S0173,future_enhancement,nice_to_have,Stakeholders mentioned that the system could ensure Disputes System business rules comply with Merchant Operating Regulations as a possible future enhancement.,nice_to_have,ensure Disputes System business rules comply with Merchant Operating Regulations
S0174_weak_useful_if,S0174,useful_if,nice_to_have,It would be useful if the system could conform to the legal requirements as specified by Regulation E and Regulation Z that govern credit card disputes processing.,nice_to_have,conform to the legal requirements as specified by Regulation E and Regulation Z that govern credit card disputes processing
S0174_weak_nice_if,S0174,nice_if,nice_to_have,It would be nice if the system could conform to the legal requirements as specified by Regulation E and Regulation Z that govern credit card disputes processing.,nice_to_have,conform to the legal requirements as specified by Regulation E and Regulation Z that govern credit card disputes processing
S0174_weak_low_priority_enhancement,S0174,low_priority_enhancement,nice_to_have,"As a low-priority enhancement, the system could conform to the legal requirements as specified by Regulation E and Regulation Z that govern credit card disputes processing.",nice_to_have,conform to the legal requirements as specified by Regulation E and Regulation Z that govern credit card disputes processing
S0174_weak_future_enhancement,S0174,future_enhancement,nice_to_have,Stakeholders mentioned that the system could conform to the legal requirements as specified by Regulation E and Regulation Z that govern credit card disputes processing as a possible future enhancement.,nice_to_have,conform to the legal requirements as specified by Regulation E and Regulation Z that govern credit card disputes processing
S0175_weak_useful_if,S0175,useful_if,nice_to_have,It would be useful if the system could keep all business rules specified in the Disputes System in compliance with the guidelines of Regulation E and Regulation Z.,nice_to_have,keep all business rules specified in the Disputes System in compliance with the guidelines of Regulation E and Regulation Z
S0175_weak_nice_if,S0175,nice_if,nice_to_have,It would be nice if the system could keep all business rules specified in the Disputes System in compliance with the guidelines of Regulation E and Regulation Z.,nice_to_have,keep all business rules specified in the Disputes System in compliance with the guidelines of Regulation E and Regulation Z
S0175_weak_low_priority_enhancement,S0175,low_priority_enhancement,nice_to_have,"As a low-priority enhancement, the system could keep all business rules specified in the Disputes System in compliance with the guidelines of Regulation E and Regulation Z.",nice_to_have,keep all business rules specified in the Disputes System in compliance with the guidelines of Regulation E and Regulation Z
S0175_weak_future_enhancement,S0175,future_enhancement,nice_to_have,Stakeholders mentioned that the system could keep all business rules specified in the Disputes System in compliance with the guidelines of Regulation E and Regulation Z as a possible future enhancement.,nice_to_have,keep all business rules specified in the Disputes System in compliance with the guidelines of Regulation E and Regulation Z
S0177_weak_useful_if,S0177,useful_if,nice_to_have,It would be useful if the system could record all actions that modify an existing dispute case in the case history.,nice_to_have,record all actions that modify an existing dispute case in the case history
S0177_weak_nice_if,S0177,nice_if,nice_to_have,It would be nice if the system could record all actions that modify an existing dispute case in the case history.,nice_to_have,record all actions that modify an existing dispute case in the case history
S0177_weak_low_priority_enhancement,S0177,low_priority_enhancement,nice_to_have,"As a low-priority enhancement, the system could record all actions that modify an existing dispute case in the case history.",nice_to_have,record all actions that modify an existing dispute case in the case history
S0177_weak_future_enhancement,S0177,future_enhancement,nice_to_have,Stakeholders mentioned that the system could record all actions that modify an existing dispute case in the case history as a possible future enhancement.,nice_to_have,record all actions that modify an existing dispute case in the case history
S0178_weak_useful_if,S0178,useful_if,nice_to_have,It would be useful if the system could be accessible by both internal and external users.,nice_to_have,be accessible by both internal and external users
S0178_weak_nice_if,S0178,nice_if,nice_to_have,It would be nice if the system could be accessible by both internal and external users.,nice_to_have,be accessible by both internal and external users
S0178_weak_low_priority_enhancement,S0178,low_priority_enhancement,nice_to_have,"As a low-priority enhancement, the system could be accessible by both internal and external users.",nice_to_have,be accessible by both internal and external users
S0178_weak_future_enhancement,S0178,future_enhancement,nice_to_have,Stakeholders mentioned that the system could be accessible by both internal and external users as a possible future enhancement.,nice_to_have,be accessible by both internal and external users
S0180_weak_useful_if,S0180,useful_if,nice_to_have,It would be useful if the system could facilitate direct data entry of a dispute case via a user interface that supports real time responses to the users.,nice_to_have,facilitate direct data entry of a dispute case via a user interface that supports real time responses to the users
S0180_weak_nice_if,S0180,nice_if,nice_to_have,It would be nice if the system could facilitate direct data entry of a dispute case via a user interface that supports real time responses to the users.,nice_to_have,facilitate direct data entry of a dispute case via a user interface that supports real time responses to the users
S0180_weak_low_priority_enhancement,S0180,low_priority_enhancement,nice_to_have,"As a low-priority enhancement, the system could facilitate direct data entry of a dispute case via a user interface that supports real time responses to the users.",nice_to_have,facilitate direct data entry of a dispute case via a user interface that supports real time responses to the users
S0180_weak_future_enhancement,S0180,future_enhancement,nice_to_have,Stakeholders mentioned that the system could facilitate direct data entry of a dispute case via a user interface that supports real time responses to the users as a possible future enhancement.,nice_to_have,facilitate direct data entry of a dispute case via a user interface that supports real time responses to the users
S0181_weak_useful_if,S0181,useful_if,nice_to_have,It would be useful if the system could provide different levels of access with regard to disputes case initiation and follow-up actions.,nice_to_have,provide different levels of access with regard to disputes case initiation and follow-up actions
S0181_weak_nice_if,S0181,nice_if,nice_to_have,It would be nice if the system could provide different levels of access with regard to disputes case initiation and follow-up actions.,nice_to_have,provide different levels of access with regard to disputes case initiation and follow-up actions
S0181_weak_low_priority_enhancement,S0181,low_priority_enhancement,nice_to_have,"As a low-priority enhancement, the system could provide different levels of access with regard to disputes case initiation and follow-up actions.",nice_to_have,provide different levels of access with regard to disputes case initiation and follow-up actions
S0181_weak_future_enhancement,S0181,future_enhancement,nice_to_have,Stakeholders mentioned that the system could provide different levels of access with regard to disputes case initiation and follow-up actions as a possible future enhancement.,nice_to_have,provide different levels of access with regard to disputes case initiation and follow-up actions
S0182_weak_useful_if,S0182,useful_if,nice_to_have,It would be useful if the system could provide view access capability for authorized users of the application.,nice_to_have,provide view access capability for authorized users of the application
S0182_weak_nice_if,S0182,nice_if,nice_to_have,It would be nice if the system could provide view access capability for authorized users of the application.,nice_to_have,provide view access capability for authorized users of the application
S0182_weak_low_priority_enhancement,S0182,low_priority_enhancement,nice_to_have,"As a low-priority enhancement, the system could provide view access capability for authorized users of the application.",nice_to_have,provide view access capability for authorized users of the application
S0182_weak_future_enhancement,S0182,future_enhancement,nice_to_have,Stakeholders mentioned that the system could provide view access capability for authorized users of the application as a possible future enhancement.,nice_to_have,provide view access capability for authorized users of the application
S0183_weak_useful_if,S0183,useful_if,nice_to_have,It would be useful if the system could provide update access capability for authorized users of the application.,nice_to_have,provide update access capability for authorized users of the application
S0183_weak_nice_if,S0183,nice_if,nice_to_have,It would be nice if the system could provide update access capability for authorized users of the application.,nice_to_have,provide update access capability for authorized users of the application
S0183_weak_low_priority_enhancement,S0183,low_priority_enhancement,nice_to_have,"As a low-priority enhancement, the system could provide update access capability for authorized users of the application.",nice_to_have,provide update access capability for authorized users of the application
S0183_weak_future_enhancement,S0183,future_enhancement,nice_to_have,Stakeholders mentioned that the system could provide update access capability for authorized users of the application as a possible future enhancement.,nice_to_have,provide update access capability for authorized users of the application
S0185_weak_useful_if,S0185,useful_if,nice_to_have,It would be useful if the system could provide the user the ability to initiate a single dispute case on multiple transactions that belong to a single merchant.,nice_to_have,provide the user the ability to initiate a single dispute case on multiple transactions that belong to a single merchant
S0185_weak_nice_if,S0185,nice_if,nice_to_have,It would be nice if the system could provide the user the ability to initiate a single dispute case on multiple transactions that belong to a single merchant.,nice_to_have,provide the user the ability to initiate a single dispute case on multiple transactions that belong to a single merchant
S0185_weak_low_priority_enhancement,S0185,low_priority_enhancement,nice_to_have,"As a low-priority enhancement, the system could provide the user the ability to initiate a single dispute case on multiple transactions that belong to a single merchant.",nice_to_have,provide the user the ability to initiate a single dispute case on multiple transactions that belong to a single merchant
S0185_weak_future_enhancement,S0185,future_enhancement,nice_to_have,Stakeholders mentioned that the system could provide the user the ability to initiate a single dispute case on multiple transactions that belong to a single merchant as a possible future enhancement.,nice_to_have,provide the user the ability to initiate a single dispute case on multiple transactions that belong to a single merchant
S0194_weak_useful_if,S0194,useful_if,nice_to_have,It would be useful if the system could provide the ability to view existing dispute cases.,nice_to_have,provide the ability to view existing dispute cases
S0194_weak_nice_if,S0194,nice_if,nice_to_have,It would be nice if the system could provide the ability to view existing dispute cases.,nice_to_have,provide the ability to view existing dispute cases
S0194_weak_low_priority_enhancement,S0194,low_priority_enhancement,nice_to_have,"As a low-priority enhancement, the system could provide the ability to view existing dispute cases.",nice_to_have,provide the ability to view existing dispute cases
S0194_weak_future_enhancement,S0194,future_enhancement,nice_to_have,Stakeholders mentioned that the system could provide the ability to view existing dispute cases as a possible future enhancement.,nice_to_have,provide the ability to view existing dispute cases
S0197_weak_useful_if,S0197,useful_if,nice_to_have,It would be useful if the system could provide the users the ability to view the history of all activities that have occurred on the dispute case.,nice_to_have,provide the users the ability to view the history of all activities that have occurred on the dispute case
S0197_weak_nice_if,S0197,nice_if,nice_to_have,It would be nice if the system could provide the users the ability to view the history of all activities that have occurred on the dispute case.,nice_to_have,provide the users the ability to view the history of all activities that have occurred on the dispute case
S0197_weak_low_priority_enhancement,S0197,low_priority_enhancement,nice_to_have,"As a low-priority enhancement, the system could provide the users the ability to view the history of all activities that have occurred on the dispute case.",nice_to_have,provide the users the ability to view the history of all activities that have occurred on the dispute case
S0197_weak_future_enhancement,S0197,future_enhancement,nice_to_have,Stakeholders mentioned that the system could provide the users the ability to view the history of all activities that have occurred on the dispute case as a possible future enhancement.,nice_to_have,provide the users the ability to view the history of all activities that have occurred on the dispute case
S0201_weak_useful_if,S0201,useful_if,nice_to_have,It would be useful if the system could format all letter requests according to guidelines specified by the Print Letter Utility system.,nice_to_have,format all letter requests according to guidelines specified by the Print Letter Utility system
S0201_weak_nice_if,S0201,nice_if,nice_to_have,It would be nice if the system could format all letter requests according to guidelines specified by the Print Letter Utility system.,nice_to_have,format all letter requests according to guidelines specified by the Print Letter Utility system
S0201_weak_low_priority_enhancement,S0201,low_priority_enhancement,nice_to_have,"As a low-priority enhancement, the system could format all letter requests according to guidelines specified by the Print Letter Utility system.",nice_to_have,format all letter requests according to guidelines specified by the Print Letter Utility system
S0201_weak_future_enhancement,S0201,future_enhancement,nice_to_have,Stakeholders mentioned that the system could format all letter requests according to guidelines specified by the Print Letter Utility system as a possible future enhancement.,nice_to_have,format all letter requests according to guidelines specified by the Print Letter Utility system
S0202_weak_useful_if,S0202,useful_if,nice_to_have,It would be useful if the system could purge dispute cases that have been closed for over 6 months from the online disputes database.,nice_to_have,purge dispute cases that have been closed for over 6 months from the online disputes database
S0202_weak_nice_if,S0202,nice_if,nice_to_have,It would be nice if the system could purge dispute cases that have been closed for over 6 months from the online disputes database.,nice_to_have,purge dispute cases that have been closed for over 6 months from the online disputes database
S0202_weak_low_priority_enhancement,S0202,low_priority_enhancement,nice_to_have,"As a low-priority enhancement, the system could purge dispute cases that have been closed for over 6 months from the online disputes database.",nice_to_have,purge dispute cases that have been closed for over 6 months from the online disputes database
S0202_weak_future_enhancement,S0202,future_enhancement,nice_to_have,Stakeholders mentioned that the system could purge dispute cases that have been closed for over 6 months from the online disputes database as a possible future enhancement.,nice_to_have,purge dispute cases that have been closed for over 6 months from the online disputes database
S0206_weak_useful_if,S0206,useful_if,nice_to_have,It would be useful if the system could run on the existing hardware for all environments.,nice_to_have,run on the existing hardware for all environments
S0206_weak_nice_if,S0206,nice_if,nice_to_have,It would be nice if the system could run on the existing hardware for all environments.,nice_to_have,run on the existing hardware for all environments
S0206_weak_low_priority_enhancement,S0206,low_priority_enhancement,nice_to_have,"As a low-priority enhancement, the system could run on the existing hardware for all environments.",nice_to_have,run on the existing hardware for all environments
S0206_weak_future_enhancement,S0206,future_enhancement,nice_to_have,Stakeholders mentioned that the system could run on the existing hardware for all environments as a possible future enhancement.,nice_to_have,run on the existing hardware for all environments
S0207_weak_useful_if,S0207,useful_if,nice_to_have,It would be useful if the system could adhere to the corporate Architecture guidelines.,nice_to_have,adhere to the corporate Architecture guidelines
S0207_weak_nice_if,S0207,nice_if,nice_to_have,It would be nice if the system could adhere to the corporate Architecture guidelines.,nice_to_have,adhere to the corporate Architecture guidelines
S0207_weak_low_priority_enhancement,S0207,low_priority_enhancement,nice_to_have,"As a low-priority enhancement, the system could adhere to the corporate Architecture guidelines.",nice_to_have,adhere to the corporate Architecture guidelines
S0207_weak_future_enhancement,S0207,future_enhancement,nice_to_have,Stakeholders mentioned that the system could adhere to the corporate Architecture guidelines as a possible future enhancement.,nice_to_have,adhere to the corporate Architecture guidelines
S0208_weak_useful_if,S0208,useful_if,nice_to_have,It would be useful if the system could comply with corporate User Interface Guidelines.,nice_to_have,comply with corporate User Interface Guidelines
S0208_weak_nice_if,S0208,nice_if,nice_to_have,It would be nice if the system could comply with corporate User Interface Guidelines.,nice_to_have,comply with corporate User Interface Guidelines
S0208_weak_low_priority_enhancement,S0208,low_priority_enhancement,nice_to_have,"As a low-priority enhancement, the system could comply with corporate User Interface Guidelines.",nice_to_have,comply with corporate User Interface Guidelines
S0208_weak_future_enhancement,S0208,future_enhancement,nice_to_have,Stakeholders mentioned that the system could comply with corporate User Interface Guidelines as a possible future enhancement.,nice_to_have,comply with corporate User Interface Guidelines
S0209_weak_useful_if,S0209,useful_if,nice_to_have,It would be useful if the system could comply with corporate color scheme.,nice_to_have,comply with corporate color scheme
S0209_weak_nice_if,S0209,nice_if,nice_to_have,It would be nice if the system could comply with corporate color scheme.,nice_to_have,comply with corporate color scheme
S0209_weak_low_priority_enhancement,S0209,low_priority_enhancement,nice_to_have,"As a low-priority enhancement, the system could comply with corporate color scheme.",nice_to_have,comply with corporate color scheme
S0209_weak_future_enhancement,S0209,future_enhancement,nice_to_have,Stakeholders mentioned that the system could comply with corporate color scheme as a possible future enhancement.,nice_to_have,comply with corporate color scheme
S0210_weak_useful_if,S0210,useful_if,nice_to_have,It would be useful if the system could appear professional.,nice_to_have,appear professional
S0210_weak_nice_if,S0210,nice_if,nice_to_have,It would be nice if the system could appear professional.,nice_to_have,appear professional
S0210_weak_low_priority_enhancement,S0210,low_priority_enhancement,nice_to_have,"As a low-priority enhancement, the system could appear professional.",nice_to_have,appear professional
S0210_weak_future_enhancement,S0210,future_enhancement,nice_to_have,Stakeholders mentioned that the system could appear professional as a possible future enhancement.,nice_to_have,appear professional
S0223_weak_useful_if,S0223,useful_if,nice_to_have,It would be useful if the system could support an average of 50 000 recycled parts records per day.,nice_to_have,support an average of 50 000 recycled parts records per day
S0223_weak_nice_if,S0223,nice_if,nice_to_have,It would be nice if the system could support an average of 50 000 recycled parts records per day.,nice_to_have,support an average of 50 000 recycled parts records per day
S0223_weak_low_priority_enhancement,S0223,low_priority_enhancement,nice_to_have,"As a low-priority enhancement, the system could support an average of 50 000 recycled parts records per day.",nice_to_have,support an average of 50 000 recycled parts records per day
S0223_weak_future_enhancement,S0223,future_enhancement,nice_to_have,Stakeholders mentioned that the system could support an average of 50 000 recycled parts records per day as a possible future enhancement.,nice_to_have,support an average of 50 000 recycled parts records per day
S0224_weak_useful_if,S0224,useful_if,nice_to_have,It would be useful if the system could handle 10 000 concurrent users within 2 years of the initial launch.,nice_to_have,handle 10 000 concurrent users within 2 years of the initial launch
S0224_weak_nice_if,S0224,nice_if,nice_to_have,It would be nice if the system could handle 10 000 concurrent users within 2 years of the initial launch.,nice_to_have,handle 10 000 concurrent users within 2 years of the initial launch
S0224_weak_low_priority_enhancement,S0224,low_priority_enhancement,nice_to_have,"As a low-priority enhancement, the system could handle 10 000 concurrent users within 2 years of the initial launch.",nice_to_have,handle 10 000 concurrent users within 2 years of the initial launch
S0224_weak_future_enhancement,S0224,future_enhancement,nice_to_have,Stakeholders mentioned that the system could handle 10 000 concurrent users within 2 years of the initial launch as a possible future enhancement.,nice_to_have,handle 10 000 concurrent users within 2 years of the initial launch
S0225_weak_useful_if,S0225,useful_if,nice_to_have,It would be useful if the system could be operable by estimators in a repair facility during dirty and noisy conditions.,nice_to_have,be operable by estimators in a repair facility during dirty and noisy conditions
S0225_weak_nice_if,S0225,nice_if,nice_to_have,It would be nice if the system could be operable by estimators in a repair facility during dirty and noisy conditions.,nice_to_have,be operable by estimators in a repair facility during dirty and noisy conditions
S0225_weak_low_priority_enhancement,S0225,low_priority_enhancement,nice_to_have,"As a low-priority enhancement, the system could be operable by estimators in a repair facility during dirty and noisy conditions.",nice_to_have,be operable by estimators in a repair facility during dirty and noisy conditions
S0225_weak_future_enhancement,S0225,future_enhancement,nice_to_have,Stakeholders mentioned that the system could be operable by estimators in a repair facility during dirty and noisy conditions as a possible future enhancement.,nice_to_have,be operable by estimators in a repair facility during dirty and noisy conditions
S0226_weak_useful_if,S0226,useful_if,nice_to_have,It would be useful if the system could interface with the ChoiceParts system once per day at approximately 1:00 AM.,nice_to_have,interface with the ChoiceParts system once per day at approximately 1:00 AM
S0226_weak_nice_if,S0226,nice_if,nice_to_have,It would be nice if the system could interface with the ChoiceParts system once per day at approximately 1:00 AM.,nice_to_have,interface with the ChoiceParts system once per day at approximately 1:00 AM
S0226_weak_low_priority_enhancement,S0226,low_priority_enhancement,nice_to_have,"As a low-priority enhancement, the system could interface with the ChoiceParts system once per day at approximately 1:00 AM.",nice_to_have,interface with the ChoiceParts system once per day at approximately 1:00 AM
S0226_weak_future_enhancement,S0226,future_enhancement,nice_to_have,Stakeholders mentioned that the system could interface with the ChoiceParts system once per day at approximately 1:00 AM as a possible future enhancement.,nice_to_have,interface with the ChoiceParts system once per day at approximately 1:00 AM
S0227_weak_useful_if,S0227,useful_if,nice_to_have,It would be useful if the system could limit product maintenance to the established corporate maintenance windows.,nice_to_have,limit product maintenance to the established corporate maintenance windows
S0227_weak_nice_if,S0227,nice_if,nice_to_have,It would be nice if the system could limit product maintenance to the established corporate maintenance windows.,nice_to_have,limit product maintenance to the established corporate maintenance windows
S0227_weak_low_priority_enhancement,S0227,low_priority_enhancement,nice_to_have,"As a low-priority enhancement, the system could limit product maintenance to the established corporate maintenance windows.",nice_to_have,limit product maintenance to the established corporate maintenance windows
S0227_weak_future_enhancement,S0227,future_enhancement,nice_to_have,Stakeholders mentioned that the system could limit product maintenance to the established corporate maintenance windows as a possible future enhancement.,nice_to_have,limit product maintenance to the established corporate maintenance windows
S0228_weak_useful_if,S0228,useful_if,nice_to_have,It would be useful if the system could be supported using the corporate support center.,nice_to_have,be supported using the corporate support center
S0228_weak_nice_if,S0228,nice_if,nice_to_have,It would be nice if the system could be supported using the corporate support center.,nice_to_have,be supported using the corporate support center
S0228_weak_low_priority_enhancement,S0228,low_priority_enhancement,nice_to_have,"As a low-priority enhancement, the system could be supported using the corporate support center.",nice_to_have,be supported using the corporate support center
S0228_weak_future_enhancement,S0228,future_enhancement,nice_to_have,Stakeholders mentioned that the system could be supported using the corporate support center as a possible future enhancement.,nice_to_have,be supported using the corporate support center
S0229_weak_useful_if,S0229,useful_if,nice_to_have,It would be useful if the system could have product installations and upgrades handled by the middleware technology team within established launch time frames.,nice_to_have,have product installations and upgrades handled by the middleware technology team within established launch time frames
S0229_weak_nice_if,S0229,nice_if,nice_to_have,It would be nice if the system could have product installations and upgrades handled by the middleware technology team within established launch time frames.,nice_to_have,have product installations and upgrades handled by the middleware technology team within established launch time frames
S0229_weak_low_priority_enhancement,S0229,low_priority_enhancement,nice_to_have,"As a low-priority enhancement, the system could have product installations and upgrades handled by the middleware technology team within established launch time frames.",nice_to_have,have product installations and upgrades handled by the middleware technology team within established launch time frames
S0229_weak_future_enhancement,S0229,future_enhancement,nice_to_have,Stakeholders mentioned that the system could have product installations and upgrades handled by the middleware technology team within established launch time frames as a possible future enhancement.,nice_to_have,have product installations and upgrades handled by the middleware technology team within established launch time frames
S0235_weak_useful_if,S0235,useful_if,nice_to_have,It would be useful if the system could be free of computer viruses.,nice_to_have,be free of computer viruses
S0235_weak_nice_if,S0235,nice_if,nice_to_have,It would be nice if the system could be free of computer viruses.,nice_to_have,be free of computer viruses
S0235_weak_low_priority_enhancement,S0235,low_priority_enhancement,nice_to_have,"As a low-priority enhancement, the system could be free of computer viruses.",nice_to_have,be free of computer viruses
S0235_weak_future_enhancement,S0235,future_enhancement,nice_to_have,Stakeholders mentioned that the system could be free of computer viruses as a possible future enhancement.,nice_to_have,be free of computer viruses
S0236_weak_useful_if,S0236,useful_if,nice_to_have,It would be useful if the system could prevent malicious attacks including denial of service.,nice_to_have,prevent malicious attacks including denial of service
S0236_weak_nice_if,S0236,nice_if,nice_to_have,It would be nice if the system could prevent malicious attacks including denial of service.,nice_to_have,prevent malicious attacks including denial of service
S0236_weak_low_priority_enhancement,S0236,low_priority_enhancement,nice_to_have,"As a low-priority enhancement, the system could prevent malicious attacks including denial of service.",nice_to_have,prevent malicious attacks including denial of service
S0236_weak_future_enhancement,S0236,future_enhancement,nice_to_have,Stakeholders mentioned that the system could prevent malicious attacks including denial of service as a possible future enhancement.,nice_to_have,prevent malicious attacks including denial of service
S0237_weak_useful_if,S0237,useful_if,nice_to_have,It would be useful if the system could comply with Sarbanes-Oxley.,nice_to_have,comply with Sarbanes-Oxley
S0237_weak_nice_if,S0237,nice_if,nice_to_have,It would be nice if the system could comply with Sarbanes-Oxley.,nice_to_have,comply with Sarbanes-Oxley
S0237_weak_low_priority_enhancement,S0237,low_priority_enhancement,nice_to_have,"As a low-priority enhancement, the system could comply with Sarbanes-Oxley.",nice_to_have,comply with Sarbanes-Oxley
S0237_weak_future_enhancement,S0237,future_enhancement,nice_to_have,Stakeholders mentioned that the system could comply with Sarbanes-Oxley as a possible future enhancement.,nice_to_have,comply with Sarbanes-Oxley
S0238_weak_useful_if,S0238,useful_if,nice_to_have,It would be useful if the system could comply with the estimatics laws relating to recycled parts usage.,nice_to_have,comply with the estimatics laws relating to recycled parts usage
S0238_weak_nice_if,S0238,nice_if,nice_to_have,It would be nice if the system could comply with the estimatics laws relating to recycled parts usage.,nice_to_have,comply with the estimatics laws relating to recycled parts usage
S0238_weak_low_priority_enhancement,S0238,low_priority_enhancement,nice_to_have,"As a low-priority enhancement, the system could comply with the estimatics laws relating to recycled parts usage.",nice_to_have,comply with the estimatics laws relating to recycled parts usage
S0238_weak_future_enhancement,S0238,future_enhancement,nice_to_have,Stakeholders mentioned that the system could comply with the estimatics laws relating to recycled parts usage as a possible future enhancement.,nice_to_have,comply with the estimatics laws relating to recycled parts usage
S0239_weak_useful_if,S0239,useful_if,nice_to_have,It would be useful if the system could comply with insurance regulations regarding claims processing.,nice_to_have,comply with insurance regulations regarding claims processing
S0239_weak_nice_if,S0239,nice_if,nice_to_have,It would be nice if the system could comply with insurance regulations regarding claims processing.,nice_to_have,comply with insurance regulations regarding claims processing
S0239_weak_low_priority_enhancement,S0239,low_priority_enhancement,nice_to_have,"As a low-priority enhancement, the system could comply with insurance regulations regarding claims processing.",nice_to_have,comply with insurance regulations regarding claims processing
S0239_weak_future_enhancement,S0239,future_enhancement,nice_to_have,Stakeholders mentioned that the system could comply with insurance regulations regarding claims processing as a possible future enhancement.,nice_to_have,comply with insurance regulations regarding claims processing
S0240_weak_useful_if,S0240,useful_if,nice_to_have,It would be useful if the system could search for the preferred repair facility using vehicle vehicle location and radius in miles.,nice_to_have,search for the preferred repair facility using vehicle vehicle location and radius in miles
S0240_weak_nice_if,S0240,nice_if,nice_to_have,It would be nice if the system could search for the preferred repair facility using vehicle vehicle location and radius in miles.,nice_to_have,search for the preferred repair facility using vehicle vehicle location and radius in miles
S0240_weak_low_priority_enhancement,S0240,low_priority_enhancement,nice_to_have,"As a low-priority enhancement, the system could search for the preferred repair facility using vehicle vehicle location and radius in miles.",nice_to_have,search for the preferred repair facility using vehicle vehicle location and radius in miles
S0240_weak_future_enhancement,S0240,future_enhancement,nice_to_have,Stakeholders mentioned that the system could search for the preferred repair facility using vehicle vehicle location and radius in miles as a possible future enhancement.,nice_to_have,search for the preferred repair facility using vehicle vehicle location and radius in miles
S0241_weak_useful_if,S0241,useful_if,nice_to_have,It would be useful if the system could include vehicle year make and model.,nice_to_have,include vehicle year make and model
S0241_weak_nice_if,S0241,nice_if,nice_to_have,It would be nice if the system could include vehicle year make and model.,nice_to_have,include vehicle year make and model
S0241_weak_low_priority_enhancement,S0241,low_priority_enhancement,nice_to_have,"As a low-priority enhancement, the system could include vehicle year make and model.",nice_to_have,include vehicle year make and model
S0241_weak_future_enhancement,S0241,future_enhancement,nice_to_have,Stakeholders mentioned that the system could include vehicle year make and model as a possible future enhancement.,nice_to_have,include vehicle year make and model
S0242_weak_useful_if,S0242,useful_if,nice_to_have,It would be useful if the system could include street address city state and zipcode.,nice_to_have,include street address city state and zipcode
S0242_weak_nice_if,S0242,nice_if,nice_to_have,It would be nice if the system could include street address city state and zipcode.,nice_to_have,include street address city state and zipcode
S0242_weak_low_priority_enhancement,S0242,low_priority_enhancement,nice_to_have,"As a low-priority enhancement, the system could include street address city state and zipcode.",nice_to_have,include street address city state and zipcode
S0242_weak_future_enhancement,S0242,future_enhancement,nice_to_have,Stakeholders mentioned that the system could include street address city state and zipcode as a possible future enhancement.,nice_to_have,include street address city state and zipcode
S0243_weak_useful_if,S0243,useful_if,nice_to_have,It would be useful if the system could resolve the zipcode for the street address city and state if zipcode is unknown.,nice_to_have,resolve the zipcode for the street address city and state if zipcode is unknown
S0243_weak_nice_if,S0243,nice_if,nice_to_have,It would be nice if the system could resolve the zipcode for the street address city and state if zipcode is unknown.,nice_to_have,resolve the zipcode for the street address city and state if zipcode is unknown
S0243_weak_low_priority_enhancement,S0243,low_priority_enhancement,nice_to_have,"As a low-priority enhancement, the system could resolve the zipcode for the street address city and state if zipcode is unknown.",nice_to_have,resolve the zipcode for the street address city and state if zipcode is unknown
S0243_weak_future_enhancement,S0243,future_enhancement,nice_to_have,Stakeholders mentioned that the system could resolve the zipcode for the street address city and state if zipcode is unknown as a possible future enhancement.,nice_to_have,resolve the zipcode for the street address city and state if zipcode is unknown
S0244_weak_useful_if,S0244,useful_if,nice_to_have,It would be useful if the system could support a search radius between 1 and 30 miles.,nice_to_have,support a search radius between 1 and 30 miles
S0244_weak_nice_if,S0244,nice_if,nice_to_have,It would be nice if the system could support a search radius between 1 and 30 miles.,nice_to_have,support a search radius between 1 and 30 miles
S0244_weak_low_priority_enhancement,S0244,low_priority_enhancement,nice_to_have,"As a low-priority enhancement, the system could support a search radius between 1 and 30 miles.",nice_to_have,support a search radius between 1 and 30 miles
S0244_weak_future_enhancement,S0244,future_enhancement,nice_to_have,Stakeholders mentioned that the system could support a search radius between 1 and 30 miles as a possible future enhancement.,nice_to_have,support a search radius between 1 and 30 miles
S0245_weak_useful_if,S0245,useful_if,nice_to_have,It would be useful if the system could locate the preferred repair facility with the highest ratings for the input criteria.,nice_to_have,locate the preferred repair facility with the highest ratings for the input criteria
S0245_weak_nice_if,S0245,nice_if,nice_to_have,It would be nice if the system could locate the preferred repair facility with the highest ratings for the input criteria.,nice_to_have,locate the preferred repair facility with the highest ratings for the input criteria
S0245_weak_low_priority_enhancement,S0245,low_priority_enhancement,nice_to_have,"As a low-priority enhancement, the system could locate the preferred repair facility with the highest ratings for the input criteria.",nice_to_have,locate the preferred repair facility with the highest ratings for the input criteria
S0245_weak_future_enhancement,S0245,future_enhancement,nice_to_have,Stakeholders mentioned that the system could locate the preferred repair facility with the highest ratings for the input criteria as a possible future enhancement.,nice_to_have,locate the preferred repair facility with the highest ratings for the input criteria
S0246_weak_useful_if,S0246,useful_if,nice_to_have,It would be useful if the system could allow the adjuster to enter the preferred repair facility on the estimate assignment.,nice_to_have,allow the adjuster to enter the preferred repair facility on the estimate assignment
S0246_weak_nice_if,S0246,nice_if,nice_to_have,It would be nice if the system could allow the adjuster to enter the preferred repair facility on the estimate assignment.,nice_to_have,allow the adjuster to enter the preferred repair facility on the estimate assignment
S0246_weak_low_priority_enhancement,S0246,low_priority_enhancement,nice_to_have,"As a low-priority enhancement, the system could allow the adjuster to enter the preferred repair facility on the estimate assignment.",nice_to_have,allow the adjuster to enter the preferred repair facility on the estimate assignment
S0246_weak_future_enhancement,S0246,future_enhancement,nice_to_have,Stakeholders mentioned that the system could allow the adjuster to enter the preferred repair facility on the estimate assignment as a possible future enhancement.,nice_to_have,allow the adjuster to enter the preferred repair facility on the estimate assignment
S0247_weak_useful_if,S0247,useful_if,nice_to_have,It would be useful if the system could allow the adjuster to override the preferred repair facility on the estimate assignment.,nice_to_have,allow the adjuster to override the preferred repair facility on the estimate assignment
S0247_weak_nice_if,S0247,nice_if,nice_to_have,It would be nice if the system could allow the adjuster to override the preferred repair facility on the estimate assignment.,nice_to_have,allow the adjuster to override the preferred repair facility on the estimate assignment
S0247_weak_low_priority_enhancement,S0247,low_priority_enhancement,nice_to_have,"As a low-priority enhancement, the system could allow the adjuster to override the preferred repair facility on the estimate assignment.",nice_to_have,allow the adjuster to override the preferred repair facility on the estimate assignment
S0247_weak_future_enhancement,S0247,future_enhancement,nice_to_have,Stakeholders mentioned that the system could allow the adjuster to override the preferred repair facility on the estimate assignment as a possible future enhancement.,nice_to_have,allow the adjuster to override the preferred repair facility on the estimate assignment
S0248_weak_useful_if,S0248,useful_if,nice_to_have,It would be useful if the system could return the preferred repair facility to the user.,nice_to_have,return the preferred repair facility to the user
S0248_weak_nice_if,S0248,nice_if,nice_to_have,It would be nice if the system could return the preferred repair facility to the user.,nice_to_have,return the preferred repair facility to the user
S0248_weak_low_priority_enhancement,S0248,low_priority_enhancement,nice_to_have,"As a low-priority enhancement, the system could return the preferred repair facility to the user.",nice_to_have,return the preferred repair facility to the user
S0248_weak_future_enhancement,S0248,future_enhancement,nice_to_have,Stakeholders mentioned that the system could return the preferred repair facility to the user as a possible future enhancement.,nice_to_have,return the preferred repair facility to the user
S0250_weak_useful_if,S0250,useful_if,nice_to_have,It would be useful if the system could search for available recycled parts using damaged vehicle parts information.,nice_to_have,search for available recycled parts using damaged vehicle parts information
S0250_weak_nice_if,S0250,nice_if,nice_to_have,It would be nice if the system could search for available recycled parts using damaged vehicle parts information.,nice_to_have,search for available recycled parts using damaged vehicle parts information
S0250_weak_low_priority_enhancement,S0250,low_priority_enhancement,nice_to_have,"As a low-priority enhancement, the system could search for available recycled parts using damaged vehicle parts information.",nice_to_have,search for available recycled parts using damaged vehicle parts information
S0250_weak_future_enhancement,S0250,future_enhancement,nice_to_have,Stakeholders mentioned that the system could search for available recycled parts using damaged vehicle parts information as a possible future enhancement.,nice_to_have,search for available recycled parts using damaged vehicle parts information
S0251_weak_useful_if,S0251,useful_if,nice_to_have,It would be useful if the system could search for available recycled parts using a list of preferred parts suppliers.,nice_to_have,search for available recycled parts using a list of preferred parts suppliers
S0251_weak_nice_if,S0251,nice_if,nice_to_have,It would be nice if the system could search for available recycled parts using a list of preferred parts suppliers.,nice_to_have,search for available recycled parts using a list of preferred parts suppliers
S0251_weak_low_priority_enhancement,S0251,low_priority_enhancement,nice_to_have,"As a low-priority enhancement, the system could search for available recycled parts using a list of preferred parts suppliers.",nice_to_have,search for available recycled parts using a list of preferred parts suppliers
S0251_weak_future_enhancement,S0251,future_enhancement,nice_to_have,Stakeholders mentioned that the system could search for available recycled parts using a list of preferred parts suppliers as a possible future enhancement.,nice_to_have,search for available recycled parts using a list of preferred parts suppliers
S0252_weak_useful_if,S0252,useful_if,nice_to_have,It would be useful if the system could search for available recycled parts for the supplied vehicle parts and suppliers.,nice_to_have,search for available recycled parts for the supplied vehicle parts and suppliers
S0252_weak_nice_if,S0252,nice_if,nice_to_have,It would be nice if the system could search for available recycled parts for the supplied vehicle parts and suppliers.,nice_to_have,search for available recycled parts for the supplied vehicle parts and suppliers
S0252_weak_low_priority_enhancement,S0252,low_priority_enhancement,nice_to_have,"As a low-priority enhancement, the system could search for available recycled parts for the supplied vehicle parts and suppliers.",nice_to_have,search for available recycled parts for the supplied vehicle parts and suppliers
S0252_weak_future_enhancement,S0252,future_enhancement,nice_to_have,Stakeholders mentioned that the system could search for available recycled parts for the supplied vehicle parts and suppliers as a possible future enhancement.,nice_to_have,search for available recycled parts for the supplied vehicle parts and suppliers
S0254_weak_useful_if,S0254,useful_if,nice_to_have,It would be useful if the system could retain the available recycled parts and suppliers returned from the search.,nice_to_have,retain the available recycled parts and suppliers returned from the search
S0254_weak_nice_if,S0254,nice_if,nice_to_have,It would be nice if the system could retain the available recycled parts and suppliers returned from the search.,nice_to_have,retain the available recycled parts and suppliers returned from the search
S0254_weak_low_priority_enhancement,S0254,low_priority_enhancement,nice_to_have,"As a low-priority enhancement, the system could retain the available recycled parts and suppliers returned from the search.",nice_to_have,retain the available recycled parts and suppliers returned from the search
S0254_weak_future_enhancement,S0254,future_enhancement,nice_to_have,Stakeholders mentioned that the system could retain the available recycled parts and suppliers returned from the search as a possible future enhancement.,nice_to_have,retain the available recycled parts and suppliers returned from the search
S0255_weak_useful_if,S0255,useful_if,nice_to_have,It would be useful if the system could return available recycled parts information and supplier information to the user.,nice_to_have,return available recycled parts information and supplier information to the user
S0255_weak_nice_if,S0255,nice_if,nice_to_have,It would be nice if the system could return available recycled parts information and supplier information to the user.,nice_to_have,return available recycled parts information and supplier information to the user
S0255_weak_low_priority_enhancement,S0255,low_priority_enhancement,nice_to_have,"As a low-priority enhancement, the system could return available recycled parts information and supplier information to the user.",nice_to_have,return available recycled parts information and supplier information to the user
S0255_weak_future_enhancement,S0255,future_enhancement,nice_to_have,Stakeholders mentioned that the system could return available recycled parts information and supplier information to the user as a possible future enhancement.,nice_to_have,return available recycled parts information and supplier information to the user
S0256_weak_useful_if,S0256,useful_if,nice_to_have,It would be useful if the system could apply selected recycled parts to the collision estimate.,nice_to_have,apply selected recycled parts to the collision estimate
S0256_weak_nice_if,S0256,nice_if,nice_to_have,It would be nice if the system could apply selected recycled parts to the collision estimate.,nice_to_have,apply selected recycled parts to the collision estimate
S0256_weak_low_priority_enhancement,S0256,low_priority_enhancement,nice_to_have,"As a low-priority enhancement, the system could apply selected recycled parts to the collision estimate.",nice_to_have,apply selected recycled parts to the collision estimate
S0256_weak_future_enhancement,S0256,future_enhancement,nice_to_have,Stakeholders mentioned that the system could apply selected recycled parts to the collision estimate as a possible future enhancement.,nice_to_have,apply selected recycled parts to the collision estimate
S0258_weak_useful_if,S0258,useful_if,nice_to_have,It would be useful if the system could support adjuster review of the collision estimate.,nice_to_have,support adjuster review of the collision estimate
S0258_weak_nice_if,S0258,nice_if,nice_to_have,It would be nice if the system could support adjuster review of the collision estimate.,nice_to_have,support adjuster review of the collision estimate
S0258_weak_low_priority_enhancement,S0258,low_priority_enhancement,nice_to_have,"As a low-priority enhancement, the system could support adjuster review of the collision estimate.",nice_to_have,support adjuster review of the collision estimate
S0258_weak_future_enhancement,S0258,future_enhancement,nice_to_have,Stakeholders mentioned that the system could support adjuster review of the collision estimate as a possible future enhancement.,nice_to_have,support adjuster review of the collision estimate
S0259_weak_useful_if,S0259,useful_if,nice_to_have,It would be useful if the system could allow the adjuster to request a recycled parts audit of the collision estimate.,nice_to_have,allow the adjuster to request a recycled parts audit of the collision estimate
S0259_weak_nice_if,S0259,nice_if,nice_to_have,It would be nice if the system could allow the adjuster to request a recycled parts audit of the collision estimate.,nice_to_have,allow the adjuster to request a recycled parts audit of the collision estimate
S0259_weak_low_priority_enhancement,S0259,low_priority_enhancement,nice_to_have,"As a low-priority enhancement, the system could allow the adjuster to request a recycled parts audit of the collision estimate.",nice_to_have,allow the adjuster to request a recycled parts audit of the collision estimate
S0259_weak_future_enhancement,S0259,future_enhancement,nice_to_have,Stakeholders mentioned that the system could allow the adjuster to request a recycled parts audit of the collision estimate as a possible future enhancement.,nice_to_have,allow the adjuster to request a recycled parts audit of the collision estimate
S0260_weak_useful_if,S0260,useful_if,nice_to_have,It would be useful if the system could retrieve the recycled parts search results provided to the estimator.,nice_to_have,retrieve the recycled parts search results provided to the estimator
S0260_weak_nice_if,S0260,nice_if,nice_to_have,It would be nice if the system could retrieve the recycled parts search results provided to the estimator.,nice_to_have,retrieve the recycled parts search results provided to the estimator
S0260_weak_low_priority_enhancement,S0260,low_priority_enhancement,nice_to_have,"As a low-priority enhancement, the system could retrieve the recycled parts search results provided to the estimator.",nice_to_have,retrieve the recycled parts search results provided to the estimator
S0260_weak_future_enhancement,S0260,future_enhancement,nice_to_have,Stakeholders mentioned that the system could retrieve the recycled parts search results provided to the estimator as a possible future enhancement.,nice_to_have,retrieve the recycled parts search results provided to the estimator
S0261_weak_useful_if,S0261,useful_if,nice_to_have,It would be useful if the system could generate an audit report based on the available recycled parts and the collision estimate.,nice_to_have,generate an audit report based on the available recycled parts and the collision estimate
S0261_weak_nice_if,S0261,nice_if,nice_to_have,It would be nice if the system could generate an audit report based on the available recycled parts and the collision estimate.,nice_to_have,generate an audit report based on the available recycled parts and the collision estimate
S0261_weak_low_priority_enhancement,S0261,low_priority_enhancement,nice_to_have,"As a low-priority enhancement, the system could generate an audit report based on the available recycled parts and the collision estimate.",nice_to_have,generate an audit report based on the available recycled parts and the collision estimate
S0261_weak_future_enhancement,S0261,future_enhancement,nice_to_have,Stakeholders mentioned that the system could generate an audit report based on the available recycled parts and the collision estimate as a possible future enhancement.,nice_to_have,generate an audit report based on the available recycled parts and the collision estimate
S0262_weak_useful_if,S0262,useful_if,nice_to_have,"It would be useful if the system could include, in the audit report, the total number of recycled parts used in the estimate.",nice_to_have,"include, in the audit report, the total number of recycled parts used in the estimate"
S0262_weak_nice_if,S0262,nice_if,nice_to_have,"It would be nice if the system could include, in the audit report, the total number of recycled parts used in the estimate.",nice_to_have,"include, in the audit report, the total number of recycled parts used in the estimate"
S0262_weak_low_priority_enhancement,S0262,low_priority_enhancement,nice_to_have,"As a low-priority enhancement, the system could include, in the audit report, the total number of recycled parts used in the estimate.",nice_to_have,"include, in the audit report, the total number of recycled parts used in the estimate"
S0262_weak_future_enhancement,S0262,future_enhancement,nice_to_have,"Stakeholders mentioned that the system could include, in the audit report, the total number of recycled parts used in the estimate as a possible future enhancement.",nice_to_have,"include, in the audit report, the total number of recycled parts used in the estimate"
S0263_weak_useful_if,S0263,useful_if,nice_to_have,"It would be useful if the system could include, in the audit report, the number of available recycled parts from the original search results.",nice_to_have,"include, in the audit report, the number of available recycled parts from the original search results"
S0263_weak_nice_if,S0263,nice_if,nice_to_have,"It would be nice if the system could include, in the audit report, the number of available recycled parts from the original search results.",nice_to_have,"include, in the audit report, the number of available recycled parts from the original search results"
S0263_weak_low_priority_enhancement,S0263,low_priority_enhancement,nice_to_have,"As a low-priority enhancement, the system could include, in the audit report, the number of available recycled parts from the original search results.",nice_to_have,"include, in the audit report, the number of available recycled parts from the original search results"
S0263_weak_future_enhancement,S0263,future_enhancement,nice_to_have,"Stakeholders mentioned that the system could include, in the audit report, the number of available recycled parts from the original search results as a possible future enhancement.",nice_to_have,"include, in the audit report, the number of available recycled parts from the original search results"
S0264_weak_useful_if,S0264,useful_if,nice_to_have,"It would be useful if the system could include, in the audit report, the percentage of available recycled parts used in the estimate.",nice_to_have,"include, in the audit report, the percentage of available recycled parts used in the estimate"
S0264_weak_nice_if,S0264,nice_if,nice_to_have,"It would be nice if the system could include, in the audit report, the percentage of available recycled parts used in the estimate.",nice_to_have,"include, in the audit report, the percentage of available recycled parts used in the estimate"
S0264_weak_low_priority_enhancement,S0264,low_priority_enhancement,nice_to_have,"As a low-priority enhancement, the system could include, in the audit report, the percentage of available recycled parts used in the estimate.",nice_to_have,"include, in the audit report, the percentage of available recycled parts used in the estimate"
S0264_weak_future_enhancement,S0264,future_enhancement,nice_to_have,"Stakeholders mentioned that the system could include, in the audit report, the percentage of available recycled parts used in the estimate as a possible future enhancement.",nice_to_have,"include, in the audit report, the percentage of available recycled parts used in the estimate"
S0265_weak_useful_if,S0265,useful_if,nice_to_have,"It would be useful if the system could include, in the audit report, the total score of the audit, which sums the individual line items.",nice_to_have,"include, in the audit report, the total score of the audit, which sums the individual line items"
S0265_weak_nice_if,S0265,nice_if,nice_to_have,"It would be nice if the system could include, in the audit report, the total score of the audit, which sums the individual line items.",nice_to_have,"include, in the audit report, the total score of the audit, which sums the individual line items"
S0265_weak_low_priority_enhancement,S0265,low_priority_enhancement,nice_to_have,"As a low-priority enhancement, the system could include, in the audit report, the total score of the audit, which sums the individual line items.",nice_to_have,"include, in the audit report, the total score of the audit, which sums the individual line items"
S0265_weak_future_enhancement,S0265,future_enhancement,nice_to_have,"Stakeholders mentioned that the system could include, in the audit report, the total score of the audit, which sums the individual line items as a possible future enhancement.",nice_to_have,"include, in the audit report, the total score of the audit, which sums the individual line items"
S0266_weak_useful_if,S0266,useful_if,nice_to_have,It would be useful if the system could display the audit report to the user.,nice_to_have,display the audit report to the user
S0266_weak_nice_if,S0266,nice_if,nice_to_have,It would be nice if the system could display the audit report to the user.,nice_to_have,display the audit report to the user
S0266_weak_low_priority_enhancement,S0266,low_priority_enhancement,nice_to_have,"As a low-priority enhancement, the system could display the audit report to the user.",nice_to_have,display the audit report to the user
S0266_weak_future_enhancement,S0266,future_enhancement,nice_to_have,Stakeholders mentioned that the system could display the audit report to the user as a possible future enhancement.,nice_to_have,display the audit report to the user
S0267_weak_useful_if,S0267,useful_if,nice_to_have,It would be useful if the system could make the audit report available to other adjusters at later points in time.,nice_to_have,make the audit report available to other adjusters at later points in time
S0267_weak_nice_if,S0267,nice_if,nice_to_have,It would be nice if the system could make the audit report available to other adjusters at later points in time.,nice_to_have,make the audit report available to other adjusters at later points in time
S0267_weak_low_priority_enhancement,S0267,low_priority_enhancement,nice_to_have,"As a low-priority enhancement, the system could make the audit report available to other adjusters at later points in time.",nice_to_have,make the audit report available to other adjusters at later points in time
S0267_weak_future_enhancement,S0267,future_enhancement,nice_to_have,Stakeholders mentioned that the system could make the audit report available to other adjusters at later points in time as a possible future enhancement.,nice_to_have,make the audit report available to other adjusters at later points in time
S0268_weak_useful_if,S0268,useful_if,nice_to_have,It would be useful if the system could allow the user to choose to view the preferred repair facility ratings.,nice_to_have,allow the user to choose to view the preferred repair facility ratings
S0268_weak_nice_if,S0268,nice_if,nice_to_have,It would be nice if the system could allow the user to choose to view the preferred repair facility ratings.,nice_to_have,allow the user to choose to view the preferred repair facility ratings
S0268_weak_low_priority_enhancement,S0268,low_priority_enhancement,nice_to_have,"As a low-priority enhancement, the system could allow the user to choose to view the preferred repair facility ratings.",nice_to_have,allow the user to choose to view the preferred repair facility ratings
S0268_weak_future_enhancement,S0268,future_enhancement,nice_to_have,Stakeholders mentioned that the system could allow the user to choose to view the preferred repair facility ratings as a possible future enhancement.,nice_to_have,allow the user to choose to view the preferred repair facility ratings
S0269_weak_useful_if,S0269,useful_if,nice_to_have,It would be useful if the system could display the current repair facility ratings to the user.,nice_to_have,display the current repair facility ratings to the user
S0269_weak_nice_if,S0269,nice_if,nice_to_have,It would be nice if the system could display the current repair facility ratings to the user.,nice_to_have,display the current repair facility ratings to the user
S0269_weak_low_priority_enhancement,S0269,low_priority_enhancement,nice_to_have,"As a low-priority enhancement, the system could display the current repair facility ratings to the user.",nice_to_have,display the current repair facility ratings to the user
S0269_weak_future_enhancement,S0269,future_enhancement,nice_to_have,Stakeholders mentioned that the system could display the current repair facility ratings to the user as a possible future enhancement.,nice_to_have,display the current repair facility ratings to the user
S0271_weak_useful_if,S0271,useful_if,nice_to_have,It would be useful if the system could allow the user to enter new ratings based on the audit report.,nice_to_have,allow the user to enter new ratings based on the audit report
S0271_weak_nice_if,S0271,nice_if,nice_to_have,It would be nice if the system could allow the user to enter new ratings based on the audit report.,nice_to_have,allow the user to enter new ratings based on the audit report
S0271_weak_low_priority_enhancement,S0271,low_priority_enhancement,nice_to_have,"As a low-priority enhancement, the system could allow the user to enter new ratings based on the audit report.",nice_to_have,allow the user to enter new ratings based on the audit report
S0271_weak_future_enhancement,S0271,future_enhancement,nice_to_have,Stakeholders mentioned that the system could allow the user to enter new ratings based on the audit report as a possible future enhancement.,nice_to_have,allow the user to enter new ratings based on the audit report
S0273_weak_useful_if,S0273,useful_if,nice_to_have,"It would be useful if the system could include, in the ratings, categories for attempted use of recycled parts and actual use of recycled parts.",nice_to_have,"include, in the ratings, categories for attempted use of recycled parts and actual use of recycled parts"
S0273_weak_nice_if,S0273,nice_if,nice_to_have,"It would be nice if the system could include, in the ratings, categories for attempted use of recycled parts and actual use of recycled parts.",nice_to_have,"include, in the ratings, categories for attempted use of recycled parts and actual use of recycled parts"
S0273_weak_low_priority_enhancement,S0273,low_priority_enhancement,nice_to_have,"As a low-priority enhancement, the system could include, in the ratings, categories for attempted use of recycled parts and actual use of recycled parts.",nice_to_have,"include, in the ratings, categories for attempted use of recycled parts and actual use of recycled parts"
S0273_weak_future_enhancement,S0273,future_enhancement,nice_to_have,"Stakeholders mentioned that the system could include, in the ratings, categories for attempted use of recycled parts and actual use of recycled parts as a possible future enhancement.",nice_to_have,"include, in the ratings, categories for attempted use of recycled parts and actual use of recycled parts"
S0274_weak_useful_if,S0274,useful_if,nice_to_have,It would be useful if the system could allow the user to choose to save the preferred repair facility ratings.,nice_to_have,allow the user to choose to save the preferred repair facility ratings
S0274_weak_nice_if,S0274,nice_if,nice_to_have,It would be nice if the system could allow the user to choose to save the preferred repair facility ratings.,nice_to_have,allow the user to choose to save the preferred repair facility ratings
S0274_weak_low_priority_enhancement,S0274,low_priority_enhancement,nice_to_have,"As a low-priority enhancement, the system could allow the user to choose to save the preferred repair facility ratings.",nice_to_have,allow the user to choose to save the preferred repair facility ratings
S0274_weak_future_enhancement,S0274,future_enhancement,nice_to_have,Stakeholders mentioned that the system could allow the user to choose to save the preferred repair facility ratings as a possible future enhancement.,nice_to_have,allow the user to choose to save the preferred repair facility ratings
S0275_weak_useful_if,S0275,useful_if,nice_to_have,It would be useful if the system could save the preferred repair facility ratings.,nice_to_have,save the preferred repair facility ratings
S0275_weak_nice_if,S0275,nice_if,nice_to_have,It would be nice if the system could save the preferred repair facility ratings.,nice_to_have,save the preferred repair facility ratings
S0275_weak_low_priority_enhancement,S0275,low_priority_enhancement,nice_to_have,"As a low-priority enhancement, the system could save the preferred repair facility ratings.",nice_to_have,save the preferred repair facility ratings
S0275_weak_future_enhancement,S0275,future_enhancement,nice_to_have,Stakeholders mentioned that the system could save the preferred repair facility ratings as a possible future enhancement.,nice_to_have,save the preferred repair facility ratings
