Seed,Capability,MUST source,SHOULD source,MAY source,Nice-to-have source,Mandatory candidate
S0110,observe more than 10 of the planets observed in the Chemical Census tier in the Rosetta Stone tier,The system MUST observe more than 10 of the planets observed in the Chemical Census tier in the Rosetta Stone tier.,The system SHOULD observe more than 10 of the planets observed in the Chemical Census tier in the Rosetta Stone tier.,The system MAY observe more than 10 of the planets observed in the Chemical Census tier in the Rosetta Stone tier.,It would be useful if the system could observe more than 10 of the planets observed in the Chemical Census tier in the Rosetta Stone tier.,The system MUST observe more than 10 of the planets observed in the Chemical Census tier in the Rosetta Stone tier.
S0198,have the configuration defined in the TB,The system MUST have the configuration defined in the TB.,The system SHOULD have the configuration defined in the TB.,The system MAY have the configuration defined in the TB.,It would be useful if the system could have the configuration defined in the TB.,The system MUST have the configuration defined in the TB.
S0391,provide space for Storage of mobile equipment and electrical equipment,The system MUST provide space for Storage of mobile equipment and electrical equipment.,The system SHOULD provide space for Storage of mobile equipment and electrical equipment.,The system MAY provide space for Storage of mobile equipment and electrical equipment.,It would be useful if the system could provide space for Storage of mobile equipment and electrical equipment.,The system MUST provide space for Storage of mobile equipment and electrical equipment.
S0456,"provide communication services for the S-NPP, JPSS-1, and JPSS-2 missions","The system MUST provide communication services for the S-NPP, JPSS-1, and JPSS-2 missions.","The system SHOULD provide communication services for the S-NPP, JPSS-1, and JPSS-2 missions.","The system MAY provide communication services for the S-NPP, JPSS-1, and JPSS-2 missions.","It would be useful if the system could provide communication services for the S-NPP, JPSS-1, and JPSS-2 missions.","The system MUST provide communication services for the S-NPP, JPSS-1, and JPSS-2 missions."
S0585,"comply with the Health, Safety, Security, and Environmental Strategy document (GMT-DOC-01061)","The system MUST comply with the Health, Safety, Security, and Environmental Strategy document (GMT-DOC-01061).","The system SHOULD comply with the Health, Safety, Security, and Environmental Strategy document (GMT-DOC-01061).","The system MAY comply with the Health, Safety, Security, and Environmental Strategy document (GMT-DOC-01061).","It would be useful if the system could comply with the Health, Safety, Security, and Environmental Strategy document (GMT-DOC-01061).","The system MUST comply with the Health, Safety, Security, and Environmental Strategy document (GMT-DOC-01061)."
S10111,make available one complete set (primary set) of data products identified in Appendix A from the science data acquired from the JPSS GS,The system MUST make available one complete set (primary set) of data products identified in Appendix A from the science data acquired from the JPSS GS.,The system SHOULD make available one complete set (primary set) of data products identified in Appendix A from the science data acquired from the JPSS GS.,The system MAY make available one complete set (primary set) of data products identified in Appendix A from the science data acquired from the JPSS GS.,It would be useful if the system could make available one complete set (primary set) of data products identified in Appendix A from the science data acquired from the JPSS GS.,The system MUST make available one complete set (primary set) of data products identified in Appendix A from the science data acquired from the JPSS GS.
S10194,produce growing stock volume maps from multitemporal SAR data,The system MUST produce growing stock volume maps from multitemporal SAR data.,The system SHOULD produce growing stock volume maps from multitemporal SAR data.,The system MAY produce growing stock volume maps from multitemporal SAR data.,It would be useful if the system could produce growing stock volume maps from multitemporal SAR data.,The system MUST produce growing stock volume maps from multitemporal SAR data.
S10354,provide routine ground station(s) for commanding and controlling the spacecraft,The system MUST provide routine ground station(s) for commanding and controlling the spacecraft.,The system SHOULD provide routine ground station(s) for commanding and controlling the spacecraft.,The system MAY provide routine ground station(s) for commanding and controlling the spacecraft.,It would be useful if the system could provide routine ground station(s) for commanding and controlling the spacecraft.,The system MUST provide routine ground station(s) for commanding and controlling the spacecraft.
S10453,provide means for re-coating of the telescope optics to maintain throughput and minimize thermal emission,The system MUST provide means for re-coating of the telescope optics to maintain throughput and minimize thermal emission.,The system SHOULD provide means for re-coating of the telescope optics to maintain throughput and minimize thermal emission.,The system MAY provide means for re-coating of the telescope optics to maintain throughput and minimize thermal emission.,It would be useful if the system could provide means for re-coating of the telescope optics to maintain throughput and minimize thermal emission.,The system MUST provide means for re-coating of the telescope optics to maintain throughput and minimize thermal emission.
S10565,"autonomously detect its status, basing on automatic self-check procedures and programmable decision tables","The system MUST autonomously detect its status, basing on automatic self-check procedures and programmable decision tables.","The system SHOULD autonomously detect its status, basing on automatic self-check procedures and programmable decision tables.","The system MAY autonomously detect its status, basing on automatic self-check procedures and programmable decision tables.","It would be useful if the system could autonomously detect its status, basing on automatic self-check procedures and programmable decision tables.","The system MUST autonomously detect its status, basing on automatic self-check procedures and programmable decision tables."
S10580,limit NESDIS ESPC outages in support of JPSS functions to less than 5 hours over a 30-day period,The system MUST limit NESDIS ESPC outages in support of JPSS functions to less than 5 hours over a 30-day period.,The system SHOULD limit NESDIS ESPC outages in support of JPSS functions to less than 5 hours over a 30-day period.,The system MAY limit NESDIS ESPC outages in support of JPSS functions to less than 5 hours over a 30-day period.,It would be useful if the system could limit NESDIS ESPC outages in support of JPSS functions to less than 5 hours over a 30-day period.,The system MUST limit NESDIS ESPC outages in support of JPSS functions to less than 5 hours over a 30-day period.
S10837,observe more than 20 of the planets observed in the Chemical Census tier in the Rosetta Stone tier,The system MUST observe more than 20 of the planets observed in the Chemical Census tier in the Rosetta Stone tier.,The system SHOULD observe more than 20 of the planets observed in the Chemical Census tier in the Rosetta Stone tier.,The system MAY observe more than 20 of the planets observed in the Chemical Census tier in the Rosetta Stone tier.,It would be useful if the system could observe more than 20 of the planets observed in the Chemical Census tier in the Rosetta Stone tier.,The system MUST observe more than 20 of the planets observed in the Chemical Census tier in the Rosetta Stone tier.
S10922,provide sufficient power to the payload during all mission phases,The system MUST provide sufficient power to the payload during all mission phases.,The system SHOULD provide sufficient power to the payload during all mission phases.,The system MAY provide sufficient power to the payload during all mission phases.,It would be useful if the system could provide sufficient power to the payload during all mission phases.,The system MUST provide sufficient power to the payload during all mission phases.
S10982,report data detection misbehavior to the Misbehavior Management Subsystem,The system MUST report data detection misbehavior to the Misbehavior Management Subsystem.,The system SHOULD report data detection misbehavior to the Misbehavior Management Subsystem.,The system MAY report data detection misbehavior to the Misbehavior Management Subsystem.,It would be useful if the system could report data detection misbehavior to the Misbehavior Management Subsystem.,The system MUST report data detection misbehavior to the Misbehavior Management Subsystem.
S11067,provide a magnetron target room,The system MUST provide a magnetron target room.,The system SHOULD provide a magnetron target room.,The system MAY provide a magnetron target room.,It would be useful if the system could provide a magnetron target room.,The system MUST provide a magnetron target room.
S12062,autonomously activate its TT&C system with at least one Tx and Rx channel active to enable ground to establish contact,The system MUST autonomously activate its TT&C system with at least one Tx and Rx channel active to enable ground to establish contact.,The system SHOULD autonomously activate its TT&C system with at least one Tx and Rx channel active to enable ground to establish contact.,The system MAY autonomously activate its TT&C system with at least one Tx and Rx channel active to enable ground to establish contact.,It would be useful if the system could autonomously activate its TT&C system with at least one Tx and Rx channel active to enable ground to establish contact.,The system MUST autonomously activate its TT&C system with at least one Tx and Rx channel active to enable ground to establish contact.
S12261,send time to all Core System subsystems every 100ms [TBD],The system MUST send time to all Core System subsystems every 100ms [TBD].,The system SHOULD send time to all Core System subsystems every 100ms [TBD].,The system MAY send time to all Core System subsystems every 100ms [TBD].,It would be useful if the system could send time to all Core System subsystems every 100ms [TBD].,The system MUST send time to all Core System subsystems every 100ms [TBD].
S12433,be launched as a dual payload on a single launch vehicle,The system MUST be launched as a dual payload on a single launch vehicle.,The system SHOULD be launched as a dual payload on a single launch vehicle.,The system MAY be launched as a dual payload on a single launch vehicle.,It would be useful if the system could be launched as a dual payload on a single launch vehicle.,The system MUST be launched as a dual payload on a single launch vehicle.
S12465,produce an ozone limb profile product that has a vertical reporting interval of 1 km,The system MUST produce an ozone limb profile product that has a vertical reporting interval of 1 km.,The system SHOULD produce an ozone limb profile product that has a vertical reporting interval of 1 km.,The system MAY produce an ozone limb profile product that has a vertical reporting interval of 1 km.,It would be useful if the system could produce an ozone limb profile product that has a vertical reporting interval of 1 km.,The system MUST produce an ozone limb profile product that has a vertical reporting interval of 1 km.
S12688,be compatible with the maximum data rates of each instrument as specified in [RD16],The system MUST be compatible with the maximum data rates of each instrument as specified in [RD16].,The system SHOULD be compatible with the maximum data rates of each instrument as specified in [RD16].,The system MAY be compatible with the maximum data rates of each instrument as specified in [RD16].,It would be useful if the system could be compatible with the maximum data rates of each instrument as specified in [RD16].,The system MUST be compatible with the maximum data rates of each instrument as specified in [RD16].
S13143,make complete images obtained with the Star Trackers and navigation camera (if any) available to scientists upon request,The system MUST make complete images obtained with the Star Trackers and navigation camera (if any) available to scientists upon request.,The system SHOULD make complete images obtained with the Star Trackers and navigation camera (if any) available to scientists upon request.,The system MAY make complete images obtained with the Star Trackers and navigation camera (if any) available to scientists upon request.,It would be useful if the system could make complete images obtained with the Star Trackers and navigation camera (if any) available to scientists upon request.,The system MUST make complete images obtained with the Star Trackers and navigation camera (if any) available to scientists upon request.
S13213,produce a soil moisture product under all-weather conditions,The system MUST produce a soil moisture product under all-weather conditions.,The system SHOULD produce a soil moisture product under all-weather conditions.,The system MAY produce a soil moisture product under all-weather conditions.,It would be useful if the system could produce a soil moisture product under all-weather conditions.,The system MUST produce a soil moisture product under all-weather conditions.
S13852,support stability of the processing chain for re- processing and its continuous extension in order to support consistency of the output dataset,The system MUST support stability of the processing chain for re- processing and its continuous extension in order to support consistency of the output dataset.,The system SHOULD support stability of the processing chain for re- processing and its continuous extension in order to support consistency of the output dataset.,The system MAY support stability of the processing chain for re- processing and its continuous extension in order to support consistency of the output dataset.,It would be useful if the system could support stability of the processing chain for re- processing and its continuous extension in order to support consistency of the output dataset.,The system MUST support stability of the processing chain for re- processing and its continuous extension in order to support consistency of the output dataset.
S13965,provide equipment and establish procedures for in-telescope CO2 cleaning of the M2 reflective surfaces,The system MUST provide equipment and establish procedures for in-telescope CO2 cleaning of the M2 reflective surfaces.,The system SHOULD provide equipment and establish procedures for in-telescope CO2 cleaning of the M2 reflective surfaces.,The system MAY provide equipment and establish procedures for in-telescope CO2 cleaning of the M2 reflective surfaces.,It would be useful if the system could provide equipment and establish procedures for in-telescope CO2 cleaning of the M2 reflective surfaces.,The system MUST provide equipment and establish procedures for in-telescope CO2 cleaning of the M2 reflective surfaces.
S14239,develop and maintain validated command products for anomalies whose recovery response time would result in a significant threat to the achievement of level 1 requirements,The system MUST develop and maintain validated command products for anomalies whose recovery response time would result in a significant threat to the achievement of level 1 requirements.,The system SHOULD develop and maintain validated command products for anomalies whose recovery response time would result in a significant threat to the achievement of level 1 requirements.,The system MAY develop and maintain validated command products for anomalies whose recovery response time would result in a significant threat to the achievement of level 1 requirements.,It would be useful if the system could develop and maintain validated command products for anomalies whose recovery response time would result in a significant threat to the achievement of level 1 requirements.,The system MUST develop and maintain validated command products for anomalies whose recovery response time would result in a significant threat to the achievement of level 1 requirements.
S14382,use Graphical user interfaces (GUIs) as the default for all normal scientific and technical operations,The system MUST use Graphical user interfaces (GUIs) as the default for all normal scientific and technical operations.,The system SHOULD use Graphical user interfaces (GUIs) as the default for all normal scientific and technical operations.,The system MAY use Graphical user interfaces (GUIs) as the default for all normal scientific and technical operations.,It would be useful if the system could use Graphical user interfaces (GUIs) as the default for all normal scientific and technical operations.,The system MUST use Graphical user interfaces (GUIs) as the default for all normal scientific and technical operations.
S14407,provide an NFIRAOS unvignetted field of view with a diameter of at least 2 arcmin,The system MUST provide an NFIRAOS unvignetted field of view with a diameter of at least 2 arcmin.,The system SHOULD provide an NFIRAOS unvignetted field of view with a diameter of at least 2 arcmin.,The system MAY provide an NFIRAOS unvignetted field of view with a diameter of at least 2 arcmin.,It would be useful if the system could provide an NFIRAOS unvignetted field of view with a diameter of at least 2 arcmin.,The system MUST provide an NFIRAOS unvignetted field of view with a diameter of at least 2 arcmin.
S14422,ensure that sufficient (including spare) pins are available for all foreseeable subsystem and experiment functions,The system MUST ensure that sufficient (including spare) pins are available for all foreseeable subsystem and experiment functions.,The system SHOULD ensure that sufficient (including spare) pins are available for all foreseeable subsystem and experiment functions.,The system MAY ensure that sufficient (including spare) pins are available for all foreseeable subsystem and experiment functions.,It would be useful if the system could ensure that sufficient (including spare) pins are available for all foreseeable subsystem and experiment functions.,The system MUST ensure that sufficient (including spare) pins are available for all foreseeable subsystem and experiment functions.
S14432,observe more than 25 of the planets observed in the Chemical Census tier in the Origin tier,The system MUST observe more than 25 of the planets observed in the Chemical Census tier in the Origin tier.,The system SHOULD observe more than 25 of the planets observed in the Chemical Census tier in the Origin tier.,The system MAY observe more than 25 of the planets observed in the Chemical Census tier in the Origin tier.,It would be useful if the system could observe more than 25 of the planets observed in the Chemical Census tier in the Origin tier.,The system MUST observe more than 25 of the planets observed in the Chemical Census tier in the Origin tier.
S14589,base downlink link-budget calculation on a maximum FER of 1E-7 at decoder output,The system MUST base downlink link-budget calculation on a maximum FER of 1E-7 at decoder output.,The system SHOULD base downlink link-budget calculation on a maximum FER of 1E-7 at decoder output.,The system MAY base downlink link-budget calculation on a maximum FER of 1E-7 at decoder output.,It would be useful if the system could base downlink link-budget calculation on a maximum FER of 1E-7 at decoder output.,The system MUST base downlink link-budget calculation on a maximum FER of 1E-7 at decoder output.
S14614,provide atmospheric vertical moisture profiles with a horizontal cell size of 50 kilometers at nadir,The system MUST provide atmospheric vertical moisture profiles with a horizontal cell size of 50 kilometers at nadir.,The system SHOULD provide atmospheric vertical moisture profiles with a horizontal cell size of 50 kilometers at nadir.,The system MAY provide atmospheric vertical moisture profiles with a horizontal cell size of 50 kilometers at nadir.,It would be useful if the system could provide atmospheric vertical moisture profiles with a horizontal cell size of 50 kilometers at nadir.,The system MUST provide atmospheric vertical moisture profiles with a horizontal cell size of 50 kilometers at nadir.
S14662,provide protection from lightning,The system MUST provide protection from lightning.,The system SHOULD provide protection from lightning.,The system MAY provide protection from lightning.,It would be useful if the system could provide protection from lightning.,The system MUST provide protection from lightning.
S14831,"compensate for the smaller, differential motions of the M2 segments","The system MUST compensate for the smaller, differential motions of the M2 segments.","The system SHOULD compensate for the smaller, differential motions of the M2 segments.","The system MAY compensate for the smaller, differential motions of the M2 segments.","It would be useful if the system could compensate for the smaller, differential motions of the M2 segments.","The system MUST compensate for the smaller, differential motions of the M2 segments."
S15350,start LEOP at switchover from ground-supplied power to the space segment internal batteries,The system MUST start LEOP at switchover from ground-supplied power to the space segment internal batteries.,The system SHOULD start LEOP at switchover from ground-supplied power to the space segment internal batteries.,The system MAY start LEOP at switchover from ground-supplied power to the space segment internal batteries.,It would be useful if the system could start LEOP at switchover from ground-supplied power to the space segment internal batteries.,The system MUST start LEOP at switchover from ground-supplied power to the space segment internal batteries.
S15399,withstand mechanical loads in all mission phases as defined in [AD2],The system MUST withstand mechanical loads in all mission phases as defined in [AD2].,The system SHOULD withstand mechanical loads in all mission phases as defined in [AD2].,The system MAY withstand mechanical loads in all mission phases as defined in [AD2].,It would be useful if the system could withstand mechanical loads in all mission phases as defined in [AD2].,The system MUST withstand mechanical loads in all mission phases as defined in [AD2].
S15412,constrain the inner structure of the NEA to about 100 m depth and about 10 m spatial resolution,The system MUST constrain the inner structure of the NEA to about 100 m depth and about 10 m spatial resolution.,The system SHOULD constrain the inner structure of the NEA to about 100 m depth and about 10 m spatial resolution.,The system MAY constrain the inner structure of the NEA to about 100 m depth and about 10 m spatial resolution.,It would be useful if the system could constrain the inner structure of the NEA to about 100 m depth and about 10 m spatial resolution.,The system MUST constrain the inner structure of the NEA to about 100 m depth and about 10 m spatial resolution.
S15447,be designed to support the following duty cycle over its 50-year lifespan,The system MUST be designed to support the following duty cycle over its 50-year lifespan.,The system SHOULD be designed to support the following duty cycle over its 50-year lifespan.,The system MAY be designed to support the following duty cycle over its 50-year lifespan.,It would be useful if the system could be designed to support the following duty cycle over its 50-year lifespan.,The system MUST be designed to support the following duty cycle over its 50-year lifespan.
S15458,have procedures in place during the complete spacecraft manufacturing process to keep all parts of the spacecraft clean,The system MUST have procedures in place during the complete spacecraft manufacturing process to keep all parts of the spacecraft clean.,The system SHOULD have procedures in place during the complete spacecraft manufacturing process to keep all parts of the spacecraft clean.,The system MAY have procedures in place during the complete spacecraft manufacturing process to keep all parts of the spacecraft clean.,It would be useful if the system could have procedures in place during the complete spacecraft manufacturing process to keep all parts of the spacecraft clean.,The system MUST have procedures in place during the complete spacecraft manufacturing process to keep all parts of the spacecraft clean.
S15528,transition full operations between the COOP and primary facilities in less than 12 hours,The system MUST transition full operations between the COOP and primary facilities in less than 12 hours.,The system SHOULD transition full operations between the COOP and primary facilities in less than 12 hours.,The system MAY transition full operations between the COOP and primary facilities in less than 12 hours.,It would be useful if the system could transition full operations between the COOP and primary facilities in less than 12 hours.,The system MUST transition full operations between the COOP and primary facilities in less than 12 hours.
S15663,have a field of view greater than 30 x 30 arcsec,The system MUST have a field of view greater than 30 x 30 arcsec.,The system SHOULD have a field of view greater than 30 x 30 arcsec.,The system MAY have a field of view greater than 30 x 30 arcsec.,It would be useful if the system could have a field of view greater than 30 x 30 arcsec.,The system MUST have a field of view greater than 30 x 30 arcsec.
S15746,provide IP packet data transmission,The system MUST provide IP packet data transmission.,The system SHOULD provide IP packet data transmission.,The system MAY provide IP packet data transmission.,It would be useful if the system could provide IP packet data transmission.,The system MUST provide IP packet data transmission.
S15847,provide means to ensure the quality of its outputs,The system MUST provide means to ensure the quality of its outputs.,The system SHOULD provide means to ensure the quality of its outputs.,The system MAY provide means to ensure the quality of its outputs.,It would be useful if the system could provide means to ensure the quality of its outputs.,The system MUST provide means to ensure the quality of its outputs.
S16300,provide suitable car antennas,The system MUST provide suitable car antennas.,The system SHOULD provide suitable car antennas.,The system MAY provide suitable car antennas.,It would be useful if the system could provide suitable car antennas.,The system MUST provide suitable car antennas.
S16356,automatically detect new ancillary data associated with recognised primary satellite data where such ancillary data is as defined by the DARD,The system MUST automatically detect new ancillary data associated with recognised primary satellite data where such ancillary data is as defined by the DARD.,The system SHOULD automatically detect new ancillary data associated with recognised primary satellite data where such ancillary data is as defined by the DARD.,The system MAY automatically detect new ancillary data associated with recognised primary satellite data where such ancillary data is as defined by the DARD.,It would be useful if the system could automatically detect new ancillary data associated with recognised primary satellite data where such ancillary data is as defined by the DARD.,The system MUST automatically detect new ancillary data associated with recognised primary satellite data where such ancillary data is as defined by the DARD.
S16894,"provide a list of hazardous materials used for all items intended for use in the SKA1 detailing suggested handling precautions, disposal instructions and contra- indications","The system MUST provide a list of hazardous materials used for all items intended for use in the SKA1 detailing suggested handling precautions, disposal instructions and contra- indications.","The system SHOULD provide a list of hazardous materials used for all items intended for use in the SKA1 detailing suggested handling precautions, disposal instructions and contra- indications.","The system MAY provide a list of hazardous materials used for all items intended for use in the SKA1 detailing suggested handling precautions, disposal instructions and contra- indications.","It would be useful if the system could provide a list of hazardous materials used for all items intended for use in the SKA1 detailing suggested handling precautions, disposal instructions and contra- indications.","The system MUST provide a list of hazardous materials used for all items intended for use in the SKA1 detailing suggested handling precautions, disposal instructions and contra- indications."
S16962,simultaneously present text and icons to show the status of the radio,The system MUST simultaneously present text and icons to show the status of the radio.,The system SHOULD simultaneously present text and icons to show the status of the radio.,The system MAY simultaneously present text and icons to show the status of the radio.,It would be useful if the system could simultaneously present text and icons to show the status of the radio.,The system MUST simultaneously present text and icons to show the status of the radio.
S17172,provide an initial design for Primary Structures subject to Longitudinal loads of 5 G and Lateral loads of 3 G,The system MUST provide an initial design for Primary Structures subject to Longitudinal loads of 5 G and Lateral loads of 3 G.,The system SHOULD provide an initial design for Primary Structures subject to Longitudinal loads of 5 G and Lateral loads of 3 G.,The system MAY provide an initial design for Primary Structures subject to Longitudinal loads of 5 G and Lateral loads of 3 G.,It would be useful if the system could provide an initial design for Primary Structures subject to Longitudinal loads of 5 G and Lateral loads of 3 G.,The system MUST provide an initial design for Primary Structures subject to Longitudinal loads of 5 G and Lateral loads of 3 G.
S17602,provide the capability to change observing modes within less than 5 seconds,The system MUST provide the capability to change observing modes within less than 5 seconds.,The system SHOULD provide the capability to change observing modes within less than 5 seconds.,The system MAY provide the capability to change observing modes within less than 5 seconds.,It would be useful if the system could provide the capability to change observing modes within less than 5 seconds.,The system MUST provide the capability to change observing modes within less than 5 seconds.
S17637,support modifications to ESPC blended products,The system MUST support modifications to ESPC blended products.,The system SHOULD support modifications to ESPC blended products.,The system MAY support modifications to ESPC blended products.,It would be useful if the system could support modifications to ESPC blended products.,The system MUST support modifications to ESPC blended products.
S17747,"start the down-link of recorded science data, housekeeping, and localization/synchronization data only upon ground segment command","The system MUST start the down-link of recorded science data, housekeeping, and localization/synchronization data only upon ground segment command.","The system SHOULD start the down-link of recorded science data, housekeeping, and localization/synchronization data only upon ground segment command.","The system MAY start the down-link of recorded science data, housekeeping, and localization/synchronization data only upon ground segment command.","It would be useful if the system could start the down-link of recorded science data, housekeeping, and localization/synchronization data only upon ground segment command.","The system MUST start the down-link of recorded science data, housekeeping, and localization/synchronization data only upon ground segment command."
S17873,provide means to do quality checks and manual inspection of intermediate results during processing,The system MUST provide means to do quality checks and manual inspection of intermediate results during processing.,The system SHOULD provide means to do quality checks and manual inspection of intermediate results during processing.,The system MAY provide means to do quality checks and manual inspection of intermediate results during processing.,It would be useful if the system could provide means to do quality checks and manual inspection of intermediate results during processing.,The system MUST provide means to do quality checks and manual inspection of intermediate results during processing.
S18830,satisfy the electric and magnetic cleanliness (EMC) requirements specified by the payload (TBD reference),The system MUST satisfy the electric and magnetic cleanliness (EMC) requirements specified by the payload (TBD reference).,The system SHOULD satisfy the electric and magnetic cleanliness (EMC) requirements specified by the payload (TBD reference).,The system MAY satisfy the electric and magnetic cleanliness (EMC) requirements specified by the payload (TBD reference).,It would be useful if the system could satisfy the electric and magnetic cleanliness (EMC) requirements specified by the payload (TBD reference).,The system MUST satisfy the electric and magnetic cleanliness (EMC) requirements specified by the payload (TBD reference).
S18887,maintain the minimum Particulate Cleanliness Level for BBR optical components at 50 mm2/m2,The system MUST maintain the minimum Particulate Cleanliness Level for BBR optical components at 50 mm2/m2.,The system SHOULD maintain the minimum Particulate Cleanliness Level for BBR optical components at 50 mm2/m2.,The system MAY maintain the minimum Particulate Cleanliness Level for BBR optical components at 50 mm2/m2.,It would be useful if the system could maintain the minimum Particulate Cleanliness Level for BBR optical components at 50 mm2/m2.,The system MUST maintain the minimum Particulate Cleanliness Level for BBR optical components at 50 mm2/m2.
S18963,store all status information in the Engineering Archive,The system MUST store all status information in the Engineering Archive.,The system SHOULD store all status information in the Engineering Archive.,The system MAY store all status information in the Engineering Archive.,It would be useful if the system could store all status information in the Engineering Archive.,The system MUST store all status information in the Engineering Archive.
S19306,update the Global Surface Type product once per year,The system MUST update the Global Surface Type product once per year.,The system SHOULD update the Global Surface Type product once per year.,The system MAY update the Global Surface Type product once per year.,It would be useful if the system could update the Global Surface Type product once per year.,The system MUST update the Global Surface Type product once per year.
S19561,use a DSN antenna with a diameter of 34 meters as specified in the JWST Flight Observatory to Ground Segment IRCD (JWST-IRCD-000696),The system MUST use a DSN antenna with a diameter of 34 meters as specified in the JWST Flight Observatory to Ground Segment IRCD (JWST-IRCD-000696).,The system SHOULD use a DSN antenna with a diameter of 34 meters as specified in the JWST Flight Observatory to Ground Segment IRCD (JWST-IRCD-000696).,The system MAY use a DSN antenna with a diameter of 34 meters as specified in the JWST Flight Observatory to Ground Segment IRCD (JWST-IRCD-000696).,It would be useful if the system could use a DSN antenna with a diameter of 34 meters as specified in the JWST Flight Observatory to Ground Segment IRCD (JWST-IRCD-000696).,The system MUST use a DSN antenna with a diameter of 34 meters as specified in the JWST Flight Observatory to Ground Segment IRCD (JWST-IRCD-000696).
S19566,implement a Quality of Service protocol that prioritizes operation-critical network traffic between the summit and remote sites,The system MUST implement a Quality of Service protocol that prioritizes operation-critical network traffic between the summit and remote sites.,The system SHOULD implement a Quality of Service protocol that prioritizes operation-critical network traffic between the summit and remote sites.,The system MAY implement a Quality of Service protocol that prioritizes operation-critical network traffic between the summit and remote sites.,It would be useful if the system could implement a Quality of Service protocol that prioritizes operation-critical network traffic between the summit and remote sites.,The system MUST implement a Quality of Service protocol that prioritizes operation-critical network traffic between the summit and remote sites.
S19657,position ground clocks to allow comparisons with the STE as defined in R-SPM-030,The system MUST position ground clocks to allow comparisons with the STE as defined in R-SPM-030.,The system SHOULD position ground clocks to allow comparisons with the STE as defined in R-SPM-030.,The system MAY position ground clocks to allow comparisons with the STE as defined in R-SPM-030.,It would be useful if the system could position ground clocks to allow comparisons with the STE as defined in R-SPM-030.,The system MUST position ground clocks to allow comparisons with the STE as defined in R-SPM-030.
S19834,implement a Target of Opportunity Observation process in Visitor and Service Observing Modes,The system MUST implement a Target of Opportunity Observation process in Visitor and Service Observing Modes.,The system SHOULD implement a Target of Opportunity Observation process in Visitor and Service Observing Modes.,The system MAY implement a Target of Opportunity Observation process in Visitor and Service Observing Modes.,It would be useful if the system could implement a Target of Opportunity Observation process in Visitor and Service Observing Modes.,The system MUST implement a Target of Opportunity Observation process in Visitor and Service Observing Modes.
S19995,ensure the IPSF in all channels in the UVN is sufficiently broad to allow spatially contiguous observations,The system MUST ensure the IPSF in all channels in the UVN is sufficiently broad to allow spatially contiguous observations.,The system SHOULD ensure the IPSF in all channels in the UVN is sufficiently broad to allow spatially contiguous observations.,The system MAY ensure the IPSF in all channels in the UVN is sufficiently broad to allow spatially contiguous observations.,It would be useful if the system could ensure the IPSF in all channels in the UVN is sufficiently broad to allow spatially contiguous observations.,The system MUST ensure the IPSF in all channels in the UVN is sufficiently broad to allow spatially contiguous observations.
S20227,"provide (search, timing, archive and VLBI) non-imaging observation modes","The system MUST provide (search, timing, archive and VLBI) non-imaging observation modes.","The system SHOULD provide (search, timing, archive and VLBI) non-imaging observation modes.","The system MAY provide (search, timing, archive and VLBI) non-imaging observation modes.","It would be useful if the system could provide (search, timing, archive and VLBI) non-imaging observation modes.","The system MUST provide (search, timing, archive and VLBI) non-imaging observation modes."
S20667,functionally treat the provision of ECV data products to parties outside of the SICCI system commonly for both SIT and SIC,The system MUST functionally treat the provision of ECV data products to parties outside of the SICCI system commonly for both SIT and SIC.,The system SHOULD functionally treat the provision of ECV data products to parties outside of the SICCI system commonly for both SIT and SIC.,The system MAY functionally treat the provision of ECV data products to parties outside of the SICCI system commonly for both SIT and SIC.,It would be useful if the system could functionally treat the provision of ECV data products to parties outside of the SICCI system commonly for both SIT and SIC.,The system MUST functionally treat the provision of ECV data products to parties outside of the SICCI system commonly for both SIT and SIC.
S20754,use a site with minimal day-night temperature variations,The system MUST use a site with minimal day-night temperature variations.,The system SHOULD use a site with minimal day-night temperature variations.,The system MAY use a site with minimal day-night temperature variations.,It would be useful if the system could use a site with minimal day-night temperature variations.,The system MUST use a site with minimal day-night temperature variations.
S21381,"include a Virtual Channel Frame Count field containing a sequential binary count (modulo-16,777,216) of each Transfer Frame transmitted within a specific Virtual Channel","The system MUST include a Virtual Channel Frame Count field containing a sequential binary count (modulo-16,777,216) of each Transfer Frame transmitted within a specific Virtual Channel.","The system SHOULD include a Virtual Channel Frame Count field containing a sequential binary count (modulo-16,777,216) of each Transfer Frame transmitted within a specific Virtual Channel.","The system MAY include a Virtual Channel Frame Count field containing a sequential binary count (modulo-16,777,216) of each Transfer Frame transmitted within a specific Virtual Channel.","It would be useful if the system could include a Virtual Channel Frame Count field containing a sequential binary count (modulo-16,777,216) of each Transfer Frame transmitted within a specific Virtual Channel.","The system MUST include a Virtual Channel Frame Count field containing a sequential binary count (modulo-16,777,216) of each Transfer Frame transmitted within a specific Virtual Channel."
S21385,provide an operational procedure to perform the necessary validation and other steps to perform the transfer to operations,The system MUST provide an operational procedure to perform the necessary validation and other steps to perform the transfer to operations.,The system SHOULD provide an operational procedure to perform the necessary validation and other steps to perform the transfer to operations.,The system MAY provide an operational procedure to perform the necessary validation and other steps to perform the transfer to operations.,It would be useful if the system could provide an operational procedure to perform the necessary validation and other steps to perform the transfer to operations.,The system MUST provide an operational procedure to perform the necessary validation and other steps to perform the transfer to operations.
S21517,make Level-0 data available in real time to local users during overpass,The system MUST make Level-0 data available in real time to local users during overpass.,The system SHOULD make Level-0 data available in real time to local users during overpass.,The system MAY make Level-0 data available in real time to local users during overpass.,It would be useful if the system could make Level-0 data available in real time to local users during overpass.,The system MUST make Level-0 data available in real time to local users during overpass.
S21589,enable switching on all payload elements for testing if the mission scenario includes any planetary flyby,The system MUST enable switching on all payload elements for testing if the mission scenario includes any planetary flyby.,The system SHOULD enable switching on all payload elements for testing if the mission scenario includes any planetary flyby.,The system MAY enable switching on all payload elements for testing if the mission scenario includes any planetary flyby.,It would be useful if the system could enable switching on all payload elements for testing if the mission scenario includes any planetary flyby.,The system MUST enable switching on all payload elements for testing if the mission scenario includes any planetary flyby.
S21881,"provide antenna temperatures calibrated from ATMS RDRs, for all ATMS earth scene measurements, at the refresh rates of the instrument","The system MUST provide antenna temperatures calibrated from ATMS RDRs, for all ATMS earth scene measurements, at the refresh rates of the instrument.","The system SHOULD provide antenna temperatures calibrated from ATMS RDRs, for all ATMS earth scene measurements, at the refresh rates of the instrument.","The system MAY provide antenna temperatures calibrated from ATMS RDRs, for all ATMS earth scene measurements, at the refresh rates of the instrument.","It would be useful if the system could provide antenna temperatures calibrated from ATMS RDRs, for all ATMS earth scene measurements, at the refresh rates of the instrument.","The system MUST provide antenna temperatures calibrated from ATMS RDRs, for all ATMS earth scene measurements, at the refresh rates of the instrument."
S21919,enable mode changes through telecommand,The system MUST enable mode changes through telecommand.,The system SHOULD enable mode changes through telecommand.,The system MAY enable mode changes through telecommand.,It would be useful if the system could enable mode changes through telecommand.,The system MUST enable mode changes through telecommand.
S21996,recover data on subsequent passes in a missed pass scenario,The system MUST recover data on subsequent passes in a missed pass scenario.,The system SHOULD recover data on subsequent passes in a missed pass scenario.,The system MAY recover data on subsequent passes in a missed pass scenario.,It would be useful if the system could recover data on subsequent passes in a missed pass scenario.,The system MUST recover data on subsequent passes in a missed pass scenario.
S2234,make SSO ephemerides information available to the MOC SSO database,The system MUST make SSO ephemerides information available to the MOC SSO database.,The system SHOULD make SSO ephemerides information available to the MOC SSO database.,The system MAY make SSO ephemerides information available to the MOC SSO database.,It would be useful if the system could make SSO ephemerides information available to the MOC SSO database.,The system MUST make SSO ephemerides information available to the MOC SSO database.
S22774,use S-Band for the command uplink,The system MUST use S-Band for the command uplink.,The system SHOULD use S-Band for the command uplink.,The system MAY use S-Band for the command uplink.,It would be useful if the system could use S-Band for the command uplink.,The system MUST use S-Band for the command uplink.
S22824,generate instrument science data packets for transmission to ground within CCSDS packets via the satellite science data subsystem,The system MUST generate instrument science data packets for transmission to ground within CCSDS packets via the satellite science data subsystem.,The system SHOULD generate instrument science data packets for transmission to ground within CCSDS packets via the satellite science data subsystem.,The system MAY generate instrument science data packets for transmission to ground within CCSDS packets via the satellite science data subsystem.,It would be useful if the system could generate instrument science data packets for transmission to ground within CCSDS packets via the satellite science data subsystem.,The system MUST generate instrument science data packets for transmission to ground within CCSDS packets via the satellite science data subsystem.
S22836,provide an internal communications system,The system MUST provide an internal communications system.,The system SHOULD provide an internal communications system.,The system MAY provide an internal communications system.,It would be useful if the system could provide an internal communications system.,The system MUST provide an internal communications system.
S23122,provide a TCS subsystem that is scalable to account for removing different S/C,The system MUST provide a TCS subsystem that is scalable to account for removing different S/C.,The system SHOULD provide a TCS subsystem that is scalable to account for removing different S/C.,The system MAY provide a TCS subsystem that is scalable to account for removing different S/C.,It would be useful if the system could provide a TCS subsystem that is scalable to account for removing different S/C.,The system MUST provide a TCS subsystem that is scalable to account for removing different S/C.
S23124,make all standardized software user interfaces accessible from remote workstations to users with appropriate access credentials,The system MUST make all standardized software user interfaces accessible from remote workstations to users with appropriate access credentials.,The system SHOULD make all standardized software user interfaces accessible from remote workstations to users with appropriate access credentials.,The system MAY make all standardized software user interfaces accessible from remote workstations to users with appropriate access credentials.,It would be useful if the system could make all standardized software user interfaces accessible from remote workstations to users with appropriate access credentials.,The system MUST make all standardized software user interfaces accessible from remote workstations to users with appropriate access credentials.
S23316,provide timing accuracy of at least 10 nsec over a 10 year time year interval to enable precision pulsar timing at 150  350 MHz (HPSO 5),The system MUST provide timing accuracy of at least 10 nsec over a 10 year time year interval to enable precision pulsar timing at 150  350 MHz (HPSO 5).,The system SHOULD provide timing accuracy of at least 10 nsec over a 10 year time year interval to enable precision pulsar timing at 150  350 MHz (HPSO 5).,The system MAY provide timing accuracy of at least 10 nsec over a 10 year time year interval to enable precision pulsar timing at 150  350 MHz (HPSO 5).,It would be useful if the system could provide timing accuracy of at least 10 nsec over a 10 year time year interval to enable precision pulsar timing at 150  350 MHz (HPSO 5).,The system MUST provide timing accuracy of at least 10 nsec over a 10 year time year interval to enable precision pulsar timing at 150  350 MHz (HPSO 5).
S23342,"change the pointing, centre frequency, and bandwidth of the individual tied-array beams within a single observing schedule","The system MUST change the pointing, centre frequency, and bandwidth of the individual tied-array beams within a single observing schedule.","The system SHOULD change the pointing, centre frequency, and bandwidth of the individual tied-array beams within a single observing schedule.","The system MAY change the pointing, centre frequency, and bandwidth of the individual tied-array beams within a single observing schedule.","It would be useful if the system could change the pointing, centre frequency, and bandwidth of the individual tied-array beams within a single observing schedule.","The system MUST change the pointing, centre frequency, and bandwidth of the individual tied-array beams within a single observing schedule."
S23665,"use a site with high altitude (transparency, low water vapor, low temperature, smaller atmosphere dispersion)","The system MUST use a site with high altitude (transparency, low water vapor, low temperature, smaller atmosphere dispersion).","The system SHOULD use a site with high altitude (transparency, low water vapor, low temperature, smaller atmosphere dispersion).","The system MAY use a site with high altitude (transparency, low water vapor, low temperature, smaller atmosphere dispersion).","It would be useful if the system could use a site with high altitude (transparency, low water vapor, low temperature, smaller atmosphere dispersion).","The system MUST use a site with high altitude (transparency, low water vapor, low temperature, smaller atmosphere dispersion)."
S2373,change observing modes and/or bands within less than 5 seconds,The system MUST change observing modes and/or bands within less than 5 seconds.,The system SHOULD change observing modes and/or bands within less than 5 seconds.,The system MAY change observing modes and/or bands within less than 5 seconds.,It would be useful if the system could change observing modes and/or bands within less than 5 seconds.,The system MUST change observing modes and/or bands within less than 5 seconds.
S23937,pull the telecommand history data from the RTA,The system MUST pull the telecommand history data from the RTA.,The system SHOULD pull the telecommand history data from the RTA.,The system MAY pull the telecommand history data from the RTA.,It would be useful if the system could pull the telecommand history data from the RTA.,The system MUST pull the telecommand history data from the RTA.
S24011,declare the position margin used by the position-based scheduling subservice when that subservice is specified,The system MUST declare the position margin used by the position-based scheduling subservice when that subservice is specified.,The system SHOULD declare the position margin used by the position-based scheduling subservice when that subservice is specified.,The system MAY declare the position margin used by the position-based scheduling subservice when that subservice is specified.,It would be useful if the system could declare the position margin used by the position-based scheduling subservice when that subservice is specified.,The system MUST declare the position margin used by the position-based scheduling subservice when that subservice is specified.
S24695,"provide sea ice concentration, globally over ocean, day and night, at the refresh rates of the instrument","The system MUST provide sea ice concentration, globally over ocean, day and night, at the refresh rates of the instrument.","The system SHOULD provide sea ice concentration, globally over ocean, day and night, at the refresh rates of the instrument.","The system MAY provide sea ice concentration, globally over ocean, day and night, at the refresh rates of the instrument.","It would be useful if the system could provide sea ice concentration, globally over ocean, day and night, at the refresh rates of the instrument.","The system MUST provide sea ice concentration, globally over ocean, day and night, at the refresh rates of the instrument."
S24925,employ an observation report management system during SICCI system development to track all observation reports during software implementation,The system MUST employ an observation report management system during SICCI system development to track all observation reports during software implementation.,The system SHOULD employ an observation report management system during SICCI system development to track all observation reports during software implementation.,The system MAY employ an observation report management system during SICCI system development to track all observation reports during software implementation.,It would be useful if the system could employ an observation report management system during SICCI system development to track all observation reports during software implementation.,The system MUST employ an observation report management system during SICCI system development to track all observation reports during software implementation.
S24963,"provide microwave land surface emissivity, globally, in clear and cloudy conditions, at the refresh rate of the instrument","The system MUST provide microwave land surface emissivity, globally, in clear and cloudy conditions, at the refresh rate of the instrument.","The system SHOULD provide microwave land surface emissivity, globally, in clear and cloudy conditions, at the refresh rate of the instrument.","The system MAY provide microwave land surface emissivity, globally, in clear and cloudy conditions, at the refresh rate of the instrument.","It would be useful if the system could provide microwave land surface emissivity, globally, in clear and cloudy conditions, at the refresh rate of the instrument.","The system MUST provide microwave land surface emissivity, globally, in clear and cloudy conditions, at the refresh rate of the instrument."
S24989,"provide soil moisture in the skin layer, globally, in daytime and night, under all weather conditions, at the refresh rates of the instrument","The system MUST provide soil moisture in the skin layer, globally, in daytime and night, under all weather conditions, at the refresh rates of the instrument.","The system SHOULD provide soil moisture in the skin layer, globally, in daytime and night, under all weather conditions, at the refresh rates of the instrument.","The system MAY provide soil moisture in the skin layer, globally, in daytime and night, under all weather conditions, at the refresh rates of the instrument.","It would be useful if the system could provide soil moisture in the skin layer, globally, in daytime and night, under all weather conditions, at the refresh rates of the instrument.","The system MUST provide soil moisture in the skin layer, globally, in daytime and night, under all weather conditions, at the refresh rates of the instrument."
S25179,"limit S-NPP and JPSS-n satellite operational outages, excluding on-orbit failures, to less than 2 hours over any 30-day period for the mission lifetime","The system MUST limit S-NPP and JPSS-n satellite operational outages, excluding on-orbit failures, to less than 2 hours over any 30-day period for the mission lifetime.","The system SHOULD limit S-NPP and JPSS-n satellite operational outages, excluding on-orbit failures, to less than 2 hours over any 30-day period for the mission lifetime.","The system MAY limit S-NPP and JPSS-n satellite operational outages, excluding on-orbit failures, to less than 2 hours over any 30-day period for the mission lifetime.","It would be useful if the system could limit S-NPP and JPSS-n satellite operational outages, excluding on-orbit failures, to less than 2 hours over any 30-day period for the mission lifetime.","The system MUST limit S-NPP and JPSS-n satellite operational outages, excluding on-orbit failures, to less than 2 hours over any 30-day period for the mission lifetime."
S25352,notify an authorized System Operator within 30 seconds upon a failure,The system MUST notify an authorized System Operator within 30 seconds upon a failure.,The system SHOULD notify an authorized System Operator within 30 seconds upon a failure.,The system MAY notify an authorized System Operator within 30 seconds upon a failure.,It would be useful if the system could notify an authorized System Operator within 30 seconds upon a failure.,The system MUST notify an authorized System Operator within 30 seconds upon a failure.
S2544,provide all telemetry to the SOC,The system MUST provide all telemetry to the SOC.,The system SHOULD provide all telemetry to the SOC.,The system MAY provide all telemetry to the SOC.,It would be useful if the system could provide all telemetry to the SOC.,The system MUST provide all telemetry to the SOC.
S25560,"make information on the most recent down-linked packet (Packet APID, SSC and time) available in the housekeeping telemetry","The system MUST make information on the most recent down-linked packet (Packet APID, SSC and time) available in the housekeeping telemetry.","The system SHOULD make information on the most recent down-linked packet (Packet APID, SSC and time) available in the housekeeping telemetry.","The system MAY make information on the most recent down-linked packet (Packet APID, SSC and time) available in the housekeeping telemetry.","It would be useful if the system could make information on the most recent down-linked packet (Packet APID, SSC and time) available in the housekeeping telemetry.","The system MUST make information on the most recent down-linked packet (Packet APID, SSC and time) available in the housekeeping telemetry."
S25638,perform systematic checks on the data validity and quality,The system MUST perform systematic checks on the data validity and quality.,The system SHOULD perform systematic checks on the data validity and quality.,The system MAY perform systematic checks on the data validity and quality.,It would be useful if the system could perform systematic checks on the data validity and quality.,The system MUST perform systematic checks on the data validity and quality.
S25793,have the receiving application generate a telemetry packet for successful command acceptance for every telecommand packet that is properly received and contains valid data,The system MUST have the receiving application generate a telemetry packet for successful command acceptance for every telecommand packet that is properly received and contains valid data.,The system SHOULD have the receiving application generate a telemetry packet for successful command acceptance for every telecommand packet that is properly received and contains valid data.,The system MAY have the receiving application generate a telemetry packet for successful command acceptance for every telecommand packet that is properly received and contains valid data.,It would be useful if the system could have the receiving application generate a telemetry packet for successful command acceptance for every telecommand packet that is properly received and contains valid data.,The system MUST have the receiving application generate a telemetry packet for successful command acceptance for every telecommand packet that is properly received and contains valid data.
S25963,perform check-out of the spacecraft functions and verify the performance of all subsystems during the commissioning phase,The system MUST perform check-out of the spacecraft functions and verify the performance of all subsystems during the commissioning phase.,The system SHOULD perform check-out of the spacecraft functions and verify the performance of all subsystems during the commissioning phase.,The system MAY perform check-out of the spacecraft functions and verify the performance of all subsystems during the commissioning phase.,It would be useful if the system could perform check-out of the spacecraft functions and verify the performance of all subsystems during the commissioning phase.,The system MUST perform check-out of the spacecraft functions and verify the performance of all subsystems during the commissioning phase.
S26038,keep the magnetic field strength at the WFM location lower than 4 Gauss,The system MUST keep the magnetic field strength at the WFM location lower than 4 Gauss.,The system SHOULD keep the magnetic field strength at the WFM location lower than 4 Gauss.,The system MAY keep the magnetic field strength at the WFM location lower than 4 Gauss.,It would be useful if the system could keep the magnetic field strength at the WFM location lower than 4 Gauss.,The system MUST keep the magnetic field strength at the WFM location lower than 4 Gauss.
S26210,obtain a shape model of the NEA with an accuracy of typically 1 m in height and spatial resolution with respect to the centre of mass,The system MUST obtain a shape model of the NEA with an accuracy of typically 1 m in height and spatial resolution with respect to the centre of mass.,The system SHOULD obtain a shape model of the NEA with an accuracy of typically 1 m in height and spatial resolution with respect to the centre of mass.,The system MAY obtain a shape model of the NEA with an accuracy of typically 1 m in height and spatial resolution with respect to the centre of mass.,It would be useful if the system could obtain a shape model of the NEA with an accuracy of typically 1 m in height and spatial resolution with respect to the centre of mass.,The system MUST obtain a shape model of the NEA with an accuracy of typically 1 m in height and spatial resolution with respect to the centre of mass.
S26441,produce the cloud liquid water product under all-weather conditions,The system MUST produce the cloud liquid water product under all-weather conditions.,The system SHOULD produce the cloud liquid water product under all-weather conditions.,The system MAY produce the cloud liquid water product under all-weather conditions.,It would be useful if the system could produce the cloud liquid water product under all-weather conditions.,The system MUST produce the cloud liquid water product under all-weather conditions.
S26449,support modification of the on-board software by modifying the image on non-volatile memory or patching the image in working memory while the affected unit is operational,The system MUST support modification of the on-board software by modifying the image on non-volatile memory or patching the image in working memory while the affected unit is operational.,The system SHOULD support modification of the on-board software by modifying the image on non-volatile memory or patching the image in working memory while the affected unit is operational.,The system MAY support modification of the on-board software by modifying the image on non-volatile memory or patching the image in working memory while the affected unit is operational.,It would be useful if the system could support modification of the on-board software by modifying the image on non-volatile memory or patching the image in working memory while the affected unit is operational.,The system MUST support modification of the on-board software by modifying the image on non-volatile memory or patching the image in working memory while the affected unit is operational.
S26653,provide geolocation of horizontal cell centers with a 3-sigma mapping uncertainty of 4 kilometers,The system MUST provide geolocation of horizontal cell centers with a 3-sigma mapping uncertainty of 4 kilometers.,The system SHOULD provide geolocation of horizontal cell centers with a 3-sigma mapping uncertainty of 4 kilometers.,The system MAY provide geolocation of horizontal cell centers with a 3-sigma mapping uncertainty of 4 kilometers.,It would be useful if the system could provide geolocation of horizontal cell centers with a 3-sigma mapping uncertainty of 4 kilometers.,The system MUST provide geolocation of horizontal cell centers with a 3-sigma mapping uncertainty of 4 kilometers.
S27099,include locking devices that prevent motion during servicing operations when the telescope is zenith pointing or horizon pointing,The system MUST include locking devices that prevent motion during servicing operations when the telescope is zenith pointing or horizon pointing.,The system SHOULD include locking devices that prevent motion during servicing operations when the telescope is zenith pointing or horizon pointing.,The system MAY include locking devices that prevent motion during servicing operations when the telescope is zenith pointing or horizon pointing.,It would be useful if the system could include locking devices that prevent motion during servicing operations when the telescope is zenith pointing or horizon pointing.,The system MUST include locking devices that prevent motion during servicing operations when the telescope is zenith pointing or horizon pointing.
S27166,"support replacement of the on-board software, either partially or totally, with software up-linked from the ground","The system MUST support replacement of the on-board software, either partially or totally, with software up-linked from the ground.","The system SHOULD support replacement of the on-board software, either partially or totally, with software up-linked from the ground.","The system MAY support replacement of the on-board software, either partially or totally, with software up-linked from the ground.","It would be useful if the system could support replacement of the on-board software, either partially or totally, with software up-linked from the ground.","The system MUST support replacement of the on-board software, either partially or totally, with software up-linked from the ground."
S27182,provide visualization to support assessment of runtime observing conditions,The system MUST provide visualization to support assessment of runtime observing conditions.,The system SHOULD provide visualization to support assessment of runtime observing conditions.,The system MAY provide visualization to support assessment of runtime observing conditions.,It would be useful if the system could provide visualization to support assessment of runtime observing conditions.,The system MUST provide visualization to support assessment of runtime observing conditions.
S27528,support the Queue mode of science operations,The system MUST support the Queue mode of science operations.,The system SHOULD support the Queue mode of science operations.,The system MAY support the Queue mode of science operations.,It would be useful if the system could support the Queue mode of science operations.,The system MUST support the Queue mode of science operations.
S28068,maintain the total mass budget in launch configuration within the launcher capability for the selected orbit,The system MUST maintain the total mass budget in launch configuration within the launcher capability for the selected orbit.,The system SHOULD maintain the total mass budget in launch configuration within the launcher capability for the selected orbit.,The system MAY maintain the total mass budget in launch configuration within the launcher capability for the selected orbit.,It would be useful if the system could maintain the total mass budget in launch configuration within the launcher capability for the selected orbit.,The system MUST maintain the total mass budget in launch configuration within the launcher capability for the selected orbit.
S28235,provide a minimum of 4 hours of contact time per day with the Observatory,The system MUST provide a minimum of 4 hours of contact time per day with the Observatory.,The system SHOULD provide a minimum of 4 hours of contact time per day with the Observatory.,The system MAY provide a minimum of 4 hours of contact time per day with the Observatory.,It would be useful if the system could provide a minimum of 4 hours of contact time per day with the Observatory.,The system MUST provide a minimum of 4 hours of contact time per day with the Observatory.
S29179,dynamically analyse all software code with a standard tool,The system MUST dynamically analyse all software code with a standard tool.,The system SHOULD dynamically analyse all software code with a standard tool.,The system MAY dynamically analyse all software code with a standard tool.,It would be useful if the system could dynamically analyse all software code with a standard tool.,The system MUST dynamically analyse all software code with a standard tool.
S29664,"provide adjustable rotation speed from 0,2°/s to 30°/s in the azimuth and from 0,2°/s to 15°/s in the vertical","The system MUST provide adjustable rotation speed from 0,2°/s to 30°/s in the azimuth and from 0,2°/s to 15°/s in the vertical.","The system SHOULD provide adjustable rotation speed from 0,2°/s to 30°/s in the azimuth and from 0,2°/s to 15°/s in the vertical.","The system MAY provide adjustable rotation speed from 0,2°/s to 30°/s in the azimuth and from 0,2°/s to 15°/s in the vertical.","It would be useful if the system could provide adjustable rotation speed from 0,2°/s to 30°/s in the azimuth and from 0,2°/s to 15°/s in the vertical.","The system MUST provide adjustable rotation speed from 0,2°/s to 30°/s in the azimuth and from 0,2°/s to 15°/s in the vertical."
S29819,provide controls to prevent unsafe interactions between Observatory subsystems,The system MUST provide controls to prevent unsafe interactions between Observatory subsystems.,The system SHOULD provide controls to prevent unsafe interactions between Observatory subsystems.,The system MAY provide controls to prevent unsafe interactions between Observatory subsystems.,It would be useful if the system could provide controls to prevent unsafe interactions between Observatory subsystems.,The system MUST provide controls to prevent unsafe interactions between Observatory subsystems.
S29953,output attitude measurements in the form of quaternions for use by the AOCS at a 1 Hz rate,The system MUST output attitude measurements in the form of quaternions for use by the AOCS at a 1 Hz rate.,The system SHOULD output attitude measurements in the form of quaternions for use by the AOCS at a 1 Hz rate.,The system MAY output attitude measurements in the form of quaternions for use by the AOCS at a 1 Hz rate.,It would be useful if the system could output attitude measurements in the form of quaternions for use by the AOCS at a 1 Hz rate.,The system MUST output attitude measurements in the form of quaternions for use by the AOCS at a 1 Hz rate.
S30175,allow non-registered users to access all areas of the SICCI portal except those used for downloading SICCI products,The system MUST allow non-registered users to access all areas of the SICCI portal except those used for downloading SICCI products.,The system SHOULD allow non-registered users to access all areas of the SICCI portal except those used for downloading SICCI products.,The system MAY allow non-registered users to access all areas of the SICCI portal except those used for downloading SICCI products.,It would be useful if the system could allow non-registered users to access all areas of the SICCI portal except those used for downloading SICCI products.,The system MUST allow non-registered users to access all areas of the SICCI portal except those used for downloading SICCI products.
S30281,provide a command uplink at 250 bps,The system MUST provide a command uplink at 250 bps.,The system SHOULD provide a command uplink at 250 bps.,The system MAY provide a command uplink at 250 bps.,It would be useful if the system could provide a command uplink at 250 bps.,The system MUST provide a command uplink at 250 bps.
S30582,provide an engineering workshop and optical lab adjacent to the enclosure,The system MUST provide an engineering workshop and optical lab adjacent to the enclosure.,The system SHOULD provide an engineering workshop and optical lab adjacent to the enclosure.,The system MAY provide an engineering workshop and optical lab adjacent to the enclosure.,It would be useful if the system could provide an engineering workshop and optical lab adjacent to the enclosure.,The system MUST provide an engineering workshop and optical lab adjacent to the enclosure.
S3077,provide fractional cloud cover with a horizontal cell size of 10 kilometers,The system MUST provide fractional cloud cover with a horizontal cell size of 10 kilometers.,The system SHOULD provide fractional cloud cover with a horizontal cell size of 10 kilometers.,The system MAY provide fractional cloud cover with a horizontal cell size of 10 kilometers.,It would be useful if the system could provide fractional cloud cover with a horizontal cell size of 10 kilometers.,The system MUST provide fractional cloud cover with a horizontal cell size of 10 kilometers.
S30981,distribute primary power using two bi-directional power domains to each axial docking port,The system MUST distribute primary power using two bi-directional power domains to each axial docking port.,The system SHOULD distribute primary power using two bi-directional power domains to each axial docking port.,The system MAY distribute primary power using two bi-directional power domains to each axial docking port.,It would be useful if the system could distribute primary power using two bi-directional power domains to each axial docking port.,The system MUST distribute primary power using two bi-directional power domains to each axial docking port.
S31553,meet the performance requirements for SZAs smaller than 80 degrees,The system MUST meet the performance requirements for SZAs smaller than 80 degrees.,The system SHOULD meet the performance requirements for SZAs smaller than 80 degrees.,The system MAY meet the performance requirements for SZAs smaller than 80 degrees.,It would be useful if the system could meet the performance requirements for SZAs smaller than 80 degrees.,The system MUST meet the performance requirements for SZAs smaller than 80 degrees.
S31586,determine the ephemeris for the WISE Flight-system,The system MUST determine the ephemeris for the WISE Flight-system.,The system SHOULD determine the ephemeris for the WISE Flight-system.,The system MAY determine the ephemeris for the WISE Flight-system.,It would be useful if the system could determine the ephemeris for the WISE Flight-system.,The system MUST determine the ephemeris for the WISE Flight-system.
S31823,manage a metadata catalogue of SIT products generated by the ECV processing chain,The system MUST manage a metadata catalogue of SIT products generated by the ECV processing chain.,The system SHOULD manage a metadata catalogue of SIT products generated by the ECV processing chain.,The system MAY manage a metadata catalogue of SIT products generated by the ECV processing chain.,It would be useful if the system could manage a metadata catalogue of SIT products generated by the ECV processing chain.,The system MUST manage a metadata catalogue of SIT products generated by the ECV processing chain.
S32187,"calculate the results for TML, RML and CVCM (theoretically all zero) as for a normal VCM-test","The system MUST calculate the results for TML, RML and CVCM (theoretically all zero) as for a normal VCM-test.","The system SHOULD calculate the results for TML, RML and CVCM (theoretically all zero) as for a normal VCM-test.","The system MAY calculate the results for TML, RML and CVCM (theoretically all zero) as for a normal VCM-test.","It would be useful if the system could calculate the results for TML, RML and CVCM (theoretically all zero) as for a normal VCM-test.","The system MUST calculate the results for TML, RML and CVCM (theoretically all zero) as for a normal VCM-test."
S32448,support real time housekeeping data (spacecraft and payload),The system MUST support real time housekeeping data (spacecraft and payload).,The system SHOULD support real time housekeeping data (spacecraft and payload).,The system MAY support real time housekeeping data (spacecraft and payload).,It would be useful if the system could support real time housekeeping data (spacecraft and payload).,The system MUST support real time housekeeping data (spacecraft and payload).
S32545,withstand loads in all mission phases as defined in [AD2],The system MUST withstand loads in all mission phases as defined in [AD2].,The system SHOULD withstand loads in all mission phases as defined in [AD2].,The system MAY withstand loads in all mission phases as defined in [AD2].,It would be useful if the system could withstand loads in all mission phases as defined in [AD2].,The system MUST withstand loads in all mission phases as defined in [AD2].
S32776,"collect, contain, and dispose of crew bodily wastes","The system MUST collect, contain, and dispose of crew bodily wastes.","The system SHOULD collect, contain, and dispose of crew bodily wastes.","The system MAY collect, contain, and dispose of crew bodily wastes.","It would be useful if the system could collect, contain, and dispose of crew bodily wastes.","The system MUST collect, contain, and dispose of crew bodily wastes."
S3293,identify equipment needed for test and support for each repairable item,The system MUST identify equipment needed for test and support for each repairable item.,The system SHOULD identify equipment needed for test and support for each repairable item.,The system MAY identify equipment needed for test and support for each repairable item.,It would be useful if the system could identify equipment needed for test and support for each repairable item.,The system MUST identify equipment needed for test and support for each repairable item.
S32948,take the wire or cable to be submitted to this test procedure from stock with minimum handling,The system MUST take the wire or cable to be submitted to this test procedure from stock with minimum handling.,The system SHOULD take the wire or cable to be submitted to this test procedure from stock with minimum handling.,The system MAY take the wire or cable to be submitted to this test procedure from stock with minimum handling.,It would be useful if the system could take the wire or cable to be submitted to this test procedure from stock with minimum handling.,The system MUST take the wire or cable to be submitted to this test procedure from stock with minimum handling.
S32987,transition to degraded mode of operations when a software failure within the Core2Core Subsystem is detected,The system MUST transition to degraded mode of operations when a software failure within the Core2Core Subsystem is detected.,The system SHOULD transition to degraded mode of operations when a software failure within the Core2Core Subsystem is detected.,The system MAY transition to degraded mode of operations when a software failure within the Core2Core Subsystem is detected.,It would be useful if the system could transition to degraded mode of operations when a software failure within the Core2Core Subsystem is detected.,The system MUST transition to degraded mode of operations when a software failure within the Core2Core Subsystem is detected.
S33362,provide crew displays and controls that are operable by a crewmember from within any habitable environment,The system MUST provide crew displays and controls that are operable by a crewmember from within any habitable environment.,The system SHOULD provide crew displays and controls that are operable by a crewmember from within any habitable environment.,The system MAY provide crew displays and controls that are operable by a crewmember from within any habitable environment.,It would be useful if the system could provide crew displays and controls that are operable by a crewmember from within any habitable environment.,The system MUST provide crew displays and controls that are operable by a crewmember from within any habitable environment.
S3339,provide a description of the science algorithms needed to process the JPSS Direct Broadcast data,The system MUST provide a description of the science algorithms needed to process the JPSS Direct Broadcast data.,The system SHOULD provide a description of the science algorithms needed to process the JPSS Direct Broadcast data.,The system MAY provide a description of the science algorithms needed to process the JPSS Direct Broadcast data.,It would be useful if the system could provide a description of the science algorithms needed to process the JPSS Direct Broadcast data.,The system MUST provide a description of the science algorithms needed to process the JPSS Direct Broadcast data.
S33525,participate in at least one major spacecraft operational test performed at the launch site,The system MUST participate in at least one major spacecraft operational test performed at the launch site.,The system SHOULD participate in at least one major spacecraft operational test performed at the launch site.,The system MAY participate in at least one major spacecraft operational test performed at the launch site.,It would be useful if the system could participate in at least one major spacecraft operational test performed at the launch site.,The system MUST participate in at least one major spacecraft operational test performed at the launch site.
S33708,feature a dedicated on/off key,The system MUST feature a dedicated on/off key.,The system SHOULD feature a dedicated on/off key.,The system MAY feature a dedicated on/off key.,It would be useful if the system could feature a dedicated on/off key.,The system MUST feature a dedicated on/off key.
S34050,receive a TC from the ground to switch from Collision Avoidance Mode to Safe Mode,The system MUST receive a TC from the ground to switch from Collision Avoidance Mode to Safe Mode.,The system SHOULD receive a TC from the ground to switch from Collision Avoidance Mode to Safe Mode.,The system MAY receive a TC from the ground to switch from Collision Avoidance Mode to Safe Mode.,It would be useful if the system could receive a TC from the ground to switch from Collision Avoidance Mode to Safe Mode.,The system MUST receive a TC from the ground to switch from Collision Avoidance Mode to Safe Mode.
S34346,allow an authorized System Operator to add hardware components upon request,The system MUST allow an authorized System Operator to add hardware components upon request.,The system SHOULD allow an authorized System Operator to add hardware components upon request.,The system MAY allow an authorized System Operator to add hardware components upon request.,It would be useful if the system could allow an authorized System Operator to add hardware components upon request.,The system MUST allow an authorized System Operator to add hardware components upon request.
S34869,provide an X-band HRD interface with OQPSK modulation and alternating bits on I and Q,The system MUST provide an X-band HRD interface with OQPSK modulation and alternating bits on I and Q.,The system SHOULD provide an X-band HRD interface with OQPSK modulation and alternating bits on I and Q.,The system MAY provide an X-band HRD interface with OQPSK modulation and alternating bits on I and Q.,It would be useful if the system could provide an X-band HRD interface with OQPSK modulation and alternating bits on I and Q.,The system MUST provide an X-band HRD interface with OQPSK modulation and alternating bits on I and Q.
S35434,keep the number of BBR modes and on-board correction functions to the strict minimum needed to meet the requirements,The system MUST keep the number of BBR modes and on-board correction functions to the strict minimum needed to meet the requirements.,The system SHOULD keep the number of BBR modes and on-board correction functions to the strict minimum needed to meet the requirements.,The system MAY keep the number of BBR modes and on-board correction functions to the strict minimum needed to meet the requirements.,It would be useful if the system could keep the number of BBR modes and on-board correction functions to the strict minimum needed to meet the requirements.,The system MUST keep the number of BBR modes and on-board correction functions to the strict minimum needed to meet the requirements.
S35918,establish and maintain a frequency control plan as part of the EMC programme,The system MUST establish and maintain a frequency control plan as part of the EMC programme.,The system SHOULD establish and maintain a frequency control plan as part of the EMC programme.,The system MAY establish and maintain a frequency control plan as part of the EMC programme.,It would be useful if the system could establish and maintain a frequency control plan as part of the EMC programme.,The system MUST establish and maintain a frequency control plan as part of the EMC programme.
S36404,"handle all telecommands received from ground, transmit them to the payload instrument, and send back all acknowledgments for ground control","The system MUST handle all telecommands received from ground, transmit them to the payload instrument, and send back all acknowledgments for ground control.","The system SHOULD handle all telecommands received from ground, transmit them to the payload instrument, and send back all acknowledgments for ground control.","The system MAY handle all telecommands received from ground, transmit them to the payload instrument, and send back all acknowledgments for ground control.","It would be useful if the system could handle all telecommands received from ground, transmit them to the payload instrument, and send back all acknowledgments for ground control.","The system MUST handle all telecommands received from ground, transmit them to the payload instrument, and send back all acknowledgments for ground control."
S36535,use an average of 2 safe mode events of 2 days plus recovery time each per year for design and analysis purposes,The system MUST use an average of 2 safe mode events of 2 days plus recovery time each per year for design and analysis purposes.,The system SHOULD use an average of 2 safe mode events of 2 days plus recovery time each per year for design and analysis purposes.,The system MAY use an average of 2 safe mode events of 2 days plus recovery time each per year for design and analysis purposes.,It would be useful if the system could use an average of 2 safe mode events of 2 days plus recovery time each per year for design and analysis purposes.,The system MUST use an average of 2 safe mode events of 2 days plus recovery time each per year for design and analysis purposes.
S3655,slew telescope to target during target acquisition in GLAO mode in a maximum of 120 sec,The system MUST slew telescope to target during target acquisition in GLAO mode in a maximum of 120 sec.,The system SHOULD slew telescope to target during target acquisition in GLAO mode in a maximum of 120 sec.,The system MAY slew telescope to target during target acquisition in GLAO mode in a maximum of 120 sec.,It would be useful if the system could slew telescope to target during target acquisition in GLAO mode in a maximum of 120 sec.,The system MUST slew telescope to target during target acquisition in GLAO mode in a maximum of 120 sec.
S36919,integrate the GB processors for retrieval,The system MUST integrate the GB processors for retrieval.,The system SHOULD integrate the GB processors for retrieval.,The system MAY integrate the GB processors for retrieval.,It would be useful if the system could integrate the GB processors for retrieval.,The system MUST integrate the GB processors for retrieval.
S37331,provide a SPICA telescope aperture as large as possible while remaining compatible with the launch fairing,The system MUST provide a SPICA telescope aperture as large as possible while remaining compatible with the launch fairing.,The system SHOULD provide a SPICA telescope aperture as large as possible while remaining compatible with the launch fairing.,The system MAY provide a SPICA telescope aperture as large as possible while remaining compatible with the launch fairing.,It would be useful if the system could provide a SPICA telescope aperture as large as possible while remaining compatible with the launch fairing.,The system MUST provide a SPICA telescope aperture as large as possible while remaining compatible with the launch fairing.
S3740,account for the availability of input data from EO archives during development of the SICCI system,The system MUST account for the availability of input data from EO archives during development of the SICCI system.,The system SHOULD account for the availability of input data from EO archives during development of the SICCI system.,The system MAY account for the availability of input data from EO archives during development of the SICCI system.,It would be useful if the system could account for the availability of input data from EO archives during development of the SICCI system.,The system MUST account for the availability of input data from EO archives during development of the SICCI system.
S3751,provide 45 dB spectral dynamic range at auto-correlation spatial and 300 kHz spectral resolution to enable sensitive intensity mapping at 350  1050 MHz (HPSO 32),The system MUST provide 45 dB spectral dynamic range at auto-correlation spatial and 300 kHz spectral resolution to enable sensitive intensity mapping at 350  1050 MHz (HPSO 32).,The system SHOULD provide 45 dB spectral dynamic range at auto-correlation spatial and 300 kHz spectral resolution to enable sensitive intensity mapping at 350  1050 MHz (HPSO 32).,The system MAY provide 45 dB spectral dynamic range at auto-correlation spatial and 300 kHz spectral resolution to enable sensitive intensity mapping at 350  1050 MHz (HPSO 32).,It would be useful if the system could provide 45 dB spectral dynamic range at auto-correlation spatial and 300 kHz spectral resolution to enable sensitive intensity mapping at 350  1050 MHz (HPSO 32).,The system MUST provide 45 dB spectral dynamic range at auto-correlation spatial and 300 kHz spectral resolution to enable sensitive intensity mapping at 350  1050 MHz (HPSO 32).
S37725,allow several versions of outputs to be kept at the same time,The system MUST allow several versions of outputs to be kept at the same time.,The system SHOULD allow several versions of outputs to be kept at the same time.,The system MAY allow several versions of outputs to be kept at the same time.,It would be useful if the system could allow several versions of outputs to be kept at the same time.,The system MUST allow several versions of outputs to be kept at the same time.
S37805,be located at a site with minimal seasonal temperature variations,The system MUST be located at a site with minimal seasonal temperature variations.,The system SHOULD be located at a site with minimal seasonal temperature variations.,The system MAY be located at a site with minimal seasonal temperature variations.,It would be useful if the system could be located at a site with minimal seasonal temperature variations.,The system MUST be located at a site with minimal seasonal temperature variations.
S37977,observe anywhere on the sky from 1° to 65° zenith angle,The system MUST observe anywhere on the sky from 1° to 65° zenith angle.,The system SHOULD observe anywhere on the sky from 1° to 65° zenith angle.,The system MAY observe anywhere on the sky from 1° to 65° zenith angle.,It would be useful if the system could observe anywhere on the sky from 1° to 65° zenith angle.,The system MUST observe anywhere on the sky from 1° to 65° zenith angle.
S38042,include a converter to derive AGB from GSV,The system MUST include a converter to derive AGB from GSV.,The system SHOULD include a converter to derive AGB from GSV.,The system MAY include a converter to derive AGB from GSV.,It would be useful if the system could include a converter to derive AGB from GSV.,The system MUST include a converter to derive AGB from GSV.
S38085,validate the procedures presented in the SUM at S/C system and subsystem level testing,The system MUST validate the procedures presented in the SUM at S/C system and subsystem level testing.,The system SHOULD validate the procedures presented in the SUM at S/C system and subsystem level testing.,The system MAY validate the procedures presented in the SUM at S/C system and subsystem level testing.,It would be useful if the system could validate the procedures presented in the SUM at S/C system and subsystem level testing.,The system MUST validate the procedures presented in the SUM at S/C system and subsystem level testing.
S38687,execute service observing on behalf of PIs from a combined list of observing blocks from all partners via a scheduling process over six month periods,The system MUST execute service observing on behalf of PIs from a combined list of observing blocks from all partners via a scheduling process over six month periods.,The system SHOULD execute service observing on behalf of PIs from a combined list of observing blocks from all partners via a scheduling process over six month periods.,The system MAY execute service observing on behalf of PIs from a combined list of observing blocks from all partners via a scheduling process over six month periods.,It would be useful if the system could execute service observing on behalf of PIs from a combined list of observing blocks from all partners via a scheduling process over six month periods.,The system MUST execute service observing on behalf of PIs from a combined list of observing blocks from all partners via a scheduling process over six month periods.
S38831,be in continuous two-way communication from separation from the upper stage of the launch vehicle until the completion of Observatory Primary Mirror Phasing activities,The system MUST be in continuous two-way communication from separation from the upper stage of the launch vehicle until the completion of Observatory Primary Mirror Phasing activities.,The system SHOULD be in continuous two-way communication from separation from the upper stage of the launch vehicle until the completion of Observatory Primary Mirror Phasing activities.,The system MAY be in continuous two-way communication from separation from the upper stage of the launch vehicle until the completion of Observatory Primary Mirror Phasing activities.,It would be useful if the system could be in continuous two-way communication from separation from the upper stage of the launch vehicle until the completion of Observatory Primary Mirror Phasing activities.,The system MUST be in continuous two-way communication from separation from the upper stage of the launch vehicle until the completion of Observatory Primary Mirror Phasing activities.
S38968,represent milliseconds of day as an unsigned 32-bit integer equal to the number of milliseconds since midnight UTC of the current day,The system MUST represent milliseconds of day as an unsigned 32-bit integer equal to the number of milliseconds since midnight UTC of the current day.,The system SHOULD represent milliseconds of day as an unsigned 32-bit integer equal to the number of milliseconds since midnight UTC of the current day.,The system MAY represent milliseconds of day as an unsigned 32-bit integer equal to the number of milliseconds since midnight UTC of the current day.,It would be useful if the system could represent milliseconds of day as an unsigned 32-bit integer equal to the number of milliseconds since midnight UTC of the current day.,The system MUST represent milliseconds of day as an unsigned 32-bit integer equal to the number of milliseconds since midnight UTC of the current day.
S39040,reject multipath from the satellite to better than -56 dB relative to the direct signal,The system MUST reject multipath from the satellite to better than -56 dB relative to the direct signal.,The system SHOULD reject multipath from the satellite to better than -56 dB relative to the direct signal.,The system MAY reject multipath from the satellite to better than -56 dB relative to the direct signal.,It would be useful if the system could reject multipath from the satellite to better than -56 dB relative to the direct signal.,The system MUST reject multipath from the satellite to better than -56 dB relative to the direct signal.
S3970,be responsible for the science data archive,The system MUST be responsible for the science data archive.,The system SHOULD be responsible for the science data archive.,The system MAY be responsible for the science data archive.,It would be useful if the system could be responsible for the science data archive.,The system MUST be responsible for the science data archive.
S3978,"be designed according to [RD4], [RD5], [RD6] and [RD7] unless otherwise specified in this document","The system MUST be designed according to [RD4], [RD5], [RD6] and [RD7] unless otherwise specified in this document.","The system SHOULD be designed according to [RD4], [RD5], [RD6] and [RD7] unless otherwise specified in this document.","The system MAY be designed according to [RD4], [RD5], [RD6] and [RD7] unless otherwise specified in this document.","It would be useful if the system could be designed according to [RD4], [RD5], [RD6] and [RD7] unless otherwise specified in this document.","The system MUST be designed according to [RD4], [RD5], [RD6] and [RD7] unless otherwise specified in this document."
S3986,process all science data collected by the GRACE satellites,The system MUST process all science data collected by the GRACE satellites.,The system SHOULD process all science data collected by the GRACE satellites.,The system MAY process all science data collected by the GRACE satellites.,It would be useful if the system could process all science data collected by the GRACE satellites.,The system MUST process all science data collected by the GRACE satellites.
S4746,store information regarding misbehavior reports from other Core System subsystems,The system MUST store information regarding misbehavior reports from other Core System subsystems.,The system SHOULD store information regarding misbehavior reports from other Core System subsystems.,The system MAY store information regarding misbehavior reports from other Core System subsystems.,It would be useful if the system could store information regarding misbehavior reports from other Core System subsystems.,The system MUST store information regarding misbehavior reports from other Core System subsystems.
S4766,"simultaneously handle telemetry, ranging, and telecommands","The system MUST simultaneously handle telemetry, ranging, and telecommands.","The system SHOULD simultaneously handle telemetry, ranging, and telecommands.","The system MAY simultaneously handle telemetry, ranging, and telecommands.","It would be useful if the system could simultaneously handle telemetry, ranging, and telecommands.","The system MUST simultaneously handle telemetry, ranging, and telecommands."
S4859,provide 45 dB polarisation dynamic range at 300 arcsec spatial and 1 MHz spectral resolution to enable EoR imaging at 50  200 MHz (HPSO 1),The system MUST provide 45 dB polarisation dynamic range at 300 arcsec spatial and 1 MHz spectral resolution to enable EoR imaging at 50  200 MHz (HPSO 1).,The system SHOULD provide 45 dB polarisation dynamic range at 300 arcsec spatial and 1 MHz spectral resolution to enable EoR imaging at 50  200 MHz (HPSO 1).,The system MAY provide 45 dB polarisation dynamic range at 300 arcsec spatial and 1 MHz spectral resolution to enable EoR imaging at 50  200 MHz (HPSO 1).,It would be useful if the system could provide 45 dB polarisation dynamic range at 300 arcsec spatial and 1 MHz spectral resolution to enable EoR imaging at 50  200 MHz (HPSO 1).,The system MUST provide 45 dB polarisation dynamic range at 300 arcsec spatial and 1 MHz spectral resolution to enable EoR imaging at 50  200 MHz (HPSO 1).
S5119,produce a cloud top temperature product with a mapping uncertainty (3 sigma) of 4 km,The system MUST produce a cloud top temperature product with a mapping uncertainty (3 sigma) of 4 km.,The system SHOULD produce a cloud top temperature product with a mapping uncertainty (3 sigma) of 4 km.,The system MAY produce a cloud top temperature product with a mapping uncertainty (3 sigma) of 4 km.,It would be useful if the system could produce a cloud top temperature product with a mapping uncertainty (3 sigma) of 4 km.,The system MUST produce a cloud top temperature product with a mapping uncertainty (3 sigma) of 4 km.
S5229,provide a reconfigurable mobile video camera system for inspection and internal robotic operations support,The system MUST provide a reconfigurable mobile video camera system for inspection and internal robotic operations support.,The system SHOULD provide a reconfigurable mobile video camera system for inspection and internal robotic operations support.,The system MAY provide a reconfigurable mobile video camera system for inspection and internal robotic operations support.,It would be useful if the system could provide a reconfigurable mobile video camera system for inspection and internal robotic operations support.,The system MUST provide a reconfigurable mobile video camera system for inspection and internal robotic operations support.
S5314,support the on-orbit calibration of the satellite autonomous pointing capabilities,The system MUST support the on-orbit calibration of the satellite autonomous pointing capabilities.,The system SHOULD support the on-orbit calibration of the satellite autonomous pointing capabilities.,The system MAY support the on-orbit calibration of the satellite autonomous pointing capabilities.,It would be useful if the system could support the on-orbit calibration of the satellite autonomous pointing capabilities.,The system MUST support the on-orbit calibration of the satellite autonomous pointing capabilities.
S5326,process up to [TBD] misbehavior reports per minute from System Users,The system MUST process up to [TBD] misbehavior reports per minute from System Users.,The system SHOULD process up to [TBD] misbehavior reports per minute from System Users.,The system MAY process up to [TBD] misbehavior reports per minute from System Users.,It would be useful if the system could process up to [TBD] misbehavior reports per minute from System Users.,The system MUST process up to [TBD] misbehavior reports per minute from System Users.
S5542,provide conducting observation in all directions at any height above the roof of the vehicle,The system MUST provide conducting observation in all directions at any height above the roof of the vehicle.,The system SHOULD provide conducting observation in all directions at any height above the roof of the vehicle.,The system MAY provide conducting observation in all directions at any height above the roof of the vehicle.,It would be useful if the system could provide conducting observation in all directions at any height above the roof of the vehicle.,The system MUST provide conducting observation in all directions at any height above the roof of the vehicle.
S5811,provide snow depth with a measurement range from 5 to 60 cm,The system MUST provide snow depth with a measurement range from 5 to 60 cm.,The system SHOULD provide snow depth with a measurement range from 5 to 60 cm.,The system MAY provide snow depth with a measurement range from 5 to 60 cm.,It would be useful if the system could provide snow depth with a measurement range from 5 to 60 cm.,The system MUST provide snow depth with a measurement range from 5 to 60 cm.
S5986,provide remote observing (from sea-level headquarters (HQ) or other physical location (TBC),The system MUST provide remote observing (from sea-level headquarters (HQ) or other physical location (TBC).,The system SHOULD provide remote observing (from sea-level headquarters (HQ) or other physical location (TBC).,The system MAY provide remote observing (from sea-level headquarters (HQ) or other physical location (TBC).,It would be useful if the system could provide remote observing (from sea-level headquarters (HQ) or other physical location (TBC).,The system MUST provide remote observing (from sea-level headquarters (HQ) or other physical location (TBC).
S6169,pull spacecraft attitude algorithm and data updates from the MOC,The system MUST pull spacecraft attitude algorithm and data updates from the MOC.,The system SHOULD pull spacecraft attitude algorithm and data updates from the MOC.,The system MAY pull spacecraft attitude algorithm and data updates from the MOC.,It would be useful if the system could pull spacecraft attitude algorithm and data updates from the MOC.,The system MUST pull spacecraft attitude algorithm and data updates from the MOC.
S6347,"make available all products identified in Appendix A as ""ESPC Product Generation"" to CLASS","The system MUST make available all products identified in Appendix A as ""ESPC Product Generation"" to CLASS.","The system SHOULD make available all products identified in Appendix A as ""ESPC Product Generation"" to CLASS.","The system MAY make available all products identified in Appendix A as ""ESPC Product Generation"" to CLASS.","It would be useful if the system could make available all products identified in Appendix A as ""ESPC Product Generation"" to CLASS.","The system MUST make available all products identified in Appendix A as ""ESPC Product Generation"" to CLASS."
S6400,provide space for a utility shaft,The system MUST provide space for a utility shaft.,The system SHOULD provide space for a utility shaft.,The system MAY provide space for a utility shaft.,It would be useful if the system could provide space for a utility shaft.,The system MUST provide space for a utility shaft.
S6449,provide water equivalent snowfall amount in unit time globally,The system MUST provide water equivalent snowfall amount in unit time globally.,The system SHOULD provide water equivalent snowfall amount in unit time globally.,The system MAY provide water equivalent snowfall amount in unit time globally.,It would be useful if the system could provide water equivalent snowfall amount in unit time globally.,The system MUST provide water equivalent snowfall amount in unit time globally.
S6555,"provide snow cover globally, in daytime and night, under all weather","The system MUST provide snow cover globally, in daytime and night, under all weather.","The system SHOULD provide snow cover globally, in daytime and night, under all weather.","The system MAY provide snow cover globally, in daytime and night, under all weather.","It would be useful if the system could provide snow cover globally, in daytime and night, under all weather.","The system MUST provide snow cover globally, in daytime and night, under all weather."
S6633,provide 50 dB spectral dynamic range at 300 arcsec spatial and 1 MHz spectral resolution to enable EoR imaging at 50  200 MHz (HPSO 1),The system MUST provide 50 dB spectral dynamic range at 300 arcsec spatial and 1 MHz spectral resolution to enable EoR imaging at 50  200 MHz (HPSO 1).,The system SHOULD provide 50 dB spectral dynamic range at 300 arcsec spatial and 1 MHz spectral resolution to enable EoR imaging at 50  200 MHz (HPSO 1).,The system MAY provide 50 dB spectral dynamic range at 300 arcsec spatial and 1 MHz spectral resolution to enable EoR imaging at 50  200 MHz (HPSO 1).,It would be useful if the system could provide 50 dB spectral dynamic range at 300 arcsec spatial and 1 MHz spectral resolution to enable EoR imaging at 50  200 MHz (HPSO 1).,The system MUST provide 50 dB spectral dynamic range at 300 arcsec spatial and 1 MHz spectral resolution to enable EoR imaging at 50  200 MHz (HPSO 1).
S6822,observe more than 50 of the planets observed in the Chemical Census tier in the Origin tier,The system MUST observe more than 50 of the planets observed in the Chemical Census tier in the Origin tier.,The system SHOULD observe more than 50 of the planets observed in the Chemical Census tier in the Origin tier.,The system MAY observe more than 50 of the planets observed in the Chemical Census tier in the Origin tier.,It would be useful if the system could observe more than 50 of the planets observed in the Chemical Census tier in the Origin tier.,The system MUST observe more than 50 of the planets observed in the Chemical Census tier in the Origin tier.
S7050,carry out fatigue analysis where relevant and demonstrate a positive reserve after applying 4 times the most constraining life cycles,The system MUST carry out fatigue analysis where relevant and demonstrate a positive reserve after applying 4 times the most constraining life cycles.,The system SHOULD carry out fatigue analysis where relevant and demonstrate a positive reserve after applying 4 times the most constraining life cycles.,The system MAY carry out fatigue analysis where relevant and demonstrate a positive reserve after applying 4 times the most constraining life cycles.,It would be useful if the system could carry out fatigue analysis where relevant and demonstrate a positive reserve after applying 4 times the most constraining life cycles.,The system MUST carry out fatigue analysis where relevant and demonstrate a positive reserve after applying 4 times the most constraining life cycles.
S7344,allow the equipment set to be powered from the vehicle's alternator,The system MUST allow the equipment set to be powered from the vehicle's alternator.,The system SHOULD allow the equipment set to be powered from the vehicle's alternator.,The system MAY allow the equipment set to be powered from the vehicle's alternator.,It would be useful if the system could allow the equipment set to be powered from the vehicle's alternator.,The system MUST allow the equipment set to be powered from the vehicle's alternator.
S7372,complete and document performance impact assessments of proposed configuration changes to the data product ground processing software prior to implementing those changes in the operational baseline,The system MUST complete and document performance impact assessments of proposed configuration changes to the data product ground processing software prior to implementing those changes in the operational baseline.,The system SHOULD complete and document performance impact assessments of proposed configuration changes to the data product ground processing software prior to implementing those changes in the operational baseline.,The system MAY complete and document performance impact assessments of proposed configuration changes to the data product ground processing software prior to implementing those changes in the operational baseline.,It would be useful if the system could complete and document performance impact assessments of proposed configuration changes to the data product ground processing software prior to implementing those changes in the operational baseline.,The system MUST complete and document performance impact assessments of proposed configuration changes to the data product ground processing software prior to implementing those changes in the operational baseline.
S7564,include an L-band module that derives growing stock volume from L-band SAR data,The system MUST include an L-band module that derives growing stock volume from L-band SAR data.,The system SHOULD include an L-band module that derives growing stock volume from L-band SAR data.,The system MAY include an L-band module that derives growing stock volume from L-band SAR data.,It would be useful if the system could include an L-band module that derives growing stock volume from L-band SAR data.,The system MUST include an L-band module that derives growing stock volume from L-band SAR data.
S7643,make measurements in the SWIR of the reflected solar radiance on the illuminated side of the Earth's atmosphere,The system MUST make measurements in the SWIR of the reflected solar radiance on the illuminated side of the Earth's atmosphere.,The system SHOULD make measurements in the SWIR of the reflected solar radiance on the illuminated side of the Earth's atmosphere.,The system MAY make measurements in the SWIR of the reflected solar radiance on the illuminated side of the Earth's atmosphere.,It would be useful if the system could make measurements in the SWIR of the reflected solar radiance on the illuminated side of the Earth's atmosphere.,The system MUST make measurements in the SWIR of the reflected solar radiance on the illuminated side of the Earth's atmosphere.
S7816,"enable calibration of the colour response of the instruments by providing a calibration target and, if mission analysis foresees a lunar flyby, allow imaging of the Apollo 16 landing site","The system MUST enable calibration of the colour response of the instruments by providing a calibration target and, if mission analysis foresees a lunar flyby, allow imaging of the Apollo 16 landing site.","The system SHOULD enable calibration of the colour response of the instruments by providing a calibration target and, if mission analysis foresees a lunar flyby, allow imaging of the Apollo 16 landing site.","The system MAY enable calibration of the colour response of the instruments by providing a calibration target and, if mission analysis foresees a lunar flyby, allow imaging of the Apollo 16 landing site.","It would be useful if the system could enable calibration of the colour response of the instruments by providing a calibration target and, if mission analysis foresees a lunar flyby, allow imaging of the Apollo 16 landing site.","The system MUST enable calibration of the colour response of the instruments by providing a calibration target and, if mission analysis foresees a lunar flyby, allow imaging of the Apollo 16 landing site."
S8583,make available to the ICC@ICC the instrument memory images of their respective instruments received from the MOC,The system MUST make available to the ICC@ICC the instrument memory images of their respective instruments received from the MOC.,The system SHOULD make available to the ICC@ICC the instrument memory images of their respective instruments received from the MOC.,The system MAY make available to the ICC@ICC the instrument memory images of their respective instruments received from the MOC.,It would be useful if the system could make available to the ICC@ICC the instrument memory images of their respective instruments received from the MOC.,The system MUST make available to the ICC@ICC the instrument memory images of their respective instruments received from the MOC.
S9005,keep the total steady-state power budget for the African site within the limits specified in SKA Power Budget SKA-SE-POW-TN-001 [21],The system MUST keep the total steady-state power budget for the African site within the limits specified in SKA Power Budget SKA-SE-POW-TN-001 [21].,The system SHOULD keep the total steady-state power budget for the African site within the limits specified in SKA Power Budget SKA-SE-POW-TN-001 [21].,The system MAY keep the total steady-state power budget for the African site within the limits specified in SKA Power Budget SKA-SE-POW-TN-001 [21].,It would be useful if the system could keep the total steady-state power budget for the African site within the limits specified in SKA Power Budget SKA-SE-POW-TN-001 [21].,The system MUST keep the total steady-state power budget for the African site within the limits specified in SKA Power Budget SKA-SE-POW-TN-001 [21].
S9361,be designed to be upgradeable to a higher order AO system [REQ-1-OAD-2745] that interfaces to a wider-field near infra-red science instruments,The system MUST be designed to be upgradeable to a higher order AO system [REQ-1-OAD-2745] that interfaces to a wider-field near infra-red science instruments.,The system SHOULD be designed to be upgradeable to a higher order AO system [REQ-1-OAD-2745] that interfaces to a wider-field near infra-red science instruments.,The system MAY be designed to be upgradeable to a higher order AO system [REQ-1-OAD-2745] that interfaces to a wider-field near infra-red science instruments.,It would be useful if the system could be designed to be upgradeable to a higher order AO system [REQ-1-OAD-2745] that interfaces to a wider-field near infra-red science instruments.,The system MUST be designed to be upgradeable to a higher order AO system [REQ-1-OAD-2745] that interfaces to a wider-field near infra-red science instruments.
S9539,support interruption of the mission timeline execution by ground command,The system MUST support interruption of the mission timeline execution by ground command.,The system SHOULD support interruption of the mission timeline execution by ground command.,The system MAY support interruption of the mission timeline execution by ground command.,It would be useful if the system could support interruption of the mission timeline execution by ground command.,The system MUST support interruption of the mission timeline execution by ground command.
S9787,operate in a Pulsar search mode concurrently with Continuum imaging mode,The system MUST operate in a Pulsar search mode concurrently with Continuum imaging mode.,The system SHOULD operate in a Pulsar search mode concurrently with Continuum imaging mode.,The system MAY operate in a Pulsar search mode concurrently with Continuum imaging mode.,It would be useful if the system could operate in a Pulsar search mode concurrently with Continuum imaging mode.,The system MUST operate in a Pulsar search mode concurrently with Continuum imaging mode.
S9848,produce an ice age/thickness product that has a mapping uncertainty (3 sigma) of 1 km at Nadir for clear pixels,The system MUST produce an ice age/thickness product that has a mapping uncertainty (3 sigma) of 1 km at Nadir for clear pixels.,The system SHOULD produce an ice age/thickness product that has a mapping uncertainty (3 sigma) of 1 km at Nadir for clear pixels.,The system MAY produce an ice age/thickness product that has a mapping uncertainty (3 sigma) of 1 km at Nadir for clear pixels.,It would be useful if the system could produce an ice age/thickness product that has a mapping uncertainty (3 sigma) of 1 km at Nadir for clear pixels.,The system MUST produce an ice age/thickness product that has a mapping uncertainty (3 sigma) of 1 km at Nadir for clear pixels.
