sentence,sources,capability_text,rule_id,category,counts_as_grammar,in_capability_clause,matched_text,message,suggestions
"As a low-priority enhancement, the system could be intuitive and self explanatory.",probe/low_priority_enhancement,be intuitive and self explanatory,EN_COMPOUNDS_SELF_EXPLANATORY,MISC,True,True,self explanatory,This word is normally spelled with a hyphen.,self-explanatory
"As a low-priority enhancement, the system could comply with the estimatics laws relating to recycled parts usage.",probe/low_priority_enhancement,comply with the estimatics laws relating to recycled parts usage,MORFOLOGIK_RULE_EN_US,TYPOS,False,True,estimatics,Possible spelling mistake found.,estimates | estimating | estimation
"As a low-priority enhancement, the system could display MSEL Summary data in both graph nodes and table rows.",probe/low_priority_enhancement,display MSEL Summary data in both graph nodes and table rows,MORFOLOGIK_RULE_EN_US,TYPOS,False,True,MSEL,Possible spelling mistake found.,MEL | MSEC | MSE
"As a low-priority enhancement, the system could enable 2 out of 3 Program Administrators/Nursing Staff Members to successfully manage scheduling of classes and clinicals.",probe/low_priority_enhancement,enable 2 out of 3 Program Administrators/Nursing Staff Members to successfully manage scheduling of classes and clinicals,MORFOLOGIK_RULE_EN_US,TYPOS,False,True,clinicals,Possible spelling mistake found.,clinical
"As a low-priority enhancement, the system could handle all of the user requests/usage during business hours.",probe/low_priority_enhancement,handle all of the user requests/usage during business hours,ALL_OF_THE,REDUNDANCY,False,True,all of the,Consider removing “of” to be more concise,all the
"As a low-priority enhancement, the system could have a MDI form that allows for the viewing of the graph and the data table.",probe/low_priority_enhancement,have a MDI form that allows for the viewing of the graph and the data table,EN_A_VS_AN,MISC,True,True,a,"Use “an” instead of ‘a’ if the following word starts with a vowel sound, e.g. ‘an article’, ‘an hour’.",an
"As a low-priority enhancement, the system could help the user avoid making mistakes while scheduling classes and clinicals for the nursing students.",probe/low_priority_enhancement,help the user avoid making mistakes while scheduling classes and clinicals for the nursing students,MORFOLOGIK_RULE_EN_US,TYPOS,False,True,clinicals,Possible spelling mistake found.,clinical
"As a low-priority enhancement, the system could include street address city state and zipcode.",probe/low_priority_enhancement,include street address city state and zipcode,MORFOLOGIK_RULE_EN_US,TYPOS,False,True,zipcode,Possible spelling mistake found.,zip code
"As a low-priority enhancement, the system could interface with CampusConnect's central server.",probe/low_priority_enhancement,interface with CampusConnect's central server,MORFOLOGIK_RULE_EN_US,TYPOS,False,True,CampusConnect,Possible spelling mistake found.,Campus Connect
"As a low-priority enhancement, the system could interface with the ChoiceParts system once per day at approximately 1:00 AM.",probe/low_priority_enhancement,interface with the ChoiceParts system once per day at approximately 1:00 AM,MORFOLOGIK_RULE_EN_US,TYPOS,False,True,ChoiceParts,Possible spelling mistake found.,Choice Parts
"As a low-priority enhancement, the system could resolve the zipcode for the street address city and state if zipcode is unknown.",probe/low_priority_enhancement,resolve the zipcode for the street address city and state if zipcode is unknown,MORFOLOGIK_RULE_EN_US,TYPOS,False,True,zipcode,Possible spelling mistake found.,zip code
"As a low-priority enhancement, the system could resolve the zipcode for the street address city and state if zipcode is unknown.",probe/low_priority_enhancement,resolve the zipcode for the street address city and state if zipcode is unknown,MORFOLOGIK_RULE_EN_US,TYPOS,False,True,zipcode,Possible spelling mistake found.,zip code
"As a low-priority enhancement, the system could restrict access to final class section scheduling for the CampusConnect interface to Dr Susan Poslusny and Karen Sysol.",probe/low_priority_enhancement,restrict access to final class section scheduling for the CampusConnect interface to Dr Susan Poslusny and Karen Sysol,MORFOLOGIK_RULE_EN_US,TYPOS,False,True,CampusConnect,Possible spelling mistake found.,Campus Connect
"As a low-priority enhancement, the system could restrict access to final class section scheduling for the CampusConnect interface to Dr Susan Poslusny and Karen Sysol.",probe/low_priority_enhancement,restrict access to final class section scheduling for the CampusConnect interface to Dr Susan Poslusny and Karen Sysol,MORFOLOGIK_RULE_EN_US,TYPOS,False,True,Poslusny,Possible spelling mistake found.,Slushy | Plushy | Poilus
"As a low-priority enhancement, the system could restrict access to final class section scheduling for the CampusConnect interface to Dr Susan Poslusny and Karen Sysol.",probe/low_priority_enhancement,restrict access to final class section scheduling for the CampusConnect interface to Dr Susan Poslusny and Karen Sysol,MORFOLOGIK_RULE_EN_US,TYPOS,False,True,Sysol,Possible spelling mistake found.,Sysop | Lysol
"As a low-priority enhancement, the system could restrict access to students' personal information to Dr Susan Poslusny and Dr Julie Donalek.",probe/low_priority_enhancement,restrict access to students' personal information to Dr Susan Poslusny and Dr Julie Donalek,MORFOLOGIK_RULE_EN_US,TYPOS,False,True,Poslusny,Possible spelling mistake found.,Slushy | Plushy | Poilus
"As a low-priority enhancement, the system could restrict access to students' personal information to Dr Susan Poslusny and Dr Julie Donalek.",probe/low_priority_enhancement,restrict access to students' personal information to Dr Susan Poslusny and Dr Julie Donalek,MORFOLOGIK_RULE_EN_US,TYPOS,False,True,Donalek,Possible spelling mistake found.,Donated | Donald | Donate
"As a low-priority enhancement, the system could restrict access to the CampusConnect interface portion of the system to authorized users.",probe/low_priority_enhancement,restrict access to the CampusConnect interface portion of the system to authorized users,MORFOLOGIK_RULE_EN_US,TYPOS,False,True,CampusConnect,Possible spelling mistake found.,Campus Connect
"As a low-priority enhancement, the system could search for the preferred repair facility using vehicle vehicle location and radius in miles.",probe/low_priority_enhancement,search for the preferred repair facility using vehicle vehicle location and radius in miles,ENGLISH_WORD_REPEAT_RULE,MISC,True,True,vehicle vehicle,Possible typo: you repeated a word.,vehicle
It would be nice if the system could be intuitive and self explanatory.,probe/nice_if,be intuitive and self explanatory,EN_COMPOUNDS_SELF_EXPLANATORY,MISC,True,True,self explanatory,This word is normally spelled with a hyphen.,self-explanatory
It would be nice if the system could comply with the estimatics laws relating to recycled parts usage.,probe/nice_if,comply with the estimatics laws relating to recycled parts usage,MORFOLOGIK_RULE_EN_US,TYPOS,False,True,estimatics,Possible spelling mistake found.,estimates | estimating | estimation
It would be nice if the system could display MSEL Summary data in both graph nodes and table rows.,probe/nice_if,display MSEL Summary data in both graph nodes and table rows,MORFOLOGIK_RULE_EN_US,TYPOS,False,True,MSEL,Possible spelling mistake found.,MEL | MSEC | MSE
It would be nice if the system could enable 2 out of 3 Program Administrators/Nursing Staff Members to successfully manage scheduling of classes and clinicals.,probe/nice_if,enable 2 out of 3 Program Administrators/Nursing Staff Members to successfully manage scheduling of classes and clinicals,MORFOLOGIK_RULE_EN_US,TYPOS,False,True,clinicals,Possible spelling mistake found.,clinical
It would be nice if the system could handle all of the user requests/usage during business hours.,probe/nice_if,handle all of the user requests/usage during business hours,ALL_OF_THE,REDUNDANCY,False,True,all of the,Consider removing “of” to be more concise,all the
It would be nice if the system could have a MDI form that allows for the viewing of the graph and the data table.,probe/nice_if,have a MDI form that allows for the viewing of the graph and the data table,EN_A_VS_AN,MISC,True,True,a,"Use “an” instead of ‘a’ if the following word starts with a vowel sound, e.g. ‘an article’, ‘an hour’.",an
It would be nice if the system could help the user avoid making mistakes while scheduling classes and clinicals for the nursing students.,probe/nice_if,help the user avoid making mistakes while scheduling classes and clinicals for the nursing students,MORFOLOGIK_RULE_EN_US,TYPOS,False,True,clinicals,Possible spelling mistake found.,clinical
It would be nice if the system could include street address city state and zipcode.,probe/nice_if,include street address city state and zipcode,MORFOLOGIK_RULE_EN_US,TYPOS,False,True,zipcode,Possible spelling mistake found.,zip code
It would be nice if the system could interface with CampusConnect's central server.,probe/nice_if,interface with CampusConnect's central server,MORFOLOGIK_RULE_EN_US,TYPOS,False,True,CampusConnect,Possible spelling mistake found.,Campus Connect
It would be nice if the system could interface with the ChoiceParts system once per day at approximately 1:00 AM.,probe/nice_if,interface with the ChoiceParts system once per day at approximately 1:00 AM,MORFOLOGIK_RULE_EN_US,TYPOS,False,True,ChoiceParts,Possible spelling mistake found.,Choice Parts
It would be nice if the system could resolve the zipcode for the street address city and state if zipcode is unknown.,probe/nice_if,resolve the zipcode for the street address city and state if zipcode is unknown,MORFOLOGIK_RULE_EN_US,TYPOS,False,True,zipcode,Possible spelling mistake found.,zip code
It would be nice if the system could resolve the zipcode for the street address city and state if zipcode is unknown.,probe/nice_if,resolve the zipcode for the street address city and state if zipcode is unknown,MORFOLOGIK_RULE_EN_US,TYPOS,False,True,zipcode,Possible spelling mistake found.,zip code
It would be nice if the system could restrict access to final class section scheduling for the CampusConnect interface to Dr Susan Poslusny and Karen Sysol.,probe/nice_if,restrict access to final class section scheduling for the CampusConnect interface to Dr Susan Poslusny and Karen Sysol,MORFOLOGIK_RULE_EN_US,TYPOS,False,True,CampusConnect,Possible spelling mistake found.,Campus Connect
It would be nice if the system could restrict access to final class section scheduling for the CampusConnect interface to Dr Susan Poslusny and Karen Sysol.,probe/nice_if,restrict access to final class section scheduling for the CampusConnect interface to Dr Susan Poslusny and Karen Sysol,MORFOLOGIK_RULE_EN_US,TYPOS,False,True,Poslusny,Possible spelling mistake found.,Slushy | Plushy | Poilus
It would be nice if the system could restrict access to final class section scheduling for the CampusConnect interface to Dr Susan Poslusny and Karen Sysol.,probe/nice_if,restrict access to final class section scheduling for the CampusConnect interface to Dr Susan Poslusny and Karen Sysol,MORFOLOGIK_RULE_EN_US,TYPOS,False,True,Sysol,Possible spelling mistake found.,Sysop | Lysol
It would be nice if the system could restrict access to students' personal information to Dr Susan Poslusny and Dr Julie Donalek.,probe/nice_if,restrict access to students' personal information to Dr Susan Poslusny and Dr Julie Donalek,MORFOLOGIK_RULE_EN_US,TYPOS,False,True,Poslusny,Possible spelling mistake found.,Slushy | Plushy | Poilus
It would be nice if the system could restrict access to students' personal information to Dr Susan Poslusny and Dr Julie Donalek.,probe/nice_if,restrict access to students' personal information to Dr Susan Poslusny and Dr Julie Donalek,MORFOLOGIK_RULE_EN_US,TYPOS,False,True,Donalek,Possible spelling mistake found.,Donated | Donald | Donate
It would be nice if the system could restrict access to the CampusConnect interface portion of the system to authorized users.,probe/nice_if,restrict access to the CampusConnect interface portion of the system to authorized users,MORFOLOGIK_RULE_EN_US,TYPOS,False,True,CampusConnect,Possible spelling mistake found.,Campus Connect
It would be nice if the system could search for the preferred repair facility using vehicle vehicle location and radius in miles.,probe/nice_if,search for the preferred repair facility using vehicle vehicle location and radius in miles,ENGLISH_WORD_REPEAT_RULE,MISC,True,True,vehicle vehicle,Possible typo: you repeated a word.,vehicle
It would be useful if the system could account for odometry error in train-location calculations.,pure/nice_to_have,account for odometry error in train-location calculations,MORFOLOGIK_RULE_EN_US,TYPOS,False,True,odometry,Possible spelling mistake found.,iodometry
It would be useful if the system could account for the availability of input data from EO archives during development of the SICCI system.,mlm_tapt/must/nice_to_have;mlm_tapt/shall/nice_to_have,account for the availability of input data from EO archives during development of the SICCI system,MORFOLOGIK_RULE_EN_US,TYPOS,False,True,SICCI,Possible spelling mistake found.,SI CCI | SIC CI
It would be useful if the system could allow authorised EIRENE users to receive calls from parties outside the EIRENE network.,pure/nice_to_have,allow authorised EIRENE users to receive calls from parties outside the EIRENE network,MORFOLOGIK_RULE_EN_US,TYPOS,False,True,authorised,Possible spelling mistake. ‘authorised’ is British English.,authorized
It would be useful if the system could allow authorised EIRENE users to receive calls from parties outside the EIRENE network.,pure/nice_to_have,allow authorised EIRENE users to receive calls from parties outside the EIRENE network,MORFOLOGIK_RULE_EN_US,TYPOS,False,True,EIRENE,Possible spelling mistake found.,IRENE
It would be useful if the system could allow authorised EIRENE users to receive calls from parties outside the EIRENE network.,pure/nice_to_have,allow authorised EIRENE users to receive calls from parties outside the EIRENE network,MORFOLOGIK_RULE_EN_US,TYPOS,False,True,EIRENE,Possible spelling mistake found.,IRENE
It would be useful if the system could allow established calls to be put on hold or cleared down by pre-emption to meet other call priorities.,pure/nice_to_have,allow established calls to be put on hold or cleared down by pre-emption to meet other call priorities,MORFOLOGIK_RULE_EN_US,TYPOS,False,True,pre-emption,Possible spelling mistake found.,preemption
It would be useful if the system could allow non-registered users to access all areas of the SICCI portal except those used for downloading SICCI products.,mlm_tapt/must/nice_to_have;mlm_tapt/shall/nice_to_have,allow non-registered users to access all areas of the SICCI portal except those used for downloading SICCI products,MORFOLOGIK_RULE_EN_US,TYPOS,False,True,SICCI,Possible spelling mistake found.,SI CCI | SIC CI
It would be useful if the system could allow non-registered users to access all areas of the SICCI portal except those used for downloading SICCI products.,mlm_tapt/must/nice_to_have;mlm_tapt/shall/nice_to_have,allow non-registered users to access all areas of the SICCI portal except those used for downloading SICCI products,MORFOLOGIK_RULE_EN_US,TYPOS,False,True,SICCI,Possible spelling mistake found.,SI CCI | SIC CI
It would be useful if the system could allow the driver to release an ETCS emergency-brake application when the train is stationary.,pure/nice_to_have,allow the driver to release an ETCS emergency-brake application when the train is stationary,MORFOLOGIK_RULE_EN_US,TYPOS,False,True,ETCS,Possible spelling mistake found.,ETC | TCS | ETCH
It would be useful if the system could allow the driver to release the ETCS emergency brake below the permitted speed if authorised by a national value.,pure/nice_to_have,allow the driver to release the ETCS emergency brake below the permitted speed if authorised by a national value,MORFOLOGIK_RULE_EN_US,TYPOS,False,True,ETCS,Possible spelling mistake found.,ETC | TCS | ETCH
It would be useful if the system could allow the driver to release the ETCS emergency brake below the permitted speed if authorised by a national value.,pure/nice_to_have,allow the driver to release the ETCS emergency brake below the permitted speed if authorised by a national value,MORFOLOGIK_RULE_EN_US,TYPOS,False,True,authorised,Possible spelling mistake. ‘authorised’ is British English.,authorized
It would be useful if the system could allow transfer to Shunting on the driver's selection only when the train is stationary.,pure/nice_to_have,allow transfer to Shunting on the driver's selection only when the train is stationary,TO_NON_BASE,GRAMMAR,True,True,Shunting,"The verb after “to” should be in the base form as part of the to-infinitive. A verb can take many forms, but the base form is always used in the to-infinitive.",Shunt
It would be useful if the system could apply the emergency brake with the trainborne equipment after the train travels the distance defined by a national value during roll-away or unwanted reverse movement.,pure/nice_to_have,apply the emergency brake with the trainborne equipment after the train travels the distance defined by a national value during roll-away or unwanted reverse movement,MORFOLOGIK_RULE_EN_US,TYPOS,False,True,trainborne,Possible spelling mistake found.,train borne
It would be useful if the system could automatically detect new ancillary data associated with recognised primary satellite data where such ancillary data is as defined by the DARD.,mlm_tapt/must/nice_to_have;mlm_tapt/shall/nice_to_have,automatically detect new ancillary data associated with recognised primary satellite data where such ancillary data is as defined by the DARD,MORFOLOGIK_RULE_EN_US,TYPOS,False,True,recognised,Possible spelling mistake. ‘recognised’ is British English.,recognized
It would be useful if the system could automatically detect new ancillary data associated with recognised primary satellite data where such ancillary data is as defined by the DARD.,mlm_tapt/must/nice_to_have;mlm_tapt/shall/nice_to_have,automatically detect new ancillary data associated with recognised primary satellite data where such ancillary data is as defined by the DARD,MORFOLOGIK_RULE_EN_US,TYPOS,False,True,DARD,Possible spelling mistake found.,HARD | CARD | DARK
It would be useful if the system could automatically prioritise the Shunting emergency call over the link assurance signal.,pure/nice_to_have,automatically prioritise the Shunting emergency call over the link assurance signal,MORFOLOGIK_RULE_EN_US,TYPOS,False,True,prioritise,Possible spelling mistake. ‘prioritise’ is British English.,prioritize
It would be useful if the system could autonomously activate its TT&C system with at least one Tx and Rx channel active to enable ground to establish contact.,mlm_tapt/must/nice_to_have;mlm_tapt/shall/nice_to_have,autonomously activate its TT&C system with at least one Tx and Rx channel active to enable ground to establish contact,MORFOLOGIK_RULE_EN_US,TYPOS,False,True,Tx,Possible spelling mistake found.,TX | To | Ex
It would be useful if the system could base downlink link-budget calculation on a maximum FER of 1E-7 at decoder output.,mlm_tapt/must/nice_to_have;mlm_tapt/shall/nice_to_have,base downlink link-budget calculation on a maximum FER of 1E-7 at decoder output,MORFOLOGIK_RULE_EN_US,TYPOS,False,True,downlink,Possible spelling mistake found.,down link
It would be useful if the system could be intuitive and self explanatory.,nice/must/nice_to_have;nice/shall/nice_to_have;probe/useful_if,be intuitive and self explanatory,EN_COMPOUNDS_SELF_EXPLANATORY,MISC,True,True,self explanatory,This word is normally spelled with a hyphen.,self-explanatory
It would be useful if the system could calculate ETCS emergency and service braking curves based on all relevant data.,pure/nice_to_have,calculate ETCS emergency and service braking curves based on all relevant data,MORFOLOGIK_RULE_EN_US,TYPOS,False,True,ETCS,Possible spelling mistake found.,ETC | TCS | ETCH
"It would be useful if the system could change the pointing, centre frequency, and bandwidth of the individual tied-array beams within a single observing schedule.",mlm_tapt/must/nice_to_have;mlm_tapt/shall/nice_to_have,"change the pointing, centre frequency, and bandwidth of the individual tied-array beams within a single observing schedule",MORFOLOGIK_RULE_EN_US,TYPOS,False,True,centre,Possible spelling mistake. ‘centre’ is British English.,center
It would be useful if the system could command the ETCS emergency brake when a train has received an emergency stop.,pure/nice_to_have,command the ETCS emergency brake when a train has received an emergency stop,MORFOLOGIK_RULE_EN_US,TYPOS,False,True,ETCS,Possible spelling mistake found.,ETC | TCS | ETCH
It would be useful if the system could comply with the estimatics laws relating to recycled parts usage.,nice/must/nice_to_have;nice/shall/nice_to_have;probe/useful_if,comply with the estimatics laws relating to recycled parts usage,MORFOLOGIK_RULE_EN_US,TYPOS,False,True,estimatics,Possible spelling mistake found.,estimates | estimating | estimation
It would be useful if the system could declare the position margin used by the position-based scheduling subservice when that subservice is specified.,mlm_tapt/must/nice_to_have;mlm_tapt/shall/nice_to_have,declare the position margin used by the position-based scheduling subservice when that subservice is specified,MORFOLOGIK_RULE_EN_US,TYPOS,False,True,subservice,Possible spelling mistake found.,
It would be useful if the system could declare the position margin used by the position-based scheduling subservice when that subservice is specified.,mlm_tapt/must/nice_to_have;mlm_tapt/shall/nice_to_have,declare the position margin used by the position-based scheduling subservice when that subservice is specified,MORFOLOGIK_RULE_EN_US,TYPOS,False,True,subservice,Possible spelling mistake found.,
It would be useful if the system could derive the EIRENE system's location information at least from network information such as the current cell or base station serving the mobile.,pure/nice_to_have,derive the EIRENE system's location information at least from network information such as the current cell or base station serving the mobile,MORFOLOGIK_RULE_EN_US,TYPOS,False,True,EIRENE,Possible spelling mistake found.,IRENE
It would be useful if the system could determine the entire train's location with the ETCS trainborne equipment.,pure/nice_to_have,determine the entire train's location with the ETCS trainborne equipment,MORFOLOGIK_RULE_EN_US,TYPOS,False,True,ETCS,Possible spelling mistake found.,ETC | TCS | ETCH
It would be useful if the system could determine the entire train's location with the ETCS trainborne equipment.,pure/nice_to_have,determine the entire train's location with the ETCS trainborne equipment,MORFOLOGIK_RULE_EN_US,TYPOS,False,True,trainborne,Possible spelling mistake found.,train borne
It would be useful if the system could display MSEL Summary data in both graph nodes and table rows.,nice/must/nice_to_have;nice/shall/nice_to_have;probe/useful_if,display MSEL Summary data in both graph nodes and table rows,MORFOLOGIK_RULE_EN_US,TYPOS,False,True,MSEL,Possible spelling mistake found.,MEL | MSEC | MSE
It would be useful if the system could distribute primary power using two bi-directional power domains to each axial docking port.,mlm_tapt/must/nice_to_have;mlm_tapt/shall/nice_to_have,distribute primary power using two bi-directional power domains to each axial docking port,EN_COMPOUNDS_BI_DIRECTIONAL,MISC,True,True,bi-directional,This word is normally spelled as one.,bidirectional
It would be useful if the system could dynamically analyse all software code with a standard tool.,mlm_tapt/must/nice_to_have;mlm_tapt/shall/nice_to_have,dynamically analyse all software code with a standard tool,MORFOLOGIK_RULE_EN_US,TYPOS,False,True,analyse,Possible spelling mistake. ‘analyse’ is British English.,analyze
It would be useful if the system could employ an observation report management system during SICCI system development to track all observation reports during software implementation.,mlm_tapt/must/nice_to_have;mlm_tapt/shall/nice_to_have,employ an observation report management system during SICCI system development to track all observation reports during software implementation,MORFOLOGIK_RULE_EN_US,TYPOS,False,True,SICCI,Possible spelling mistake found.,SI CCI | SIC CI
It would be useful if the system could enable 2 out of 3 Program Administrators/Nursing Staff Members to successfully manage scheduling of classes and clinicals.,nice/must/nice_to_have;nice/shall/nice_to_have;probe/useful_if,enable 2 out of 3 Program Administrators/Nursing Staff Members to successfully manage scheduling of classes and clinicals,MORFOLOGIK_RULE_EN_US,TYPOS,False,True,clinicals,Possible spelling mistake found.,clinical
It would be useful if the system could enable EIRENE users to originate and receive calls by functional number.,pure/nice_to_have,enable EIRENE users to originate and receive calls by functional number,MORFOLOGIK_RULE_EN_US,TYPOS,False,True,EIRENE,Possible spelling mistake found.,IRENE
"It would be useful if the system could enable calibration of the colour response of the instruments by providing a calibration target and, if mission analysis foresees a lunar flyby, allow imaging of the Apollo 16 landing site.",mlm_tapt/must/nice_to_have;mlm_tapt/shall/nice_to_have,"enable calibration of the colour response of the instruments by providing a calibration target and, if mission analysis foresees a lunar flyby, allow imaging of the Apollo 16 landing site",MORFOLOGIK_RULE_EN_US,TYPOS,False,True,colour,Possible spelling mistake. ‘colour’ is British English.,color
It would be useful if the system could ensure the IPSF in all channels in the UVN is sufficiently broad to allow spatially contiguous observations.,mlm_tapt/must/nice_to_have;mlm_tapt/shall/nice_to_have,ensure the IPSF in all channels in the UVN is sufficiently broad to allow spatially contiguous observations,MORFOLOGIK_RULE_EN_US,TYPOS,False,True,IPSF,Possible spelling mistake found.,IPS | PSF | IPSA
It would be useful if the system could ensure the IPSF in all channels in the UVN is sufficiently broad to allow spatially contiguous observations.,mlm_tapt/must/nice_to_have;mlm_tapt/shall/nice_to_have,ensure the IPSF in all channels in the UVN is sufficiently broad to allow spatially contiguous observations,MORFOLOGIK_RULE_EN_US,TYPOS,False,True,UVN,Possible spelling mistake found.,UV | URN | LVN
It would be useful if the system could establish and maintain a frequency control plan as part of the EMC programme.,mlm_tapt/must/nice_to_have;mlm_tapt/shall/nice_to_have,establish and maintain a frequency control plan as part of the EMC programme,MORFOLOGIK_RULE_EN_US,TYPOS,False,True,programme,Possible spelling mistake. ‘programme’ is British English.,program
It would be useful if the system could execute service observing on behalf of PIs from a combined list of observing blocks from all partners via a scheduling process over six month periods.,mlm_tapt/must/nice_to_have;mlm_tapt/shall/nice_to_have,execute service observing on behalf of PIs from a combined list of observing blocks from all partners via a scheduling process over six month periods,MORFOLOGIK_RULE_EN_US,TYPOS,False,True,PIs,Possible spelling mistake found.,PI's | PI | Pis
It would be useful if the system could execute service observing on behalf of PIs from a combined list of observing blocks from all partners via a scheduling process over six month periods.,mlm_tapt/must/nice_to_have;mlm_tapt/shall/nice_to_have,execute service observing on behalf of PIs from a combined list of observing blocks from all partners via a scheduling process over six month periods,MONTH_HYPHEN,GRAMMAR,True,True,six month,"When a time span like ‘six-month’ is used as a modifier, it is usually spelled with a hyphen.",six-month
It would be useful if the system could feature a dedicated on/off key.,mlm_tapt/must/nice_to_have;mlm_tapt/shall/nice_to_have,feature a dedicated on/off key,EN_COMPOUNDS_OFF_KEY,MISC,True,True,off key,This word is normally spelled with a hyphen.,off-key
It would be useful if the system could functionally treat the provision of ECV data products to parties outside of the SICCI system commonly for both SIT and SIC.,mlm_tapt/must/nice_to_have;mlm_tapt/shall/nice_to_have,functionally treat the provision of ECV data products to parties outside of the SICCI system commonly for both SIT and SIC,MORFOLOGIK_RULE_EN_US,TYPOS,False,True,ECV,Possible spelling mistake found.,CV | ECG | ECD
It would be useful if the system could functionally treat the provision of ECV data products to parties outside of the SICCI system commonly for both SIT and SIC.,mlm_tapt/must/nice_to_have;mlm_tapt/shall/nice_to_have,functionally treat the provision of ECV data products to parties outside of the SICCI system commonly for both SIT and SIC,OUTSIDE_OF,REDUNDANCY,False,True,outside of,This phrase is redundant. Consider using “outside”.,outside
It would be useful if the system could functionally treat the provision of ECV data products to parties outside of the SICCI system commonly for both SIT and SIC.,mlm_tapt/must/nice_to_have;mlm_tapt/shall/nice_to_have,functionally treat the provision of ECV data products to parties outside of the SICCI system commonly for both SIT and SIC,MORFOLOGIK_RULE_EN_US,TYPOS,False,True,SICCI,Possible spelling mistake found.,SI CCI | SIC CI
It would be useful if the system could handle all of the user requests/usage during business hours.,nice/must/nice_to_have;nice/shall/nice_to_have;probe/useful_if,handle all of the user requests/usage during business hours,ALL_OF_THE,REDUNDANCY,False,True,all of the,Consider removing “of” to be more concise,all the
It would be useful if the system could have a MDI form that allows for the viewing of the graph and the data table.,nice/must/nice_to_have;nice/shall/nice_to_have;probe/useful_if,have a MDI form that allows for the viewing of the graph and the data table,EN_A_VS_AN,MISC,True,True,a,"Use “an” instead of ‘a’ if the following word starts with a vowel sound, e.g. ‘an article’, ‘an hour’.",an
It would be useful if the system could have a field of view greater than 30 x 30 arcsec.,mlm_tapt/must/nice_to_have;mlm_tapt/shall/nice_to_have,have a field of view greater than 30 x 30 arcsec,MORFOLOGIK_RULE_EN_US,TYPOS,False,True,arcsec,Possible spelling mistake found.,arc sec
It would be useful if the system could help the user avoid making mistakes while scheduling classes and clinicals for the nursing students.,nice/must/nice_to_have;nice/shall/nice_to_have;probe/useful_if,help the user avoid making mistakes while scheduling classes and clinicals for the nursing students,MORFOLOGIK_RULE_EN_US,TYPOS,False,True,clinicals,Possible spelling mistake found.,clinical
It would be useful if the system could include street address city state and zipcode.,nice/must/nice_to_have;nice/shall/nice_to_have;probe/useful_if,include street address city state and zipcode,MORFOLOGIK_RULE_EN_US,TYPOS,False,True,zipcode,Possible spelling mistake found.,zip code
It would be useful if the system could indicate pantograph and power-supply information from the ETCS trainborne equipment on the DMI.,pure/nice_to_have,indicate pantograph and power-supply information from the ETCS trainborne equipment on the DMI,MORFOLOGIK_RULE_EN_US,TYPOS,False,True,ETCS,Possible spelling mistake found.,ETC | TCS | ETCH
It would be useful if the system could indicate pantograph and power-supply information from the ETCS trainborne equipment on the DMI.,pure/nice_to_have,indicate pantograph and power-supply information from the ETCS trainborne equipment on the DMI,MORFOLOGIK_RULE_EN_US,TYPOS,False,True,trainborne,Possible spelling mistake found.,train borne
It would be useful if the system could inform the appropriate ERTMS/ETCS RBC when a Train emergency call is initiated.,pure/nice_to_have,inform the appropriate ERTMS/ETCS RBC when a Train emergency call is initiated,MORFOLOGIK_RULE_EN_US,TYPOS,False,True,ETCS,Possible spelling mistake found.,ETC | TCS | ETCH
It would be useful if the system could interface with CampusConnect's central server.,nice/must/nice_to_have;nice/shall/nice_to_have;probe/useful_if,interface with CampusConnect's central server,MORFOLOGIK_RULE_EN_US,TYPOS,False,True,CampusConnect,Possible spelling mistake found.,Campus Connect
It would be useful if the system could interface with the ChoiceParts system once per day at approximately 1:00 AM.,nice/must/nice_to_have;nice/shall/nice_to_have;probe/useful_if,interface with the ChoiceParts system once per day at approximately 1:00 AM,MORFOLOGIK_RULE_EN_US,TYPOS,False,True,ChoiceParts,Possible spelling mistake found.,Choice Parts
It would be useful if the system could limit NESDIS ESPC outages in support of JPSS functions to less than 5 hours over a 30-day period.,mlm_tapt/must/nice_to_have;mlm_tapt/shall/nice_to_have,limit NESDIS ESPC outages in support of JPSS functions to less than 5 hours over a 30-day period,MORFOLOGIK_RULE_EN_US,TYPOS,False,True,ESPC,Possible spelling mistake found.,ESPN | ESP | ESC
"It would be useful if the system could limit S-NPP and JPSS-n satellite operational outages, excluding on-orbit failures, to less than 2 hours over any 30-day period for the mission lifetime.",mlm_tapt/must/nice_to_have;mlm_tapt/shall/nice_to_have,"limit S-NPP and JPSS-n satellite operational outages, excluding on-orbit failures, to less than 2 hours over any 30-day period for the mission lifetime",MORFOLOGIK_RULE_EN_US,TYPOS,False,True,JPSS-n,Possible spelling mistake found.,Lesson | Jason | Jesse
It would be useful if the system could make SSO ephemerides information available to the MOC SSO database.,mlm_tapt/must/nice_to_have;mlm_tapt/shall/nice_to_have,make SSO ephemerides information available to the MOC SSO database,MORFOLOGIK_RULE_EN_US,TYPOS,False,True,ephemerides,Possible spelling mistake found.,ephemeris
"It would be useful if the system could make available all products identified in Appendix A as ""ESPC Product Generation"" to CLASS.",mlm_tapt/must/nice_to_have;mlm_tapt/shall/nice_to_have,"make available all products identified in Appendix A as ""ESPC Product Generation"" to CLASS",MORFOLOGIK_RULE_EN_US,TYPOS,False,True,ESPC,Possible spelling mistake found.,ESPN | ESP | ESC
"It would be useful if the system could make information on the most recent down-linked packet (Packet APID, SSC and time) available in the housekeeping telemetry.",mlm_tapt/must/nice_to_have;mlm_tapt/shall/nice_to_have,"make information on the most recent down-linked packet (Packet APID, SSC and time) available in the housekeeping telemetry",MORFOLOGIK_RULE_EN_US,TYPOS,False,True,APID,Possible spelling mistake found.,ACID | AID | RAPID
It would be useful if the system could manage a metadata catalogue of SIT products generated by the ECV processing chain.,mlm_tapt/must/nice_to_have;mlm_tapt/shall/nice_to_have,manage a metadata catalogue of SIT products generated by the ECV processing chain,MORFOLOGIK_RULE_EN_US,TYPOS,False,True,ECV,Possible spelling mistake found.,CV | ECG | ECD
It would be useful if the system could meet the performance requirements for SZAs smaller than 80 degrees.,mlm_tapt/must/nice_to_have;mlm_tapt/shall/nice_to_have,meet the performance requirements for SZAs smaller than 80 degrees,MORFOLOGIK_RULE_EN_US,TYPOS,False,True,SZAs,Possible spelling mistake found.,Seas | SAS | Spas
It would be useful if the system could obtain RBC permission for transfer to Shunting when the train operates under RBC control to prevent unauthorised use.,pure/nice_to_have,obtain RBC permission for transfer to Shunting when the train operates under RBC control to prevent unauthorised use,MORFOLOGIK_RULE_EN_US,TYPOS,False,True,unauthorised,Possible spelling mistake. ‘unauthorised’ is British English.,unauthorized
It would be useful if the system could obtain a shape model of the NEA with an accuracy of typically 1 m in height and spatial resolution with respect to the centre of mass.,mlm_tapt/must/nice_to_have;mlm_tapt/shall/nice_to_have,obtain a shape model of the NEA with an accuracy of typically 1 m in height and spatial resolution with respect to the centre of mass,MORFOLOGIK_RULE_EN_US,TYPOS,False,True,centre,Possible spelling mistake. ‘centre’ is British English.,center
It would be useful if the system could output attitude measurements in the form of quaternions for use by the AOCS at a 1 Hz rate.,mlm_tapt/must/nice_to_have;mlm_tapt/shall/nice_to_have,output attitude measurements in the form of quaternions for use by the AOCS at a 1 Hz rate,MORFOLOGIK_RULE_EN_US,TYPOS,False,True,AOCS,Possible spelling mistake found.,ACS | ARCS | OCS
It would be useful if the system could permanently store harmonised default values in all ERTMS/ETCS onboard equipment.,pure/nice_to_have,permanently store harmonised default values in all ERTMS/ETCS onboard equipment,MORFOLOGIK_RULE_EN_US,TYPOS,False,True,harmonised,Possible spelling mistake. ‘harmonised’ is British English.,harmonized
It would be useful if the system could permanently store harmonised default values in all ERTMS/ETCS onboard equipment.,pure/nice_to_have,permanently store harmonised default values in all ERTMS/ETCS onboard equipment,MORFOLOGIK_RULE_EN_US,TYPOS,False,True,ETCS,Possible spelling mistake found.,ETC | TCS | ETCH
It would be useful if the system could produce growing stock volume maps from multitemporal SAR data.,mlm_tapt/must/nice_to_have;mlm_tapt/shall/nice_to_have,produce growing stock volume maps from multitemporal SAR data,MORFOLOGIK_RULE_EN_US,TYPOS,False,True,multitemporal,Possible spelling mistake found.,
"It would be useful if the system could provide (search, timing, archive and VLBI) non-imaging observation modes.",mlm_tapt/must/nice_to_have;mlm_tapt/shall/nice_to_have,"provide (search, timing, archive and VLBI) non-imaging observation modes",MORFOLOGIK_RULE_EN_US,TYPOS,False,True,VLBI,Possible spelling mistake found.,VLSI | ALBI | LBI
It would be useful if the system could provide 45 dB polarisation dynamic range at 300 arcsec spatial and 1 MHz spectral resolution to enable EoR imaging at 50  200 MHz (HPSO 1).,mlm_tapt/must/nice_to_have;mlm_tapt/shall/nice_to_have,provide 45 dB polarisation dynamic range at 300 arcsec spatial and 1 MHz spectral resolution to enable EoR imaging at 50  200 MHz (HPSO 1),MORFOLOGIK_RULE_EN_US,TYPOS,False,True,polarisation,Possible spelling mistake. ‘polarisation’ is British English.,polarization
It would be useful if the system could provide 45 dB polarisation dynamic range at 300 arcsec spatial and 1 MHz spectral resolution to enable EoR imaging at 50  200 MHz (HPSO 1).,mlm_tapt/must/nice_to_have;mlm_tapt/shall/nice_to_have,provide 45 dB polarisation dynamic range at 300 arcsec spatial and 1 MHz spectral resolution to enable EoR imaging at 50  200 MHz (HPSO 1),MORFOLOGIK_RULE_EN_US,TYPOS,False,True,arcsec,Possible spelling mistake found.,arc sec
It would be useful if the system could provide 45 dB polarisation dynamic range at 300 arcsec spatial and 1 MHz spectral resolution to enable EoR imaging at 50  200 MHz (HPSO 1).,mlm_tapt/must/nice_to_have;mlm_tapt/shall/nice_to_have,provide 45 dB polarisation dynamic range at 300 arcsec spatial and 1 MHz spectral resolution to enable EoR imaging at 50  200 MHz (HPSO 1),MORFOLOGIK_RULE_EN_US,TYPOS,False,True,EoR,Possible spelling mistake found.,For | Or | Nor
It would be useful if the system could provide 45 dB polarisation dynamic range at 300 arcsec spatial and 1 MHz spectral resolution to enable EoR imaging at 50  200 MHz (HPSO 1).,mlm_tapt/must/nice_to_have;mlm_tapt/shall/nice_to_have,provide 45 dB polarisation dynamic range at 300 arcsec spatial and 1 MHz spectral resolution to enable EoR imaging at 50  200 MHz (HPSO 1),MORFOLOGIK_RULE_EN_US,TYPOS,False,True,HPSO,Possible spelling mistake found.,PSO | HMSO | CHPSO
It would be useful if the system could provide 45 dB spectral dynamic range at auto-correlation spatial and 300 kHz spectral resolution to enable sensitive intensity mapping at 350  1050 MHz (HPSO 32).,mlm_tapt/must/nice_to_have;mlm_tapt/shall/nice_to_have,provide 45 dB spectral dynamic range at auto-correlation spatial and 300 kHz spectral resolution to enable sensitive intensity mapping at 350  1050 MHz (HPSO 32),MORFOLOGIK_RULE_EN_US,TYPOS,False,True,HPSO,Possible spelling mistake found.,PSO | HMSO | CHPSO
It would be useful if the system could provide 50 dB spectral dynamic range at 300 arcsec spatial and 1 MHz spectral resolution to enable EoR imaging at 50  200 MHz (HPSO 1).,mlm_tapt/must/nice_to_have;mlm_tapt/shall/nice_to_have,provide 50 dB spectral dynamic range at 300 arcsec spatial and 1 MHz spectral resolution to enable EoR imaging at 50  200 MHz (HPSO 1),MORFOLOGIK_RULE_EN_US,TYPOS,False,True,arcsec,Possible spelling mistake found.,arc sec
It would be useful if the system could provide 50 dB spectral dynamic range at 300 arcsec spatial and 1 MHz spectral resolution to enable EoR imaging at 50  200 MHz (HPSO 1).,mlm_tapt/must/nice_to_have;mlm_tapt/shall/nice_to_have,provide 50 dB spectral dynamic range at 300 arcsec spatial and 1 MHz spectral resolution to enable EoR imaging at 50  200 MHz (HPSO 1),MORFOLOGIK_RULE_EN_US,TYPOS,False,True,EoR,Possible spelling mistake found.,For | Or | Nor
It would be useful if the system could provide 50 dB spectral dynamic range at 300 arcsec spatial and 1 MHz spectral resolution to enable EoR imaging at 50  200 MHz (HPSO 1).,mlm_tapt/must/nice_to_have;mlm_tapt/shall/nice_to_have,provide 50 dB spectral dynamic range at 300 arcsec spatial and 1 MHz spectral resolution to enable EoR imaging at 50  200 MHz (HPSO 1),MORFOLOGIK_RULE_EN_US,TYPOS,False,True,HPSO,Possible spelling mistake found.,PSO | HMSO | CHPSO
"It would be useful if the system could provide EIRENE mobile radio equipment whose design, testing and installation all comply with the quality procedures defined in ISO 9001.",pure/nice_to_have,"provide EIRENE mobile radio equipment whose design, testing and installation all comply with the quality procedures defined in ISO 9001",MORFOLOGIK_RULE_EN_US,TYPOS,False,True,EIRENE,Possible spelling mistake found.,IRENE
"It would be useful if the system could provide a list of hazardous materials used for all items intended for use in the SKA1 detailing suggested handling precautions, disposal instructions and contra- indications.",mlm_tapt/must/nice_to_have;mlm_tapt/shall/nice_to_have,"provide a list of hazardous materials used for all items intended for use in the SKA1 detailing suggested handling precautions, disposal instructions and contra- indications",EN_SPLIT_WORDS_HYPHEN,TYPOS,False,True,contra- indications,This word seems to contain an unnecessary hyphen.,contraindications
It would be useful if the system could provide an NFIRAOS unvignetted field of view with a diameter of at least 2 arcmin.,mlm_tapt/must/nice_to_have;mlm_tapt/shall/nice_to_have,provide an NFIRAOS unvignetted field of view with a diameter of at least 2 arcmin,MORFOLOGIK_RULE_EN_US,TYPOS,False,True,NFIRAOS,Possible spelling mistake found.,FIRAS | NAIRAS
It would be useful if the system could provide an NFIRAOS unvignetted field of view with a diameter of at least 2 arcmin.,mlm_tapt/must/nice_to_have;mlm_tapt/shall/nice_to_have,provide an NFIRAOS unvignetted field of view with a diameter of at least 2 arcmin,MORFOLOGIK_RULE_EN_US,TYPOS,False,True,unvignetted,Possible spelling mistake found.,vignetted | unsigneted
It would be useful if the system could provide an NFIRAOS unvignetted field of view with a diameter of at least 2 arcmin.,mlm_tapt/must/nice_to_have;mlm_tapt/shall/nice_to_have,provide an NFIRAOS unvignetted field of view with a diameter of at least 2 arcmin,MORFOLOGIK_RULE_EN_US,TYPOS,False,True,arcmin,Possible spelling mistake found.,Armin | arc min
It would be useful if the system could provide an X-band HRD interface with OQPSK modulation and alternating bits on I and Q.,mlm_tapt/must/nice_to_have;mlm_tapt/shall/nice_to_have,provide an X-band HRD interface with OQPSK modulation and alternating bits on I and Q,MORFOLOGIK_RULE_EN_US,TYPOS,False,True,OQPSK,Possible spelling mistake found.,OPS | OMSK | OOPS
It would be useful if the system could provide an advisory indication to pre-empted parties where pre-emption occurs.,pure/nice_to_have,provide an advisory indication to pre-empted parties where pre-emption occurs,MORFOLOGIK_RULE_EN_US,TYPOS,False,True,pre-emption,Possible spelling mistake found.,preemption
"It would be useful if the system could provide antenna temperatures calibrated from ATMS RDRs, for all ATMS earth scene measurements, at the refresh rates of the instrument.",mlm_tapt/must/nice_to_have;mlm_tapt/shall/nice_to_have,"provide antenna temperatures calibrated from ATMS RDRs, for all ATMS earth scene measurements, at the refresh rates of the instrument",MORFOLOGIK_RULE_EN_US,TYPOS,False,True,ATMS,Possible spelling mistake found.,ATMs | ARMS | AIMS
"It would be useful if the system could provide antenna temperatures calibrated from ATMS RDRs, for all ATMS earth scene measurements, at the refresh rates of the instrument.",mlm_tapt/must/nice_to_have;mlm_tapt/shall/nice_to_have,"provide antenna temperatures calibrated from ATMS RDRs, for all ATMS earth scene measurements, at the refresh rates of the instrument",MORFOLOGIK_RULE_EN_US,TYPOS,False,True,ATMS,Possible spelling mistake found.,ATMs | ARMS | AIMS
It would be useful if the system could provide crew displays and controls that are operable by a crewmember from within any habitable environment.,mlm_tapt/must/nice_to_have;mlm_tapt/shall/nice_to_have,provide crew displays and controls that are operable by a crewmember from within any habitable environment,MORFOLOGIK_RULE_EN_US,TYPOS,False,True,crewmember,Possible spelling mistake found.,crew member
It would be useful if the system could provide network support for all EIRENE-compliant mobiles.,pure/nice_to_have,provide network support for all EIRENE-compliant mobiles,MORFOLOGIK_RULE_EN_US,TYPOS,False,True,EIRENE-compliant,Possible spelling mistake found.,IRENE-compliant
It would be useful if the system could provide on-train mobiles with a standardised interface to ERTMS/ETCS.,pure/nice_to_have,provide on-train mobiles with a standardised interface to ERTMS/ETCS,MORFOLOGIK_RULE_EN_US,TYPOS,False,True,standardised,Possible spelling mistake. ‘standardised’ is British English.,standardized
It would be useful if the system could provide on-train mobiles with a standardised interface to ERTMS/ETCS.,pure/nice_to_have,provide on-train mobiles with a standardised interface to ERTMS/ETCS,MORFOLOGIK_RULE_EN_US,TYPOS,False,True,ETCS,Possible spelling mistake found.,ETC | TCS | ETCH
It would be useful if the system could provide remote observing (from sea-level headquarters (HQ) or other physical location (TBC).,mlm_tapt/must/nice_to_have;mlm_tapt/shall/nice_to_have,provide remote observing (from sea-level headquarters (HQ) or other physical location (TBC),EN_UNPAIRED_BRACKETS,PUNCTUATION,False,True,(,Unpaired symbol: ‘)’ seems to be missing,
It would be useful if the system could provide the driver with ETCS information for driving the train safely.,pure/nice_to_have,provide the driver with ETCS information for driving the train safely,MORFOLOGIK_RULE_EN_US,TYPOS,False,True,ETCS,Possible spelling mistake found.,ETC | TCS | ETCH
It would be useful if the system could provide timing accuracy of at least 10 nsec over a 10 year time year interval to enable precision pulsar timing at 150  350 MHz (HPSO 5).,mlm_tapt/must/nice_to_have;mlm_tapt/shall/nice_to_have,provide timing accuracy of at least 10 nsec over a 10 year time year interval to enable precision pulsar timing at 150  350 MHz (HPSO 5),MORFOLOGIK_RULE_EN_US,TYPOS,False,True,nsec,Possible spelling mistake found.,NEC | sec | msec
It would be useful if the system could provide timing accuracy of at least 10 nsec over a 10 year time year interval to enable precision pulsar timing at 150  350 MHz (HPSO 5).,mlm_tapt/must/nice_to_have;mlm_tapt/shall/nice_to_have,provide timing accuracy of at least 10 nsec over a 10 year time year interval to enable precision pulsar timing at 150  350 MHz (HPSO 5),MISSING_HYPHEN,PUNCTUATION,False,True,10 year,"When a number forms part of an adjectival compound, use a hyphen.",10-year
It would be useful if the system could provide timing accuracy of at least 10 nsec over a 10 year time year interval to enable precision pulsar timing at 150  350 MHz (HPSO 5).,mlm_tapt/must/nice_to_have;mlm_tapt/shall/nice_to_have,provide timing accuracy of at least 10 nsec over a 10 year time year interval to enable precision pulsar timing at 150  350 MHz (HPSO 5),MORFOLOGIK_RULE_EN_US,TYPOS,False,True,HPSO,Possible spelling mistake found.,PSO | HMSO | CHPSO
It would be useful if the system could record information accurately enough to provide a clear view of ETCS functioning and how the traction unit was driven.,pure/nice_to_have,record information accurately enough to provide a clear view of ETCS functioning and how the traction unit was driven,MORFOLOGIK_RULE_EN_US,TYPOS,False,True,ETCS,Possible spelling mistake found.,ETC | TCS | ETCH
It would be useful if the system could remove the displayed functional number on the EIRENE mobile and indicate to the user that deregistration has occurred.,pure/nice_to_have,remove the displayed functional number on the EIRENE mobile and indicate to the user that deregistration has occurred,MORFOLOGIK_RULE_EN_US,TYPOS,False,True,EIRENE,Possible spelling mistake found.,IRENE
It would be useful if the system could require train-data entry before the onboard ETCS equipment allows train movement.,pure/nice_to_have,require train-data entry before the onboard ETCS equipment allows train movement,MORFOLOGIK_RULE_EN_US,TYPOS,False,True,ETCS,Possible spelling mistake found.,ETC | TCS | ETCH
It would be useful if the system could resolve the zipcode for the street address city and state if zipcode is unknown.,nice/must/nice_to_have;nice/shall/nice_to_have;probe/useful_if,resolve the zipcode for the street address city and state if zipcode is unknown,MORFOLOGIK_RULE_EN_US,TYPOS,False,True,zipcode,Possible spelling mistake found.,zip code
It would be useful if the system could resolve the zipcode for the street address city and state if zipcode is unknown.,nice/must/nice_to_have;nice/shall/nice_to_have;probe/useful_if,resolve the zipcode for the street address city and state if zipcode is unknown,MORFOLOGIK_RULE_EN_US,TYPOS,False,True,zipcode,Possible spelling mistake found.,zip code
It would be useful if the system could restrict access to final class section scheduling for the CampusConnect interface to Dr Susan Poslusny and Karen Sysol.,nice/must/nice_to_have;nice/shall/nice_to_have;probe/useful_if,restrict access to final class section scheduling for the CampusConnect interface to Dr Susan Poslusny and Karen Sysol,MORFOLOGIK_RULE_EN_US,TYPOS,False,True,CampusConnect,Possible spelling mistake found.,Campus Connect
It would be useful if the system could restrict access to final class section scheduling for the CampusConnect interface to Dr Susan Poslusny and Karen Sysol.,nice/must/nice_to_have;nice/shall/nice_to_have;probe/useful_if,restrict access to final class section scheduling for the CampusConnect interface to Dr Susan Poslusny and Karen Sysol,MORFOLOGIK_RULE_EN_US,TYPOS,False,True,Poslusny,Possible spelling mistake found.,Slushy | Plushy | Poilus
It would be useful if the system could restrict access to final class section scheduling for the CampusConnect interface to Dr Susan Poslusny and Karen Sysol.,nice/must/nice_to_have;nice/shall/nice_to_have;probe/useful_if,restrict access to final class section scheduling for the CampusConnect interface to Dr Susan Poslusny and Karen Sysol,MORFOLOGIK_RULE_EN_US,TYPOS,False,True,Sysol,Possible spelling mistake found.,Sysop | Lysol
It would be useful if the system could restrict access to students' personal information to Dr Susan Poslusny and Dr Julie Donalek.,nice/must/nice_to_have;nice/shall/nice_to_have;probe/useful_if,restrict access to students' personal information to Dr Susan Poslusny and Dr Julie Donalek,MORFOLOGIK_RULE_EN_US,TYPOS,False,True,Poslusny,Possible spelling mistake found.,Slushy | Plushy | Poilus
It would be useful if the system could restrict access to students' personal information to Dr Susan Poslusny and Dr Julie Donalek.,nice/must/nice_to_have;nice/shall/nice_to_have;probe/useful_if,restrict access to students' personal information to Dr Susan Poslusny and Dr Julie Donalek,MORFOLOGIK_RULE_EN_US,TYPOS,False,True,Donalek,Possible spelling mistake found.,Donated | Donald | Donate
It would be useful if the system could restrict access to the CampusConnect interface portion of the system to authorized users.,nice/must/nice_to_have;nice/shall/nice_to_have;probe/useful_if,restrict access to the CampusConnect interface portion of the system to authorized users,MORFOLOGIK_RULE_EN_US,TYPOS,False,True,CampusConnect,Possible spelling mistake found.,Campus Connect
It would be useful if the system could search for the preferred repair facility using vehicle vehicle location and radius in miles.,nice/must/nice_to_have;nice/shall/nice_to_have;probe/useful_if,search for the preferred repair facility using vehicle vehicle location and radius in miles,ENGLISH_WORD_REPEAT_RULE,MISC,True,True,vehicle vehicle,Possible typo: you repeated a word.,vehicle
It would be useful if the system could slew telescope to target during target acquisition in GLAO mode in a maximum of 120 sec.,mlm_tapt/must/nice_to_have;mlm_tapt/shall/nice_to_have,slew telescope to target during target acquisition in GLAO mode in a maximum of 120 sec,MORFOLOGIK_RULE_EN_US,TYPOS,False,True,GLAO,Possible spelling mistake found.,LAO | GLAD | GAAO
It would be useful if the system could start LEOP at switchover from ground-supplied power to the space segment internal batteries.,mlm_tapt/must/nice_to_have;mlm_tapt/shall/nice_to_have,start LEOP at switchover from ground-supplied power to the space segment internal batteries,MORFOLOGIK_RULE_EN_US,TYPOS,False,True,LEOP,Possible spelling mistake found.,LOOP | LEON | LEAP
It would be useful if the system could supervise Shunting operation with ETCS up to the permitted national speed value.,pure/nice_to_have,supervise Shunting operation with ETCS up to the permitted national speed value,MORFOLOGIK_RULE_EN_US,TYPOS,False,True,ETCS up,Possible spelling mistake found.,ETC Sup | ETC up | TCS up
It would be useful if the system could supervise the end of movement authority with the ETCS trainborne equipment if that information is available onboard.,pure/nice_to_have,supervise the end of movement authority with the ETCS trainborne equipment if that information is available onboard,MORFOLOGIK_RULE_EN_US,TYPOS,False,True,ETCS,Possible spelling mistake found.,ETC | TCS | ETCH
It would be useful if the system could supervise the end of movement authority with the ETCS trainborne equipment if that information is available onboard.,pure/nice_to_have,supervise the end of movement authority with the ETCS trainborne equipment if that information is available onboard,MORFOLOGIK_RULE_EN_US,TYPOS,False,True,trainborne,Possible spelling mistake found.,train borne
It would be useful if the system could support ETCS operation up to a maximum train speed of 500 km/h.,pure/nice_to_have,support ETCS operation up to a maximum train speed of 500 km/h,MORFOLOGIK_RULE_EN_US,TYPOS,False,True,ETCS,Possible spelling mistake found.,ETC | TCS | ETCH
It would be useful if the system could support modifications to ESPC blended products.,mlm_tapt/must/nice_to_have;mlm_tapt/shall/nice_to_have,support modifications to ESPC blended products,MORFOLOGIK_RULE_EN_US,TYPOS,False,True,ESPC,Possible spelling mistake found.,ESPN | ESP | ESC
It would be useful if the system could support re-registration of functional numbers after selection of a new network to allow roaming between EIRENE networks.,pure/nice_to_have,support re-registration of functional numbers after selection of a new network to allow roaming between EIRENE networks,MORFOLOGIK_RULE_EN_US,TYPOS,False,True,EIRENE,Possible spelling mistake found.,IRENE
It would be useful if the system could support stability of the processing chain for re- processing and its continuous extension in order to support consistency of the output dataset.,mlm_tapt/must/nice_to_have;mlm_tapt/shall/nice_to_have,support stability of the processing chain for re- processing and its continuous extension in order to support consistency of the output dataset,EN_SPLIT_WORDS_HYPHEN,TYPOS,False,True,re- processing,This word seems to contain an unnecessary hyphen.,reprocessing
It would be useful if the system could transmit the entire train's location from ETCS trainborne equipment to the RBC on lines fitted with RBC.,pure/nice_to_have,transmit the entire train's location from ETCS trainborne equipment to the RBC on lines fitted with RBC,MORFOLOGIK_RULE_EN_US,TYPOS,False,True,ETCS,Possible spelling mistake found.,ETC | TCS | ETCH
It would be useful if the system could transmit the entire train's location from ETCS trainborne equipment to the RBC on lines fitted with RBC.,pure/nice_to_have,transmit the entire train's location from ETCS trainborne equipment to the RBC on lines fitted with RBC,MORFOLOGIK_RULE_EN_US,TYPOS,False,True,trainborne,Possible spelling mistake found.,train borne
It would be useful if the system could use a DSN antenna with a diameter of 34 meters as specified in the JWST Flight Observatory to Ground Segment IRCD (JWST-IRCD-000696).,mlm_tapt/must/nice_to_have;mlm_tapt/shall/nice_to_have,use a DSN antenna with a diameter of 34 meters as specified in the JWST Flight Observatory to Ground Segment IRCD (JWST-IRCD-000696),MORFOLOGIK_RULE_EN_US,TYPOS,False,True,IRCD,Possible spelling mistake found.,RCD | ICD | IRC
Stakeholders mentioned that the system could be intuitive and self explanatory as a possible future enhancement.,probe/future_enhancement,be intuitive and self explanatory,EN_COMPOUNDS_SELF_EXPLANATORY,MISC,True,True,self explanatory,This word is normally spelled with a hyphen.,self-explanatory
Stakeholders mentioned that the system could comply with the estimatics laws relating to recycled parts usage as a possible future enhancement.,probe/future_enhancement,comply with the estimatics laws relating to recycled parts usage,MORFOLOGIK_RULE_EN_US,TYPOS,False,True,estimatics,Possible spelling mistake found.,estimates | estimating | estimation
Stakeholders mentioned that the system could display MSEL Summary data in both graph nodes and table rows as a possible future enhancement.,probe/future_enhancement,display MSEL Summary data in both graph nodes and table rows,MORFOLOGIK_RULE_EN_US,TYPOS,False,True,MSEL,Possible spelling mistake found.,MEL | MSEC | MSE
Stakeholders mentioned that the system could enable 2 out of 3 Program Administrators/Nursing Staff Members to successfully manage scheduling of classes and clinicals as a possible future enhancement.,probe/future_enhancement,enable 2 out of 3 Program Administrators/Nursing Staff Members to successfully manage scheduling of classes and clinicals,MORFOLOGIK_RULE_EN_US,TYPOS,False,True,clinicals,Possible spelling mistake found.,clinical
Stakeholders mentioned that the system could handle all of the user requests/usage during business hours as a possible future enhancement.,probe/future_enhancement,handle all of the user requests/usage during business hours,ALL_OF_THE,REDUNDANCY,False,True,all of the,Consider removing “of” to be more concise,all the
Stakeholders mentioned that the system could have a MDI form that allows for the viewing of the graph and the data table as a possible future enhancement.,probe/future_enhancement,have a MDI form that allows for the viewing of the graph and the data table,EN_A_VS_AN,MISC,True,True,a,"Use “an” instead of ‘a’ if the following word starts with a vowel sound, e.g. ‘an article’, ‘an hour’.",an
Stakeholders mentioned that the system could have basic data integrity checking to reduce the possibility of incorrect or invalid data being introduced as a possible future enhancement.,probe/future_enhancement,have basic data integrity checking to reduce the possibility of incorrect or invalid data being introduced,POSSIBILTY_POSSIBLE,STYLE,False,True,possibility,"Before ‘possible’, use a word such as “chance” or “opportunity”. Alternatively, keep ‘possibility’ and replace ‘possible’.",chance | opportunity
Stakeholders mentioned that the system could help the user avoid making mistakes while scheduling classes and clinicals for the nursing students as a possible future enhancement.,probe/future_enhancement,help the user avoid making mistakes while scheduling classes and clinicals for the nursing students,MORFOLOGIK_RULE_EN_US,TYPOS,False,True,clinicals,Possible spelling mistake found.,clinical
Stakeholders mentioned that the system could include street address city state and zipcode as a possible future enhancement.,probe/future_enhancement,include street address city state and zipcode,MORFOLOGIK_RULE_EN_US,TYPOS,False,True,zipcode,Possible spelling mistake found.,zip code
Stakeholders mentioned that the system could interface with CampusConnect's central server as a possible future enhancement.,probe/future_enhancement,interface with CampusConnect's central server,MORFOLOGIK_RULE_EN_US,TYPOS,False,True,CampusConnect,Possible spelling mistake found.,Campus Connect
Stakeholders mentioned that the system could interface with the ChoiceParts system once per day at approximately 1:00 AM as a possible future enhancement.,probe/future_enhancement,interface with the ChoiceParts system once per day at approximately 1:00 AM,MORFOLOGIK_RULE_EN_US,TYPOS,False,True,ChoiceParts,Possible spelling mistake found.,Choice Parts
Stakeholders mentioned that the system could resolve the zipcode for the street address city and state if zipcode is unknown as a possible future enhancement.,probe/future_enhancement,resolve the zipcode for the street address city and state if zipcode is unknown,MORFOLOGIK_RULE_EN_US,TYPOS,False,True,zipcode,Possible spelling mistake found.,zip code
Stakeholders mentioned that the system could resolve the zipcode for the street address city and state if zipcode is unknown as a possible future enhancement.,probe/future_enhancement,resolve the zipcode for the street address city and state if zipcode is unknown,MORFOLOGIK_RULE_EN_US,TYPOS,False,True,zipcode,Possible spelling mistake found.,zip code
Stakeholders mentioned that the system could restrict access to final class section scheduling for the CampusConnect interface to Dr Susan Poslusny and Karen Sysol as a possible future enhancement.,probe/future_enhancement,restrict access to final class section scheduling for the CampusConnect interface to Dr Susan Poslusny and Karen Sysol,MORFOLOGIK_RULE_EN_US,TYPOS,False,True,CampusConnect,Possible spelling mistake found.,Campus Connect
Stakeholders mentioned that the system could restrict access to final class section scheduling for the CampusConnect interface to Dr Susan Poslusny and Karen Sysol as a possible future enhancement.,probe/future_enhancement,restrict access to final class section scheduling for the CampusConnect interface to Dr Susan Poslusny and Karen Sysol,MORFOLOGIK_RULE_EN_US,TYPOS,False,True,Poslusny,Possible spelling mistake found.,Slushy | Plushy | Poilus
Stakeholders mentioned that the system could restrict access to final class section scheduling for the CampusConnect interface to Dr Susan Poslusny and Karen Sysol as a possible future enhancement.,probe/future_enhancement,restrict access to final class section scheduling for the CampusConnect interface to Dr Susan Poslusny and Karen Sysol,MORFOLOGIK_RULE_EN_US,TYPOS,False,True,Sysol,Possible spelling mistake found.,Sysop | Lysol
Stakeholders mentioned that the system could restrict access to students' personal information to Dr Susan Poslusny and Dr Julie Donalek as a possible future enhancement.,probe/future_enhancement,restrict access to students' personal information to Dr Susan Poslusny and Dr Julie Donalek,MORFOLOGIK_RULE_EN_US,TYPOS,False,True,Poslusny,Possible spelling mistake found.,Slushy | Plushy | Poilus
Stakeholders mentioned that the system could restrict access to students' personal information to Dr Susan Poslusny and Dr Julie Donalek as a possible future enhancement.,probe/future_enhancement,restrict access to students' personal information to Dr Susan Poslusny and Dr Julie Donalek,MORFOLOGIK_RULE_EN_US,TYPOS,False,True,Donalek,Possible spelling mistake found.,Donated | Donald | Donate
Stakeholders mentioned that the system could restrict access to the CampusConnect interface portion of the system to authorized users as a possible future enhancement.,probe/future_enhancement,restrict access to the CampusConnect interface portion of the system to authorized users,MORFOLOGIK_RULE_EN_US,TYPOS,False,True,CampusConnect,Possible spelling mistake found.,Campus Connect
Stakeholders mentioned that the system could search for the preferred repair facility using vehicle vehicle location and radius in miles as a possible future enhancement.,probe/future_enhancement,search for the preferred repair facility using vehicle vehicle location and radius in miles,ENGLISH_WORD_REPEAT_RULE,MISC,True,True,vehicle vehicle,Possible typo: you repeated a word.,vehicle
The system MAY account for odometry error in train-location calculations.,pure/optional,account for odometry error in train-location calculations,MORFOLOGIK_RULE_EN_US,TYPOS,False,True,odometry,Possible spelling mistake found.,iodometry
The system MAY account for the availability of input data from EO archives during development of the SICCI system.,mlm_tapt/must/optional;mlm_tapt/shall/optional,account for the availability of input data from EO archives during development of the SICCI system,MORFOLOGIK_RULE_EN_US,TYPOS,False,True,SICCI,Possible spelling mistake found.,SI CCI | SIC CI
The system MAY allow authorised EIRENE users to receive calls from parties outside the EIRENE network.,pure/optional,allow authorised EIRENE users to receive calls from parties outside the EIRENE network,MORFOLOGIK_RULE_EN_US,TYPOS,False,True,authorised,Possible spelling mistake. ‘authorised’ is British English.,authorized
The system MAY allow authorised EIRENE users to receive calls from parties outside the EIRENE network.,pure/optional,allow authorised EIRENE users to receive calls from parties outside the EIRENE network,MORFOLOGIK_RULE_EN_US,TYPOS,False,True,EIRENE,Possible spelling mistake found.,IRENE
The system MAY allow authorised EIRENE users to receive calls from parties outside the EIRENE network.,pure/optional,allow authorised EIRENE users to receive calls from parties outside the EIRENE network,MORFOLOGIK_RULE_EN_US,TYPOS,False,True,EIRENE,Possible spelling mistake found.,IRENE
The system MAY allow established calls to be put on hold or cleared down by pre-emption to meet other call priorities.,pure/optional,allow established calls to be put on hold or cleared down by pre-emption to meet other call priorities,MORFOLOGIK_RULE_EN_US,TYPOS,False,True,pre-emption,Possible spelling mistake found.,preemption
The system MAY allow non-registered users to access all areas of the SICCI portal except those used for downloading SICCI products.,mlm_tapt/must/optional;mlm_tapt/shall/optional,allow non-registered users to access all areas of the SICCI portal except those used for downloading SICCI products,MORFOLOGIK_RULE_EN_US,TYPOS,False,True,SICCI,Possible spelling mistake found.,SI CCI | SIC CI
The system MAY allow non-registered users to access all areas of the SICCI portal except those used for downloading SICCI products.,mlm_tapt/must/optional;mlm_tapt/shall/optional,allow non-registered users to access all areas of the SICCI portal except those used for downloading SICCI products,MORFOLOGIK_RULE_EN_US,TYPOS,False,True,SICCI,Possible spelling mistake found.,SI CCI | SIC CI
The system MAY allow the driver to release an ETCS emergency-brake application when the train is stationary.,pure/optional,allow the driver to release an ETCS emergency-brake application when the train is stationary,MORFOLOGIK_RULE_EN_US,TYPOS,False,True,ETCS,Possible spelling mistake found.,ETC | TCS | ETCH
The system MAY allow the driver to release the ETCS emergency brake below the permitted speed if authorised by a national value.,pure/optional,allow the driver to release the ETCS emergency brake below the permitted speed if authorised by a national value,MORFOLOGIK_RULE_EN_US,TYPOS,False,True,ETCS,Possible spelling mistake found.,ETC | TCS | ETCH
The system MAY allow the driver to release the ETCS emergency brake below the permitted speed if authorised by a national value.,pure/optional,allow the driver to release the ETCS emergency brake below the permitted speed if authorised by a national value,MORFOLOGIK_RULE_EN_US,TYPOS,False,True,authorised,Possible spelling mistake. ‘authorised’ is British English.,authorized
The system MAY allow transfer to Shunting on the driver's selection only when the train is stationary.,pure/optional,allow transfer to Shunting on the driver's selection only when the train is stationary,TO_NON_BASE,GRAMMAR,True,True,Shunting,"The verb after “to” should be in the base form as part of the to-infinitive. A verb can take many forms, but the base form is always used in the to-infinitive.",Shunt
The system MAY apply the emergency brake with the trainborne equipment after the train travels the distance defined by a national value during roll-away or unwanted reverse movement.,pure/optional,apply the emergency brake with the trainborne equipment after the train travels the distance defined by a national value during roll-away or unwanted reverse movement,MORFOLOGIK_RULE_EN_US,TYPOS,False,True,trainborne,Possible spelling mistake found.,train borne
The system MAY automatically detect new ancillary data associated with recognised primary satellite data where such ancillary data is as defined by the DARD.,mlm_tapt/must/optional;mlm_tapt/shall/optional,automatically detect new ancillary data associated with recognised primary satellite data where such ancillary data is as defined by the DARD,MORFOLOGIK_RULE_EN_US,TYPOS,False,True,recognised,Possible spelling mistake. ‘recognised’ is British English.,recognized
The system MAY automatically detect new ancillary data associated with recognised primary satellite data where such ancillary data is as defined by the DARD.,mlm_tapt/must/optional;mlm_tapt/shall/optional,automatically detect new ancillary data associated with recognised primary satellite data where such ancillary data is as defined by the DARD,MORFOLOGIK_RULE_EN_US,TYPOS,False,True,DARD,Possible spelling mistake found.,HARD | CARD | DARK
The system MAY automatically prioritise the Shunting emergency call over the link assurance signal.,pure/optional,automatically prioritise the Shunting emergency call over the link assurance signal,MORFOLOGIK_RULE_EN_US,TYPOS,False,True,prioritise,Possible spelling mistake. ‘prioritise’ is British English.,prioritize
The system MAY autonomously activate its TT&C system with at least one Tx and Rx channel active to enable ground to establish contact.,mlm_tapt/must/optional;mlm_tapt/shall/optional,autonomously activate its TT&C system with at least one Tx and Rx channel active to enable ground to establish contact,MORFOLOGIK_RULE_EN_US,TYPOS,False,True,Tx,Possible spelling mistake found.,TX | To | Ex
The system MAY base downlink link-budget calculation on a maximum FER of 1E-7 at decoder output.,mlm_tapt/must/optional;mlm_tapt/shall/optional,base downlink link-budget calculation on a maximum FER of 1E-7 at decoder output,MORFOLOGIK_RULE_EN_US,TYPOS,False,True,downlink,Possible spelling mistake found.,down link
The system MAY be intuitive and self explanatory.,nice/must/optional;nice/shall/optional,be intuitive and self explanatory,EN_COMPOUNDS_SELF_EXPLANATORY,MISC,True,True,self explanatory,This word is normally spelled with a hyphen.,self-explanatory
The system MAY calculate ETCS emergency and service braking curves based on all relevant data.,pure/optional,calculate ETCS emergency and service braking curves based on all relevant data,MORFOLOGIK_RULE_EN_US,TYPOS,False,True,ETCS,Possible spelling mistake found.,ETC | TCS | ETCH
"The system MAY change the pointing, centre frequency, and bandwidth of the individual tied-array beams within a single observing schedule.",mlm_tapt/must/optional;mlm_tapt/shall/optional,"change the pointing, centre frequency, and bandwidth of the individual tied-array beams within a single observing schedule",MORFOLOGIK_RULE_EN_US,TYPOS,False,True,centre,Possible spelling mistake. ‘centre’ is British English.,center
The system MAY command the ETCS emergency brake when a train has received an emergency stop.,pure/optional,command the ETCS emergency brake when a train has received an emergency stop,MORFOLOGIK_RULE_EN_US,TYPOS,False,True,ETCS,Possible spelling mistake found.,ETC | TCS | ETCH
The system MAY comply with the estimatics laws relating to recycled parts usage.,nice/must/optional;nice/shall/optional,comply with the estimatics laws relating to recycled parts usage,MORFOLOGIK_RULE_EN_US,TYPOS,False,True,estimatics,Possible spelling mistake found.,estimates | estimating | estimation
The system MAY declare the position margin used by the position-based scheduling subservice when that subservice is specified.,mlm_tapt/must/optional;mlm_tapt/shall/optional,declare the position margin used by the position-based scheduling subservice when that subservice is specified,MORFOLOGIK_RULE_EN_US,TYPOS,False,True,subservice,Possible spelling mistake found.,
The system MAY declare the position margin used by the position-based scheduling subservice when that subservice is specified.,mlm_tapt/must/optional;mlm_tapt/shall/optional,declare the position margin used by the position-based scheduling subservice when that subservice is specified,MORFOLOGIK_RULE_EN_US,TYPOS,False,True,subservice,Possible spelling mistake found.,
The system MAY derive the EIRENE system's location information at least from network information such as the current cell or base station serving the mobile.,pure/optional,derive the EIRENE system's location information at least from network information such as the current cell or base station serving the mobile,MORFOLOGIK_RULE_EN_US,TYPOS,False,True,EIRENE,Possible spelling mistake found.,IRENE
The system MAY determine the entire train's location with the ETCS trainborne equipment.,pure/optional,determine the entire train's location with the ETCS trainborne equipment,MORFOLOGIK_RULE_EN_US,TYPOS,False,True,ETCS,Possible spelling mistake found.,ETC | TCS | ETCH
The system MAY determine the entire train's location with the ETCS trainborne equipment.,pure/optional,determine the entire train's location with the ETCS trainborne equipment,MORFOLOGIK_RULE_EN_US,TYPOS,False,True,trainborne,Possible spelling mistake found.,train borne
The system MAY display MSEL Summary data in both graph nodes and table rows.,nice/must/optional;nice/shall/optional,display MSEL Summary data in both graph nodes and table rows,MORFOLOGIK_RULE_EN_US,TYPOS,False,True,MSEL,Possible spelling mistake found.,MEL | MSEC | MSE
The system MAY distribute primary power using two bi-directional power domains to each axial docking port.,mlm_tapt/must/optional;mlm_tapt/shall/optional,distribute primary power using two bi-directional power domains to each axial docking port,EN_COMPOUNDS_BI_DIRECTIONAL,MISC,True,True,bi-directional,This word is normally spelled as one.,bidirectional
The system MAY dynamically analyse all software code with a standard tool.,mlm_tapt/must/optional;mlm_tapt/shall/optional,dynamically analyse all software code with a standard tool,MORFOLOGIK_RULE_EN_US,TYPOS,False,True,analyse,Possible spelling mistake. ‘analyse’ is British English.,analyze
The system MAY employ an observation report management system during SICCI system development to track all observation reports during software implementation.,mlm_tapt/must/optional;mlm_tapt/shall/optional,employ an observation report management system during SICCI system development to track all observation reports during software implementation,MORFOLOGIK_RULE_EN_US,TYPOS,False,True,SICCI,Possible spelling mistake found.,SI CCI | SIC CI
The system MAY enable 2 out of 3 Program Administrators/Nursing Staff Members to successfully manage scheduling of classes and clinicals.,nice/must/optional;nice/shall/optional,enable 2 out of 3 Program Administrators/Nursing Staff Members to successfully manage scheduling of classes and clinicals,MORFOLOGIK_RULE_EN_US,TYPOS,False,True,clinicals,Possible spelling mistake found.,clinical
The system MAY enable EIRENE users to originate and receive calls by functional number.,pure/optional,enable EIRENE users to originate and receive calls by functional number,MORFOLOGIK_RULE_EN_US,TYPOS,False,True,EIRENE,Possible spelling mistake found.,IRENE
"The system MAY enable calibration of the colour response of the instruments by providing a calibration target and, if mission analysis foresees a lunar flyby, allow imaging of the Apollo 16 landing site.",mlm_tapt/must/optional;mlm_tapt/shall/optional,"enable calibration of the colour response of the instruments by providing a calibration target and, if mission analysis foresees a lunar flyby, allow imaging of the Apollo 16 landing site",MORFOLOGIK_RULE_EN_US,TYPOS,False,True,colour,Possible spelling mistake. ‘colour’ is British English.,color
The system MAY ensure the IPSF in all channels in the UVN is sufficiently broad to allow spatially contiguous observations.,mlm_tapt/must/optional;mlm_tapt/shall/optional,ensure the IPSF in all channels in the UVN is sufficiently broad to allow spatially contiguous observations,MORFOLOGIK_RULE_EN_US,TYPOS,False,True,IPSF,Possible spelling mistake found.,IPS | PSF | IPSA
The system MAY ensure the IPSF in all channels in the UVN is sufficiently broad to allow spatially contiguous observations.,mlm_tapt/must/optional;mlm_tapt/shall/optional,ensure the IPSF in all channels in the UVN is sufficiently broad to allow spatially contiguous observations,MORFOLOGIK_RULE_EN_US,TYPOS,False,True,UVN,Possible spelling mistake found.,UV | URN | LVN
The system MAY establish and maintain a frequency control plan as part of the EMC programme.,mlm_tapt/must/optional;mlm_tapt/shall/optional,establish and maintain a frequency control plan as part of the EMC programme,MORFOLOGIK_RULE_EN_US,TYPOS,False,True,programme,Possible spelling mistake. ‘programme’ is British English.,program
The system MAY execute service observing on behalf of PIs from a combined list of observing blocks from all partners via a scheduling process over six month periods.,mlm_tapt/must/optional;mlm_tapt/shall/optional,execute service observing on behalf of PIs from a combined list of observing blocks from all partners via a scheduling process over six month periods,MORFOLOGIK_RULE_EN_US,TYPOS,False,True,PIs,Possible spelling mistake found.,PI's | PI | Pis
The system MAY execute service observing on behalf of PIs from a combined list of observing blocks from all partners via a scheduling process over six month periods.,mlm_tapt/must/optional;mlm_tapt/shall/optional,execute service observing on behalf of PIs from a combined list of observing blocks from all partners via a scheduling process over six month periods,MONTH_HYPHEN,GRAMMAR,True,True,six month,"When a time span like ‘six-month’ is used as a modifier, it is usually spelled with a hyphen.",six-month
The system MAY feature a dedicated on/off key.,mlm_tapt/must/optional;mlm_tapt/shall/optional,feature a dedicated on/off key,EN_COMPOUNDS_OFF_KEY,MISC,True,True,off key,This word is normally spelled with a hyphen.,off-key
The system MAY functionally treat the provision of ECV data products to parties outside of the SICCI system commonly for both SIT and SIC.,mlm_tapt/must/optional;mlm_tapt/shall/optional,functionally treat the provision of ECV data products to parties outside of the SICCI system commonly for both SIT and SIC,MORFOLOGIK_RULE_EN_US,TYPOS,False,True,ECV,Possible spelling mistake found.,CV | ECG | ECD
The system MAY functionally treat the provision of ECV data products to parties outside of the SICCI system commonly for both SIT and SIC.,mlm_tapt/must/optional;mlm_tapt/shall/optional,functionally treat the provision of ECV data products to parties outside of the SICCI system commonly for both SIT and SIC,OUTSIDE_OF,REDUNDANCY,False,True,outside of,This phrase is redundant. Consider using “outside”.,outside
The system MAY functionally treat the provision of ECV data products to parties outside of the SICCI system commonly for both SIT and SIC.,mlm_tapt/must/optional;mlm_tapt/shall/optional,functionally treat the provision of ECV data products to parties outside of the SICCI system commonly for both SIT and SIC,MORFOLOGIK_RULE_EN_US,TYPOS,False,True,SICCI,Possible spelling mistake found.,SI CCI | SIC CI
The system MAY handle all of the user requests/usage during business hours.,nice/must/optional;nice/shall/optional,handle all of the user requests/usage during business hours,ALL_OF_THE,REDUNDANCY,False,True,all of the,Consider removing “of” to be more concise,all the
The system MAY have a MDI form that allows for the viewing of the graph and the data table.,nice/must/optional;nice/shall/optional,have a MDI form that allows for the viewing of the graph and the data table,EN_A_VS_AN,MISC,True,True,a,"Use “an” instead of ‘a’ if the following word starts with a vowel sound, e.g. ‘an article’, ‘an hour’.",an
The system MAY have a field of view greater than 30 x 30 arcsec.,mlm_tapt/must/optional;mlm_tapt/shall/optional,have a field of view greater than 30 x 30 arcsec,MORFOLOGIK_RULE_EN_US,TYPOS,False,True,arcsec,Possible spelling mistake found.,arc sec
The system MAY help the user avoid making mistakes while scheduling classes and clinicals for the nursing students.,nice/must/optional;nice/shall/optional,help the user avoid making mistakes while scheduling classes and clinicals for the nursing students,MORFOLOGIK_RULE_EN_US,TYPOS,False,True,clinicals,Possible spelling mistake found.,clinical
The system MAY include street address city state and zipcode.,nice/must/optional;nice/shall/optional,include street address city state and zipcode,MORFOLOGIK_RULE_EN_US,TYPOS,False,True,zipcode,Possible spelling mistake found.,zip code
The system MAY indicate pantograph and power-supply information from the ETCS trainborne equipment on the DMI.,pure/optional,indicate pantograph and power-supply information from the ETCS trainborne equipment on the DMI,MORFOLOGIK_RULE_EN_US,TYPOS,False,True,ETCS,Possible spelling mistake found.,ETC | TCS | ETCH
The system MAY indicate pantograph and power-supply information from the ETCS trainborne equipment on the DMI.,pure/optional,indicate pantograph and power-supply information from the ETCS trainborne equipment on the DMI,MORFOLOGIK_RULE_EN_US,TYPOS,False,True,trainborne,Possible spelling mistake found.,train borne
The system MAY inform the appropriate ERTMS/ETCS RBC when a Train emergency call is initiated.,pure/optional,inform the appropriate ERTMS/ETCS RBC when a Train emergency call is initiated,MORFOLOGIK_RULE_EN_US,TYPOS,False,True,ETCS,Possible spelling mistake found.,ETC | TCS | ETCH
The system MAY interface with CampusConnect's central server.,nice/must/optional;nice/shall/optional,interface with CampusConnect's central server,MORFOLOGIK_RULE_EN_US,TYPOS,False,True,CampusConnect,Possible spelling mistake found.,Campus Connect
The system MAY interface with the ChoiceParts system once per day at approximately 1:00 AM.,nice/must/optional;nice/shall/optional,interface with the ChoiceParts system once per day at approximately 1:00 AM,MORFOLOGIK_RULE_EN_US,TYPOS,False,True,ChoiceParts,Possible spelling mistake found.,Choice Parts
The system MAY limit NESDIS ESPC outages in support of JPSS functions to less than 5 hours over a 30-day period.,mlm_tapt/must/optional;mlm_tapt/shall/optional,limit NESDIS ESPC outages in support of JPSS functions to less than 5 hours over a 30-day period,MORFOLOGIK_RULE_EN_US,TYPOS,False,True,ESPC,Possible spelling mistake found.,ESPN | ESP | ESC
"The system MAY limit S-NPP and JPSS-n satellite operational outages, excluding on-orbit failures, to less than 2 hours over any 30-day period for the mission lifetime.",mlm_tapt/must/optional;mlm_tapt/shall/optional,"limit S-NPP and JPSS-n satellite operational outages, excluding on-orbit failures, to less than 2 hours over any 30-day period for the mission lifetime",MORFOLOGIK_RULE_EN_US,TYPOS,False,True,JPSS-n,Possible spelling mistake found.,Lesson | Jason | Jesse
The system MAY make SSO ephemerides information available to the MOC SSO database.,mlm_tapt/must/optional;mlm_tapt/shall/optional,make SSO ephemerides information available to the MOC SSO database,MORFOLOGIK_RULE_EN_US,TYPOS,False,True,ephemerides,Possible spelling mistake found.,ephemeris
"The system MAY make available all products identified in Appendix A as ""ESPC Product Generation"" to CLASS.",mlm_tapt/must/optional;mlm_tapt/shall/optional,"make available all products identified in Appendix A as ""ESPC Product Generation"" to CLASS",MORFOLOGIK_RULE_EN_US,TYPOS,False,True,ESPC,Possible spelling mistake found.,ESPN | ESP | ESC
"The system MAY make information on the most recent down-linked packet (Packet APID, SSC and time) available in the housekeeping telemetry.",mlm_tapt/must/optional;mlm_tapt/shall/optional,"make information on the most recent down-linked packet (Packet APID, SSC and time) available in the housekeeping telemetry",MORFOLOGIK_RULE_EN_US,TYPOS,False,True,APID,Possible spelling mistake found.,ACID | AID | RAPID
The system MAY manage a metadata catalogue of SIT products generated by the ECV processing chain.,mlm_tapt/must/optional;mlm_tapt/shall/optional,manage a metadata catalogue of SIT products generated by the ECV processing chain,MORFOLOGIK_RULE_EN_US,TYPOS,False,True,ECV,Possible spelling mistake found.,CV | ECG | ECD
The system MAY meet the performance requirements for SZAs smaller than 80 degrees.,mlm_tapt/must/optional;mlm_tapt/shall/optional,meet the performance requirements for SZAs smaller than 80 degrees,MORFOLOGIK_RULE_EN_US,TYPOS,False,True,SZAs,Possible spelling mistake found.,Seas | SAS | Spas
The system MAY obtain RBC permission for transfer to Shunting when the train operates under RBC control to prevent unauthorised use.,pure/optional,obtain RBC permission for transfer to Shunting when the train operates under RBC control to prevent unauthorised use,MORFOLOGIK_RULE_EN_US,TYPOS,False,True,unauthorised,Possible spelling mistake. ‘unauthorised’ is British English.,unauthorized
The system MAY obtain a shape model of the NEA with an accuracy of typically 1 m in height and spatial resolution with respect to the centre of mass.,mlm_tapt/must/optional;mlm_tapt/shall/optional,obtain a shape model of the NEA with an accuracy of typically 1 m in height and spatial resolution with respect to the centre of mass,MORFOLOGIK_RULE_EN_US,TYPOS,False,True,centre,Possible spelling mistake. ‘centre’ is British English.,center
The system MAY output attitude measurements in the form of quaternions for use by the AOCS at a 1 Hz rate.,mlm_tapt/must/optional;mlm_tapt/shall/optional,output attitude measurements in the form of quaternions for use by the AOCS at a 1 Hz rate,MORFOLOGIK_RULE_EN_US,TYPOS,False,True,AOCS,Possible spelling mistake found.,ACS | ARCS | OCS
The system MAY permanently store harmonised default values in all ERTMS/ETCS onboard equipment.,pure/optional,permanently store harmonised default values in all ERTMS/ETCS onboard equipment,MORFOLOGIK_RULE_EN_US,TYPOS,False,True,harmonised,Possible spelling mistake. ‘harmonised’ is British English.,harmonized
The system MAY permanently store harmonised default values in all ERTMS/ETCS onboard equipment.,pure/optional,permanently store harmonised default values in all ERTMS/ETCS onboard equipment,MORFOLOGIK_RULE_EN_US,TYPOS,False,True,ETCS,Possible spelling mistake found.,ETC | TCS | ETCH
The system MAY produce growing stock volume maps from multitemporal SAR data.,mlm_tapt/must/optional;mlm_tapt/shall/optional,produce growing stock volume maps from multitemporal SAR data,MORFOLOGIK_RULE_EN_US,TYPOS,False,True,multitemporal,Possible spelling mistake found.,
"The system MAY provide (search, timing, archive and VLBI) non-imaging observation modes.",mlm_tapt/must/optional;mlm_tapt/shall/optional,"provide (search, timing, archive and VLBI) non-imaging observation modes",MORFOLOGIK_RULE_EN_US,TYPOS,False,True,VLBI,Possible spelling mistake found.,VLSI | ALBI | LBI
The system MAY provide 45 dB polarisation dynamic range at 300 arcsec spatial and 1 MHz spectral resolution to enable EoR imaging at 50  200 MHz (HPSO 1).,mlm_tapt/must/optional;mlm_tapt/shall/optional,provide 45 dB polarisation dynamic range at 300 arcsec spatial and 1 MHz spectral resolution to enable EoR imaging at 50  200 MHz (HPSO 1),MORFOLOGIK_RULE_EN_US,TYPOS,False,True,polarisation,Possible spelling mistake. ‘polarisation’ is British English.,polarization
The system MAY provide 45 dB polarisation dynamic range at 300 arcsec spatial and 1 MHz spectral resolution to enable EoR imaging at 50  200 MHz (HPSO 1).,mlm_tapt/must/optional;mlm_tapt/shall/optional,provide 45 dB polarisation dynamic range at 300 arcsec spatial and 1 MHz spectral resolution to enable EoR imaging at 50  200 MHz (HPSO 1),MORFOLOGIK_RULE_EN_US,TYPOS,False,True,arcsec,Possible spelling mistake found.,arc sec
The system MAY provide 45 dB polarisation dynamic range at 300 arcsec spatial and 1 MHz spectral resolution to enable EoR imaging at 50  200 MHz (HPSO 1).,mlm_tapt/must/optional;mlm_tapt/shall/optional,provide 45 dB polarisation dynamic range at 300 arcsec spatial and 1 MHz spectral resolution to enable EoR imaging at 50  200 MHz (HPSO 1),MORFOLOGIK_RULE_EN_US,TYPOS,False,True,EoR,Possible spelling mistake found.,For | Or | Nor
The system MAY provide 45 dB polarisation dynamic range at 300 arcsec spatial and 1 MHz spectral resolution to enable EoR imaging at 50  200 MHz (HPSO 1).,mlm_tapt/must/optional;mlm_tapt/shall/optional,provide 45 dB polarisation dynamic range at 300 arcsec spatial and 1 MHz spectral resolution to enable EoR imaging at 50  200 MHz (HPSO 1),MORFOLOGIK_RULE_EN_US,TYPOS,False,True,HPSO,Possible spelling mistake found.,PSO | HMSO | CHPSO
The system MAY provide 45 dB spectral dynamic range at auto-correlation spatial and 300 kHz spectral resolution to enable sensitive intensity mapping at 350  1050 MHz (HPSO 32).,mlm_tapt/must/optional;mlm_tapt/shall/optional,provide 45 dB spectral dynamic range at auto-correlation spatial and 300 kHz spectral resolution to enable sensitive intensity mapping at 350  1050 MHz (HPSO 32),MORFOLOGIK_RULE_EN_US,TYPOS,False,True,HPSO,Possible spelling mistake found.,PSO | HMSO | CHPSO
The system MAY provide 50 dB spectral dynamic range at 300 arcsec spatial and 1 MHz spectral resolution to enable EoR imaging at 50  200 MHz (HPSO 1).,mlm_tapt/must/optional;mlm_tapt/shall/optional,provide 50 dB spectral dynamic range at 300 arcsec spatial and 1 MHz spectral resolution to enable EoR imaging at 50  200 MHz (HPSO 1),MORFOLOGIK_RULE_EN_US,TYPOS,False,True,arcsec,Possible spelling mistake found.,arc sec
The system MAY provide 50 dB spectral dynamic range at 300 arcsec spatial and 1 MHz spectral resolution to enable EoR imaging at 50  200 MHz (HPSO 1).,mlm_tapt/must/optional;mlm_tapt/shall/optional,provide 50 dB spectral dynamic range at 300 arcsec spatial and 1 MHz spectral resolution to enable EoR imaging at 50  200 MHz (HPSO 1),MORFOLOGIK_RULE_EN_US,TYPOS,False,True,EoR,Possible spelling mistake found.,For | Or | Nor
The system MAY provide 50 dB spectral dynamic range at 300 arcsec spatial and 1 MHz spectral resolution to enable EoR imaging at 50  200 MHz (HPSO 1).,mlm_tapt/must/optional;mlm_tapt/shall/optional,provide 50 dB spectral dynamic range at 300 arcsec spatial and 1 MHz spectral resolution to enable EoR imaging at 50  200 MHz (HPSO 1),MORFOLOGIK_RULE_EN_US,TYPOS,False,True,HPSO,Possible spelling mistake found.,PSO | HMSO | CHPSO
"The system MAY provide EIRENE mobile radio equipment whose design, testing and installation all comply with the quality procedures defined in ISO 9001.",pure/optional,"provide EIRENE mobile radio equipment whose design, testing and installation all comply with the quality procedures defined in ISO 9001",MORFOLOGIK_RULE_EN_US,TYPOS,False,True,EIRENE,Possible spelling mistake found.,IRENE
"The system MAY provide a list of hazardous materials used for all items intended for use in the SKA1 detailing suggested handling precautions, disposal instructions and contra- indications.",mlm_tapt/must/optional;mlm_tapt/shall/optional,"provide a list of hazardous materials used for all items intended for use in the SKA1 detailing suggested handling precautions, disposal instructions and contra- indications",EN_SPLIT_WORDS_HYPHEN,TYPOS,False,True,contra- indications,This word seems to contain an unnecessary hyphen.,contraindications
The system MAY provide an NFIRAOS unvignetted field of view with a diameter of at least 2 arcmin.,mlm_tapt/must/optional;mlm_tapt/shall/optional,provide an NFIRAOS unvignetted field of view with a diameter of at least 2 arcmin,MORFOLOGIK_RULE_EN_US,TYPOS,False,True,NFIRAOS,Possible spelling mistake found.,FIRAS | NAIRAS
The system MAY provide an NFIRAOS unvignetted field of view with a diameter of at least 2 arcmin.,mlm_tapt/must/optional;mlm_tapt/shall/optional,provide an NFIRAOS unvignetted field of view with a diameter of at least 2 arcmin,MORFOLOGIK_RULE_EN_US,TYPOS,False,True,unvignetted,Possible spelling mistake found.,vignetted | unsigneted
The system MAY provide an NFIRAOS unvignetted field of view with a diameter of at least 2 arcmin.,mlm_tapt/must/optional;mlm_tapt/shall/optional,provide an NFIRAOS unvignetted field of view with a diameter of at least 2 arcmin,MORFOLOGIK_RULE_EN_US,TYPOS,False,True,arcmin,Possible spelling mistake found.,Armin | arc min
The system MAY provide an X-band HRD interface with OQPSK modulation and alternating bits on I and Q.,mlm_tapt/must/optional;mlm_tapt/shall/optional,provide an X-band HRD interface with OQPSK modulation and alternating bits on I and Q,MORFOLOGIK_RULE_EN_US,TYPOS,False,True,OQPSK,Possible spelling mistake found.,OPS | OMSK | OOPS
The system MAY provide an advisory indication to pre-empted parties where pre-emption occurs.,pure/optional,provide an advisory indication to pre-empted parties where pre-emption occurs,MORFOLOGIK_RULE_EN_US,TYPOS,False,True,pre-emption,Possible spelling mistake found.,preemption
"The system MAY provide antenna temperatures calibrated from ATMS RDRs, for all ATMS earth scene measurements, at the refresh rates of the instrument.",mlm_tapt/must/optional;mlm_tapt/shall/optional,"provide antenna temperatures calibrated from ATMS RDRs, for all ATMS earth scene measurements, at the refresh rates of the instrument",MORFOLOGIK_RULE_EN_US,TYPOS,False,True,ATMS,Possible spelling mistake found.,ATMs | ARMS | AIMS
"The system MAY provide antenna temperatures calibrated from ATMS RDRs, for all ATMS earth scene measurements, at the refresh rates of the instrument.",mlm_tapt/must/optional;mlm_tapt/shall/optional,"provide antenna temperatures calibrated from ATMS RDRs, for all ATMS earth scene measurements, at the refresh rates of the instrument",MORFOLOGIK_RULE_EN_US,TYPOS,False,True,ATMS,Possible spelling mistake found.,ATMs | ARMS | AIMS
The system MAY provide crew displays and controls that are operable by a crewmember from within any habitable environment.,mlm_tapt/must/optional;mlm_tapt/shall/optional,provide crew displays and controls that are operable by a crewmember from within any habitable environment,MORFOLOGIK_RULE_EN_US,TYPOS,False,True,crewmember,Possible spelling mistake found.,crew member
The system MAY provide network support for all EIRENE-compliant mobiles.,pure/optional,provide network support for all EIRENE-compliant mobiles,MORFOLOGIK_RULE_EN_US,TYPOS,False,True,EIRENE-compliant,Possible spelling mistake found.,IRENE-compliant
The system MAY provide on-train mobiles with a standardised interface to ERTMS/ETCS.,pure/optional,provide on-train mobiles with a standardised interface to ERTMS/ETCS,MORFOLOGIK_RULE_EN_US,TYPOS,False,True,standardised,Possible spelling mistake. ‘standardised’ is British English.,standardized
The system MAY provide on-train mobiles with a standardised interface to ERTMS/ETCS.,pure/optional,provide on-train mobiles with a standardised interface to ERTMS/ETCS,MORFOLOGIK_RULE_EN_US,TYPOS,False,True,ETCS,Possible spelling mistake found.,ETC | TCS | ETCH
The system MAY provide remote observing (from sea-level headquarters (HQ) or other physical location (TBC).,mlm_tapt/must/optional;mlm_tapt/shall/optional,provide remote observing (from sea-level headquarters (HQ) or other physical location (TBC),EN_UNPAIRED_BRACKETS,PUNCTUATION,False,True,(,Unpaired symbol: ‘)’ seems to be missing,
The system MAY provide the driver with ETCS information for driving the train safely.,pure/optional,provide the driver with ETCS information for driving the train safely,MORFOLOGIK_RULE_EN_US,TYPOS,False,True,ETCS,Possible spelling mistake found.,ETC | TCS | ETCH
The system MAY provide timing accuracy of at least 10 nsec over a 10 year time year interval to enable precision pulsar timing at 150  350 MHz (HPSO 5).,mlm_tapt/must/optional;mlm_tapt/shall/optional,provide timing accuracy of at least 10 nsec over a 10 year time year interval to enable precision pulsar timing at 150  350 MHz (HPSO 5),MORFOLOGIK_RULE_EN_US,TYPOS,False,True,nsec,Possible spelling mistake found.,NEC | sec | msec
The system MAY provide timing accuracy of at least 10 nsec over a 10 year time year interval to enable precision pulsar timing at 150  350 MHz (HPSO 5).,mlm_tapt/must/optional;mlm_tapt/shall/optional,provide timing accuracy of at least 10 nsec over a 10 year time year interval to enable precision pulsar timing at 150  350 MHz (HPSO 5),MISSING_HYPHEN,PUNCTUATION,False,True,10 year,"When a number forms part of an adjectival compound, use a hyphen.",10-year
The system MAY provide timing accuracy of at least 10 nsec over a 10 year time year interval to enable precision pulsar timing at 150  350 MHz (HPSO 5).,mlm_tapt/must/optional;mlm_tapt/shall/optional,provide timing accuracy of at least 10 nsec over a 10 year time year interval to enable precision pulsar timing at 150  350 MHz (HPSO 5),MORFOLOGIK_RULE_EN_US,TYPOS,False,True,HPSO,Possible spelling mistake found.,PSO | HMSO | CHPSO
The system MAY record information accurately enough to provide a clear view of ETCS functioning and how the traction unit was driven.,pure/optional,record information accurately enough to provide a clear view of ETCS functioning and how the traction unit was driven,MORFOLOGIK_RULE_EN_US,TYPOS,False,True,ETCS,Possible spelling mistake found.,ETC | TCS | ETCH
The system MAY remove the displayed functional number on the EIRENE mobile and indicate to the user that deregistration has occurred.,pure/optional,remove the displayed functional number on the EIRENE mobile and indicate to the user that deregistration has occurred,MORFOLOGIK_RULE_EN_US,TYPOS,False,True,EIRENE,Possible spelling mistake found.,IRENE
The system MAY require train-data entry before the onboard ETCS equipment allows train movement.,pure/optional,require train-data entry before the onboard ETCS equipment allows train movement,MORFOLOGIK_RULE_EN_US,TYPOS,False,True,ETCS,Possible spelling mistake found.,ETC | TCS | ETCH
The system MAY resolve the zipcode for the street address city and state if zipcode is unknown.,nice/must/optional;nice/shall/optional,resolve the zipcode for the street address city and state if zipcode is unknown,MORFOLOGIK_RULE_EN_US,TYPOS,False,True,zipcode,Possible spelling mistake found.,zip code
The system MAY resolve the zipcode for the street address city and state if zipcode is unknown.,nice/must/optional;nice/shall/optional,resolve the zipcode for the street address city and state if zipcode is unknown,MORFOLOGIK_RULE_EN_US,TYPOS,False,True,zipcode,Possible spelling mistake found.,zip code
The system MAY restrict access to final class section scheduling for the CampusConnect interface to Dr Susan Poslusny and Karen Sysol.,nice/must/optional;nice/shall/optional,restrict access to final class section scheduling for the CampusConnect interface to Dr Susan Poslusny and Karen Sysol,MORFOLOGIK_RULE_EN_US,TYPOS,False,True,CampusConnect,Possible spelling mistake found.,Campus Connect
The system MAY restrict access to final class section scheduling for the CampusConnect interface to Dr Susan Poslusny and Karen Sysol.,nice/must/optional;nice/shall/optional,restrict access to final class section scheduling for the CampusConnect interface to Dr Susan Poslusny and Karen Sysol,MORFOLOGIK_RULE_EN_US,TYPOS,False,True,Poslusny,Possible spelling mistake found.,Slushy | Plushy | Poilus
The system MAY restrict access to final class section scheduling for the CampusConnect interface to Dr Susan Poslusny and Karen Sysol.,nice/must/optional;nice/shall/optional,restrict access to final class section scheduling for the CampusConnect interface to Dr Susan Poslusny and Karen Sysol,MORFOLOGIK_RULE_EN_US,TYPOS,False,True,Sysol,Possible spelling mistake found.,Sysop | Lysol
The system MAY restrict access to students' personal information to Dr Susan Poslusny and Dr Julie Donalek.,nice/must/optional;nice/shall/optional,restrict access to students' personal information to Dr Susan Poslusny and Dr Julie Donalek,MORFOLOGIK_RULE_EN_US,TYPOS,False,True,Poslusny,Possible spelling mistake found.,Slushy | Plushy | Poilus
The system MAY restrict access to students' personal information to Dr Susan Poslusny and Dr Julie Donalek.,nice/must/optional;nice/shall/optional,restrict access to students' personal information to Dr Susan Poslusny and Dr Julie Donalek,MORFOLOGIK_RULE_EN_US,TYPOS,False,True,Donalek,Possible spelling mistake found.,Donated | Donald | Donate
The system MAY restrict access to the CampusConnect interface portion of the system to authorized users.,nice/must/optional;nice/shall/optional,restrict access to the CampusConnect interface portion of the system to authorized users,MORFOLOGIK_RULE_EN_US,TYPOS,False,True,CampusConnect,Possible spelling mistake found.,Campus Connect
The system MAY search for the preferred repair facility using vehicle vehicle location and radius in miles.,nice/must/optional;nice/shall/optional,search for the preferred repair facility using vehicle vehicle location and radius in miles,ENGLISH_WORD_REPEAT_RULE,MISC,True,True,vehicle vehicle,Possible typo: you repeated a word.,vehicle
The system MAY slew telescope to target during target acquisition in GLAO mode in a maximum of 120 sec.,mlm_tapt/must/optional;mlm_tapt/shall/optional,slew telescope to target during target acquisition in GLAO mode in a maximum of 120 sec,MORFOLOGIK_RULE_EN_US,TYPOS,False,True,GLAO,Possible spelling mistake found.,LAO | GLAD | GAAO
The system MAY start LEOP at switchover from ground-supplied power to the space segment internal batteries.,mlm_tapt/must/optional;mlm_tapt/shall/optional,start LEOP at switchover from ground-supplied power to the space segment internal batteries,MORFOLOGIK_RULE_EN_US,TYPOS,False,True,LEOP,Possible spelling mistake found.,LOOP | LEON | LEAP
The system MAY supervise Shunting operation with ETCS up to the permitted national speed value.,pure/optional,supervise Shunting operation with ETCS up to the permitted national speed value,MORFOLOGIK_RULE_EN_US,TYPOS,False,True,ETCS up,Possible spelling mistake found.,ETC Sup | ETC up | TCS up
The system MAY supervise the end of movement authority with the ETCS trainborne equipment if that information is available onboard.,pure/optional,supervise the end of movement authority with the ETCS trainborne equipment if that information is available onboard,MORFOLOGIK_RULE_EN_US,TYPOS,False,True,ETCS,Possible spelling mistake found.,ETC | TCS | ETCH
The system MAY supervise the end of movement authority with the ETCS trainborne equipment if that information is available onboard.,pure/optional,supervise the end of movement authority with the ETCS trainborne equipment if that information is available onboard,MORFOLOGIK_RULE_EN_US,TYPOS,False,True,trainborne,Possible spelling mistake found.,train borne
The system MAY support ETCS operation up to a maximum train speed of 500 km/h.,pure/optional,support ETCS operation up to a maximum train speed of 500 km/h,MORFOLOGIK_RULE_EN_US,TYPOS,False,True,ETCS,Possible spelling mistake found.,ETC | TCS | ETCH
The system MAY support modifications to ESPC blended products.,mlm_tapt/must/optional;mlm_tapt/shall/optional,support modifications to ESPC blended products,MORFOLOGIK_RULE_EN_US,TYPOS,False,True,ESPC,Possible spelling mistake found.,ESPN | ESP | ESC
The system MAY support re-registration of functional numbers after selection of a new network to allow roaming between EIRENE networks.,pure/optional,support re-registration of functional numbers after selection of a new network to allow roaming between EIRENE networks,MORFOLOGIK_RULE_EN_US,TYPOS,False,True,EIRENE,Possible spelling mistake found.,IRENE
The system MAY support stability of the processing chain for re- processing and its continuous extension in order to support consistency of the output dataset.,mlm_tapt/must/optional;mlm_tapt/shall/optional,support stability of the processing chain for re- processing and its continuous extension in order to support consistency of the output dataset,EN_SPLIT_WORDS_HYPHEN,TYPOS,False,True,re- processing,This word seems to contain an unnecessary hyphen.,reprocessing
The system MAY transmit the entire train's location from ETCS trainborne equipment to the RBC on lines fitted with RBC.,pure/optional,transmit the entire train's location from ETCS trainborne equipment to the RBC on lines fitted with RBC,MORFOLOGIK_RULE_EN_US,TYPOS,False,True,ETCS,Possible spelling mistake found.,ETC | TCS | ETCH
The system MAY transmit the entire train's location from ETCS trainborne equipment to the RBC on lines fitted with RBC.,pure/optional,transmit the entire train's location from ETCS trainborne equipment to the RBC on lines fitted with RBC,MORFOLOGIK_RULE_EN_US,TYPOS,False,True,trainborne,Possible spelling mistake found.,train borne
The system MAY use a DSN antenna with a diameter of 34 meters as specified in the JWST Flight Observatory to Ground Segment IRCD (JWST-IRCD-000696).,mlm_tapt/must/optional;mlm_tapt/shall/optional,use a DSN antenna with a diameter of 34 meters as specified in the JWST Flight Observatory to Ground Segment IRCD (JWST-IRCD-000696),MORFOLOGIK_RULE_EN_US,TYPOS,False,True,IRCD,Possible spelling mistake found.,RCD | ICD | IRC
The system MUST account for odometry error in train-location calculations.,pure/candidate;pure/mandatory,account for odometry error in train-location calculations,MORFOLOGIK_RULE_EN_US,TYPOS,False,True,odometry,Possible spelling mistake found.,iodometry
The system MUST account for the availability of input data from EO archives during development of the SICCI system.,mlm_tapt/must/candidate;mlm_tapt/must/mandatory,account for the availability of input data from EO archives during development of the SICCI system,MORFOLOGIK_RULE_EN_US,TYPOS,False,True,SICCI,Possible spelling mistake found.,SI CCI | SIC CI
The system MUST allow authorised EIRENE users to receive calls from parties outside the EIRENE network.,pure/candidate;pure/mandatory,allow authorised EIRENE users to receive calls from parties outside the EIRENE network,MORFOLOGIK_RULE_EN_US,TYPOS,False,True,authorised,Possible spelling mistake. ‘authorised’ is British English.,authorized
The system MUST allow authorised EIRENE users to receive calls from parties outside the EIRENE network.,pure/candidate;pure/mandatory,allow authorised EIRENE users to receive calls from parties outside the EIRENE network,MORFOLOGIK_RULE_EN_US,TYPOS,False,True,EIRENE,Possible spelling mistake found.,IRENE
The system MUST allow authorised EIRENE users to receive calls from parties outside the EIRENE network.,pure/candidate;pure/mandatory,allow authorised EIRENE users to receive calls from parties outside the EIRENE network,MORFOLOGIK_RULE_EN_US,TYPOS,False,True,EIRENE,Possible spelling mistake found.,IRENE
The system MUST allow established calls to be put on hold or cleared down by pre-emption to meet other call priorities.,pure/candidate;pure/mandatory,allow established calls to be put on hold or cleared down by pre-emption to meet other call priorities,MORFOLOGIK_RULE_EN_US,TYPOS,False,True,pre-emption,Possible spelling mistake found.,preemption
The system MUST allow non-registered users to access all areas of the SICCI portal except those used for downloading SICCI products.,mlm_tapt/must/candidate;mlm_tapt/must/mandatory,allow non-registered users to access all areas of the SICCI portal except those used for downloading SICCI products,MORFOLOGIK_RULE_EN_US,TYPOS,False,True,SICCI,Possible spelling mistake found.,SI CCI | SIC CI
The system MUST allow non-registered users to access all areas of the SICCI portal except those used for downloading SICCI products.,mlm_tapt/must/candidate;mlm_tapt/must/mandatory,allow non-registered users to access all areas of the SICCI portal except those used for downloading SICCI products,MORFOLOGIK_RULE_EN_US,TYPOS,False,True,SICCI,Possible spelling mistake found.,SI CCI | SIC CI
The system MUST allow the driver to release an ETCS emergency-brake application when the train is stationary.,pure/candidate;pure/mandatory,allow the driver to release an ETCS emergency-brake application when the train is stationary,MORFOLOGIK_RULE_EN_US,TYPOS,False,True,ETCS,Possible spelling mistake found.,ETC | TCS | ETCH
The system MUST allow the driver to release the ETCS emergency brake below the permitted speed if authorised by a national value.,pure/candidate;pure/mandatory,allow the driver to release the ETCS emergency brake below the permitted speed if authorised by a national value,MORFOLOGIK_RULE_EN_US,TYPOS,False,True,ETCS,Possible spelling mistake found.,ETC | TCS | ETCH
The system MUST allow the driver to release the ETCS emergency brake below the permitted speed if authorised by a national value.,pure/candidate;pure/mandatory,allow the driver to release the ETCS emergency brake below the permitted speed if authorised by a national value,MORFOLOGIK_RULE_EN_US,TYPOS,False,True,authorised,Possible spelling mistake. ‘authorised’ is British English.,authorized
The system MUST allow transfer to Shunting on the driver's selection only when the train is stationary.,pure/candidate;pure/mandatory,allow transfer to Shunting on the driver's selection only when the train is stationary,TO_NON_BASE,GRAMMAR,True,True,Shunting,"The verb after “to” should be in the base form as part of the to-infinitive. A verb can take many forms, but the base form is always used in the to-infinitive.",Shunt
The system MUST apply the emergency brake with the trainborne equipment after the train travels the distance defined by a national value during roll-away or unwanted reverse movement.,pure/candidate;pure/mandatory,apply the emergency brake with the trainborne equipment after the train travels the distance defined by a national value during roll-away or unwanted reverse movement,MORFOLOGIK_RULE_EN_US,TYPOS,False,True,trainborne,Possible spelling mistake found.,train borne
The system MUST automatically detect new ancillary data associated with recognised primary satellite data where such ancillary data is as defined by the DARD.,mlm_tapt/must/candidate;mlm_tapt/must/mandatory,automatically detect new ancillary data associated with recognised primary satellite data where such ancillary data is as defined by the DARD,MORFOLOGIK_RULE_EN_US,TYPOS,False,True,recognised,Possible spelling mistake. ‘recognised’ is British English.,recognized
The system MUST automatically detect new ancillary data associated with recognised primary satellite data where such ancillary data is as defined by the DARD.,mlm_tapt/must/candidate;mlm_tapt/must/mandatory,automatically detect new ancillary data associated with recognised primary satellite data where such ancillary data is as defined by the DARD,MORFOLOGIK_RULE_EN_US,TYPOS,False,True,DARD,Possible spelling mistake found.,HARD | CARD | DARK
The system MUST automatically prioritise the Shunting emergency call over the link assurance signal.,pure/candidate;pure/mandatory,automatically prioritise the Shunting emergency call over the link assurance signal,MORFOLOGIK_RULE_EN_US,TYPOS,False,True,prioritise,Possible spelling mistake. ‘prioritise’ is British English.,prioritize
The system MUST autonomously activate its TT&C system with at least one Tx and Rx channel active to enable ground to establish contact.,mlm_tapt/must/candidate;mlm_tapt/must/mandatory,autonomously activate its TT&C system with at least one Tx and Rx channel active to enable ground to establish contact,MORFOLOGIK_RULE_EN_US,TYPOS,False,True,Tx,Possible spelling mistake found.,TX | To | Ex
The system MUST base downlink link-budget calculation on a maximum FER of 1E-7 at decoder output.,mlm_tapt/must/candidate;mlm_tapt/must/mandatory,base downlink link-budget calculation on a maximum FER of 1E-7 at decoder output,MORFOLOGIK_RULE_EN_US,TYPOS,False,True,downlink,Possible spelling mistake found.,down link
The system MUST be intuitive and self explanatory.,nice/must/candidate;nice/must/mandatory,be intuitive and self explanatory,EN_COMPOUNDS_SELF_EXPLANATORY,MISC,True,True,self explanatory,This word is normally spelled with a hyphen.,self-explanatory
The system MUST calculate ETCS emergency and service braking curves based on all relevant data.,pure/candidate;pure/mandatory,calculate ETCS emergency and service braking curves based on all relevant data,MORFOLOGIK_RULE_EN_US,TYPOS,False,True,ETCS,Possible spelling mistake found.,ETC | TCS | ETCH
"The system MUST change the pointing, centre frequency, and bandwidth of the individual tied-array beams within a single observing schedule.",mlm_tapt/must/candidate;mlm_tapt/must/mandatory,"change the pointing, centre frequency, and bandwidth of the individual tied-array beams within a single observing schedule",MORFOLOGIK_RULE_EN_US,TYPOS,False,True,centre,Possible spelling mistake. ‘centre’ is British English.,center
The system MUST command the ETCS emergency brake when a train has received an emergency stop.,pure/candidate;pure/mandatory,command the ETCS emergency brake when a train has received an emergency stop,MORFOLOGIK_RULE_EN_US,TYPOS,False,True,ETCS,Possible spelling mistake found.,ETC | TCS | ETCH
The system MUST comply with the estimatics laws relating to recycled parts usage.,nice/must/candidate;nice/must/mandatory,comply with the estimatics laws relating to recycled parts usage,MORFOLOGIK_RULE_EN_US,TYPOS,False,True,estimatics,Possible spelling mistake found.,estimates | estimating | estimation
The system MUST declare the position margin used by the position-based scheduling subservice when that subservice is specified.,mlm_tapt/must/candidate;mlm_tapt/must/mandatory,declare the position margin used by the position-based scheduling subservice when that subservice is specified,MORFOLOGIK_RULE_EN_US,TYPOS,False,True,subservice,Possible spelling mistake found.,
The system MUST declare the position margin used by the position-based scheduling subservice when that subservice is specified.,mlm_tapt/must/candidate;mlm_tapt/must/mandatory,declare the position margin used by the position-based scheduling subservice when that subservice is specified,MORFOLOGIK_RULE_EN_US,TYPOS,False,True,subservice,Possible spelling mistake found.,
The system MUST derive the EIRENE system's location information at least from network information such as the current cell or base station serving the mobile.,pure/candidate;pure/mandatory,derive the EIRENE system's location information at least from network information such as the current cell or base station serving the mobile,MORFOLOGIK_RULE_EN_US,TYPOS,False,True,EIRENE,Possible spelling mistake found.,IRENE
The system MUST determine the entire train's location with the ETCS trainborne equipment.,pure/candidate;pure/mandatory,determine the entire train's location with the ETCS trainborne equipment,MORFOLOGIK_RULE_EN_US,TYPOS,False,True,ETCS,Possible spelling mistake found.,ETC | TCS | ETCH
The system MUST determine the entire train's location with the ETCS trainborne equipment.,pure/candidate;pure/mandatory,determine the entire train's location with the ETCS trainborne equipment,MORFOLOGIK_RULE_EN_US,TYPOS,False,True,trainborne,Possible spelling mistake found.,train borne
The system MUST display MSEL Summary data in both graph nodes and table rows.,nice/must/candidate;nice/must/mandatory,display MSEL Summary data in both graph nodes and table rows,MORFOLOGIK_RULE_EN_US,TYPOS,False,True,MSEL,Possible spelling mistake found.,MEL | MSEC | MSE
The system MUST distribute primary power using two bi-directional power domains to each axial docking port.,mlm_tapt/must/candidate;mlm_tapt/must/mandatory,distribute primary power using two bi-directional power domains to each axial docking port,EN_COMPOUNDS_BI_DIRECTIONAL,MISC,True,True,bi-directional,This word is normally spelled as one.,bidirectional
The system MUST dynamically analyse all software code with a standard tool.,mlm_tapt/must/candidate;mlm_tapt/must/mandatory,dynamically analyse all software code with a standard tool,MORFOLOGIK_RULE_EN_US,TYPOS,False,True,analyse,Possible spelling mistake. ‘analyse’ is British English.,analyze
The system MUST employ an observation report management system during SICCI system development to track all observation reports during software implementation.,mlm_tapt/must/candidate;mlm_tapt/must/mandatory,employ an observation report management system during SICCI system development to track all observation reports during software implementation,MORFOLOGIK_RULE_EN_US,TYPOS,False,True,SICCI,Possible spelling mistake found.,SI CCI | SIC CI
The system MUST enable 2 out of 3 Program Administrators/Nursing Staff Members to successfully manage scheduling of classes and clinicals.,nice/must/candidate;nice/must/mandatory,enable 2 out of 3 Program Administrators/Nursing Staff Members to successfully manage scheduling of classes and clinicals,MORFOLOGIK_RULE_EN_US,TYPOS,False,True,clinicals,Possible spelling mistake found.,clinical
The system MUST enable EIRENE users to originate and receive calls by functional number.,pure/candidate;pure/mandatory,enable EIRENE users to originate and receive calls by functional number,MORFOLOGIK_RULE_EN_US,TYPOS,False,True,EIRENE,Possible spelling mistake found.,IRENE
"The system MUST enable calibration of the colour response of the instruments by providing a calibration target and, if mission analysis foresees a lunar flyby, allow imaging of the Apollo 16 landing site.",mlm_tapt/must/candidate;mlm_tapt/must/mandatory,"enable calibration of the colour response of the instruments by providing a calibration target and, if mission analysis foresees a lunar flyby, allow imaging of the Apollo 16 landing site",MORFOLOGIK_RULE_EN_US,TYPOS,False,True,colour,Possible spelling mistake. ‘colour’ is British English.,color
The system MUST ensure the IPSF in all channels in the UVN is sufficiently broad to allow spatially contiguous observations.,mlm_tapt/must/candidate;mlm_tapt/must/mandatory,ensure the IPSF in all channels in the UVN is sufficiently broad to allow spatially contiguous observations,MORFOLOGIK_RULE_EN_US,TYPOS,False,True,IPSF,Possible spelling mistake found.,IPS | PSF | IPSA
The system MUST ensure the IPSF in all channels in the UVN is sufficiently broad to allow spatially contiguous observations.,mlm_tapt/must/candidate;mlm_tapt/must/mandatory,ensure the IPSF in all channels in the UVN is sufficiently broad to allow spatially contiguous observations,MORFOLOGIK_RULE_EN_US,TYPOS,False,True,UVN,Possible spelling mistake found.,UV | URN | LVN
The system MUST establish and maintain a frequency control plan as part of the EMC programme.,mlm_tapt/must/candidate;mlm_tapt/must/mandatory,establish and maintain a frequency control plan as part of the EMC programme,MORFOLOGIK_RULE_EN_US,TYPOS,False,True,programme,Possible spelling mistake. ‘programme’ is British English.,program
The system MUST execute service observing on behalf of PIs from a combined list of observing blocks from all partners via a scheduling process over six month periods.,mlm_tapt/must/candidate;mlm_tapt/must/mandatory,execute service observing on behalf of PIs from a combined list of observing blocks from all partners via a scheduling process over six month periods,MORFOLOGIK_RULE_EN_US,TYPOS,False,True,PIs,Possible spelling mistake found.,PI's | PI | Pis
The system MUST execute service observing on behalf of PIs from a combined list of observing blocks from all partners via a scheduling process over six month periods.,mlm_tapt/must/candidate;mlm_tapt/must/mandatory,execute service observing on behalf of PIs from a combined list of observing blocks from all partners via a scheduling process over six month periods,MONTH_HYPHEN,GRAMMAR,True,True,six month,"When a time span like ‘six-month’ is used as a modifier, it is usually spelled with a hyphen.",six-month
The system MUST feature a dedicated on/off key.,mlm_tapt/must/candidate;mlm_tapt/must/mandatory,feature a dedicated on/off key,EN_COMPOUNDS_OFF_KEY,MISC,True,True,off key,This word is normally spelled with a hyphen.,off-key
The system MUST functionally treat the provision of ECV data products to parties outside of the SICCI system commonly for both SIT and SIC.,mlm_tapt/must/candidate;mlm_tapt/must/mandatory,functionally treat the provision of ECV data products to parties outside of the SICCI system commonly for both SIT and SIC,MORFOLOGIK_RULE_EN_US,TYPOS,False,True,ECV,Possible spelling mistake found.,CV | ECG | ECD
The system MUST functionally treat the provision of ECV data products to parties outside of the SICCI system commonly for both SIT and SIC.,mlm_tapt/must/candidate;mlm_tapt/must/mandatory,functionally treat the provision of ECV data products to parties outside of the SICCI system commonly for both SIT and SIC,OUTSIDE_OF,REDUNDANCY,False,True,outside of,This phrase is redundant. Consider using “outside”.,outside
The system MUST functionally treat the provision of ECV data products to parties outside of the SICCI system commonly for both SIT and SIC.,mlm_tapt/must/candidate;mlm_tapt/must/mandatory,functionally treat the provision of ECV data products to parties outside of the SICCI system commonly for both SIT and SIC,MORFOLOGIK_RULE_EN_US,TYPOS,False,True,SICCI,Possible spelling mistake found.,SI CCI | SIC CI
The system MUST handle all of the user requests/usage during business hours.,nice/must/candidate;nice/must/mandatory,handle all of the user requests/usage during business hours,ALL_OF_THE,REDUNDANCY,False,True,all of the,Consider removing “of” to be more concise,all the
The system MUST have a MDI form that allows for the viewing of the graph and the data table.,nice/must/candidate;nice/must/mandatory,have a MDI form that allows for the viewing of the graph and the data table,EN_A_VS_AN,MISC,True,True,a,"Use “an” instead of ‘a’ if the following word starts with a vowel sound, e.g. ‘an article’, ‘an hour’.",an
The system MUST have a field of view greater than 30 x 30 arcsec.,mlm_tapt/must/candidate;mlm_tapt/must/mandatory,have a field of view greater than 30 x 30 arcsec,MORFOLOGIK_RULE_EN_US,TYPOS,False,True,arcsec,Possible spelling mistake found.,arc sec
The system MUST help the user avoid making mistakes while scheduling classes and clinicals for the nursing students.,nice/must/candidate;nice/must/mandatory,help the user avoid making mistakes while scheduling classes and clinicals for the nursing students,MORFOLOGIK_RULE_EN_US,TYPOS,False,True,clinicals,Possible spelling mistake found.,clinical
The system MUST include street address city state and zipcode.,nice/must/candidate;nice/must/mandatory,include street address city state and zipcode,MORFOLOGIK_RULE_EN_US,TYPOS,False,True,zipcode,Possible spelling mistake found.,zip code
The system MUST indicate pantograph and power-supply information from the ETCS trainborne equipment on the DMI.,pure/candidate;pure/mandatory,indicate pantograph and power-supply information from the ETCS trainborne equipment on the DMI,MORFOLOGIK_RULE_EN_US,TYPOS,False,True,ETCS,Possible spelling mistake found.,ETC | TCS | ETCH
The system MUST indicate pantograph and power-supply information from the ETCS trainborne equipment on the DMI.,pure/candidate;pure/mandatory,indicate pantograph and power-supply information from the ETCS trainborne equipment on the DMI,MORFOLOGIK_RULE_EN_US,TYPOS,False,True,trainborne,Possible spelling mistake found.,train borne
The system MUST inform the appropriate ERTMS/ETCS RBC when a Train emergency call is initiated.,pure/candidate;pure/mandatory,inform the appropriate ERTMS/ETCS RBC when a Train emergency call is initiated,MORFOLOGIK_RULE_EN_US,TYPOS,False,True,ETCS,Possible spelling mistake found.,ETC | TCS | ETCH
The system MUST interface with CampusConnect's central server.,nice/must/candidate;nice/must/mandatory,interface with CampusConnect's central server,MORFOLOGIK_RULE_EN_US,TYPOS,False,True,CampusConnect,Possible spelling mistake found.,Campus Connect
The system MUST interface with the ChoiceParts system once per day at approximately 1:00 AM.,nice/must/candidate;nice/must/mandatory,interface with the ChoiceParts system once per day at approximately 1:00 AM,MORFOLOGIK_RULE_EN_US,TYPOS,False,True,ChoiceParts,Possible spelling mistake found.,Choice Parts
The system MUST limit NESDIS ESPC outages in support of JPSS functions to less than 5 hours over a 30-day period.,mlm_tapt/must/candidate;mlm_tapt/must/mandatory,limit NESDIS ESPC outages in support of JPSS functions to less than 5 hours over a 30-day period,MORFOLOGIK_RULE_EN_US,TYPOS,False,True,ESPC,Possible spelling mistake found.,ESPN | ESP | ESC
"The system MUST limit S-NPP and JPSS-n satellite operational outages, excluding on-orbit failures, to less than 2 hours over any 30-day period for the mission lifetime.",mlm_tapt/must/candidate;mlm_tapt/must/mandatory,"limit S-NPP and JPSS-n satellite operational outages, excluding on-orbit failures, to less than 2 hours over any 30-day period for the mission lifetime",MORFOLOGIK_RULE_EN_US,TYPOS,False,True,JPSS-n,Possible spelling mistake found.,Lesson | Jason | Jesse
The system MUST make SSO ephemerides information available to the MOC SSO database.,mlm_tapt/must/candidate;mlm_tapt/must/mandatory,make SSO ephemerides information available to the MOC SSO database,MORFOLOGIK_RULE_EN_US,TYPOS,False,True,ephemerides,Possible spelling mistake found.,ephemeris
"The system MUST make available all products identified in Appendix A as ""ESPC Product Generation"" to CLASS.",mlm_tapt/must/candidate;mlm_tapt/must/mandatory,"make available all products identified in Appendix A as ""ESPC Product Generation"" to CLASS",MORFOLOGIK_RULE_EN_US,TYPOS,False,True,ESPC,Possible spelling mistake found.,ESPN | ESP | ESC
"The system MUST make information on the most recent down-linked packet (Packet APID, SSC and time) available in the housekeeping telemetry.",mlm_tapt/must/candidate;mlm_tapt/must/mandatory,"make information on the most recent down-linked packet (Packet APID, SSC and time) available in the housekeeping telemetry",MORFOLOGIK_RULE_EN_US,TYPOS,False,True,APID,Possible spelling mistake found.,ACID | AID | RAPID
The system MUST manage a metadata catalogue of SIT products generated by the ECV processing chain.,mlm_tapt/must/candidate;mlm_tapt/must/mandatory,manage a metadata catalogue of SIT products generated by the ECV processing chain,MORFOLOGIK_RULE_EN_US,TYPOS,False,True,ECV,Possible spelling mistake found.,CV | ECG | ECD
The system MUST meet the performance requirements for SZAs smaller than 80 degrees.,mlm_tapt/must/candidate;mlm_tapt/must/mandatory,meet the performance requirements for SZAs smaller than 80 degrees,MORFOLOGIK_RULE_EN_US,TYPOS,False,True,SZAs,Possible spelling mistake found.,Seas | SAS | Spas
The system MUST obtain RBC permission for transfer to Shunting when the train operates under RBC control to prevent unauthorised use.,pure/candidate;pure/mandatory,obtain RBC permission for transfer to Shunting when the train operates under RBC control to prevent unauthorised use,MORFOLOGIK_RULE_EN_US,TYPOS,False,True,unauthorised,Possible spelling mistake. ‘unauthorised’ is British English.,unauthorized
The system MUST obtain a shape model of the NEA with an accuracy of typically 1 m in height and spatial resolution with respect to the centre of mass.,mlm_tapt/must/candidate;mlm_tapt/must/mandatory,obtain a shape model of the NEA with an accuracy of typically 1 m in height and spatial resolution with respect to the centre of mass,MORFOLOGIK_RULE_EN_US,TYPOS,False,True,centre,Possible spelling mistake. ‘centre’ is British English.,center
The system MUST output attitude measurements in the form of quaternions for use by the AOCS at a 1 Hz rate.,mlm_tapt/must/candidate;mlm_tapt/must/mandatory,output attitude measurements in the form of quaternions for use by the AOCS at a 1 Hz rate,MORFOLOGIK_RULE_EN_US,TYPOS,False,True,AOCS,Possible spelling mistake found.,ACS | ARCS | OCS
The system MUST permanently store harmonised default values in all ERTMS/ETCS onboard equipment.,pure/candidate;pure/mandatory,permanently store harmonised default values in all ERTMS/ETCS onboard equipment,MORFOLOGIK_RULE_EN_US,TYPOS,False,True,harmonised,Possible spelling mistake. ‘harmonised’ is British English.,harmonized
The system MUST permanently store harmonised default values in all ERTMS/ETCS onboard equipment.,pure/candidate;pure/mandatory,permanently store harmonised default values in all ERTMS/ETCS onboard equipment,MORFOLOGIK_RULE_EN_US,TYPOS,False,True,ETCS,Possible spelling mistake found.,ETC | TCS | ETCH
The system MUST produce growing stock volume maps from multitemporal SAR data.,mlm_tapt/must/candidate;mlm_tapt/must/mandatory,produce growing stock volume maps from multitemporal SAR data,MORFOLOGIK_RULE_EN_US,TYPOS,False,True,multitemporal,Possible spelling mistake found.,
"The system MUST provide (search, timing, archive and VLBI) non-imaging observation modes.",mlm_tapt/must/candidate;mlm_tapt/must/mandatory,"provide (search, timing, archive and VLBI) non-imaging observation modes",MORFOLOGIK_RULE_EN_US,TYPOS,False,True,VLBI,Possible spelling mistake found.,VLSI | ALBI | LBI
The system MUST provide 45 dB polarisation dynamic range at 300 arcsec spatial and 1 MHz spectral resolution to enable EoR imaging at 50  200 MHz (HPSO 1).,mlm_tapt/must/candidate;mlm_tapt/must/mandatory,provide 45 dB polarisation dynamic range at 300 arcsec spatial and 1 MHz spectral resolution to enable EoR imaging at 50  200 MHz (HPSO 1),MORFOLOGIK_RULE_EN_US,TYPOS,False,True,polarisation,Possible spelling mistake. ‘polarisation’ is British English.,polarization
The system MUST provide 45 dB polarisation dynamic range at 300 arcsec spatial and 1 MHz spectral resolution to enable EoR imaging at 50  200 MHz (HPSO 1).,mlm_tapt/must/candidate;mlm_tapt/must/mandatory,provide 45 dB polarisation dynamic range at 300 arcsec spatial and 1 MHz spectral resolution to enable EoR imaging at 50  200 MHz (HPSO 1),MORFOLOGIK_RULE_EN_US,TYPOS,False,True,arcsec,Possible spelling mistake found.,arc sec
The system MUST provide 45 dB polarisation dynamic range at 300 arcsec spatial and 1 MHz spectral resolution to enable EoR imaging at 50  200 MHz (HPSO 1).,mlm_tapt/must/candidate;mlm_tapt/must/mandatory,provide 45 dB polarisation dynamic range at 300 arcsec spatial and 1 MHz spectral resolution to enable EoR imaging at 50  200 MHz (HPSO 1),MORFOLOGIK_RULE_EN_US,TYPOS,False,True,EoR,Possible spelling mistake found.,For | Or | Nor
The system MUST provide 45 dB polarisation dynamic range at 300 arcsec spatial and 1 MHz spectral resolution to enable EoR imaging at 50  200 MHz (HPSO 1).,mlm_tapt/must/candidate;mlm_tapt/must/mandatory,provide 45 dB polarisation dynamic range at 300 arcsec spatial and 1 MHz spectral resolution to enable EoR imaging at 50  200 MHz (HPSO 1),MORFOLOGIK_RULE_EN_US,TYPOS,False,True,HPSO,Possible spelling mistake found.,PSO | HMSO | CHPSO
The system MUST provide 45 dB spectral dynamic range at auto-correlation spatial and 300 kHz spectral resolution to enable sensitive intensity mapping at 350  1050 MHz (HPSO 32).,mlm_tapt/must/candidate;mlm_tapt/must/mandatory,provide 45 dB spectral dynamic range at auto-correlation spatial and 300 kHz spectral resolution to enable sensitive intensity mapping at 350  1050 MHz (HPSO 32),MORFOLOGIK_RULE_EN_US,TYPOS,False,True,HPSO,Possible spelling mistake found.,PSO | HMSO | CHPSO
The system MUST provide 50 dB spectral dynamic range at 300 arcsec spatial and 1 MHz spectral resolution to enable EoR imaging at 50  200 MHz (HPSO 1).,mlm_tapt/must/candidate;mlm_tapt/must/mandatory,provide 50 dB spectral dynamic range at 300 arcsec spatial and 1 MHz spectral resolution to enable EoR imaging at 50  200 MHz (HPSO 1),MORFOLOGIK_RULE_EN_US,TYPOS,False,True,arcsec,Possible spelling mistake found.,arc sec
The system MUST provide 50 dB spectral dynamic range at 300 arcsec spatial and 1 MHz spectral resolution to enable EoR imaging at 50  200 MHz (HPSO 1).,mlm_tapt/must/candidate;mlm_tapt/must/mandatory,provide 50 dB spectral dynamic range at 300 arcsec spatial and 1 MHz spectral resolution to enable EoR imaging at 50  200 MHz (HPSO 1),MORFOLOGIK_RULE_EN_US,TYPOS,False,True,EoR,Possible spelling mistake found.,For | Or | Nor
The system MUST provide 50 dB spectral dynamic range at 300 arcsec spatial and 1 MHz spectral resolution to enable EoR imaging at 50  200 MHz (HPSO 1).,mlm_tapt/must/candidate;mlm_tapt/must/mandatory,provide 50 dB spectral dynamic range at 300 arcsec spatial and 1 MHz spectral resolution to enable EoR imaging at 50  200 MHz (HPSO 1),MORFOLOGIK_RULE_EN_US,TYPOS,False,True,HPSO,Possible spelling mistake found.,PSO | HMSO | CHPSO
"The system MUST provide EIRENE mobile radio equipment whose design, testing and installation all comply with the quality procedures defined in ISO 9001.",pure/candidate;pure/mandatory,"provide EIRENE mobile radio equipment whose design, testing and installation all comply with the quality procedures defined in ISO 9001",MORFOLOGIK_RULE_EN_US,TYPOS,False,True,EIRENE,Possible spelling mistake found.,IRENE
"The system MUST provide a list of hazardous materials used for all items intended for use in the SKA1 detailing suggested handling precautions, disposal instructions and contra- indications.",mlm_tapt/must/candidate;mlm_tapt/must/mandatory,"provide a list of hazardous materials used for all items intended for use in the SKA1 detailing suggested handling precautions, disposal instructions and contra- indications",EN_SPLIT_WORDS_HYPHEN,TYPOS,False,True,contra- indications,This word seems to contain an unnecessary hyphen.,contraindications
The system MUST provide an NFIRAOS unvignetted field of view with a diameter of at least 2 arcmin.,mlm_tapt/must/candidate;mlm_tapt/must/mandatory,provide an NFIRAOS unvignetted field of view with a diameter of at least 2 arcmin,MORFOLOGIK_RULE_EN_US,TYPOS,False,True,NFIRAOS,Possible spelling mistake found.,FIRAS | NAIRAS
The system MUST provide an NFIRAOS unvignetted field of view with a diameter of at least 2 arcmin.,mlm_tapt/must/candidate;mlm_tapt/must/mandatory,provide an NFIRAOS unvignetted field of view with a diameter of at least 2 arcmin,MORFOLOGIK_RULE_EN_US,TYPOS,False,True,unvignetted,Possible spelling mistake found.,vignetted | unsigneted
The system MUST provide an NFIRAOS unvignetted field of view with a diameter of at least 2 arcmin.,mlm_tapt/must/candidate;mlm_tapt/must/mandatory,provide an NFIRAOS unvignetted field of view with a diameter of at least 2 arcmin,MORFOLOGIK_RULE_EN_US,TYPOS,False,True,arcmin,Possible spelling mistake found.,Armin | arc min
The system MUST provide an X-band HRD interface with OQPSK modulation and alternating bits on I and Q.,mlm_tapt/must/candidate;mlm_tapt/must/mandatory,provide an X-band HRD interface with OQPSK modulation and alternating bits on I and Q,MORFOLOGIK_RULE_EN_US,TYPOS,False,True,OQPSK,Possible spelling mistake found.,OPS | OMSK | OOPS
The system MUST provide an advisory indication to pre-empted parties where pre-emption occurs.,pure/candidate;pure/mandatory,provide an advisory indication to pre-empted parties where pre-emption occurs,MORFOLOGIK_RULE_EN_US,TYPOS,False,True,pre-emption,Possible spelling mistake found.,preemption
"The system MUST provide antenna temperatures calibrated from ATMS RDRs, for all ATMS earth scene measurements, at the refresh rates of the instrument.",mlm_tapt/must/candidate;mlm_tapt/must/mandatory,"provide antenna temperatures calibrated from ATMS RDRs, for all ATMS earth scene measurements, at the refresh rates of the instrument",MORFOLOGIK_RULE_EN_US,TYPOS,False,True,ATMS,Possible spelling mistake found.,ATMs | ARMS | AIMS
"The system MUST provide antenna temperatures calibrated from ATMS RDRs, for all ATMS earth scene measurements, at the refresh rates of the instrument.",mlm_tapt/must/candidate;mlm_tapt/must/mandatory,"provide antenna temperatures calibrated from ATMS RDRs, for all ATMS earth scene measurements, at the refresh rates of the instrument",MORFOLOGIK_RULE_EN_US,TYPOS,False,True,ATMS,Possible spelling mistake found.,ATMs | ARMS | AIMS
The system MUST provide crew displays and controls that are operable by a crewmember from within any habitable environment.,mlm_tapt/must/candidate;mlm_tapt/must/mandatory,provide crew displays and controls that are operable by a crewmember from within any habitable environment,MORFOLOGIK_RULE_EN_US,TYPOS,False,True,crewmember,Possible spelling mistake found.,crew member
The system MUST provide network support for all EIRENE-compliant mobiles.,pure/candidate;pure/mandatory,provide network support for all EIRENE-compliant mobiles,MORFOLOGIK_RULE_EN_US,TYPOS,False,True,EIRENE-compliant,Possible spelling mistake found.,IRENE-compliant
The system MUST provide on-train mobiles with a standardised interface to ERTMS/ETCS.,pure/candidate;pure/mandatory,provide on-train mobiles with a standardised interface to ERTMS/ETCS,MORFOLOGIK_RULE_EN_US,TYPOS,False,True,standardised,Possible spelling mistake. ‘standardised’ is British English.,standardized
The system MUST provide on-train mobiles with a standardised interface to ERTMS/ETCS.,pure/candidate;pure/mandatory,provide on-train mobiles with a standardised interface to ERTMS/ETCS,MORFOLOGIK_RULE_EN_US,TYPOS,False,True,ETCS,Possible spelling mistake found.,ETC | TCS | ETCH
The system MUST provide remote observing (from sea-level headquarters (HQ) or other physical location (TBC).,mlm_tapt/must/candidate;mlm_tapt/must/mandatory,provide remote observing (from sea-level headquarters (HQ) or other physical location (TBC),EN_UNPAIRED_BRACKETS,PUNCTUATION,False,True,(,Unpaired symbol: ‘)’ seems to be missing,
The system MUST provide the driver with ETCS information for driving the train safely.,pure/candidate;pure/mandatory,provide the driver with ETCS information for driving the train safely,MORFOLOGIK_RULE_EN_US,TYPOS,False,True,ETCS,Possible spelling mistake found.,ETC | TCS | ETCH
The system MUST provide timing accuracy of at least 10 nsec over a 10 year time year interval to enable precision pulsar timing at 150  350 MHz (HPSO 5).,mlm_tapt/must/candidate;mlm_tapt/must/mandatory,provide timing accuracy of at least 10 nsec over a 10 year time year interval to enable precision pulsar timing at 150  350 MHz (HPSO 5),MORFOLOGIK_RULE_EN_US,TYPOS,False,True,nsec,Possible spelling mistake found.,NEC | sec | msec
The system MUST provide timing accuracy of at least 10 nsec over a 10 year time year interval to enable precision pulsar timing at 150  350 MHz (HPSO 5).,mlm_tapt/must/candidate;mlm_tapt/must/mandatory,provide timing accuracy of at least 10 nsec over a 10 year time year interval to enable precision pulsar timing at 150  350 MHz (HPSO 5),MISSING_HYPHEN,PUNCTUATION,False,True,10 year,"When a number forms part of an adjectival compound, use a hyphen.",10-year
The system MUST provide timing accuracy of at least 10 nsec over a 10 year time year interval to enable precision pulsar timing at 150  350 MHz (HPSO 5).,mlm_tapt/must/candidate;mlm_tapt/must/mandatory,provide timing accuracy of at least 10 nsec over a 10 year time year interval to enable precision pulsar timing at 150  350 MHz (HPSO 5),MORFOLOGIK_RULE_EN_US,TYPOS,False,True,HPSO,Possible spelling mistake found.,PSO | HMSO | CHPSO
The system MUST record information accurately enough to provide a clear view of ETCS functioning and how the traction unit was driven.,pure/candidate;pure/mandatory,record information accurately enough to provide a clear view of ETCS functioning and how the traction unit was driven,MORFOLOGIK_RULE_EN_US,TYPOS,False,True,ETCS,Possible spelling mistake found.,ETC | TCS | ETCH
The system MUST remove the displayed functional number on the EIRENE mobile and indicate to the user that deregistration has occurred.,pure/candidate;pure/mandatory,remove the displayed functional number on the EIRENE mobile and indicate to the user that deregistration has occurred,MORFOLOGIK_RULE_EN_US,TYPOS,False,True,EIRENE,Possible spelling mistake found.,IRENE
The system MUST require train-data entry before the onboard ETCS equipment allows train movement.,pure/candidate;pure/mandatory,require train-data entry before the onboard ETCS equipment allows train movement,MORFOLOGIK_RULE_EN_US,TYPOS,False,True,ETCS,Possible spelling mistake found.,ETC | TCS | ETCH
The system MUST resolve the zipcode for the street address city and state if zipcode is unknown.,nice/must/candidate;nice/must/mandatory,resolve the zipcode for the street address city and state if zipcode is unknown,MORFOLOGIK_RULE_EN_US,TYPOS,False,True,zipcode,Possible spelling mistake found.,zip code
The system MUST resolve the zipcode for the street address city and state if zipcode is unknown.,nice/must/candidate;nice/must/mandatory,resolve the zipcode for the street address city and state if zipcode is unknown,MORFOLOGIK_RULE_EN_US,TYPOS,False,True,zipcode,Possible spelling mistake found.,zip code
The system MUST restrict access to final class section scheduling for the CampusConnect interface to Dr Susan Poslusny and Karen Sysol.,nice/must/candidate;nice/must/mandatory,restrict access to final class section scheduling for the CampusConnect interface to Dr Susan Poslusny and Karen Sysol,MORFOLOGIK_RULE_EN_US,TYPOS,False,True,CampusConnect,Possible spelling mistake found.,Campus Connect
The system MUST restrict access to final class section scheduling for the CampusConnect interface to Dr Susan Poslusny and Karen Sysol.,nice/must/candidate;nice/must/mandatory,restrict access to final class section scheduling for the CampusConnect interface to Dr Susan Poslusny and Karen Sysol,MORFOLOGIK_RULE_EN_US,TYPOS,False,True,Poslusny,Possible spelling mistake found.,Slushy | Plushy | Poilus
The system MUST restrict access to final class section scheduling for the CampusConnect interface to Dr Susan Poslusny and Karen Sysol.,nice/must/candidate;nice/must/mandatory,restrict access to final class section scheduling for the CampusConnect interface to Dr Susan Poslusny and Karen Sysol,MORFOLOGIK_RULE_EN_US,TYPOS,False,True,Sysol,Possible spelling mistake found.,Sysop | Lysol
The system MUST restrict access to students' personal information to Dr Susan Poslusny and Dr Julie Donalek.,nice/must/candidate;nice/must/mandatory,restrict access to students' personal information to Dr Susan Poslusny and Dr Julie Donalek,MORFOLOGIK_RULE_EN_US,TYPOS,False,True,Poslusny,Possible spelling mistake found.,Slushy | Plushy | Poilus
The system MUST restrict access to students' personal information to Dr Susan Poslusny and Dr Julie Donalek.,nice/must/candidate;nice/must/mandatory,restrict access to students' personal information to Dr Susan Poslusny and Dr Julie Donalek,MORFOLOGIK_RULE_EN_US,TYPOS,False,True,Donalek,Possible spelling mistake found.,Donated | Donald | Donate
The system MUST restrict access to the CampusConnect interface portion of the system to authorized users.,nice/must/candidate;nice/must/mandatory,restrict access to the CampusConnect interface portion of the system to authorized users,MORFOLOGIK_RULE_EN_US,TYPOS,False,True,CampusConnect,Possible spelling mistake found.,Campus Connect
The system MUST search for the preferred repair facility using vehicle vehicle location and radius in miles.,nice/must/candidate;nice/must/mandatory,search for the preferred repair facility using vehicle vehicle location and radius in miles,ENGLISH_WORD_REPEAT_RULE,MISC,True,True,vehicle vehicle,Possible typo: you repeated a word.,vehicle
The system MUST slew telescope to target during target acquisition in GLAO mode in a maximum of 120 sec.,mlm_tapt/must/candidate;mlm_tapt/must/mandatory,slew telescope to target during target acquisition in GLAO mode in a maximum of 120 sec,MORFOLOGIK_RULE_EN_US,TYPOS,False,True,GLAO,Possible spelling mistake found.,LAO | GLAD | GAAO
The system MUST start LEOP at switchover from ground-supplied power to the space segment internal batteries.,mlm_tapt/must/candidate;mlm_tapt/must/mandatory,start LEOP at switchover from ground-supplied power to the space segment internal batteries,MORFOLOGIK_RULE_EN_US,TYPOS,False,True,LEOP,Possible spelling mistake found.,LOOP | LEON | LEAP
The system MUST supervise Shunting operation with ETCS up to the permitted national speed value.,pure/candidate;pure/mandatory,supervise Shunting operation with ETCS up to the permitted national speed value,MORFOLOGIK_RULE_EN_US,TYPOS,False,True,ETCS up,Possible spelling mistake found.,ETC Sup | ETC up | TCS up
The system MUST supervise the end of movement authority with the ETCS trainborne equipment if that information is available onboard.,pure/candidate;pure/mandatory,supervise the end of movement authority with the ETCS trainborne equipment if that information is available onboard,MORFOLOGIK_RULE_EN_US,TYPOS,False,True,ETCS,Possible spelling mistake found.,ETC | TCS | ETCH
The system MUST supervise the end of movement authority with the ETCS trainborne equipment if that information is available onboard.,pure/candidate;pure/mandatory,supervise the end of movement authority with the ETCS trainborne equipment if that information is available onboard,MORFOLOGIK_RULE_EN_US,TYPOS,False,True,trainborne,Possible spelling mistake found.,train borne
The system MUST support ETCS operation up to a maximum train speed of 500 km/h.,pure/candidate;pure/mandatory,support ETCS operation up to a maximum train speed of 500 km/h,MORFOLOGIK_RULE_EN_US,TYPOS,False,True,ETCS,Possible spelling mistake found.,ETC | TCS | ETCH
The system MUST support modifications to ESPC blended products.,mlm_tapt/must/candidate;mlm_tapt/must/mandatory,support modifications to ESPC blended products,MORFOLOGIK_RULE_EN_US,TYPOS,False,True,ESPC,Possible spelling mistake found.,ESPN | ESP | ESC
The system MUST support re-registration of functional numbers after selection of a new network to allow roaming between EIRENE networks.,pure/candidate;pure/mandatory,support re-registration of functional numbers after selection of a new network to allow roaming between EIRENE networks,MORFOLOGIK_RULE_EN_US,TYPOS,False,True,EIRENE,Possible spelling mistake found.,IRENE
The system MUST support stability of the processing chain for re- processing and its continuous extension in order to support consistency of the output dataset.,mlm_tapt/must/candidate;mlm_tapt/must/mandatory,support stability of the processing chain for re- processing and its continuous extension in order to support consistency of the output dataset,EN_SPLIT_WORDS_HYPHEN,TYPOS,False,True,re- processing,This word seems to contain an unnecessary hyphen.,reprocessing
The system MUST transmit the entire train's location from ETCS trainborne equipment to the RBC on lines fitted with RBC.,pure/candidate;pure/mandatory,transmit the entire train's location from ETCS trainborne equipment to the RBC on lines fitted with RBC,MORFOLOGIK_RULE_EN_US,TYPOS,False,True,ETCS,Possible spelling mistake found.,ETC | TCS | ETCH
The system MUST transmit the entire train's location from ETCS trainborne equipment to the RBC on lines fitted with RBC.,pure/candidate;pure/mandatory,transmit the entire train's location from ETCS trainborne equipment to the RBC on lines fitted with RBC,MORFOLOGIK_RULE_EN_US,TYPOS,False,True,trainborne,Possible spelling mistake found.,train borne
The system MUST use a DSN antenna with a diameter of 34 meters as specified in the JWST Flight Observatory to Ground Segment IRCD (JWST-IRCD-000696).,mlm_tapt/must/candidate;mlm_tapt/must/mandatory,use a DSN antenna with a diameter of 34 meters as specified in the JWST Flight Observatory to Ground Segment IRCD (JWST-IRCD-000696),MORFOLOGIK_RULE_EN_US,TYPOS,False,True,IRCD,Possible spelling mistake found.,RCD | ICD | IRC
The system SHALL account for the availability of input data from EO archives during development of the SICCI system.,mlm_tapt/shall/candidate;mlm_tapt/shall/mandatory,account for the availability of input data from EO archives during development of the SICCI system,MORFOLOGIK_RULE_EN_US,TYPOS,False,True,SICCI,Possible spelling mistake found.,SI CCI | SIC CI
The system SHALL allow non-registered users to access all areas of the SICCI portal except those used for downloading SICCI products.,mlm_tapt/shall/candidate;mlm_tapt/shall/mandatory,allow non-registered users to access all areas of the SICCI portal except those used for downloading SICCI products,MORFOLOGIK_RULE_EN_US,TYPOS,False,True,SICCI,Possible spelling mistake found.,SI CCI | SIC CI
The system SHALL allow non-registered users to access all areas of the SICCI portal except those used for downloading SICCI products.,mlm_tapt/shall/candidate;mlm_tapt/shall/mandatory,allow non-registered users to access all areas of the SICCI portal except those used for downloading SICCI products,MORFOLOGIK_RULE_EN_US,TYPOS,False,True,SICCI,Possible spelling mistake found.,SI CCI | SIC CI
The system SHALL automatically detect new ancillary data associated with recognised primary satellite data where such ancillary data is as defined by the DARD.,mlm_tapt/shall/candidate;mlm_tapt/shall/mandatory,automatically detect new ancillary data associated with recognised primary satellite data where such ancillary data is as defined by the DARD,MORFOLOGIK_RULE_EN_US,TYPOS,False,True,recognised,Possible spelling mistake. ‘recognised’ is British English.,recognized
The system SHALL automatically detect new ancillary data associated with recognised primary satellite data where such ancillary data is as defined by the DARD.,mlm_tapt/shall/candidate;mlm_tapt/shall/mandatory,automatically detect new ancillary data associated with recognised primary satellite data where such ancillary data is as defined by the DARD,MORFOLOGIK_RULE_EN_US,TYPOS,False,True,DARD,Possible spelling mistake found.,HARD | CARD | DARK
The system SHALL autonomously activate its TT&C system with at least one Tx and Rx channel active to enable ground to establish contact.,mlm_tapt/shall/candidate;mlm_tapt/shall/mandatory,autonomously activate its TT&C system with at least one Tx and Rx channel active to enable ground to establish contact,MORFOLOGIK_RULE_EN_US,TYPOS,False,True,Tx,Possible spelling mistake found.,TX | To | Ex
The system SHALL base downlink link-budget calculation on a maximum FER of 1E-7 at decoder output.,mlm_tapt/shall/candidate;mlm_tapt/shall/mandatory,base downlink link-budget calculation on a maximum FER of 1E-7 at decoder output,MORFOLOGIK_RULE_EN_US,TYPOS,False,True,downlink,Possible spelling mistake found.,down link
The system SHALL be intuitive and self explanatory.,nice/shall/candidate;nice/shall/mandatory,be intuitive and self explanatory,EN_COMPOUNDS_SELF_EXPLANATORY,MISC,True,True,self explanatory,This word is normally spelled with a hyphen.,self-explanatory
"The system SHALL change the pointing, centre frequency, and bandwidth of the individual tied-array beams within a single observing schedule.",mlm_tapt/shall/candidate;mlm_tapt/shall/mandatory,"change the pointing, centre frequency, and bandwidth of the individual tied-array beams within a single observing schedule",MORFOLOGIK_RULE_EN_US,TYPOS,False,True,centre,Possible spelling mistake. ‘centre’ is British English.,center
The system SHALL comply with the estimatics laws relating to recycled parts usage.,nice/shall/candidate;nice/shall/mandatory,comply with the estimatics laws relating to recycled parts usage,MORFOLOGIK_RULE_EN_US,TYPOS,False,True,estimatics,Possible spelling mistake found.,estimates | estimating | estimation
The system SHALL declare the position margin used by the position-based scheduling subservice when that subservice is specified.,mlm_tapt/shall/candidate;mlm_tapt/shall/mandatory,declare the position margin used by the position-based scheduling subservice when that subservice is specified,MORFOLOGIK_RULE_EN_US,TYPOS,False,True,subservice,Possible spelling mistake found.,
The system SHALL declare the position margin used by the position-based scheduling subservice when that subservice is specified.,mlm_tapt/shall/candidate;mlm_tapt/shall/mandatory,declare the position margin used by the position-based scheduling subservice when that subservice is specified,MORFOLOGIK_RULE_EN_US,TYPOS,False,True,subservice,Possible spelling mistake found.,
The system SHALL display MSEL Summary data in both graph nodes and table rows.,nice/shall/candidate;nice/shall/mandatory,display MSEL Summary data in both graph nodes and table rows,MORFOLOGIK_RULE_EN_US,TYPOS,False,True,MSEL,Possible spelling mistake found.,MEL | MSEC | MSE
The system SHALL distribute primary power using two bi-directional power domains to each axial docking port.,mlm_tapt/shall/candidate;mlm_tapt/shall/mandatory,distribute primary power using two bi-directional power domains to each axial docking port,EN_COMPOUNDS_BI_DIRECTIONAL,MISC,True,True,bi-directional,This word is normally spelled as one.,bidirectional
The system SHALL dynamically analyse all software code with a standard tool.,mlm_tapt/shall/candidate;mlm_tapt/shall/mandatory,dynamically analyse all software code with a standard tool,MORFOLOGIK_RULE_EN_US,TYPOS,False,True,analyse,Possible spelling mistake. ‘analyse’ is British English.,analyze
The system SHALL employ an observation report management system during SICCI system development to track all observation reports during software implementation.,mlm_tapt/shall/candidate;mlm_tapt/shall/mandatory,employ an observation report management system during SICCI system development to track all observation reports during software implementation,MORFOLOGIK_RULE_EN_US,TYPOS,False,True,SICCI,Possible spelling mistake found.,SI CCI | SIC CI
The system SHALL enable 2 out of 3 Program Administrators/Nursing Staff Members to successfully manage scheduling of classes and clinicals.,nice/shall/candidate;nice/shall/mandatory,enable 2 out of 3 Program Administrators/Nursing Staff Members to successfully manage scheduling of classes and clinicals,MORFOLOGIK_RULE_EN_US,TYPOS,False,True,clinicals,Possible spelling mistake found.,clinical
"The system SHALL enable calibration of the colour response of the instruments by providing a calibration target and, if mission analysis foresees a lunar flyby, allow imaging of the Apollo 16 landing site.",mlm_tapt/shall/candidate;mlm_tapt/shall/mandatory,"enable calibration of the colour response of the instruments by providing a calibration target and, if mission analysis foresees a lunar flyby, allow imaging of the Apollo 16 landing site",MORFOLOGIK_RULE_EN_US,TYPOS,False,True,colour,Possible spelling mistake. ‘colour’ is British English.,color
The system SHALL ensure the IPSF in all channels in the UVN is sufficiently broad to allow spatially contiguous observations.,mlm_tapt/shall/candidate;mlm_tapt/shall/mandatory,ensure the IPSF in all channels in the UVN is sufficiently broad to allow spatially contiguous observations,MORFOLOGIK_RULE_EN_US,TYPOS,False,True,IPSF,Possible spelling mistake found.,IPS | PSF | IPSA
The system SHALL ensure the IPSF in all channels in the UVN is sufficiently broad to allow spatially contiguous observations.,mlm_tapt/shall/candidate;mlm_tapt/shall/mandatory,ensure the IPSF in all channels in the UVN is sufficiently broad to allow spatially contiguous observations,MORFOLOGIK_RULE_EN_US,TYPOS,False,True,UVN,Possible spelling mistake found.,UV | URN | LVN
The system SHALL establish and maintain a frequency control plan as part of the EMC programme.,mlm_tapt/shall/candidate;mlm_tapt/shall/mandatory,establish and maintain a frequency control plan as part of the EMC programme,MORFOLOGIK_RULE_EN_US,TYPOS,False,True,programme,Possible spelling mistake. ‘programme’ is British English.,program
The system SHALL execute service observing on behalf of PIs from a combined list of observing blocks from all partners via a scheduling process over six month periods.,mlm_tapt/shall/candidate;mlm_tapt/shall/mandatory,execute service observing on behalf of PIs from a combined list of observing blocks from all partners via a scheduling process over six month periods,MORFOLOGIK_RULE_EN_US,TYPOS,False,True,PIs,Possible spelling mistake found.,PI's | PI | Pis
The system SHALL execute service observing on behalf of PIs from a combined list of observing blocks from all partners via a scheduling process over six month periods.,mlm_tapt/shall/candidate;mlm_tapt/shall/mandatory,execute service observing on behalf of PIs from a combined list of observing blocks from all partners via a scheduling process over six month periods,MONTH_HYPHEN,GRAMMAR,True,True,six month,"When a time span like ‘six-month’ is used as a modifier, it is usually spelled with a hyphen.",six-month
The system SHALL feature a dedicated on/off key.,mlm_tapt/shall/candidate;mlm_tapt/shall/mandatory,feature a dedicated on/off key,EN_COMPOUNDS_OFF_KEY,MISC,True,True,off key,This word is normally spelled with a hyphen.,off-key
The system SHALL functionally treat the provision of ECV data products to parties outside of the SICCI system commonly for both SIT and SIC.,mlm_tapt/shall/candidate;mlm_tapt/shall/mandatory,functionally treat the provision of ECV data products to parties outside of the SICCI system commonly for both SIT and SIC,MORFOLOGIK_RULE_EN_US,TYPOS,False,True,ECV,Possible spelling mistake found.,CV | ECG | ECD
The system SHALL functionally treat the provision of ECV data products to parties outside of the SICCI system commonly for both SIT and SIC.,mlm_tapt/shall/candidate;mlm_tapt/shall/mandatory,functionally treat the provision of ECV data products to parties outside of the SICCI system commonly for both SIT and SIC,OUTSIDE_OF,REDUNDANCY,False,True,outside of,This phrase is redundant. Consider using “outside”.,outside
The system SHALL functionally treat the provision of ECV data products to parties outside of the SICCI system commonly for both SIT and SIC.,mlm_tapt/shall/candidate;mlm_tapt/shall/mandatory,functionally treat the provision of ECV data products to parties outside of the SICCI system commonly for both SIT and SIC,MORFOLOGIK_RULE_EN_US,TYPOS,False,True,SICCI,Possible spelling mistake found.,SI CCI | SIC CI
The system SHALL handle all of the user requests/usage during business hours.,nice/shall/candidate;nice/shall/mandatory,handle all of the user requests/usage during business hours,ALL_OF_THE,REDUNDANCY,False,True,all of the,Consider removing “of” to be more concise,all the
The system SHALL have a MDI form that allows for the viewing of the graph and the data table.,nice/shall/candidate;nice/shall/mandatory,have a MDI form that allows for the viewing of the graph and the data table,EN_A_VS_AN,MISC,True,True,a,"Use “an” instead of ‘a’ if the following word starts with a vowel sound, e.g. ‘an article’, ‘an hour’.",an
The system SHALL have a field of view greater than 30 x 30 arcsec.,mlm_tapt/shall/candidate;mlm_tapt/shall/mandatory,have a field of view greater than 30 x 30 arcsec,MORFOLOGIK_RULE_EN_US,TYPOS,False,True,arcsec,Possible spelling mistake found.,arc sec
The system SHALL help the user avoid making mistakes while scheduling classes and clinicals for the nursing students.,nice/shall/candidate;nice/shall/mandatory,help the user avoid making mistakes while scheduling classes and clinicals for the nursing students,MORFOLOGIK_RULE_EN_US,TYPOS,False,True,clinicals,Possible spelling mistake found.,clinical
The system SHALL include street address city state and zipcode.,nice/shall/candidate;nice/shall/mandatory,include street address city state and zipcode,MORFOLOGIK_RULE_EN_US,TYPOS,False,True,zipcode,Possible spelling mistake found.,zip code
The system SHALL interface with CampusConnect's central server.,nice/shall/candidate;nice/shall/mandatory,interface with CampusConnect's central server,MORFOLOGIK_RULE_EN_US,TYPOS,False,True,CampusConnect,Possible spelling mistake found.,Campus Connect
The system SHALL interface with the ChoiceParts system once per day at approximately 1:00 AM.,nice/shall/candidate;nice/shall/mandatory,interface with the ChoiceParts system once per day at approximately 1:00 AM,MORFOLOGIK_RULE_EN_US,TYPOS,False,True,ChoiceParts,Possible spelling mistake found.,Choice Parts
The system SHALL limit NESDIS ESPC outages in support of JPSS functions to less than 5 hours over a 30-day period.,mlm_tapt/shall/candidate;mlm_tapt/shall/mandatory,limit NESDIS ESPC outages in support of JPSS functions to less than 5 hours over a 30-day period,MORFOLOGIK_RULE_EN_US,TYPOS,False,True,ESPC,Possible spelling mistake found.,ESPN | ESP | ESC
"The system SHALL limit S-NPP and JPSS-n satellite operational outages, excluding on-orbit failures, to less than 2 hours over any 30-day period for the mission lifetime.",mlm_tapt/shall/candidate;mlm_tapt/shall/mandatory,"limit S-NPP and JPSS-n satellite operational outages, excluding on-orbit failures, to less than 2 hours over any 30-day period for the mission lifetime",MORFOLOGIK_RULE_EN_US,TYPOS,False,True,JPSS-n,Possible spelling mistake found.,Lesson | Jason | Jesse
The system SHALL make SSO ephemerides information available to the MOC SSO database.,mlm_tapt/shall/candidate;mlm_tapt/shall/mandatory,make SSO ephemerides information available to the MOC SSO database,MORFOLOGIK_RULE_EN_US,TYPOS,False,True,ephemerides,Possible spelling mistake found.,ephemeris
"The system SHALL make available all products identified in Appendix A as ""ESPC Product Generation"" to CLASS.",mlm_tapt/shall/candidate;mlm_tapt/shall/mandatory,"make available all products identified in Appendix A as ""ESPC Product Generation"" to CLASS",MORFOLOGIK_RULE_EN_US,TYPOS,False,True,ESPC,Possible spelling mistake found.,ESPN | ESP | ESC
"The system SHALL make information on the most recent down-linked packet (Packet APID, SSC and time) available in the housekeeping telemetry.",mlm_tapt/shall/candidate;mlm_tapt/shall/mandatory,"make information on the most recent down-linked packet (Packet APID, SSC and time) available in the housekeeping telemetry",MORFOLOGIK_RULE_EN_US,TYPOS,False,True,APID,Possible spelling mistake found.,ACID | AID | RAPID
The system SHALL manage a metadata catalogue of SIT products generated by the ECV processing chain.,mlm_tapt/shall/candidate;mlm_tapt/shall/mandatory,manage a metadata catalogue of SIT products generated by the ECV processing chain,MORFOLOGIK_RULE_EN_US,TYPOS,False,True,ECV,Possible spelling mistake found.,CV | ECG | ECD
The system SHALL meet the performance requirements for SZAs smaller than 80 degrees.,mlm_tapt/shall/candidate;mlm_tapt/shall/mandatory,meet the performance requirements for SZAs smaller than 80 degrees,MORFOLOGIK_RULE_EN_US,TYPOS,False,True,SZAs,Possible spelling mistake found.,Seas | SAS | Spas
The system SHALL obtain a shape model of the NEA with an accuracy of typically 1 m in height and spatial resolution with respect to the centre of mass.,mlm_tapt/shall/candidate;mlm_tapt/shall/mandatory,obtain a shape model of the NEA with an accuracy of typically 1 m in height and spatial resolution with respect to the centre of mass,MORFOLOGIK_RULE_EN_US,TYPOS,False,True,centre,Possible spelling mistake. ‘centre’ is British English.,center
The system SHALL output attitude measurements in the form of quaternions for use by the AOCS at a 1 Hz rate.,mlm_tapt/shall/candidate;mlm_tapt/shall/mandatory,output attitude measurements in the form of quaternions for use by the AOCS at a 1 Hz rate,MORFOLOGIK_RULE_EN_US,TYPOS,False,True,AOCS,Possible spelling mistake found.,ACS | ARCS | OCS
The system SHALL produce growing stock volume maps from multitemporal SAR data.,mlm_tapt/shall/candidate;mlm_tapt/shall/mandatory,produce growing stock volume maps from multitemporal SAR data,MORFOLOGIK_RULE_EN_US,TYPOS,False,True,multitemporal,Possible spelling mistake found.,
"The system SHALL provide (search, timing, archive and VLBI) non-imaging observation modes.",mlm_tapt/shall/candidate;mlm_tapt/shall/mandatory,"provide (search, timing, archive and VLBI) non-imaging observation modes",MORFOLOGIK_RULE_EN_US,TYPOS,False,True,VLBI,Possible spelling mistake found.,VLSI | ALBI | LBI
The system SHALL provide 45 dB polarisation dynamic range at 300 arcsec spatial and 1 MHz spectral resolution to enable EoR imaging at 50  200 MHz (HPSO 1).,mlm_tapt/shall/candidate;mlm_tapt/shall/mandatory,provide 45 dB polarisation dynamic range at 300 arcsec spatial and 1 MHz spectral resolution to enable EoR imaging at 50  200 MHz (HPSO 1),MORFOLOGIK_RULE_EN_US,TYPOS,False,True,polarisation,Possible spelling mistake. ‘polarisation’ is British English.,polarization
The system SHALL provide 45 dB polarisation dynamic range at 300 arcsec spatial and 1 MHz spectral resolution to enable EoR imaging at 50  200 MHz (HPSO 1).,mlm_tapt/shall/candidate;mlm_tapt/shall/mandatory,provide 45 dB polarisation dynamic range at 300 arcsec spatial and 1 MHz spectral resolution to enable EoR imaging at 50  200 MHz (HPSO 1),MORFOLOGIK_RULE_EN_US,TYPOS,False,True,arcsec,Possible spelling mistake found.,arc sec
The system SHALL provide 45 dB polarisation dynamic range at 300 arcsec spatial and 1 MHz spectral resolution to enable EoR imaging at 50  200 MHz (HPSO 1).,mlm_tapt/shall/candidate;mlm_tapt/shall/mandatory,provide 45 dB polarisation dynamic range at 300 arcsec spatial and 1 MHz spectral resolution to enable EoR imaging at 50  200 MHz (HPSO 1),MORFOLOGIK_RULE_EN_US,TYPOS,False,True,EoR,Possible spelling mistake found.,For | Or | Nor
The system SHALL provide 45 dB polarisation dynamic range at 300 arcsec spatial and 1 MHz spectral resolution to enable EoR imaging at 50  200 MHz (HPSO 1).,mlm_tapt/shall/candidate;mlm_tapt/shall/mandatory,provide 45 dB polarisation dynamic range at 300 arcsec spatial and 1 MHz spectral resolution to enable EoR imaging at 50  200 MHz (HPSO 1),MORFOLOGIK_RULE_EN_US,TYPOS,False,True,HPSO,Possible spelling mistake found.,PSO | HMSO | CHPSO
The system SHALL provide 45 dB spectral dynamic range at auto-correlation spatial and 300 kHz spectral resolution to enable sensitive intensity mapping at 350  1050 MHz (HPSO 32).,mlm_tapt/shall/candidate;mlm_tapt/shall/mandatory,provide 45 dB spectral dynamic range at auto-correlation spatial and 300 kHz spectral resolution to enable sensitive intensity mapping at 350  1050 MHz (HPSO 32),MORFOLOGIK_RULE_EN_US,TYPOS,False,True,HPSO,Possible spelling mistake found.,PSO | HMSO | CHPSO
The system SHALL provide 50 dB spectral dynamic range at 300 arcsec spatial and 1 MHz spectral resolution to enable EoR imaging at 50  200 MHz (HPSO 1).,mlm_tapt/shall/candidate;mlm_tapt/shall/mandatory,provide 50 dB spectral dynamic range at 300 arcsec spatial and 1 MHz spectral resolution to enable EoR imaging at 50  200 MHz (HPSO 1),MORFOLOGIK_RULE_EN_US,TYPOS,False,True,arcsec,Possible spelling mistake found.,arc sec
The system SHALL provide 50 dB spectral dynamic range at 300 arcsec spatial and 1 MHz spectral resolution to enable EoR imaging at 50  200 MHz (HPSO 1).,mlm_tapt/shall/candidate;mlm_tapt/shall/mandatory,provide 50 dB spectral dynamic range at 300 arcsec spatial and 1 MHz spectral resolution to enable EoR imaging at 50  200 MHz (HPSO 1),MORFOLOGIK_RULE_EN_US,TYPOS,False,True,EoR,Possible spelling mistake found.,For | Or | Nor
The system SHALL provide 50 dB spectral dynamic range at 300 arcsec spatial and 1 MHz spectral resolution to enable EoR imaging at 50  200 MHz (HPSO 1).,mlm_tapt/shall/candidate;mlm_tapt/shall/mandatory,provide 50 dB spectral dynamic range at 300 arcsec spatial and 1 MHz spectral resolution to enable EoR imaging at 50  200 MHz (HPSO 1),MORFOLOGIK_RULE_EN_US,TYPOS,False,True,HPSO,Possible spelling mistake found.,PSO | HMSO | CHPSO
"The system SHALL provide a list of hazardous materials used for all items intended for use in the SKA1 detailing suggested handling precautions, disposal instructions and contra- indications.",mlm_tapt/shall/candidate;mlm_tapt/shall/mandatory,"provide a list of hazardous materials used for all items intended for use in the SKA1 detailing suggested handling precautions, disposal instructions and contra- indications",EN_SPLIT_WORDS_HYPHEN,TYPOS,False,True,contra- indications,This word seems to contain an unnecessary hyphen.,contraindications
The system SHALL provide an NFIRAOS unvignetted field of view with a diameter of at least 2 arcmin.,mlm_tapt/shall/candidate;mlm_tapt/shall/mandatory,provide an NFIRAOS unvignetted field of view with a diameter of at least 2 arcmin,MORFOLOGIK_RULE_EN_US,TYPOS,False,True,NFIRAOS,Possible spelling mistake found.,FIRAS | NAIRAS
The system SHALL provide an NFIRAOS unvignetted field of view with a diameter of at least 2 arcmin.,mlm_tapt/shall/candidate;mlm_tapt/shall/mandatory,provide an NFIRAOS unvignetted field of view with a diameter of at least 2 arcmin,MORFOLOGIK_RULE_EN_US,TYPOS,False,True,unvignetted,Possible spelling mistake found.,vignetted | unsigneted
The system SHALL provide an NFIRAOS unvignetted field of view with a diameter of at least 2 arcmin.,mlm_tapt/shall/candidate;mlm_tapt/shall/mandatory,provide an NFIRAOS unvignetted field of view with a diameter of at least 2 arcmin,MORFOLOGIK_RULE_EN_US,TYPOS,False,True,arcmin,Possible spelling mistake found.,Armin | arc min
The system SHALL provide an X-band HRD interface with OQPSK modulation and alternating bits on I and Q.,mlm_tapt/shall/candidate;mlm_tapt/shall/mandatory,provide an X-band HRD interface with OQPSK modulation and alternating bits on I and Q,MORFOLOGIK_RULE_EN_US,TYPOS,False,True,OQPSK,Possible spelling mistake found.,OPS | OMSK | OOPS
"The system SHALL provide antenna temperatures calibrated from ATMS RDRs, for all ATMS earth scene measurements, at the refresh rates of the instrument.",mlm_tapt/shall/candidate;mlm_tapt/shall/mandatory,"provide antenna temperatures calibrated from ATMS RDRs, for all ATMS earth scene measurements, at the refresh rates of the instrument",MORFOLOGIK_RULE_EN_US,TYPOS,False,True,ATMS,Possible spelling mistake found.,ATMs | ARMS | AIMS
"The system SHALL provide antenna temperatures calibrated from ATMS RDRs, for all ATMS earth scene measurements, at the refresh rates of the instrument.",mlm_tapt/shall/candidate;mlm_tapt/shall/mandatory,"provide antenna temperatures calibrated from ATMS RDRs, for all ATMS earth scene measurements, at the refresh rates of the instrument",MORFOLOGIK_RULE_EN_US,TYPOS,False,True,ATMS,Possible spelling mistake found.,ATMs | ARMS | AIMS
The system SHALL provide crew displays and controls that are operable by a crewmember from within any habitable environment.,mlm_tapt/shall/candidate;mlm_tapt/shall/mandatory,provide crew displays and controls that are operable by a crewmember from within any habitable environment,MORFOLOGIK_RULE_EN_US,TYPOS,False,True,crewmember,Possible spelling mistake found.,crew member
The system SHALL provide remote observing (from sea-level headquarters (HQ) or other physical location (TBC).,mlm_tapt/shall/candidate;mlm_tapt/shall/mandatory,provide remote observing (from sea-level headquarters (HQ) or other physical location (TBC),EN_UNPAIRED_BRACKETS,PUNCTUATION,False,True,(,Unpaired symbol: ‘)’ seems to be missing,
The system SHALL provide timing accuracy of at least 10 nsec over a 10 year time year interval to enable precision pulsar timing at 150  350 MHz (HPSO 5).,mlm_tapt/shall/candidate;mlm_tapt/shall/mandatory,provide timing accuracy of at least 10 nsec over a 10 year time year interval to enable precision pulsar timing at 150  350 MHz (HPSO 5),MORFOLOGIK_RULE_EN_US,TYPOS,False,True,nsec,Possible spelling mistake found.,NEC | sec | msec
The system SHALL provide timing accuracy of at least 10 nsec over a 10 year time year interval to enable precision pulsar timing at 150  350 MHz (HPSO 5).,mlm_tapt/shall/candidate;mlm_tapt/shall/mandatory,provide timing accuracy of at least 10 nsec over a 10 year time year interval to enable precision pulsar timing at 150  350 MHz (HPSO 5),MISSING_HYPHEN,PUNCTUATION,False,True,10 year,"When a number forms part of an adjectival compound, use a hyphen.",10-year
The system SHALL provide timing accuracy of at least 10 nsec over a 10 year time year interval to enable precision pulsar timing at 150  350 MHz (HPSO 5).,mlm_tapt/shall/candidate;mlm_tapt/shall/mandatory,provide timing accuracy of at least 10 nsec over a 10 year time year interval to enable precision pulsar timing at 150  350 MHz (HPSO 5),MORFOLOGIK_RULE_EN_US,TYPOS,False,True,HPSO,Possible spelling mistake found.,PSO | HMSO | CHPSO
The system SHALL resolve the zipcode for the street address city and state if zipcode is unknown.,nice/shall/candidate;nice/shall/mandatory,resolve the zipcode for the street address city and state if zipcode is unknown,MORFOLOGIK_RULE_EN_US,TYPOS,False,True,zipcode,Possible spelling mistake found.,zip code
The system SHALL resolve the zipcode for the street address city and state if zipcode is unknown.,nice/shall/candidate;nice/shall/mandatory,resolve the zipcode for the street address city and state if zipcode is unknown,MORFOLOGIK_RULE_EN_US,TYPOS,False,True,zipcode,Possible spelling mistake found.,zip code
The system SHALL restrict access to final class section scheduling for the CampusConnect interface to Dr Susan Poslusny and Karen Sysol.,nice/shall/candidate;nice/shall/mandatory,restrict access to final class section scheduling for the CampusConnect interface to Dr Susan Poslusny and Karen Sysol,MORFOLOGIK_RULE_EN_US,TYPOS,False,True,CampusConnect,Possible spelling mistake found.,Campus Connect
The system SHALL restrict access to final class section scheduling for the CampusConnect interface to Dr Susan Poslusny and Karen Sysol.,nice/shall/candidate;nice/shall/mandatory,restrict access to final class section scheduling for the CampusConnect interface to Dr Susan Poslusny and Karen Sysol,MORFOLOGIK_RULE_EN_US,TYPOS,False,True,Poslusny,Possible spelling mistake found.,Slushy | Plushy | Poilus
The system SHALL restrict access to final class section scheduling for the CampusConnect interface to Dr Susan Poslusny and Karen Sysol.,nice/shall/candidate;nice/shall/mandatory,restrict access to final class section scheduling for the CampusConnect interface to Dr Susan Poslusny and Karen Sysol,MORFOLOGIK_RULE_EN_US,TYPOS,False,True,Sysol,Possible spelling mistake found.,Sysop | Lysol
The system SHALL restrict access to students' personal information to Dr Susan Poslusny and Dr Julie Donalek.,nice/shall/candidate;nice/shall/mandatory,restrict access to students' personal information to Dr Susan Poslusny and Dr Julie Donalek,MORFOLOGIK_RULE_EN_US,TYPOS,False,True,Poslusny,Possible spelling mistake found.,Slushy | Plushy | Poilus
The system SHALL restrict access to students' personal information to Dr Susan Poslusny and Dr Julie Donalek.,nice/shall/candidate;nice/shall/mandatory,restrict access to students' personal information to Dr Susan Poslusny and Dr Julie Donalek,MORFOLOGIK_RULE_EN_US,TYPOS,False,True,Donalek,Possible spelling mistake found.,Donated | Donald | Donate
The system SHALL restrict access to the CampusConnect interface portion of the system to authorized users.,nice/shall/candidate;nice/shall/mandatory,restrict access to the CampusConnect interface portion of the system to authorized users,MORFOLOGIK_RULE_EN_US,TYPOS,False,True,CampusConnect,Possible spelling mistake found.,Campus Connect
The system SHALL search for the preferred repair facility using vehicle vehicle location and radius in miles.,nice/shall/candidate;nice/shall/mandatory,search for the preferred repair facility using vehicle vehicle location and radius in miles,ENGLISH_WORD_REPEAT_RULE,MISC,True,True,vehicle vehicle,Possible typo: you repeated a word.,vehicle
The system SHALL slew telescope to target during target acquisition in GLAO mode in a maximum of 120 sec.,mlm_tapt/shall/candidate;mlm_tapt/shall/mandatory,slew telescope to target during target acquisition in GLAO mode in a maximum of 120 sec,MORFOLOGIK_RULE_EN_US,TYPOS,False,True,GLAO,Possible spelling mistake found.,LAO | GLAD | GAAO
The system SHALL start LEOP at switchover from ground-supplied power to the space segment internal batteries.,mlm_tapt/shall/candidate;mlm_tapt/shall/mandatory,start LEOP at switchover from ground-supplied power to the space segment internal batteries,MORFOLOGIK_RULE_EN_US,TYPOS,False,True,LEOP,Possible spelling mistake found.,LOOP | LEON | LEAP
The system SHALL support modifications to ESPC blended products.,mlm_tapt/shall/candidate;mlm_tapt/shall/mandatory,support modifications to ESPC blended products,MORFOLOGIK_RULE_EN_US,TYPOS,False,True,ESPC,Possible spelling mistake found.,ESPN | ESP | ESC
The system SHALL support stability of the processing chain for re- processing and its continuous extension in order to support consistency of the output dataset.,mlm_tapt/shall/candidate;mlm_tapt/shall/mandatory,support stability of the processing chain for re- processing and its continuous extension in order to support consistency of the output dataset,EN_SPLIT_WORDS_HYPHEN,TYPOS,False,True,re- processing,This word seems to contain an unnecessary hyphen.,reprocessing
The system SHALL use a DSN antenna with a diameter of 34 meters as specified in the JWST Flight Observatory to Ground Segment IRCD (JWST-IRCD-000696).,mlm_tapt/shall/candidate;mlm_tapt/shall/mandatory,use a DSN antenna with a diameter of 34 meters as specified in the JWST Flight Observatory to Ground Segment IRCD (JWST-IRCD-000696),MORFOLOGIK_RULE_EN_US,TYPOS,False,True,IRCD,Possible spelling mistake found.,RCD | ICD | IRC
The system SHOULD account for odometry error in train-location calculations.,pure/recommended,account for odometry error in train-location calculations,MORFOLOGIK_RULE_EN_US,TYPOS,False,True,odometry,Possible spelling mistake found.,iodometry
The system SHOULD account for the availability of input data from EO archives during development of the SICCI system.,mlm_tapt/must/recommended;mlm_tapt/shall/recommended,account for the availability of input data from EO archives during development of the SICCI system,MORFOLOGIK_RULE_EN_US,TYPOS,False,True,SICCI,Possible spelling mistake found.,SI CCI | SIC CI
The system SHOULD allow authorised EIRENE users to receive calls from parties outside the EIRENE network.,pure/recommended,allow authorised EIRENE users to receive calls from parties outside the EIRENE network,MORFOLOGIK_RULE_EN_US,TYPOS,False,True,authorised,Possible spelling mistake. ‘authorised’ is British English.,authorized
The system SHOULD allow authorised EIRENE users to receive calls from parties outside the EIRENE network.,pure/recommended,allow authorised EIRENE users to receive calls from parties outside the EIRENE network,MORFOLOGIK_RULE_EN_US,TYPOS,False,True,EIRENE,Possible spelling mistake found.,IRENE
The system SHOULD allow authorised EIRENE users to receive calls from parties outside the EIRENE network.,pure/recommended,allow authorised EIRENE users to receive calls from parties outside the EIRENE network,MORFOLOGIK_RULE_EN_US,TYPOS,False,True,EIRENE,Possible spelling mistake found.,IRENE
The system SHOULD allow established calls to be put on hold or cleared down by pre-emption to meet other call priorities.,pure/recommended,allow established calls to be put on hold or cleared down by pre-emption to meet other call priorities,MORFOLOGIK_RULE_EN_US,TYPOS,False,True,pre-emption,Possible spelling mistake found.,preemption
The system SHOULD allow non-registered users to access all areas of the SICCI portal except those used for downloading SICCI products.,mlm_tapt/must/recommended;mlm_tapt/shall/recommended,allow non-registered users to access all areas of the SICCI portal except those used for downloading SICCI products,MORFOLOGIK_RULE_EN_US,TYPOS,False,True,SICCI,Possible spelling mistake found.,SI CCI | SIC CI
The system SHOULD allow non-registered users to access all areas of the SICCI portal except those used for downloading SICCI products.,mlm_tapt/must/recommended;mlm_tapt/shall/recommended,allow non-registered users to access all areas of the SICCI portal except those used for downloading SICCI products,MORFOLOGIK_RULE_EN_US,TYPOS,False,True,SICCI,Possible spelling mistake found.,SI CCI | SIC CI
The system SHOULD allow the driver to release an ETCS emergency-brake application when the train is stationary.,pure/recommended,allow the driver to release an ETCS emergency-brake application when the train is stationary,MORFOLOGIK_RULE_EN_US,TYPOS,False,True,ETCS,Possible spelling mistake found.,ETC | TCS | ETCH
The system SHOULD allow the driver to release the ETCS emergency brake below the permitted speed if authorised by a national value.,pure/recommended,allow the driver to release the ETCS emergency brake below the permitted speed if authorised by a national value,MORFOLOGIK_RULE_EN_US,TYPOS,False,True,ETCS,Possible spelling mistake found.,ETC | TCS | ETCH
The system SHOULD allow the driver to release the ETCS emergency brake below the permitted speed if authorised by a national value.,pure/recommended,allow the driver to release the ETCS emergency brake below the permitted speed if authorised by a national value,MORFOLOGIK_RULE_EN_US,TYPOS,False,True,authorised,Possible spelling mistake. ‘authorised’ is British English.,authorized
The system SHOULD allow transfer to Shunting on the driver's selection only when the train is stationary.,pure/recommended,allow transfer to Shunting on the driver's selection only when the train is stationary,TO_NON_BASE,GRAMMAR,True,True,Shunting,"The verb after “to” should be in the base form as part of the to-infinitive. A verb can take many forms, but the base form is always used in the to-infinitive.",Shunt
The system SHOULD apply the emergency brake with the trainborne equipment after the train travels the distance defined by a national value during roll-away or unwanted reverse movement.,pure/recommended,apply the emergency brake with the trainborne equipment after the train travels the distance defined by a national value during roll-away or unwanted reverse movement,MORFOLOGIK_RULE_EN_US,TYPOS,False,True,trainborne,Possible spelling mistake found.,train borne
The system SHOULD automatically detect new ancillary data associated with recognised primary satellite data where such ancillary data is as defined by the DARD.,mlm_tapt/must/recommended;mlm_tapt/shall/recommended,automatically detect new ancillary data associated with recognised primary satellite data where such ancillary data is as defined by the DARD,MORFOLOGIK_RULE_EN_US,TYPOS,False,True,recognised,Possible spelling mistake. ‘recognised’ is British English.,recognized
The system SHOULD automatically detect new ancillary data associated with recognised primary satellite data where such ancillary data is as defined by the DARD.,mlm_tapt/must/recommended;mlm_tapt/shall/recommended,automatically detect new ancillary data associated with recognised primary satellite data where such ancillary data is as defined by the DARD,MORFOLOGIK_RULE_EN_US,TYPOS,False,True,DARD,Possible spelling mistake found.,HARD | CARD | DARK
The system SHOULD automatically prioritise the Shunting emergency call over the link assurance signal.,pure/recommended,automatically prioritise the Shunting emergency call over the link assurance signal,MORFOLOGIK_RULE_EN_US,TYPOS,False,True,prioritise,Possible spelling mistake. ‘prioritise’ is British English.,prioritize
The system SHOULD autonomously activate its TT&C system with at least one Tx and Rx channel active to enable ground to establish contact.,mlm_tapt/must/recommended;mlm_tapt/shall/recommended,autonomously activate its TT&C system with at least one Tx and Rx channel active to enable ground to establish contact,MORFOLOGIK_RULE_EN_US,TYPOS,False,True,Tx,Possible spelling mistake found.,TX | To | Ex
The system SHOULD base downlink link-budget calculation on a maximum FER of 1E-7 at decoder output.,mlm_tapt/must/recommended;mlm_tapt/shall/recommended,base downlink link-budget calculation on a maximum FER of 1E-7 at decoder output,MORFOLOGIK_RULE_EN_US,TYPOS,False,True,downlink,Possible spelling mistake found.,down link
The system SHOULD be intuitive and self explanatory.,nice/must/recommended;nice/shall/recommended,be intuitive and self explanatory,EN_COMPOUNDS_SELF_EXPLANATORY,MISC,True,True,self explanatory,This word is normally spelled with a hyphen.,self-explanatory
The system SHOULD calculate ETCS emergency and service braking curves based on all relevant data.,pure/recommended,calculate ETCS emergency and service braking curves based on all relevant data,MORFOLOGIK_RULE_EN_US,TYPOS,False,True,ETCS,Possible spelling mistake found.,ETC | TCS | ETCH
"The system SHOULD change the pointing, centre frequency, and bandwidth of the individual tied-array beams within a single observing schedule.",mlm_tapt/must/recommended;mlm_tapt/shall/recommended,"change the pointing, centre frequency, and bandwidth of the individual tied-array beams within a single observing schedule",MORFOLOGIK_RULE_EN_US,TYPOS,False,True,centre,Possible spelling mistake. ‘centre’ is British English.,center
The system SHOULD command the ETCS emergency brake when a train has received an emergency stop.,pure/recommended,command the ETCS emergency brake when a train has received an emergency stop,MORFOLOGIK_RULE_EN_US,TYPOS,False,True,ETCS,Possible spelling mistake found.,ETC | TCS | ETCH
The system SHOULD comply with the estimatics laws relating to recycled parts usage.,nice/must/recommended;nice/shall/recommended,comply with the estimatics laws relating to recycled parts usage,MORFOLOGIK_RULE_EN_US,TYPOS,False,True,estimatics,Possible spelling mistake found.,estimates | estimating | estimation
The system SHOULD declare the position margin used by the position-based scheduling subservice when that subservice is specified.,mlm_tapt/must/recommended;mlm_tapt/shall/recommended,declare the position margin used by the position-based scheduling subservice when that subservice is specified,MORFOLOGIK_RULE_EN_US,TYPOS,False,True,subservice,Possible spelling mistake found.,
The system SHOULD declare the position margin used by the position-based scheduling subservice when that subservice is specified.,mlm_tapt/must/recommended;mlm_tapt/shall/recommended,declare the position margin used by the position-based scheduling subservice when that subservice is specified,MORFOLOGIK_RULE_EN_US,TYPOS,False,True,subservice,Possible spelling mistake found.,
The system SHOULD derive the EIRENE system's location information at least from network information such as the current cell or base station serving the mobile.,pure/recommended,derive the EIRENE system's location information at least from network information such as the current cell or base station serving the mobile,MORFOLOGIK_RULE_EN_US,TYPOS,False,True,EIRENE,Possible spelling mistake found.,IRENE
The system SHOULD determine the entire train's location with the ETCS trainborne equipment.,pure/recommended,determine the entire train's location with the ETCS trainborne equipment,MORFOLOGIK_RULE_EN_US,TYPOS,False,True,ETCS,Possible spelling mistake found.,ETC | TCS | ETCH
The system SHOULD determine the entire train's location with the ETCS trainborne equipment.,pure/recommended,determine the entire train's location with the ETCS trainborne equipment,MORFOLOGIK_RULE_EN_US,TYPOS,False,True,trainborne,Possible spelling mistake found.,train borne
The system SHOULD display MSEL Summary data in both graph nodes and table rows.,nice/must/recommended;nice/shall/recommended,display MSEL Summary data in both graph nodes and table rows,MORFOLOGIK_RULE_EN_US,TYPOS,False,True,MSEL,Possible spelling mistake found.,MEL | MSEC | MSE
The system SHOULD distribute primary power using two bi-directional power domains to each axial docking port.,mlm_tapt/must/recommended;mlm_tapt/shall/recommended,distribute primary power using two bi-directional power domains to each axial docking port,EN_COMPOUNDS_BI_DIRECTIONAL,MISC,True,True,bi-directional,This word is normally spelled as one.,bidirectional
The system SHOULD dynamically analyse all software code with a standard tool.,mlm_tapt/must/recommended;mlm_tapt/shall/recommended,dynamically analyse all software code with a standard tool,MORFOLOGIK_RULE_EN_US,TYPOS,False,True,analyse,Possible spelling mistake. ‘analyse’ is British English.,analyze
The system SHOULD employ an observation report management system during SICCI system development to track all observation reports during software implementation.,mlm_tapt/must/recommended;mlm_tapt/shall/recommended,employ an observation report management system during SICCI system development to track all observation reports during software implementation,MORFOLOGIK_RULE_EN_US,TYPOS,False,True,SICCI,Possible spelling mistake found.,SI CCI | SIC CI
The system SHOULD enable 2 out of 3 Program Administrators/Nursing Staff Members to successfully manage scheduling of classes and clinicals.,nice/must/recommended;nice/shall/recommended,enable 2 out of 3 Program Administrators/Nursing Staff Members to successfully manage scheduling of classes and clinicals,MORFOLOGIK_RULE_EN_US,TYPOS,False,True,clinicals,Possible spelling mistake found.,clinical
The system SHOULD enable EIRENE users to originate and receive calls by functional number.,pure/recommended,enable EIRENE users to originate and receive calls by functional number,MORFOLOGIK_RULE_EN_US,TYPOS,False,True,EIRENE,Possible spelling mistake found.,IRENE
"The system SHOULD enable calibration of the colour response of the instruments by providing a calibration target and, if mission analysis foresees a lunar flyby, allow imaging of the Apollo 16 landing site.",mlm_tapt/must/recommended;mlm_tapt/shall/recommended,"enable calibration of the colour response of the instruments by providing a calibration target and, if mission analysis foresees a lunar flyby, allow imaging of the Apollo 16 landing site",MORFOLOGIK_RULE_EN_US,TYPOS,False,True,colour,Possible spelling mistake. ‘colour’ is British English.,color
The system SHOULD ensure the IPSF in all channels in the UVN is sufficiently broad to allow spatially contiguous observations.,mlm_tapt/must/recommended;mlm_tapt/shall/recommended,ensure the IPSF in all channels in the UVN is sufficiently broad to allow spatially contiguous observations,MORFOLOGIK_RULE_EN_US,TYPOS,False,True,IPSF,Possible spelling mistake found.,IPS | PSF | IPSA
The system SHOULD ensure the IPSF in all channels in the UVN is sufficiently broad to allow spatially contiguous observations.,mlm_tapt/must/recommended;mlm_tapt/shall/recommended,ensure the IPSF in all channels in the UVN is sufficiently broad to allow spatially contiguous observations,MORFOLOGIK_RULE_EN_US,TYPOS,False,True,UVN,Possible spelling mistake found.,UV | URN | LVN
The system SHOULD establish and maintain a frequency control plan as part of the EMC programme.,mlm_tapt/must/recommended;mlm_tapt/shall/recommended,establish and maintain a frequency control plan as part of the EMC programme,MORFOLOGIK_RULE_EN_US,TYPOS,False,True,programme,Possible spelling mistake. ‘programme’ is British English.,program
The system SHOULD execute service observing on behalf of PIs from a combined list of observing blocks from all partners via a scheduling process over six month periods.,mlm_tapt/must/recommended;mlm_tapt/shall/recommended,execute service observing on behalf of PIs from a combined list of observing blocks from all partners via a scheduling process over six month periods,MORFOLOGIK_RULE_EN_US,TYPOS,False,True,PIs,Possible spelling mistake found.,PI's | PI | Pis
The system SHOULD execute service observing on behalf of PIs from a combined list of observing blocks from all partners via a scheduling process over six month periods.,mlm_tapt/must/recommended;mlm_tapt/shall/recommended,execute service observing on behalf of PIs from a combined list of observing blocks from all partners via a scheduling process over six month periods,MONTH_HYPHEN,GRAMMAR,True,True,six month,"When a time span like ‘six-month’ is used as a modifier, it is usually spelled with a hyphen.",six-month
The system SHOULD feature a dedicated on/off key.,mlm_tapt/must/recommended;mlm_tapt/shall/recommended,feature a dedicated on/off key,EN_COMPOUNDS_OFF_KEY,MISC,True,True,off key,This word is normally spelled with a hyphen.,off-key
The system SHOULD functionally treat the provision of ECV data products to parties outside of the SICCI system commonly for both SIT and SIC.,mlm_tapt/must/recommended;mlm_tapt/shall/recommended,functionally treat the provision of ECV data products to parties outside of the SICCI system commonly for both SIT and SIC,MORFOLOGIK_RULE_EN_US,TYPOS,False,True,ECV,Possible spelling mistake found.,CV | ECG | ECD
The system SHOULD functionally treat the provision of ECV data products to parties outside of the SICCI system commonly for both SIT and SIC.,mlm_tapt/must/recommended;mlm_tapt/shall/recommended,functionally treat the provision of ECV data products to parties outside of the SICCI system commonly for both SIT and SIC,OUTSIDE_OF,REDUNDANCY,False,True,outside of,This phrase is redundant. Consider using “outside”.,outside
The system SHOULD functionally treat the provision of ECV data products to parties outside of the SICCI system commonly for both SIT and SIC.,mlm_tapt/must/recommended;mlm_tapt/shall/recommended,functionally treat the provision of ECV data products to parties outside of the SICCI system commonly for both SIT and SIC,MORFOLOGIK_RULE_EN_US,TYPOS,False,True,SICCI,Possible spelling mistake found.,SI CCI | SIC CI
The system SHOULD handle all of the user requests/usage during business hours.,nice/must/recommended;nice/shall/recommended,handle all of the user requests/usage during business hours,ALL_OF_THE,REDUNDANCY,False,True,all of the,Consider removing “of” to be more concise,all the
The system SHOULD have a MDI form that allows for the viewing of the graph and the data table.,nice/must/recommended;nice/shall/recommended,have a MDI form that allows for the viewing of the graph and the data table,EN_A_VS_AN,MISC,True,True,a,"Use “an” instead of ‘a’ if the following word starts with a vowel sound, e.g. ‘an article’, ‘an hour’.",an
The system SHOULD have a field of view greater than 30 x 30 arcsec.,mlm_tapt/must/recommended;mlm_tapt/shall/recommended,have a field of view greater than 30 x 30 arcsec,MORFOLOGIK_RULE_EN_US,TYPOS,False,True,arcsec,Possible spelling mistake found.,arc sec
The system SHOULD help the user avoid making mistakes while scheduling classes and clinicals for the nursing students.,nice/must/recommended;nice/shall/recommended,help the user avoid making mistakes while scheduling classes and clinicals for the nursing students,MORFOLOGIK_RULE_EN_US,TYPOS,False,True,clinicals,Possible spelling mistake found.,clinical
The system SHOULD include street address city state and zipcode.,nice/must/recommended;nice/shall/recommended,include street address city state and zipcode,MORFOLOGIK_RULE_EN_US,TYPOS,False,True,zipcode,Possible spelling mistake found.,zip code
The system SHOULD indicate pantograph and power-supply information from the ETCS trainborne equipment on the DMI.,pure/recommended,indicate pantograph and power-supply information from the ETCS trainborne equipment on the DMI,MORFOLOGIK_RULE_EN_US,TYPOS,False,True,ETCS,Possible spelling mistake found.,ETC | TCS | ETCH
The system SHOULD indicate pantograph and power-supply information from the ETCS trainborne equipment on the DMI.,pure/recommended,indicate pantograph and power-supply information from the ETCS trainborne equipment on the DMI,MORFOLOGIK_RULE_EN_US,TYPOS,False,True,trainborne,Possible spelling mistake found.,train borne
The system SHOULD inform the appropriate ERTMS/ETCS RBC when a Train emergency call is initiated.,pure/recommended,inform the appropriate ERTMS/ETCS RBC when a Train emergency call is initiated,MORFOLOGIK_RULE_EN_US,TYPOS,False,True,ETCS,Possible spelling mistake found.,ETC | TCS | ETCH
The system SHOULD interface with CampusConnect's central server.,nice/must/recommended;nice/shall/recommended,interface with CampusConnect's central server,MORFOLOGIK_RULE_EN_US,TYPOS,False,True,CampusConnect,Possible spelling mistake found.,Campus Connect
The system SHOULD interface with the ChoiceParts system once per day at approximately 1:00 AM.,nice/must/recommended;nice/shall/recommended,interface with the ChoiceParts system once per day at approximately 1:00 AM,MORFOLOGIK_RULE_EN_US,TYPOS,False,True,ChoiceParts,Possible spelling mistake found.,Choice Parts
The system SHOULD limit NESDIS ESPC outages in support of JPSS functions to less than 5 hours over a 30-day period.,mlm_tapt/must/recommended;mlm_tapt/shall/recommended,limit NESDIS ESPC outages in support of JPSS functions to less than 5 hours over a 30-day period,MORFOLOGIK_RULE_EN_US,TYPOS,False,True,ESPC,Possible spelling mistake found.,ESPN | ESP | ESC
"The system SHOULD limit S-NPP and JPSS-n satellite operational outages, excluding on-orbit failures, to less than 2 hours over any 30-day period for the mission lifetime.",mlm_tapt/must/recommended;mlm_tapt/shall/recommended,"limit S-NPP and JPSS-n satellite operational outages, excluding on-orbit failures, to less than 2 hours over any 30-day period for the mission lifetime",MORFOLOGIK_RULE_EN_US,TYPOS,False,True,JPSS-n,Possible spelling mistake found.,Lesson | Jason | Jesse
The system SHOULD make SSO ephemerides information available to the MOC SSO database.,mlm_tapt/must/recommended;mlm_tapt/shall/recommended,make SSO ephemerides information available to the MOC SSO database,MORFOLOGIK_RULE_EN_US,TYPOS,False,True,ephemerides,Possible spelling mistake found.,ephemeris
"The system SHOULD make available all products identified in Appendix A as ""ESPC Product Generation"" to CLASS.",mlm_tapt/must/recommended;mlm_tapt/shall/recommended,"make available all products identified in Appendix A as ""ESPC Product Generation"" to CLASS",MORFOLOGIK_RULE_EN_US,TYPOS,False,True,ESPC,Possible spelling mistake found.,ESPN | ESP | ESC
"The system SHOULD make information on the most recent down-linked packet (Packet APID, SSC and time) available in the housekeeping telemetry.",mlm_tapt/must/recommended;mlm_tapt/shall/recommended,"make information on the most recent down-linked packet (Packet APID, SSC and time) available in the housekeeping telemetry",MORFOLOGIK_RULE_EN_US,TYPOS,False,True,APID,Possible spelling mistake found.,ACID | AID | RAPID
The system SHOULD manage a metadata catalogue of SIT products generated by the ECV processing chain.,mlm_tapt/must/recommended;mlm_tapt/shall/recommended,manage a metadata catalogue of SIT products generated by the ECV processing chain,MORFOLOGIK_RULE_EN_US,TYPOS,False,True,ECV,Possible spelling mistake found.,CV | ECG | ECD
The system SHOULD meet the performance requirements for SZAs smaller than 80 degrees.,mlm_tapt/must/recommended;mlm_tapt/shall/recommended,meet the performance requirements for SZAs smaller than 80 degrees,MORFOLOGIK_RULE_EN_US,TYPOS,False,True,SZAs,Possible spelling mistake found.,Seas | SAS | Spas
The system SHOULD obtain RBC permission for transfer to Shunting when the train operates under RBC control to prevent unauthorised use.,pure/recommended,obtain RBC permission for transfer to Shunting when the train operates under RBC control to prevent unauthorised use,MORFOLOGIK_RULE_EN_US,TYPOS,False,True,unauthorised,Possible spelling mistake. ‘unauthorised’ is British English.,unauthorized
The system SHOULD obtain a shape model of the NEA with an accuracy of typically 1 m in height and spatial resolution with respect to the centre of mass.,mlm_tapt/must/recommended;mlm_tapt/shall/recommended,obtain a shape model of the NEA with an accuracy of typically 1 m in height and spatial resolution with respect to the centre of mass,MORFOLOGIK_RULE_EN_US,TYPOS,False,True,centre,Possible spelling mistake. ‘centre’ is British English.,center
The system SHOULD output attitude measurements in the form of quaternions for use by the AOCS at a 1 Hz rate.,mlm_tapt/must/recommended;mlm_tapt/shall/recommended,output attitude measurements in the form of quaternions for use by the AOCS at a 1 Hz rate,MORFOLOGIK_RULE_EN_US,TYPOS,False,True,AOCS,Possible spelling mistake found.,ACS | ARCS | OCS
The system SHOULD permanently store harmonised default values in all ERTMS/ETCS onboard equipment.,pure/recommended,permanently store harmonised default values in all ERTMS/ETCS onboard equipment,MORFOLOGIK_RULE_EN_US,TYPOS,False,True,harmonised,Possible spelling mistake. ‘harmonised’ is British English.,harmonized
The system SHOULD permanently store harmonised default values in all ERTMS/ETCS onboard equipment.,pure/recommended,permanently store harmonised default values in all ERTMS/ETCS onboard equipment,MORFOLOGIK_RULE_EN_US,TYPOS,False,True,ETCS,Possible spelling mistake found.,ETC | TCS | ETCH
The system SHOULD produce growing stock volume maps from multitemporal SAR data.,mlm_tapt/must/recommended;mlm_tapt/shall/recommended,produce growing stock volume maps from multitemporal SAR data,MORFOLOGIK_RULE_EN_US,TYPOS,False,True,multitemporal,Possible spelling mistake found.,
"The system SHOULD provide (search, timing, archive and VLBI) non-imaging observation modes.",mlm_tapt/must/recommended;mlm_tapt/shall/recommended,"provide (search, timing, archive and VLBI) non-imaging observation modes",MORFOLOGIK_RULE_EN_US,TYPOS,False,True,VLBI,Possible spelling mistake found.,VLSI | ALBI | LBI
The system SHOULD provide 45 dB polarisation dynamic range at 300 arcsec spatial and 1 MHz spectral resolution to enable EoR imaging at 50  200 MHz (HPSO 1).,mlm_tapt/must/recommended;mlm_tapt/shall/recommended,provide 45 dB polarisation dynamic range at 300 arcsec spatial and 1 MHz spectral resolution to enable EoR imaging at 50  200 MHz (HPSO 1),MORFOLOGIK_RULE_EN_US,TYPOS,False,True,polarisation,Possible spelling mistake. ‘polarisation’ is British English.,polarization
The system SHOULD provide 45 dB polarisation dynamic range at 300 arcsec spatial and 1 MHz spectral resolution to enable EoR imaging at 50  200 MHz (HPSO 1).,mlm_tapt/must/recommended;mlm_tapt/shall/recommended,provide 45 dB polarisation dynamic range at 300 arcsec spatial and 1 MHz spectral resolution to enable EoR imaging at 50  200 MHz (HPSO 1),MORFOLOGIK_RULE_EN_US,TYPOS,False,True,arcsec,Possible spelling mistake found.,arc sec
The system SHOULD provide 45 dB polarisation dynamic range at 300 arcsec spatial and 1 MHz spectral resolution to enable EoR imaging at 50  200 MHz (HPSO 1).,mlm_tapt/must/recommended;mlm_tapt/shall/recommended,provide 45 dB polarisation dynamic range at 300 arcsec spatial and 1 MHz spectral resolution to enable EoR imaging at 50  200 MHz (HPSO 1),MORFOLOGIK_RULE_EN_US,TYPOS,False,True,EoR,Possible spelling mistake found.,For | Or | Nor
The system SHOULD provide 45 dB polarisation dynamic range at 300 arcsec spatial and 1 MHz spectral resolution to enable EoR imaging at 50  200 MHz (HPSO 1).,mlm_tapt/must/recommended;mlm_tapt/shall/recommended,provide 45 dB polarisation dynamic range at 300 arcsec spatial and 1 MHz spectral resolution to enable EoR imaging at 50  200 MHz (HPSO 1),MORFOLOGIK_RULE_EN_US,TYPOS,False,True,HPSO,Possible spelling mistake found.,PSO | HMSO | CHPSO
The system SHOULD provide 45 dB spectral dynamic range at auto-correlation spatial and 300 kHz spectral resolution to enable sensitive intensity mapping at 350  1050 MHz (HPSO 32).,mlm_tapt/must/recommended;mlm_tapt/shall/recommended,provide 45 dB spectral dynamic range at auto-correlation spatial and 300 kHz spectral resolution to enable sensitive intensity mapping at 350  1050 MHz (HPSO 32),MORFOLOGIK_RULE_EN_US,TYPOS,False,True,HPSO,Possible spelling mistake found.,PSO | HMSO | CHPSO
The system SHOULD provide 50 dB spectral dynamic range at 300 arcsec spatial and 1 MHz spectral resolution to enable EoR imaging at 50  200 MHz (HPSO 1).,mlm_tapt/must/recommended;mlm_tapt/shall/recommended,provide 50 dB spectral dynamic range at 300 arcsec spatial and 1 MHz spectral resolution to enable EoR imaging at 50  200 MHz (HPSO 1),MORFOLOGIK_RULE_EN_US,TYPOS,False,True,arcsec,Possible spelling mistake found.,arc sec
The system SHOULD provide 50 dB spectral dynamic range at 300 arcsec spatial and 1 MHz spectral resolution to enable EoR imaging at 50  200 MHz (HPSO 1).,mlm_tapt/must/recommended;mlm_tapt/shall/recommended,provide 50 dB spectral dynamic range at 300 arcsec spatial and 1 MHz spectral resolution to enable EoR imaging at 50  200 MHz (HPSO 1),MORFOLOGIK_RULE_EN_US,TYPOS,False,True,EoR,Possible spelling mistake found.,For | Or | Nor
The system SHOULD provide 50 dB spectral dynamic range at 300 arcsec spatial and 1 MHz spectral resolution to enable EoR imaging at 50  200 MHz (HPSO 1).,mlm_tapt/must/recommended;mlm_tapt/shall/recommended,provide 50 dB spectral dynamic range at 300 arcsec spatial and 1 MHz spectral resolution to enable EoR imaging at 50  200 MHz (HPSO 1),MORFOLOGIK_RULE_EN_US,TYPOS,False,True,HPSO,Possible spelling mistake found.,PSO | HMSO | CHPSO
"The system SHOULD provide EIRENE mobile radio equipment whose design, testing and installation all comply with the quality procedures defined in ISO 9001.",pure/recommended,"provide EIRENE mobile radio equipment whose design, testing and installation all comply with the quality procedures defined in ISO 9001",MORFOLOGIK_RULE_EN_US,TYPOS,False,True,EIRENE,Possible spelling mistake found.,IRENE
"The system SHOULD provide a list of hazardous materials used for all items intended for use in the SKA1 detailing suggested handling precautions, disposal instructions and contra- indications.",mlm_tapt/must/recommended;mlm_tapt/shall/recommended,"provide a list of hazardous materials used for all items intended for use in the SKA1 detailing suggested handling precautions, disposal instructions and contra- indications",EN_SPLIT_WORDS_HYPHEN,TYPOS,False,True,contra- indications,This word seems to contain an unnecessary hyphen.,contraindications
The system SHOULD provide an NFIRAOS unvignetted field of view with a diameter of at least 2 arcmin.,mlm_tapt/must/recommended;mlm_tapt/shall/recommended,provide an NFIRAOS unvignetted field of view with a diameter of at least 2 arcmin,MORFOLOGIK_RULE_EN_US,TYPOS,False,True,NFIRAOS,Possible spelling mistake found.,FIRAS | NAIRAS
The system SHOULD provide an NFIRAOS unvignetted field of view with a diameter of at least 2 arcmin.,mlm_tapt/must/recommended;mlm_tapt/shall/recommended,provide an NFIRAOS unvignetted field of view with a diameter of at least 2 arcmin,MORFOLOGIK_RULE_EN_US,TYPOS,False,True,unvignetted,Possible spelling mistake found.,vignetted | unsigneted
The system SHOULD provide an NFIRAOS unvignetted field of view with a diameter of at least 2 arcmin.,mlm_tapt/must/recommended;mlm_tapt/shall/recommended,provide an NFIRAOS unvignetted field of view with a diameter of at least 2 arcmin,MORFOLOGIK_RULE_EN_US,TYPOS,False,True,arcmin,Possible spelling mistake found.,Armin | arc min
The system SHOULD provide an X-band HRD interface with OQPSK modulation and alternating bits on I and Q.,mlm_tapt/must/recommended;mlm_tapt/shall/recommended,provide an X-band HRD interface with OQPSK modulation and alternating bits on I and Q,MORFOLOGIK_RULE_EN_US,TYPOS,False,True,OQPSK,Possible spelling mistake found.,OPS | OMSK | OOPS
The system SHOULD provide an advisory indication to pre-empted parties where pre-emption occurs.,pure/recommended,provide an advisory indication to pre-empted parties where pre-emption occurs,MORFOLOGIK_RULE_EN_US,TYPOS,False,True,pre-emption,Possible spelling mistake found.,preemption
"The system SHOULD provide antenna temperatures calibrated from ATMS RDRs, for all ATMS earth scene measurements, at the refresh rates of the instrument.",mlm_tapt/must/recommended;mlm_tapt/shall/recommended,"provide antenna temperatures calibrated from ATMS RDRs, for all ATMS earth scene measurements, at the refresh rates of the instrument",MORFOLOGIK_RULE_EN_US,TYPOS,False,True,ATMS,Possible spelling mistake found.,ATMs | ARMS | AIMS
"The system SHOULD provide antenna temperatures calibrated from ATMS RDRs, for all ATMS earth scene measurements, at the refresh rates of the instrument.",mlm_tapt/must/recommended;mlm_tapt/shall/recommended,"provide antenna temperatures calibrated from ATMS RDRs, for all ATMS earth scene measurements, at the refresh rates of the instrument",MORFOLOGIK_RULE_EN_US,TYPOS,False,True,ATMS,Possible spelling mistake found.,ATMs | ARMS | AIMS
The system SHOULD provide crew displays and controls that are operable by a crewmember from within any habitable environment.,mlm_tapt/must/recommended;mlm_tapt/shall/recommended,provide crew displays and controls that are operable by a crewmember from within any habitable environment,MORFOLOGIK_RULE_EN_US,TYPOS,False,True,crewmember,Possible spelling mistake found.,crew member
The system SHOULD provide network support for all EIRENE-compliant mobiles.,pure/recommended,provide network support for all EIRENE-compliant mobiles,MORFOLOGIK_RULE_EN_US,TYPOS,False,True,EIRENE-compliant,Possible spelling mistake found.,IRENE-compliant
The system SHOULD provide on-train mobiles with a standardised interface to ERTMS/ETCS.,pure/recommended,provide on-train mobiles with a standardised interface to ERTMS/ETCS,MORFOLOGIK_RULE_EN_US,TYPOS,False,True,standardised,Possible spelling mistake. ‘standardised’ is British English.,standardized
The system SHOULD provide on-train mobiles with a standardised interface to ERTMS/ETCS.,pure/recommended,provide on-train mobiles with a standardised interface to ERTMS/ETCS,MORFOLOGIK_RULE_EN_US,TYPOS,False,True,ETCS,Possible spelling mistake found.,ETC | TCS | ETCH
The system SHOULD provide remote observing (from sea-level headquarters (HQ) or other physical location (TBC).,mlm_tapt/must/recommended;mlm_tapt/shall/recommended,provide remote observing (from sea-level headquarters (HQ) or other physical location (TBC),EN_UNPAIRED_BRACKETS,PUNCTUATION,False,True,(,Unpaired symbol: ‘)’ seems to be missing,
The system SHOULD provide the driver with ETCS information for driving the train safely.,pure/recommended,provide the driver with ETCS information for driving the train safely,MORFOLOGIK_RULE_EN_US,TYPOS,False,True,ETCS,Possible spelling mistake found.,ETC | TCS | ETCH
The system SHOULD provide timing accuracy of at least 10 nsec over a 10 year time year interval to enable precision pulsar timing at 150  350 MHz (HPSO 5).,mlm_tapt/must/recommended;mlm_tapt/shall/recommended,provide timing accuracy of at least 10 nsec over a 10 year time year interval to enable precision pulsar timing at 150  350 MHz (HPSO 5),MORFOLOGIK_RULE_EN_US,TYPOS,False,True,nsec,Possible spelling mistake found.,NEC | sec | msec
The system SHOULD provide timing accuracy of at least 10 nsec over a 10 year time year interval to enable precision pulsar timing at 150  350 MHz (HPSO 5).,mlm_tapt/must/recommended;mlm_tapt/shall/recommended,provide timing accuracy of at least 10 nsec over a 10 year time year interval to enable precision pulsar timing at 150  350 MHz (HPSO 5),MISSING_HYPHEN,PUNCTUATION,False,True,10 year,"When a number forms part of an adjectival compound, use a hyphen.",10-year
The system SHOULD provide timing accuracy of at least 10 nsec over a 10 year time year interval to enable precision pulsar timing at 150  350 MHz (HPSO 5).,mlm_tapt/must/recommended;mlm_tapt/shall/recommended,provide timing accuracy of at least 10 nsec over a 10 year time year interval to enable precision pulsar timing at 150  350 MHz (HPSO 5),MORFOLOGIK_RULE_EN_US,TYPOS,False,True,HPSO,Possible spelling mistake found.,PSO | HMSO | CHPSO
The system SHOULD record information accurately enough to provide a clear view of ETCS functioning and how the traction unit was driven.,pure/recommended,record information accurately enough to provide a clear view of ETCS functioning and how the traction unit was driven,MORFOLOGIK_RULE_EN_US,TYPOS,False,True,ETCS,Possible spelling mistake found.,ETC | TCS | ETCH
The system SHOULD remove the displayed functional number on the EIRENE mobile and indicate to the user that deregistration has occurred.,pure/recommended,remove the displayed functional number on the EIRENE mobile and indicate to the user that deregistration has occurred,MORFOLOGIK_RULE_EN_US,TYPOS,False,True,EIRENE,Possible spelling mistake found.,IRENE
The system SHOULD require train-data entry before the onboard ETCS equipment allows train movement.,pure/recommended,require train-data entry before the onboard ETCS equipment allows train movement,MORFOLOGIK_RULE_EN_US,TYPOS,False,True,ETCS,Possible spelling mistake found.,ETC | TCS | ETCH
The system SHOULD resolve the zipcode for the street address city and state if zipcode is unknown.,nice/must/recommended;nice/shall/recommended,resolve the zipcode for the street address city and state if zipcode is unknown,MORFOLOGIK_RULE_EN_US,TYPOS,False,True,zipcode,Possible spelling mistake found.,zip code
The system SHOULD resolve the zipcode for the street address city and state if zipcode is unknown.,nice/must/recommended;nice/shall/recommended,resolve the zipcode for the street address city and state if zipcode is unknown,MORFOLOGIK_RULE_EN_US,TYPOS,False,True,zipcode,Possible spelling mistake found.,zip code
The system SHOULD restrict access to final class section scheduling for the CampusConnect interface to Dr Susan Poslusny and Karen Sysol.,nice/must/recommended;nice/shall/recommended,restrict access to final class section scheduling for the CampusConnect interface to Dr Susan Poslusny and Karen Sysol,MORFOLOGIK_RULE_EN_US,TYPOS,False,True,CampusConnect,Possible spelling mistake found.,Campus Connect
The system SHOULD restrict access to final class section scheduling for the CampusConnect interface to Dr Susan Poslusny and Karen Sysol.,nice/must/recommended;nice/shall/recommended,restrict access to final class section scheduling for the CampusConnect interface to Dr Susan Poslusny and Karen Sysol,MORFOLOGIK_RULE_EN_US,TYPOS,False,True,Poslusny,Possible spelling mistake found.,Slushy | Plushy | Poilus
The system SHOULD restrict access to final class section scheduling for the CampusConnect interface to Dr Susan Poslusny and Karen Sysol.,nice/must/recommended;nice/shall/recommended,restrict access to final class section scheduling for the CampusConnect interface to Dr Susan Poslusny and Karen Sysol,MORFOLOGIK_RULE_EN_US,TYPOS,False,True,Sysol,Possible spelling mistake found.,Sysop | Lysol
The system SHOULD restrict access to students' personal information to Dr Susan Poslusny and Dr Julie Donalek.,nice/must/recommended;nice/shall/recommended,restrict access to students' personal information to Dr Susan Poslusny and Dr Julie Donalek,MORFOLOGIK_RULE_EN_US,TYPOS,False,True,Poslusny,Possible spelling mistake found.,Slushy | Plushy | Poilus
The system SHOULD restrict access to students' personal information to Dr Susan Poslusny and Dr Julie Donalek.,nice/must/recommended;nice/shall/recommended,restrict access to students' personal information to Dr Susan Poslusny and Dr Julie Donalek,MORFOLOGIK_RULE_EN_US,TYPOS,False,True,Donalek,Possible spelling mistake found.,Donated | Donald | Donate
The system SHOULD restrict access to the CampusConnect interface portion of the system to authorized users.,nice/must/recommended;nice/shall/recommended,restrict access to the CampusConnect interface portion of the system to authorized users,MORFOLOGIK_RULE_EN_US,TYPOS,False,True,CampusConnect,Possible spelling mistake found.,Campus Connect
The system SHOULD search for the preferred repair facility using vehicle vehicle location and radius in miles.,nice/must/recommended;nice/shall/recommended,search for the preferred repair facility using vehicle vehicle location and radius in miles,ENGLISH_WORD_REPEAT_RULE,MISC,True,True,vehicle vehicle,Possible typo: you repeated a word.,vehicle
The system SHOULD slew telescope to target during target acquisition in GLAO mode in a maximum of 120 sec.,mlm_tapt/must/recommended;mlm_tapt/shall/recommended,slew telescope to target during target acquisition in GLAO mode in a maximum of 120 sec,MORFOLOGIK_RULE_EN_US,TYPOS,False,True,GLAO,Possible spelling mistake found.,LAO | GLAD | GAAO
The system SHOULD start LEOP at switchover from ground-supplied power to the space segment internal batteries.,mlm_tapt/must/recommended;mlm_tapt/shall/recommended,start LEOP at switchover from ground-supplied power to the space segment internal batteries,MORFOLOGIK_RULE_EN_US,TYPOS,False,True,LEOP,Possible spelling mistake found.,LOOP | LEON | LEAP
The system SHOULD supervise Shunting operation with ETCS up to the permitted national speed value.,pure/recommended,supervise Shunting operation with ETCS up to the permitted national speed value,MORFOLOGIK_RULE_EN_US,TYPOS,False,True,ETCS up,Possible spelling mistake found.,ETC Sup | ETC up | TCS up
The system SHOULD supervise the end of movement authority with the ETCS trainborne equipment if that information is available onboard.,pure/recommended,supervise the end of movement authority with the ETCS trainborne equipment if that information is available onboard,MORFOLOGIK_RULE_EN_US,TYPOS,False,True,ETCS,Possible spelling mistake found.,ETC | TCS | ETCH
The system SHOULD supervise the end of movement authority with the ETCS trainborne equipment if that information is available onboard.,pure/recommended,supervise the end of movement authority with the ETCS trainborne equipment if that information is available onboard,MORFOLOGIK_RULE_EN_US,TYPOS,False,True,trainborne,Possible spelling mistake found.,train borne
The system SHOULD support ETCS operation up to a maximum train speed of 500 km/h.,pure/recommended,support ETCS operation up to a maximum train speed of 500 km/h,MORFOLOGIK_RULE_EN_US,TYPOS,False,True,ETCS,Possible spelling mistake found.,ETC | TCS | ETCH
The system SHOULD support modifications to ESPC blended products.,mlm_tapt/must/recommended;mlm_tapt/shall/recommended,support modifications to ESPC blended products,MORFOLOGIK_RULE_EN_US,TYPOS,False,True,ESPC,Possible spelling mistake found.,ESPN | ESP | ESC
The system SHOULD support re-registration of functional numbers after selection of a new network to allow roaming between EIRENE networks.,pure/recommended,support re-registration of functional numbers after selection of a new network to allow roaming between EIRENE networks,MORFOLOGIK_RULE_EN_US,TYPOS,False,True,EIRENE,Possible spelling mistake found.,IRENE
The system SHOULD support stability of the processing chain for re- processing and its continuous extension in order to support consistency of the output dataset.,mlm_tapt/must/recommended;mlm_tapt/shall/recommended,support stability of the processing chain for re- processing and its continuous extension in order to support consistency of the output dataset,EN_SPLIT_WORDS_HYPHEN,TYPOS,False,True,re- processing,This word seems to contain an unnecessary hyphen.,reprocessing
The system SHOULD transmit the entire train's location from ETCS trainborne equipment to the RBC on lines fitted with RBC.,pure/recommended,transmit the entire train's location from ETCS trainborne equipment to the RBC on lines fitted with RBC,MORFOLOGIK_RULE_EN_US,TYPOS,False,True,ETCS,Possible spelling mistake found.,ETC | TCS | ETCH
The system SHOULD transmit the entire train's location from ETCS trainborne equipment to the RBC on lines fitted with RBC.,pure/recommended,transmit the entire train's location from ETCS trainborne equipment to the RBC on lines fitted with RBC,MORFOLOGIK_RULE_EN_US,TYPOS,False,True,trainborne,Possible spelling mistake found.,train borne
The system SHOULD use a DSN antenna with a diameter of 34 meters as specified in the JWST Flight Observatory to Ground Segment IRCD (JWST-IRCD-000696).,mlm_tapt/must/recommended;mlm_tapt/shall/recommended,use a DSN antenna with a diameter of 34 meters as specified in the JWST Flight Observatory to Ground Segment IRCD (JWST-IRCD-000696),MORFOLOGIK_RULE_EN_US,TYPOS,False,True,IRCD,Possible spelling mistake found.,RCD | ICD | IRC
